ISO-10303-21;
HEADER;
/* Generated by software containing ST-Developer
 * from STEP Tools, Inc. (www.steptools.com) 
 */

FILE_DESCRIPTION(
/* description */ (''),
/* implementation_level */ '2;1');

FILE_NAME(
/* name */ 'Battery.step',
/* time_stamp */ '2026-07-19T11:26:50+05:30',
/* author */ (''),
/* organization */ (''),
/* preprocessor_version */ 'ST-DEVELOPER v20.1',
/* originating_system */ 'Autodesk Translation Framework v15.8.0.0',
/* authorisation */ '');

FILE_SCHEMA (('AUTOMOTIVE_DESIGN { 1 0 10303 214 3 1 1 }'));
ENDSEC;

DATA;
#10=MECHANICAL_DESIGN_GEOMETRIC_PRESENTATION_REPRESENTATION('',(#13),#2059);
#11=SHAPE_REPRESENTATION_RELATIONSHIP('SRR','None',#2066,#12);
#12=ADVANCED_BREP_SHAPE_REPRESENTATION('',(#14),#2058);
#13=STYLED_ITEM('',(#2076),#14);
#14=MANIFOLD_SOLID_BREP('Body1',#383);
#15=PLANE('',#398);
#16=PLANE('',#400);
#17=PLANE('',#401);
#18=PLANE('',#403);
#19=PLANE('',#405);
#20=PLANE('',#406);
#21=LINE('',#1240,#29);
#22=LINE('',#1256,#30);
#23=LINE('',#1259,#31);
#24=LINE('',#1266,#32);
#25=LINE('',#1283,#33);
#26=LINE('',#2049,#34);
#27=LINE('',#2050,#35);
#28=LINE('',#2052,#36);
#29=VECTOR('',#411,10.);
#30=VECTOR('',#412,10.);
#31=VECTOR('',#415,10.);
#32=VECTOR('',#418,10.);
#33=VECTOR('',#421,10.);
#34=VECTOR('',#426,10.);
#35=VECTOR('',#427,10.);
#36=VECTOR('',#430,10.);
#37=CYLINDRICAL_SURFACE('',#397,3.5);
#38=CYLINDRICAL_SURFACE('',#399,3.5);
#39=CYLINDRICAL_SURFACE('',#402,3.5);
#40=CYLINDRICAL_SURFACE('',#404,3.5);
#41=FACE_OUTER_BOUND('',#67,.T.);
#42=FACE_OUTER_BOUND('',#68,.T.);
#43=FACE_OUTER_BOUND('',#69,.T.);
#44=FACE_OUTER_BOUND('',#70,.T.);
#45=FACE_OUTER_BOUND('',#71,.T.);
#46=FACE_OUTER_BOUND('',#72,.T.);
#47=FACE_OUTER_BOUND('',#73,.T.);
#48=FACE_OUTER_BOUND('',#74,.T.);
#49=FACE_OUTER_BOUND('',#75,.T.);
#50=FACE_OUTER_BOUND('',#76,.T.);
#51=FACE_OUTER_BOUND('',#77,.T.);
#52=FACE_OUTER_BOUND('',#78,.T.);
#53=FACE_OUTER_BOUND('',#79,.T.);
#54=FACE_OUTER_BOUND('',#80,.T.);
#55=FACE_OUTER_BOUND('',#81,.T.);
#56=FACE_OUTER_BOUND('',#82,.T.);
#57=FACE_OUTER_BOUND('',#83,.T.);
#58=FACE_OUTER_BOUND('',#84,.T.);
#59=FACE_OUTER_BOUND('',#85,.T.);
#60=FACE_OUTER_BOUND('',#86,.T.);
#61=FACE_OUTER_BOUND('',#87,.T.);
#62=FACE_OUTER_BOUND('',#88,.T.);
#63=FACE_OUTER_BOUND('',#89,.T.);
#64=FACE_OUTER_BOUND('',#90,.T.);
#65=FACE_OUTER_BOUND('',#91,.T.);
#66=FACE_OUTER_BOUND('',#92,.T.);
#67=EDGE_LOOP('',(#229,#230,#231,#232));
#68=EDGE_LOOP('',(#233,#234,#235,#236));
#69=EDGE_LOOP('',(#237,#238,#239,#240));
#70=EDGE_LOOP('',(#241,#242,#243,#244));
#71=EDGE_LOOP('',(#245,#246,#247,#248));
#72=EDGE_LOOP('',(#249,#250,#251,#252));
#73=EDGE_LOOP('',(#253,#254,#255,#256));
#74=EDGE_LOOP('',(#257,#258,#259,#260));
#75=EDGE_LOOP('',(#261,#262,#263,#264));
#76=EDGE_LOOP('',(#265,#266,#267,#268));
#77=EDGE_LOOP('',(#269,#270,#271,#272));
#78=EDGE_LOOP('',(#273,#274,#275,#276));
#79=EDGE_LOOP('',(#277,#278,#279,#280,#281,#282,#283,#284));
#80=EDGE_LOOP('',(#285,#286,#287,#288));
#81=EDGE_LOOP('',(#289,#290,#291,#292));
#82=EDGE_LOOP('',(#293,#294,#295,#296));
#83=EDGE_LOOP('',(#297,#298,#299,#300));
#84=EDGE_LOOP('',(#301,#302,#303,#304));
#85=EDGE_LOOP('',(#305,#306,#307,#308));
#86=EDGE_LOOP('',(#309,#310,#311,#312));
#87=EDGE_LOOP('',(#313,#314,#315,#316));
#88=EDGE_LOOP('',(#317,#318,#319,#320));
#89=EDGE_LOOP('',(#321,#322,#323,#324));
#90=EDGE_LOOP('',(#325,#326,#327,#328));
#91=EDGE_LOOP('',(#329,#330,#331,#332,#333,#334,#335,#336));
#92=EDGE_LOOP('',(#337,#338,#339,#340));
#93=B_SPLINE_CURVE_WITH_KNOTS('',3,(#472,#473,#474,#475,#476,#477,#478,
#479),.UNSPECIFIED.,.F.,.F.,(4,1,1,1,1,4),(0.,0.285714285714286,0.571428571428571,
0.678571428571428,0.857142857142857,1.),.UNSPECIFIED.);
#94=B_SPLINE_CURVE_WITH_KNOTS('',3,(#481,#482,#483,#484),.UNSPECIFIED.,
 .F.,.F.,(4,4),(-5.53628965393422E-16,5.0999981830426),.UNSPECIFIED.);
#95=B_SPLINE_CURVE_WITH_KNOTS('',3,(#486,#487,#488,#489,#490,#491,#492,
#493),.UNSPECIFIED.,.F.,.F.,(4,1,1,1,1,4),(-1.,-0.857142857142857,-0.678571428571428,
-0.571428571428571,-0.285714285714286,0.),.UNSPECIFIED.);
#96=B_SPLINE_CURVE_WITH_KNOTS('',3,(#494,#495,#496,#497),.UNSPECIFIED.,
 .F.,.F.,(4,4),(-5.0999981830426,5.53628965393422E-16),.UNSPECIFIED.);
#97=B_SPLINE_CURVE_WITH_KNOTS('',3,(#612,#613,#614,#615,#616,#617,#618,
#619),.UNSPECIFIED.,.F.,.F.,(4,1,1,1,1,4),(0.,0.285714285714286,0.571428571428571,
0.678571428571428,0.857142857142857,1.),.UNSPECIFIED.);
#98=B_SPLINE_CURVE_WITH_KNOTS('',3,(#620,#621,#622,#623,#624,#625,#626,
#627,#628,#629,#630,#631,#632,#633),.UNSPECIFIED.,.F.,.F.,(4,1,1,1,1,1,
1,1,1,1,1,4),(-5.57090408306154,-5.55408644394799,-5.53726836021076,-5.50363219273628,
-5.46999602526181,-5.36908752283838,-5.31863327162667,-5.23454285294048,
-5.16727051799153,-5.13363435051706,-5.11681626677982,-5.09999818304258),
 .UNSPECIFIED.);
#99=B_SPLINE_CURVE_WITH_KNOTS('',3,(#634,#635,#636,#637,#638,#639,#640,
#641,#642,#643,#644,#645,#646,#647),.UNSPECIFIED.,.F.,.F.,(4,1,1,1,1,1,
1,1,1,1,1,4),(5.09999818304258,5.11681626677982,5.13363435051706,5.16727051799153,
5.23454285294048,5.31863327162667,5.36908752283838,5.46999602526181,5.50363219273628,
5.53726836021076,5.55408644394799,5.57090408306154),.UNSPECIFIED.);
#100=B_SPLINE_CURVE_WITH_KNOTS('',3,(#682,#683,#684,#685,#686,#687,#688,
#689),.UNSPECIFIED.,.F.,.F.,(4,1,1,1,1,4),(-1.,-0.857142857142857,-0.678571428571428,
-0.571428571428571,-0.285714285714286,0.),.UNSPECIFIED.);
#101=B_SPLINE_CURVE_WITH_KNOTS('',3,(#690,#691,#692,#693),.UNSPECIFIED.,
 .F.,.F.,(4,4),(-8.27090075211072,-5.57090430537333),.UNSPECIFIED.);
#102=B_SPLINE_CURVE_WITH_KNOTS('',3,(#694,#695,#696,#697),.UNSPECIFIED.,
 .F.,.F.,(4,4),(5.57090430537333,8.27090075211072),.UNSPECIFIED.);
#103=B_SPLINE_CURVE_WITH_KNOTS('',3,(#812,#813,#814,#815,#816,#817,#818,
#819),.UNSPECIFIED.,.F.,.F.,(4,1,1,1,1,4),(0.,0.285714285714286,0.571428571428571,
0.678571428571428,0.857142857142857,1.),.UNSPECIFIED.);
#104=B_SPLINE_CURVE_WITH_KNOTS('',3,(#820,#821,#822,#823,#824,#825,#826,
#827,#828,#829,#830,#831,#832,#833),.UNSPECIFIED.,.F.,.F.,(4,1,1,1,1,1,
1,1,1,1,1,4),(-8.74180666028043,-8.72498900511015,-8.70817092166572,-8.67453475477688,
-8.64089858788803,-8.53999008722148,-8.47271775344378,-8.40544541966609,
-8.33817308588839,-8.30453691899954,-8.28771883555511,-8.27090075211069),
 .UNSPECIFIED.);
#105=B_SPLINE_CURVE_WITH_KNOTS('',3,(#834,#835,#836,#837,#838,#839,#840,
#841,#842,#843,#844,#845,#846,#847),.UNSPECIFIED.,.F.,.F.,(4,1,1,1,1,1,
1,1,1,1,1,4),(8.27090075211069,8.28771883555511,8.30453691899954,8.33817308588839,
8.40544541966609,8.47271775344378,8.53999008722148,8.64089858788803,8.67453475477688,
8.70817092166572,8.72498900511015,8.74180666028043),.UNSPECIFIED.);
#106=B_SPLINE_CURVE_WITH_KNOTS('',3,(#882,#883,#884,#885,#886,#887,#888,
#889),.UNSPECIFIED.,.F.,.F.,(4,1,1,1,1,4),(-1.,-0.857142857142857,-0.678571428571428,
-0.571428571428571,-0.285714285714286,0.),.UNSPECIFIED.);
#107=B_SPLINE_CURVE_WITH_KNOTS('',3,(#890,#891,#892,#893),.UNSPECIFIED.,
 .F.,.F.,(4,4),(-13.8418032405506,-8.74180687441745),.UNSPECIFIED.);
#108=B_SPLINE_CURVE_WITH_KNOTS('',3,(#894,#895,#896,#897),.UNSPECIFIED.,
 .F.,.F.,(4,4),(8.74180687441745,13.8418032405506),.UNSPECIFIED.);
#109=B_SPLINE_CURVE_WITH_KNOTS('',3,(#1012,#1013,#1014,#1015,#1016,#1017,
#1018,#1019),.UNSPECIFIED.,.F.,.F.,(4,1,1,1,1,4),(0.,0.285714285714286,
0.571428571428571,0.678571428571428,0.857142857142857,1.),.UNSPECIFIED.);
#110=B_SPLINE_CURVE_WITH_KNOTS('',3,(#1020,#1021,#1022,#1023,#1024,#1025,
#1026,#1027,#1028,#1029,#1030,#1031,#1032,#1033),.UNSPECIFIED.,.F.,.F.,
(4,1,1,1,1,1,1,1,1,1,1,4),(-14.3127091405456,-14.2958915014329,-14.2790734176965,
-14.2454372502237,-14.211801082751,-14.1108925803327,-14.0436202453872,
-13.9763479104416,-13.9090755754961,-13.8754394080234,-13.858621324287,
-13.8418032405506),.UNSPECIFIED.);
#111=B_SPLINE_CURVE_WITH_KNOTS('',3,(#1034,#1035,#1036,#1037,#1038,#1039,
#1040,#1041,#1042,#1043,#1044,#1045,#1046,#1047),.UNSPECIFIED.,.F.,.F.,
(4,1,1,1,1,1,1,1,1,1,1,4),(13.8418032405506,13.858621324287,13.8754394080234,
13.9090755754961,13.9763479104416,14.0436202453872,14.1108925803327,14.211801082751,
14.2454372502237,14.2790734176965,14.2958915014329,14.3127091405456),
 .UNSPECIFIED.);
#112=B_SPLINE_CURVE_WITH_KNOTS('',3,(#1082,#1083,#1084,#1085,#1086,#1087,
#1088,#1089),.UNSPECIFIED.,.F.,.F.,(4,1,1,1,1,4),(-1.,-0.857142857142857,
-0.678571428571428,-0.571428571428571,-0.285714285714286,0.),
 .UNSPECIFIED.);
#113=B_SPLINE_CURVE_WITH_KNOTS('',3,(#1090,#1091,#1092,#1093),
 .UNSPECIFIED.,.F.,.F.,(4,4),(-17.0127058095921,-14.3127093628574),
 .UNSPECIFIED.);
#114=B_SPLINE_CURVE_WITH_KNOTS('',3,(#1094,#1095,#1096,#1097),
 .UNSPECIFIED.,.F.,.F.,(4,4),(14.3127093628574,17.0127058095921),
 .UNSPECIFIED.);
#115=B_SPLINE_CURVE_WITH_KNOTS('',3,(#1210,#1211,#1212,#1213,#1214,#1215,
#1216,#1217,#1218,#1219,#1220,#1221,#1222,#1223),.UNSPECIFIED.,.F.,.F.,
(4,1,1,1,1,1,1,1,1,1,1,4),(17.012705809592,17.0295238204983,17.0463418314046,
17.0799778532172,17.1472498968423,17.2145219404675,17.2817939840926,17.3827020495303,
17.4163380713429,17.4499740931555,17.4667921040618,17.4836101149681),
 .UNSPECIFIED.);
#116=B_SPLINE_CURVE_WITH_KNOTS('',3,(#1224,#1225,#1226,#1227,#1228,#1229,
#1230,#1231,#1232,#1233,#1234,#1235,#1236,#1237),.UNSPECIFIED.,.F.,.F.,
(4,1,1,1,1,1,1,1,1,1,1,4),(-17.4836101149681,-17.4667921040618,-17.4499740931555,
-17.4163380713429,-17.3827020495303,-17.2817939840926,-17.2145219404675,
-17.1472498968423,-17.0799778532172,-17.0463418314046,-17.0295238204983,
-17.012705809592),.UNSPECIFIED.);
#117=B_SPLINE_CURVE_WITH_KNOTS('',3,(#1242,#1243,#1244,#1245,#1246,#1247,
#1248,#1249,#1250,#1251,#1252,#1253,#1254,#1255),.UNSPECIFIED.,.F.,.F.,
(4,1,1,1,1,1,1,1,1,1,1,4),(13.8418032405506,13.858621324287,13.8754394080234,
13.9090755754961,13.9763479104417,14.0436202453872,14.1108925803327,14.211801082751,
14.2454372502237,14.2790734176965,14.2958915014329,14.3127091405456),
 .UNSPECIFIED.);
#118=B_SPLINE_CURVE_WITH_KNOTS('',3,(#1260,#1261,#1262,#1263),
 .UNSPECIFIED.,.F.,.F.,(4,4),(14.3127093628574,17.0127058095921),
 .UNSPECIFIED.);
#119=B_SPLINE_CURVE_WITH_KNOTS('',3,(#1267,#1268,#1269,#1270,#1271,#1272,
#1273,#1274,#1275,#1276,#1277,#1278,#1279,#1280),.UNSPECIFIED.,.F.,.F.,
(4,1,1,1,1,1,1,1,1,1,1,4),(17.0127058095921,17.0295238204983,17.0463418314046,
17.0799778532172,17.1472498968423,17.2145219404675,17.2817939840926,17.3827020495303,
17.4163380713429,17.4499740931555,17.4667921040618,17.4836101149681),
 .UNSPECIFIED.);
#120=B_SPLINE_CURVE_WITH_KNOTS('',3,(#1284,#1285,#1286,#1287),
 .UNSPECIFIED.,.F.,.F.,(4,4),(1.66533453693773E-16,5.0999981830426),
 .UNSPECIFIED.);
#121=B_SPLINE_CURVE_WITH_KNOTS('',3,(#1322,#1323,#1324,#1325,#1326,#1327,
#1328,#1329),.UNSPECIFIED.,.F.,.F.,(4,1,1,1,1,4),(0.,0.285714285714286,
0.571428571428571,0.678571428571428,0.857142857142857,1.),.UNSPECIFIED.);
#122=B_SPLINE_CURVE_WITH_KNOTS('',3,(#1331,#1332,#1333,#1334,#1335,#1336,
#1337,#1338),.UNSPECIFIED.,.F.,.F.,(4,1,1,1,1,4),(-1.,-0.857142857142857,
-0.678571428571428,-0.571428571428571,-0.285714285714286,0.),
 .UNSPECIFIED.);
#123=B_SPLINE_CURVE_WITH_KNOTS('',3,(#1339,#1340,#1341,#1342),
 .UNSPECIFIED.,.F.,.F.,(4,4),(-5.0999981830426,-1.66533453693773E-16),
 .UNSPECIFIED.);
#124=B_SPLINE_CURVE_WITH_KNOTS('',3,(#1457,#1458,#1459,#1460,#1461,#1462,
#1463,#1464),.UNSPECIFIED.,.F.,.F.,(4,1,1,1,1,4),(0.,0.285714285714286,
0.571428571428571,0.678571428571428,0.857142857142857,1.),.UNSPECIFIED.);
#125=B_SPLINE_CURVE_WITH_KNOTS('',3,(#1465,#1466,#1467,#1468,#1469,#1470,
#1471,#1472,#1473,#1474,#1475,#1476,#1477,#1478),.UNSPECIFIED.,.F.,.F.,
(4,1,1,1,1,1,1,1,1,1,1,4),(-5.57090408306154,-5.55408644394799,-5.53726836021075,
-5.50363219273628,-5.46999602526181,-5.36908752283838,-5.30181518788943,
-5.23454285294048,-5.16727051799153,-5.13363435051706,-5.11681626677982,
-5.09999818304258),.UNSPECIFIED.);
#126=B_SPLINE_CURVE_WITH_KNOTS('',3,(#1479,#1480,#1481,#1482,#1483,#1484,
#1485,#1486,#1487,#1488,#1489,#1490,#1491,#1492),.UNSPECIFIED.,.F.,.F.,
(4,1,1,1,1,1,1,1,1,1,1,4),(5.09999818304258,5.11681626677982,5.13363435051706,
5.16727051799153,5.23454285294048,5.30181518788943,5.36908752283838,5.46999602526181,
5.50363219273628,5.53726836021075,5.55408644394799,5.57090408306154),
 .UNSPECIFIED.);
#127=B_SPLINE_CURVE_WITH_KNOTS('',3,(#1527,#1528,#1529,#1530,#1531,#1532,
#1533,#1534),.UNSPECIFIED.,.F.,.F.,(4,1,1,1,1,4),(-1.,-0.857142857142857,
-0.678571428571428,-0.571428571428571,-0.285714285714286,0.),
 .UNSPECIFIED.);
#128=B_SPLINE_CURVE_WITH_KNOTS('',3,(#1535,#1536,#1537,#1538),
 .UNSPECIFIED.,.F.,.F.,(4,4),(-8.27090075211072,-5.57090430537333),
 .UNSPECIFIED.);
#129=B_SPLINE_CURVE_WITH_KNOTS('',3,(#1539,#1540,#1541,#1542),
 .UNSPECIFIED.,.F.,.F.,(4,4),(5.57090430537333,8.27090075211072),
 .UNSPECIFIED.);
#130=B_SPLINE_CURVE_WITH_KNOTS('',3,(#1657,#1658,#1659,#1660,#1661,#1662,
#1663,#1664),.UNSPECIFIED.,.F.,.F.,(4,1,1,1,1,4),(0.,0.285714285714286,
0.571428571428571,0.678571428571428,0.857142857142857,1.),.UNSPECIFIED.);
#131=B_SPLINE_CURVE_WITH_KNOTS('',3,(#1665,#1666,#1667,#1668,#1669,#1670,
#1671,#1672,#1673,#1674,#1675,#1676,#1677,#1678),.UNSPECIFIED.,.F.,.F.,
(4,1,1,1,1,1,1,1,1,1,1,4),(-8.74180666028042,-8.72498900511014,-8.70817092166572,
-8.67453475477687,-8.64089858788802,-8.53999008722148,-8.47271775344378,
-8.40544541966609,-8.33817308588839,-8.30453691899955,-8.28771883555512,
-8.2709007521107),.UNSPECIFIED.);
#132=B_SPLINE_CURVE_WITH_KNOTS('',3,(#1679,#1680,#1681,#1682,#1683,#1684,
#1685,#1686,#1687,#1688,#1689,#1690,#1691,#1692),.UNSPECIFIED.,.F.,.F.,
(4,1,1,1,1,1,1,1,1,1,1,4),(8.2709007521107,8.28771883555512,8.30453691899955,
8.33817308588839,8.40544541966609,8.47271775344378,8.53999008722148,8.64089858788802,
8.67453475477687,8.70817092166572,8.72498900511014,8.74180666028042),
 .UNSPECIFIED.);
#133=B_SPLINE_CURVE_WITH_KNOTS('',3,(#1726,#1727,#1728,#1729,#1730,#1731,
#1732,#1733),.UNSPECIFIED.,.F.,.F.,(4,1,1,1,1,4),(-1.,-0.857142857142857,
-0.678571428571428,-0.571428571428571,-0.285714285714286,0.),
 .UNSPECIFIED.);
#134=B_SPLINE_CURVE_WITH_KNOTS('',3,(#1734,#1735,#1736,#1737),
 .UNSPECIFIED.,.F.,.F.,(4,4),(-13.8418032405506,-8.74180687441744),
 .UNSPECIFIED.);
#135=B_SPLINE_CURVE_WITH_KNOTS('',3,(#1738,#1739,#1740,#1741),
 .UNSPECIFIED.,.F.,.F.,(4,4),(8.74180687441744,13.8418032405506),
 .UNSPECIFIED.);
#136=B_SPLINE_CURVE_WITH_KNOTS('',3,(#1855,#1856,#1857,#1858,#1859,#1860,
#1861,#1862),.UNSPECIFIED.,.F.,.F.,(4,1,1,1,1,4),(0.,0.285714285714286,
0.571428571428571,0.678571428571428,0.857142857142857,1.),.UNSPECIFIED.);
#137=B_SPLINE_CURVE_WITH_KNOTS('',3,(#1863,#1864,#1865,#1866,#1867,#1868,
#1869,#1870,#1871,#1872,#1873,#1874,#1875,#1876),.UNSPECIFIED.,.F.,.F.,
(4,1,1,1,1,1,1,1,1,1,1,4),(-14.3127091405456,-14.2958915014329,-14.2790734176965,
-14.2454372502237,-14.211801082751,-14.1108925803327,-14.0436202453872,
-13.9763479104417,-13.9090755754961,-13.8754394080234,-13.858621324287,
-13.8418032405506),.UNSPECIFIED.);
#138=B_SPLINE_CURVE_WITH_KNOTS('',3,(#1910,#1911,#1912,#1913,#1914,#1915,
#1916,#1917),.UNSPECIFIED.,.F.,.F.,(4,1,1,1,1,4),(-1.,-0.857142857142857,
-0.678571428571428,-0.571428571428571,-0.285714285714286,0.),
 .UNSPECIFIED.);
#139=B_SPLINE_CURVE_WITH_KNOTS('',3,(#1918,#1919,#1920,#1921),
 .UNSPECIFIED.,.F.,.F.,(4,4),(-17.0127058095921,-14.3127093628574),
 .UNSPECIFIED.);
#140=B_SPLINE_CURVE_WITH_KNOTS('',3,(#2034,#2035,#2036,#2037,#2038,#2039,
#2040,#2041,#2042,#2043,#2044,#2045,#2046,#2047),.UNSPECIFIED.,.F.,.F.,
(4,1,1,1,1,1,1,1,1,1,1,4),(-17.4836101149681,-17.4667921040618,-17.4499740931555,
-17.4163380713429,-17.3827020495303,-17.2817939840926,-17.2145219404675,
-17.1472498968423,-17.0799778532172,-17.0463418314046,-17.0295238204983,
-17.0127058095921),.UNSPECIFIED.);
#141=VERTEX_POINT('',#470);
#142=VERTEX_POINT('',#471);
#143=VERTEX_POINT('',#480);
#144=VERTEX_POINT('',#485);
#145=VERTEX_POINT('',#610);
#146=VERTEX_POINT('',#611);
#147=VERTEX_POINT('',#680);
#148=VERTEX_POINT('',#681);
#149=VERTEX_POINT('',#810);
#150=VERTEX_POINT('',#811);
#151=VERTEX_POINT('',#880);
#152=VERTEX_POINT('',#881);
#153=VERTEX_POINT('',#1010);
#154=VERTEX_POINT('',#1011);
#155=VERTEX_POINT('',#1080);
#156=VERTEX_POINT('',#1081);
#157=VERTEX_POINT('',#1239);
#158=VERTEX_POINT('',#1241);
#159=VERTEX_POINT('',#1258);
#160=VERTEX_POINT('',#1265);
#161=VERTEX_POINT('',#1282);
#162=VERTEX_POINT('',#1321);
#163=VERTEX_POINT('',#1330);
#164=VERTEX_POINT('',#1455);
#165=VERTEX_POINT('',#1456);
#166=VERTEX_POINT('',#1525);
#167=VERTEX_POINT('',#1526);
#168=VERTEX_POINT('',#1655);
#169=VERTEX_POINT('',#1656);
#170=VERTEX_POINT('',#1725);
#171=VERTEX_POINT('',#1854);
#172=VERTEX_POINT('',#1909);
#173=EDGE_CURVE('',#141,#142,#93,.T.);
#174=EDGE_CURVE('',#142,#143,#94,.T.);
#175=EDGE_CURVE('',#143,#144,#95,.T.);
#176=EDGE_CURVE('',#144,#141,#96,.T.);
#177=EDGE_CURVE('',#145,#146,#97,.T.);
#178=EDGE_CURVE('',#146,#144,#98,.T.);
#179=EDGE_CURVE('',#143,#145,#99,.T.);
#180=EDGE_CURVE('',#147,#148,#100,.T.);
#181=EDGE_CURVE('',#148,#146,#101,.T.);
#182=EDGE_CURVE('',#145,#147,#102,.T.);
#183=EDGE_CURVE('',#149,#150,#103,.T.);
#184=EDGE_CURVE('',#150,#148,#104,.T.);
#185=EDGE_CURVE('',#147,#149,#105,.T.);
#186=EDGE_CURVE('',#151,#152,#106,.T.);
#187=EDGE_CURVE('',#152,#150,#107,.T.);
#188=EDGE_CURVE('',#149,#151,#108,.T.);
#189=EDGE_CURVE('',#153,#154,#109,.T.);
#190=EDGE_CURVE('',#154,#152,#110,.T.);
#191=EDGE_CURVE('',#151,#153,#111,.T.);
#192=EDGE_CURVE('',#155,#156,#112,.T.);
#193=EDGE_CURVE('',#156,#154,#113,.T.);
#194=EDGE_CURVE('',#153,#155,#114,.T.);
#195=EDGE_CURVE('',#155,#142,#115,.T.);
#196=EDGE_CURVE('',#141,#156,#116,.T.);
#197=EDGE_CURVE('',#147,#157,#21,.T.);
#198=EDGE_CURVE('',#158,#157,#117,.T.);
#199=EDGE_CURVE('',#158,#149,#22,.T.);
#200=EDGE_CURVE('',#159,#145,#23,.T.);
#201=EDGE_CURVE('',#157,#159,#118,.T.);
#202=EDGE_CURVE('',#143,#160,#24,.T.);
#203=EDGE_CURVE('',#159,#160,#119,.T.);
#204=EDGE_CURVE('',#161,#142,#25,.T.);
#205=EDGE_CURVE('',#160,#161,#120,.T.);
#206=EDGE_CURVE('',#162,#160,#121,.T.);
#207=EDGE_CURVE('',#161,#163,#122,.T.);
#208=EDGE_CURVE('',#163,#162,#123,.T.);
#209=EDGE_CURVE('',#164,#165,#124,.T.);
#210=EDGE_CURVE('',#165,#163,#125,.T.);
#211=EDGE_CURVE('',#161,#164,#126,.T.);
#212=EDGE_CURVE('',#166,#167,#127,.T.);
#213=EDGE_CURVE('',#167,#165,#128,.T.);
#214=EDGE_CURVE('',#164,#166,#129,.T.);
#215=EDGE_CURVE('',#168,#169,#130,.T.);
#216=EDGE_CURVE('',#169,#167,#131,.T.);
#217=EDGE_CURVE('',#166,#168,#132,.T.);
#218=EDGE_CURVE('',#158,#170,#133,.T.);
#219=EDGE_CURVE('',#170,#169,#134,.T.);
#220=EDGE_CURVE('',#168,#158,#135,.T.);
#221=EDGE_CURVE('',#157,#171,#136,.T.);
#222=EDGE_CURVE('',#171,#170,#137,.T.);
#223=EDGE_CURVE('',#159,#172,#138,.T.);
#224=EDGE_CURVE('',#172,#171,#139,.T.);
#225=EDGE_CURVE('',#162,#172,#140,.T.);
#226=EDGE_CURVE('',#151,#168,#26,.T.);
#227=EDGE_CURVE('',#166,#153,#27,.T.);
#228=EDGE_CURVE('',#155,#164,#28,.T.);
#229=ORIENTED_EDGE('',*,*,#173,.T.);
#230=ORIENTED_EDGE('',*,*,#174,.T.);
#231=ORIENTED_EDGE('',*,*,#175,.T.);
#232=ORIENTED_EDGE('',*,*,#176,.T.);
#233=ORIENTED_EDGE('',*,*,#177,.T.);
#234=ORIENTED_EDGE('',*,*,#178,.T.);
#235=ORIENTED_EDGE('',*,*,#175,.F.);
#236=ORIENTED_EDGE('',*,*,#179,.T.);
#237=ORIENTED_EDGE('',*,*,#180,.T.);
#238=ORIENTED_EDGE('',*,*,#181,.T.);
#239=ORIENTED_EDGE('',*,*,#177,.F.);
#240=ORIENTED_EDGE('',*,*,#182,.T.);
#241=ORIENTED_EDGE('',*,*,#183,.T.);
#242=ORIENTED_EDGE('',*,*,#184,.T.);
#243=ORIENTED_EDGE('',*,*,#180,.F.);
#244=ORIENTED_EDGE('',*,*,#185,.T.);
#245=ORIENTED_EDGE('',*,*,#186,.T.);
#246=ORIENTED_EDGE('',*,*,#187,.T.);
#247=ORIENTED_EDGE('',*,*,#183,.F.);
#248=ORIENTED_EDGE('',*,*,#188,.T.);
#249=ORIENTED_EDGE('',*,*,#189,.T.);
#250=ORIENTED_EDGE('',*,*,#190,.T.);
#251=ORIENTED_EDGE('',*,*,#186,.F.);
#252=ORIENTED_EDGE('',*,*,#191,.T.);
#253=ORIENTED_EDGE('',*,*,#192,.T.);
#254=ORIENTED_EDGE('',*,*,#193,.T.);
#255=ORIENTED_EDGE('',*,*,#189,.F.);
#256=ORIENTED_EDGE('',*,*,#194,.T.);
#257=ORIENTED_EDGE('',*,*,#192,.F.);
#258=ORIENTED_EDGE('',*,*,#195,.T.);
#259=ORIENTED_EDGE('',*,*,#173,.F.);
#260=ORIENTED_EDGE('',*,*,#196,.T.);
#261=ORIENTED_EDGE('',*,*,#185,.F.);
#262=ORIENTED_EDGE('',*,*,#197,.T.);
#263=ORIENTED_EDGE('',*,*,#198,.F.);
#264=ORIENTED_EDGE('',*,*,#199,.T.);
#265=ORIENTED_EDGE('',*,*,#182,.F.);
#266=ORIENTED_EDGE('',*,*,#200,.F.);
#267=ORIENTED_EDGE('',*,*,#201,.F.);
#268=ORIENTED_EDGE('',*,*,#197,.F.);
#269=ORIENTED_EDGE('',*,*,#179,.F.);
#270=ORIENTED_EDGE('',*,*,#202,.T.);
#271=ORIENTED_EDGE('',*,*,#203,.F.);
#272=ORIENTED_EDGE('',*,*,#200,.T.);
#273=ORIENTED_EDGE('',*,*,#174,.F.);
#274=ORIENTED_EDGE('',*,*,#204,.F.);
#275=ORIENTED_EDGE('',*,*,#205,.F.);
#276=ORIENTED_EDGE('',*,*,#202,.F.);
#277=ORIENTED_EDGE('',*,*,#176,.F.);
#278=ORIENTED_EDGE('',*,*,#178,.F.);
#279=ORIENTED_EDGE('',*,*,#181,.F.);
#280=ORIENTED_EDGE('',*,*,#184,.F.);
#281=ORIENTED_EDGE('',*,*,#187,.F.);
#282=ORIENTED_EDGE('',*,*,#190,.F.);
#283=ORIENTED_EDGE('',*,*,#193,.F.);
#284=ORIENTED_EDGE('',*,*,#196,.F.);
#285=ORIENTED_EDGE('',*,*,#206,.T.);
#286=ORIENTED_EDGE('',*,*,#205,.T.);
#287=ORIENTED_EDGE('',*,*,#207,.T.);
#288=ORIENTED_EDGE('',*,*,#208,.T.);
#289=ORIENTED_EDGE('',*,*,#209,.T.);
#290=ORIENTED_EDGE('',*,*,#210,.T.);
#291=ORIENTED_EDGE('',*,*,#207,.F.);
#292=ORIENTED_EDGE('',*,*,#211,.T.);
#293=ORIENTED_EDGE('',*,*,#212,.T.);
#294=ORIENTED_EDGE('',*,*,#213,.T.);
#295=ORIENTED_EDGE('',*,*,#209,.F.);
#296=ORIENTED_EDGE('',*,*,#214,.T.);
#297=ORIENTED_EDGE('',*,*,#215,.T.);
#298=ORIENTED_EDGE('',*,*,#216,.T.);
#299=ORIENTED_EDGE('',*,*,#212,.F.);
#300=ORIENTED_EDGE('',*,*,#217,.T.);
#301=ORIENTED_EDGE('',*,*,#218,.T.);
#302=ORIENTED_EDGE('',*,*,#219,.T.);
#303=ORIENTED_EDGE('',*,*,#215,.F.);
#304=ORIENTED_EDGE('',*,*,#220,.T.);
#305=ORIENTED_EDGE('',*,*,#221,.T.);
#306=ORIENTED_EDGE('',*,*,#222,.T.);
#307=ORIENTED_EDGE('',*,*,#218,.F.);
#308=ORIENTED_EDGE('',*,*,#198,.T.);
#309=ORIENTED_EDGE('',*,*,#223,.T.);
#310=ORIENTED_EDGE('',*,*,#224,.T.);
#311=ORIENTED_EDGE('',*,*,#221,.F.);
#312=ORIENTED_EDGE('',*,*,#201,.T.);
#313=ORIENTED_EDGE('',*,*,#223,.F.);
#314=ORIENTED_EDGE('',*,*,#203,.T.);
#315=ORIENTED_EDGE('',*,*,#206,.F.);
#316=ORIENTED_EDGE('',*,*,#225,.T.);
#317=ORIENTED_EDGE('',*,*,#191,.F.);
#318=ORIENTED_EDGE('',*,*,#226,.T.);
#319=ORIENTED_EDGE('',*,*,#217,.F.);
#320=ORIENTED_EDGE('',*,*,#227,.T.);
#321=ORIENTED_EDGE('',*,*,#194,.F.);
#322=ORIENTED_EDGE('',*,*,#227,.F.);
#323=ORIENTED_EDGE('',*,*,#214,.F.);
#324=ORIENTED_EDGE('',*,*,#228,.F.);
#325=ORIENTED_EDGE('',*,*,#195,.F.);
#326=ORIENTED_EDGE('',*,*,#228,.T.);
#327=ORIENTED_EDGE('',*,*,#211,.F.);
#328=ORIENTED_EDGE('',*,*,#204,.T.);
#329=ORIENTED_EDGE('',*,*,#208,.F.);
#330=ORIENTED_EDGE('',*,*,#210,.F.);
#331=ORIENTED_EDGE('',*,*,#213,.F.);
#332=ORIENTED_EDGE('',*,*,#216,.F.);
#333=ORIENTED_EDGE('',*,*,#219,.F.);
#334=ORIENTED_EDGE('',*,*,#222,.F.);
#335=ORIENTED_EDGE('',*,*,#224,.F.);
#336=ORIENTED_EDGE('',*,*,#225,.F.);
#337=ORIENTED_EDGE('',*,*,#188,.F.);
#338=ORIENTED_EDGE('',*,*,#199,.F.);
#339=ORIENTED_EDGE('',*,*,#220,.F.);
#340=ORIENTED_EDGE('',*,*,#226,.F.);
#341=B_SPLINE_SURFACE_WITH_KNOTS('',3,3,((#438,#439,#440,#441),(#442,#443,
#444,#445),(#446,#447,#448,#449),(#450,#451,#452,#453),(#454,#455,#456,
#457),(#458,#459,#460,#461),(#462,#463,#464,#465),(#466,#467,#468,#469)),
 .UNSPECIFIED.,.F.,.F.,.F.,(4,1,1,1,1,4),(4,4),(0.,0.285714285714286,0.571428571428571,
0.678571428571428,0.857142857142857,1.),(-5.53628965393422E-16,5.0999981830426),
 .UNSPECIFIED.);
#342=B_SPLINE_SURFACE_WITH_KNOTS('',3,3,((#498,#499,#500,#501,#502,#503,
#504,#505,#506,#507,#508,#509,#510,#511),(#512,#513,#514,#515,#516,#517,
#518,#519,#520,#521,#522,#523,#524,#525),(#526,#527,#528,#529,#530,#531,
#532,#533,#534,#535,#536,#537,#538,#539),(#540,#541,#542,#543,#544,#545,
#546,#547,#548,#549,#550,#551,#552,#553),(#554,#555,#556,#557,#558,#559,
#560,#561,#562,#563,#564,#565,#566,#567),(#568,#569,#570,#571,#572,#573,
#574,#575,#576,#577,#578,#579,#580,#581),(#582,#583,#584,#585,#586,#587,
#588,#589,#590,#591,#592,#593,#594,#595),(#596,#597,#598,#599,#600,#601,
#602,#603,#604,#605,#606,#607,#608,#609)),.UNSPECIFIED.,.F.,.F.,.F.,(4,
1,1,1,1,4),(4,1,1,1,1,1,1,1,1,1,1,4),(0.,0.285714285714286,0.571428571428571,
0.678571428571428,0.857142857142857,1.),(-5.57090452768523,-5.55408644394799,
-5.53726836021076,-5.50363219273628,-5.46999602526181,-5.36908752283838,
-5.31863327162667,-5.23454285294048,-5.16727051799153,-5.13363435051706,
-5.11681626677982,-5.09999818304258),.UNSPECIFIED.);
#343=B_SPLINE_SURFACE_WITH_KNOTS('',3,3,((#648,#649,#650,#651),(#652,#653,
#654,#655),(#656,#657,#658,#659),(#660,#661,#662,#663),(#664,#665,#666,
#667),(#668,#669,#670,#671),(#672,#673,#674,#675),(#676,#677,#678,#679)),
 .UNSPECIFIED.,.F.,.F.,.F.,(4,1,1,1,1,4),(4,4),(0.,0.285714285714286,0.571428571428571,
0.678571428571428,0.857142857142857,1.),(5.57090430537333,8.27090075211072),
 .UNSPECIFIED.);
#344=B_SPLINE_SURFACE_WITH_KNOTS('',3,3,((#698,#699,#700,#701,#702,#703,
#704,#705,#706,#707,#708,#709,#710,#711),(#712,#713,#714,#715,#716,#717,
#718,#719,#720,#721,#722,#723,#724,#725),(#726,#727,#728,#729,#730,#731,
#732,#733,#734,#735,#736,#737,#738,#739),(#740,#741,#742,#743,#744,#745,
#746,#747,#748,#749,#750,#751,#752,#753),(#754,#755,#756,#757,#758,#759,
#760,#761,#762,#763,#764,#765,#766,#767),(#768,#769,#770,#771,#772,#773,
#774,#775,#776,#777,#778,#779,#780,#781),(#782,#783,#784,#785,#786,#787,
#788,#789,#790,#791,#792,#793,#794,#795),(#796,#797,#798,#799,#800,#801,
#802,#803,#804,#805,#806,#807,#808,#809)),.UNSPECIFIED.,.F.,.F.,.F.,(4,
1,1,1,1,4),(4,1,1,1,1,1,1,1,1,1,1,4),(0.,0.285714285714286,0.571428571428571,
0.678571428571428,0.857142857142857,1.),(-8.74180708855457,-8.72498900511015,
-8.70817092166572,-8.67453475477688,-8.64089858788803,-8.53999008722148,
-8.47271775344378,-8.40544541966609,-8.33817308588839,-8.30453691899954,
-8.28771883555511,-8.27090075211069),.UNSPECIFIED.);
#345=B_SPLINE_SURFACE_WITH_KNOTS('',3,3,((#848,#849,#850,#851),(#852,#853,
#854,#855),(#856,#857,#858,#859),(#860,#861,#862,#863),(#864,#865,#866,
#867),(#868,#869,#870,#871),(#872,#873,#874,#875),(#876,#877,#878,#879)),
 .UNSPECIFIED.,.F.,.F.,.F.,(4,1,1,1,1,4),(4,4),(0.,0.285714285714286,0.571428571428571,
0.678571428571428,0.857142857142857,1.),(8.74180687441745,13.8418032405506),
 .UNSPECIFIED.);
#346=B_SPLINE_SURFACE_WITH_KNOTS('',3,3,((#898,#899,#900,#901,#902,#903,
#904,#905,#906,#907,#908,#909,#910,#911),(#912,#913,#914,#915,#916,#917,
#918,#919,#920,#921,#922,#923,#924,#925),(#926,#927,#928,#929,#930,#931,
#932,#933,#934,#935,#936,#937,#938,#939),(#940,#941,#942,#943,#944,#945,
#946,#947,#948,#949,#950,#951,#952,#953),(#954,#955,#956,#957,#958,#959,
#960,#961,#962,#963,#964,#965,#966,#967),(#968,#969,#970,#971,#972,#973,
#974,#975,#976,#977,#978,#979,#980,#981),(#982,#983,#984,#985,#986,#987,
#988,#989,#990,#991,#992,#993,#994,#995),(#996,#997,#998,#999,#1000,#1001,
#1002,#1003,#1004,#1005,#1006,#1007,#1008,#1009)),.UNSPECIFIED.,.F.,.F.,
 .F.,(4,1,1,1,1,4),(4,1,1,1,1,1,1,1,1,1,1,4),(0.,0.285714285714286,0.571428571428571,
0.678571428571428,0.857142857142857,1.),(-14.3127095851693,-14.2958915014329,
-14.2790734176965,-14.2454372502237,-14.211801082751,-14.1108925803327,
-14.0436202453872,-13.9763479104416,-13.9090755754961,-13.8754394080234,
-13.858621324287,-13.8418032405506),.UNSPECIFIED.);
#347=B_SPLINE_SURFACE_WITH_KNOTS('',3,3,((#1048,#1049,#1050,#1051),(#1052,
#1053,#1054,#1055),(#1056,#1057,#1058,#1059),(#1060,#1061,#1062,#1063),
(#1064,#1065,#1066,#1067),(#1068,#1069,#1070,#1071),(#1072,#1073,#1074,
#1075),(#1076,#1077,#1078,#1079)),.UNSPECIFIED.,.F.,.F.,.F.,(4,1,1,1,1,
4),(4,4),(0.,0.285714285714286,0.571428571428571,0.678571428571428,0.857142857142857,
1.),(14.3127093628574,17.0127058095921),.UNSPECIFIED.);
#348=B_SPLINE_SURFACE_WITH_KNOTS('',3,3,((#1098,#1099,#1100,#1101,#1102,
#1103,#1104,#1105,#1106,#1107,#1108,#1109,#1110,#1111),(#1112,#1113,#1114,
#1115,#1116,#1117,#1118,#1119,#1120,#1121,#1122,#1123,#1124,#1125),(#1126,
#1127,#1128,#1129,#1130,#1131,#1132,#1133,#1134,#1135,#1136,#1137,#1138,
#1139),(#1140,#1141,#1142,#1143,#1144,#1145,#1146,#1147,#1148,#1149,#1150,
#1151,#1152,#1153),(#1154,#1155,#1156,#1157,#1158,#1159,#1160,#1161,#1162,
#1163,#1164,#1165,#1166,#1167),(#1168,#1169,#1170,#1171,#1172,#1173,#1174,
#1175,#1176,#1177,#1178,#1179,#1180,#1181),(#1182,#1183,#1184,#1185,#1186,
#1187,#1188,#1189,#1190,#1191,#1192,#1193,#1194,#1195),(#1196,#1197,#1198,
#1199,#1200,#1201,#1202,#1203,#1204,#1205,#1206,#1207,#1208,#1209)),
 .UNSPECIFIED.,.F.,.F.,.F.,(4,1,1,1,1,4),(4,1,1,1,1,1,1,1,1,1,1,4),(0.,
0.285714285714286,0.571428571428571,0.678571428571428,0.857142857142857,
1.),(-17.4836101149681,-17.4667921040618,-17.4499740931555,-17.4163380713429,
-17.3827020495303,-17.2817939840926,-17.2145219404675,-17.1472498968423,
-17.0799778532172,-17.0463418314046,-17.0295238204983,-17.012705809592),
 .UNSPECIFIED.);
#349=B_SPLINE_SURFACE_WITH_KNOTS('',3,3,((#1289,#1290,#1291,#1292),(#1293,
#1294,#1295,#1296),(#1297,#1298,#1299,#1300),(#1301,#1302,#1303,#1304),
(#1305,#1306,#1307,#1308),(#1309,#1310,#1311,#1312),(#1313,#1314,#1315,
#1316),(#1317,#1318,#1319,#1320)),.UNSPECIFIED.,.F.,.F.,.F.,(4,1,1,1,1,
4),(4,4),(0.,0.285714285714286,0.571428571428571,0.678571428571428,0.857142857142857,
1.),(1.66533453693773E-16,5.0999981830426),.UNSPECIFIED.);
#350=B_SPLINE_SURFACE_WITH_KNOTS('',3,3,((#1343,#1344,#1345,#1346,#1347,
#1348,#1349,#1350,#1351,#1352,#1353,#1354,#1355,#1356),(#1357,#1358,#1359,
#1360,#1361,#1362,#1363,#1364,#1365,#1366,#1367,#1368,#1369,#1370),(#1371,
#1372,#1373,#1374,#1375,#1376,#1377,#1378,#1379,#1380,#1381,#1382,#1383,
#1384),(#1385,#1386,#1387,#1388,#1389,#1390,#1391,#1392,#1393,#1394,#1395,
#1396,#1397,#1398),(#1399,#1400,#1401,#1402,#1403,#1404,#1405,#1406,#1407,
#1408,#1409,#1410,#1411,#1412),(#1413,#1414,#1415,#1416,#1417,#1418,#1419,
#1420,#1421,#1422,#1423,#1424,#1425,#1426),(#1427,#1428,#1429,#1430,#1431,
#1432,#1433,#1434,#1435,#1436,#1437,#1438,#1439,#1440),(#1441,#1442,#1443,
#1444,#1445,#1446,#1447,#1448,#1449,#1450,#1451,#1452,#1453,#1454)),
 .UNSPECIFIED.,.F.,.F.,.F.,(4,1,1,1,1,4),(4,1,1,1,1,1,1,1,1,1,1,4),(0.,
0.285714285714286,0.571428571428571,0.678571428571428,0.857142857142857,
1.),(-5.57090452768523,-5.55408644394799,-5.53726836021075,-5.50363219273628,
-5.46999602526181,-5.36908752283838,-5.30181518788943,-5.23454285294048,
-5.16727051799153,-5.13363435051706,-5.11681626677982,-5.09999818304258),
 .UNSPECIFIED.);
#351=B_SPLINE_SURFACE_WITH_KNOTS('',3,3,((#1493,#1494,#1495,#1496),(#1497,
#1498,#1499,#1500),(#1501,#1502,#1503,#1504),(#1505,#1506,#1507,#1508),
(#1509,#1510,#1511,#1512),(#1513,#1514,#1515,#1516),(#1517,#1518,#1519,
#1520),(#1521,#1522,#1523,#1524)),.UNSPECIFIED.,.F.,.F.,.F.,(4,1,1,1,1,
4),(4,4),(0.,0.285714285714286,0.571428571428571,0.678571428571428,0.857142857142857,
1.),(5.57090430537333,8.27090075211072),.UNSPECIFIED.);
#352=B_SPLINE_SURFACE_WITH_KNOTS('',3,3,((#1543,#1544,#1545,#1546,#1547,
#1548,#1549,#1550,#1551,#1552,#1553,#1554,#1555,#1556),(#1557,#1558,#1559,
#1560,#1561,#1562,#1563,#1564,#1565,#1566,#1567,#1568,#1569,#1570),(#1571,
#1572,#1573,#1574,#1575,#1576,#1577,#1578,#1579,#1580,#1581,#1582,#1583,
#1584),(#1585,#1586,#1587,#1588,#1589,#1590,#1591,#1592,#1593,#1594,#1595,
#1596,#1597,#1598),(#1599,#1600,#1601,#1602,#1603,#1604,#1605,#1606,#1607,
#1608,#1609,#1610,#1611,#1612),(#1613,#1614,#1615,#1616,#1617,#1618,#1619,
#1620,#1621,#1622,#1623,#1624,#1625,#1626),(#1627,#1628,#1629,#1630,#1631,
#1632,#1633,#1634,#1635,#1636,#1637,#1638,#1639,#1640),(#1641,#1642,#1643,
#1644,#1645,#1646,#1647,#1648,#1649,#1650,#1651,#1652,#1653,#1654)),
 .UNSPECIFIED.,.F.,.F.,.F.,(4,1,1,1,1,4),(4,1,1,1,1,1,1,1,1,1,1,4),(0.,
0.285714285714286,0.571428571428571,0.678571428571428,0.857142857142857,
1.),(-8.74180708855457,-8.72498900511014,-8.70817092166572,-8.67453475477687,
-8.64089858788802,-8.53999008722148,-8.47271775344378,-8.40544541966609,
-8.33817308588839,-8.30453691899955,-8.28771883555512,-8.2709007521107),
 .UNSPECIFIED.);
#353=B_SPLINE_SURFACE_WITH_KNOTS('',3,3,((#1693,#1694,#1695,#1696),(#1697,
#1698,#1699,#1700),(#1701,#1702,#1703,#1704),(#1705,#1706,#1707,#1708),
(#1709,#1710,#1711,#1712),(#1713,#1714,#1715,#1716),(#1717,#1718,#1719,
#1720),(#1721,#1722,#1723,#1724)),.UNSPECIFIED.,.F.,.F.,.F.,(4,1,1,1,1,
4),(4,4),(0.,0.285714285714286,0.571428571428571,0.678571428571428,0.857142857142857,
1.),(8.74180687441744,13.8418032405506),.UNSPECIFIED.);
#354=B_SPLINE_SURFACE_WITH_KNOTS('',3,3,((#1742,#1743,#1744,#1745,#1746,
#1747,#1748,#1749,#1750,#1751,#1752,#1753,#1754,#1755),(#1756,#1757,#1758,
#1759,#1760,#1761,#1762,#1763,#1764,#1765,#1766,#1767,#1768,#1769),(#1770,
#1771,#1772,#1773,#1774,#1775,#1776,#1777,#1778,#1779,#1780,#1781,#1782,
#1783),(#1784,#1785,#1786,#1787,#1788,#1789,#1790,#1791,#1792,#1793,#1794,
#1795,#1796,#1797),(#1798,#1799,#1800,#1801,#1802,#1803,#1804,#1805,#1806,
#1807,#1808,#1809,#1810,#1811),(#1812,#1813,#1814,#1815,#1816,#1817,#1818,
#1819,#1820,#1821,#1822,#1823,#1824,#1825),(#1826,#1827,#1828,#1829,#1830,
#1831,#1832,#1833,#1834,#1835,#1836,#1837,#1838,#1839),(#1840,#1841,#1842,
#1843,#1844,#1845,#1846,#1847,#1848,#1849,#1850,#1851,#1852,#1853)),
 .UNSPECIFIED.,.F.,.F.,.F.,(4,1,1,1,1,4),(4,1,1,1,1,1,1,1,1,1,1,4),(0.,
0.285714285714286,0.571428571428571,0.678571428571428,0.857142857142857,
1.),(-14.3127095851693,-14.2958915014329,-14.2790734176965,-14.2454372502237,
-14.211801082751,-14.1108925803327,-14.0436202453872,-13.9763479104417,
-13.9090755754961,-13.8754394080234,-13.858621324287,-13.8418032405506),
 .UNSPECIFIED.);
#355=B_SPLINE_SURFACE_WITH_KNOTS('',3,3,((#1877,#1878,#1879,#1880),(#1881,
#1882,#1883,#1884),(#1885,#1886,#1887,#1888),(#1889,#1890,#1891,#1892),
(#1893,#1894,#1895,#1896),(#1897,#1898,#1899,#1900),(#1901,#1902,#1903,
#1904),(#1905,#1906,#1907,#1908)),.UNSPECIFIED.,.F.,.F.,.F.,(4,1,1,1,1,
4),(4,4),(0.,0.285714285714286,0.571428571428571,0.678571428571428,0.857142857142857,
1.),(14.3127093628574,17.0127058095921),.UNSPECIFIED.);
#356=B_SPLINE_SURFACE_WITH_KNOTS('',3,3,((#1922,#1923,#1924,#1925,#1926,
#1927,#1928,#1929,#1930,#1931,#1932,#1933,#1934,#1935),(#1936,#1937,#1938,
#1939,#1940,#1941,#1942,#1943,#1944,#1945,#1946,#1947,#1948,#1949),(#1950,
#1951,#1952,#1953,#1954,#1955,#1956,#1957,#1958,#1959,#1960,#1961,#1962,
#1963),(#1964,#1965,#1966,#1967,#1968,#1969,#1970,#1971,#1972,#1973,#1974,
#1975,#1976,#1977),(#1978,#1979,#1980,#1981,#1982,#1983,#1984,#1985,#1986,
#1987,#1988,#1989,#1990,#1991),(#1992,#1993,#1994,#1995,#1996,#1997,#1998,
#1999,#2000,#2001,#2002,#2003,#2004,#2005),(#2006,#2007,#2008,#2009,#2010,
#2011,#2012,#2013,#2014,#2015,#2016,#2017,#2018,#2019),(#2020,#2021,#2022,
#2023,#2024,#2025,#2026,#2027,#2028,#2029,#2030,#2031,#2032,#2033)),
 .UNSPECIFIED.,.F.,.F.,.F.,(4,1,1,1,1,4),(4,1,1,1,1,1,1,1,1,1,1,4),(0.,
0.285714285714286,0.571428571428571,0.678571428571428,0.857142857142857,
1.),(-17.4836101149681,-17.4667921040618,-17.4499740931555,-17.4163380713429,
-17.3827020495303,-17.2817939840926,-17.2145219404675,-17.1472498968423,
-17.0799778532172,-17.0463418314046,-17.0295238204983,-17.0127058095921),
 .UNSPECIFIED.);
#357=ADVANCED_FACE('',(#41),#341,.T.);
#358=ADVANCED_FACE('',(#42),#342,.T.);
#359=ADVANCED_FACE('',(#43),#343,.T.);
#360=ADVANCED_FACE('',(#44),#344,.T.);
#361=ADVANCED_FACE('',(#45),#345,.T.);
#362=ADVANCED_FACE('',(#46),#346,.T.);
#363=ADVANCED_FACE('',(#47),#347,.T.);
#364=ADVANCED_FACE('',(#48),#348,.T.);
#365=ADVANCED_FACE('',(#49),#37,.T.);
#366=ADVANCED_FACE('',(#50),#15,.T.);
#367=ADVANCED_FACE('',(#51),#38,.T.);
#368=ADVANCED_FACE('',(#52),#16,.T.);
#369=ADVANCED_FACE('',(#53),#17,.F.);
#370=ADVANCED_FACE('',(#54),#349,.T.);
#371=ADVANCED_FACE('',(#55),#350,.T.);
#372=ADVANCED_FACE('',(#56),#351,.T.);
#373=ADVANCED_FACE('',(#57),#352,.T.);
#374=ADVANCED_FACE('',(#58),#353,.T.);
#375=ADVANCED_FACE('',(#59),#354,.T.);
#376=ADVANCED_FACE('',(#60),#355,.T.);
#377=ADVANCED_FACE('',(#61),#356,.T.);
#378=ADVANCED_FACE('',(#62),#39,.T.);
#379=ADVANCED_FACE('',(#63),#18,.T.);
#380=ADVANCED_FACE('',(#64),#40,.T.);
#381=ADVANCED_FACE('',(#65),#19,.T.);
#382=ADVANCED_FACE('',(#66),#20,.T.);
#383=CLOSED_SHELL('',(#357,#358,#359,#360,#361,#362,#363,#364,#365,#366,
#367,#368,#369,#370,#371,#372,#373,#374,#375,#376,#377,#378,#379,#380,#381,
#382));
#384=DERIVED_UNIT_ELEMENT(#386,1.);
#385=DERIVED_UNIT_ELEMENT(#2061,-3.);
#386=(
MASS_UNIT()
NAMED_UNIT(*)
SI_UNIT(.KILO.,.GRAM.)
);
#387=DERIVED_UNIT((#384,#385));
#388=MEASURE_REPRESENTATION_ITEM('density measure',
POSITIVE_RATIO_MEASURE(7850.),#387);
#389=PROPERTY_DEFINITION_REPRESENTATION(#394,#391);
#390=PROPERTY_DEFINITION_REPRESENTATION(#395,#392);
#391=REPRESENTATION('material name',(#393),#2058);
#392=REPRESENTATION('density',(#388),#2058);
#393=DESCRIPTIVE_REPRESENTATION_ITEM('Steel','Steel');
#394=PROPERTY_DEFINITION('material property','material name',#2068);
#395=PROPERTY_DEFINITION('material property','density of part',#2068);
#396=AXIS2_PLACEMENT_3D('',#437,#407,#408);
#397=AXIS2_PLACEMENT_3D('',#1238,#409,#410);
#398=AXIS2_PLACEMENT_3D('',#1257,#413,#414);
#399=AXIS2_PLACEMENT_3D('',#1264,#416,#417);
#400=AXIS2_PLACEMENT_3D('',#1281,#419,#420);
#401=AXIS2_PLACEMENT_3D('',#1288,#422,#423);
#402=AXIS2_PLACEMENT_3D('',#2048,#424,#425);
#403=AXIS2_PLACEMENT_3D('',#2051,#428,#429);
#404=AXIS2_PLACEMENT_3D('',#2053,#431,#432);
#405=AXIS2_PLACEMENT_3D('',#2054,#433,#434);
#406=AXIS2_PLACEMENT_3D('',#2055,#435,#436);
#407=DIRECTION('axis',(0.,0.,1.));
#408=DIRECTION('refdir',(1.,0.,0.));
#409=DIRECTION('center_axis',(0.,0.,1.));
#410=DIRECTION('ref_axis',(-0.707106781186548,0.707106781186548,0.));
#411=DIRECTION('',(0.,0.,1.));
#412=DIRECTION('',(0.,0.,-1.));
#413=DIRECTION('center_axis',(-1.,0.,0.));
#414=DIRECTION('ref_axis',(0.,-1.,0.));
#415=DIRECTION('',(0.,0.,-1.));
#416=DIRECTION('center_axis',(0.,0.,1.));
#417=DIRECTION('ref_axis',(-0.707106781186547,-0.707106781186548,0.));
#418=DIRECTION('',(0.,0.,1.));
#419=DIRECTION('center_axis',(-3.82835525732813E-17,-1.,0.));
#420=DIRECTION('ref_axis',(1.,-3.82835525732813E-17,0.));
#421=DIRECTION('',(0.,0.,-1.));
#422=DIRECTION('center_axis',(0.,0.,1.));
#423=DIRECTION('ref_axis',(1.,0.,0.));
#424=DIRECTION('center_axis',(0.,0.,1.));
#425=DIRECTION('ref_axis',(0.707106781186547,0.707106781186548,0.));
#426=DIRECTION('',(0.,0.,1.));
#427=DIRECTION('',(0.,0.,-1.));
#428=DIRECTION('center_axis',(1.,0.,0.));
#429=DIRECTION('ref_axis',(0.,1.,0.));
#430=DIRECTION('',(0.,0.,1.));
#431=DIRECTION('center_axis',(0.,0.,1.));
#432=DIRECTION('ref_axis',(0.707106781186547,-0.707106781186548,0.));
#433=DIRECTION('center_axis',(0.,0.,1.));
#434=DIRECTION('ref_axis',(1.,0.,0.));
#435=DIRECTION('center_axis',(-3.82835525732813E-17,1.,0.));
#436=DIRECTION('ref_axis',(-1.,-3.82835525732813E-17,0.));
#437=CARTESIAN_POINT('',(0.,0.,0.));
#438=CARTESIAN_POINT('Ctrl Pts',(25.5,-16.5,0.));
#439=CARTESIAN_POINT('Ctrl Pts',(8.47158223115202,-16.5,0.));
#440=CARTESIAN_POINT('Ctrl Pts',(-8.47256153903373,-16.5,0.));
#441=CARTESIAN_POINT('Ctrl Pts',(-25.5,-16.5,0.));
#442=CARTESIAN_POINT('Ctrl Pts',(25.5,-16.506734350297,0.));
#443=CARTESIAN_POINT('Ctrl Pts',(8.47158223115198,-16.506734350297,-4.81984782601064E-21));
#444=CARTESIAN_POINT('Ctrl Pts',(-8.47256153903374,-16.506734350297,9.338927034379E-24));
#445=CARTESIAN_POINT('Ctrl Pts',(-25.5,-16.506734350297,0.));
#446=CARTESIAN_POINT('Ctrl Pts',(25.5,-16.5496818707315,0.0236667762122376));
#447=CARTESIAN_POINT('Ctrl Pts',(8.47158223115206,-16.5496818707315,0.0236667762122376));
#448=CARTESIAN_POINT('Ctrl Pts',(-8.47256153903369,-16.5496818707315,0.0236667762122376));
#449=CARTESIAN_POINT('Ctrl Pts',(-25.5,-16.5496818707315,0.0236667762122376));
#450=CARTESIAN_POINT('Ctrl Pts',(25.5,-16.7857232801885,0.248820393048091));
#451=CARTESIAN_POINT('Ctrl Pts',(8.47158223115197,-16.7857232801885,0.248820393048091));
#452=CARTESIAN_POINT('Ctrl Pts',(-8.47256153903375,-16.7857232801885,0.248820393048091));
#453=CARTESIAN_POINT('Ctrl Pts',(-25.5,-16.7857232801885,0.248820393048091));
#454=CARTESIAN_POINT('Ctrl Pts',(25.5,-16.9375568320649,0.412661477900053));
#455=CARTESIAN_POINT('Ctrl Pts',(8.47158223115204,-16.9375568320649,0.412661477900053));
#456=CARTESIAN_POINT('Ctrl Pts',(-8.47256153903371,-16.9375568320649,0.412661477900053));
#457=CARTESIAN_POINT('Ctrl Pts',(-25.5,-16.9375568320649,0.412661477900053));
#458=CARTESIAN_POINT('Ctrl Pts',(25.5,-16.9923343407215,0.480194310336907));
#459=CARTESIAN_POINT('Ctrl Pts',(8.471582231152,-16.9923343407215,0.480194310336907));
#460=CARTESIAN_POINT('Ctrl Pts',(-8.47256153903375,-16.9923343407215,0.480194310336907));
#461=CARTESIAN_POINT('Ctrl Pts',(-25.5,-16.9923343407215,0.480194310336907));
#462=CARTESIAN_POINT('Ctrl Pts',(25.5,-17.,0.496632824851493));
#463=CARTESIAN_POINT('Ctrl Pts',(8.47158223115202,-17.,0.496632824851493));
#464=CARTESIAN_POINT('Ctrl Pts',(-8.47256153903371,-17.,0.496632824851493));
#465=CARTESIAN_POINT('Ctrl Pts',(-25.5,-17.,0.496632824851493));
#466=CARTESIAN_POINT('Ctrl Pts',(25.5,-17.,0.5));
#467=CARTESIAN_POINT('Ctrl Pts',(8.47158223115202,-17.,0.5));
#468=CARTESIAN_POINT('Ctrl Pts',(-8.47256153903373,-17.,0.5));
#469=CARTESIAN_POINT('Ctrl Pts',(-25.5,-17.,0.5));
#470=CARTESIAN_POINT('',(25.5,-16.5,0.));
#471=CARTESIAN_POINT('',(25.5,-17.,0.5));
#472=CARTESIAN_POINT('Ctrl Pts',(25.5,-16.5,0.));
#473=CARTESIAN_POINT('Ctrl Pts',(25.5,-16.506734350297,0.));
#474=CARTESIAN_POINT('Ctrl Pts',(25.5,-16.5496818707315,0.0236667762122376));
#475=CARTESIAN_POINT('Ctrl Pts',(25.5,-16.7857232801885,0.248820393048091));
#476=CARTESIAN_POINT('Ctrl Pts',(25.5,-16.9375568320649,0.412661477900053));
#477=CARTESIAN_POINT('Ctrl Pts',(25.5,-16.9923343407215,0.480194310336907));
#478=CARTESIAN_POINT('Ctrl Pts',(25.5,-17.,0.496632824851493));
#479=CARTESIAN_POINT('Ctrl Pts',(25.5,-17.,0.5));
#480=CARTESIAN_POINT('',(-25.5,-17.,0.5));
#481=CARTESIAN_POINT('Ctrl Pts',(25.5,-17.,0.5));
#482=CARTESIAN_POINT('Ctrl Pts',(8.47158223115202,-17.,0.5));
#483=CARTESIAN_POINT('Ctrl Pts',(-8.47256153903373,-17.,0.5));
#484=CARTESIAN_POINT('Ctrl Pts',(-25.5,-17.,0.5));
#485=CARTESIAN_POINT('',(-25.5,-16.5,0.));
#486=CARTESIAN_POINT('Ctrl Pts',(-25.5,-17.,0.5));
#487=CARTESIAN_POINT('Ctrl Pts',(-25.5,-17.,0.496632824851493));
#488=CARTESIAN_POINT('Ctrl Pts',(-25.5,-16.9923343407215,0.480194310336907));
#489=CARTESIAN_POINT('Ctrl Pts',(-25.5,-16.9375568320649,0.412661477900053));
#490=CARTESIAN_POINT('Ctrl Pts',(-25.5,-16.7857232801885,0.248820393048091));
#491=CARTESIAN_POINT('Ctrl Pts',(-25.5,-16.5496818707315,0.0236667762122376));
#492=CARTESIAN_POINT('Ctrl Pts',(-25.5,-16.506734350297,0.));
#493=CARTESIAN_POINT('Ctrl Pts',(-25.5,-16.5,0.));
#494=CARTESIAN_POINT('Ctrl Pts',(-25.5,-16.5,0.));
#495=CARTESIAN_POINT('Ctrl Pts',(-8.47256153903373,-16.5,0.));
#496=CARTESIAN_POINT('Ctrl Pts',(8.47158223115202,-16.5,0.));
#497=CARTESIAN_POINT('Ctrl Pts',(25.5,-16.5,0.));
#498=CARTESIAN_POINT('Ctrl Pts',(-28.999999999999,-13.4999974020457,0.5));
#499=CARTESIAN_POINT('Ctrl Pts',(-29.0000000486272,-13.5655098842647,0.5));
#500=CARTESIAN_POINT('Ctrl Pts',(-28.9963072516282,-13.6965055136059,0.5));
#501=CARTESIAN_POINT('Ctrl Pts',(-28.9743285715279,-13.9573036853111,0.5));
#502=CARTESIAN_POINT('Ctrl Pts',(-28.9193610651694,-14.2803239868067,0.5));
#503=CARTESIAN_POINT('Ctrl Pts',(-28.7380505827637,-14.9106387828153,0.5));
#504=CARTESIAN_POINT('Ctrl Pts',(-28.3848684186734,-15.5493520740192,0.5));
#505=CARTESIAN_POINT('Ctrl Pts',(-27.7529845356123,-16.2176857239959,0.5));
#506=CARTESIAN_POINT('Ctrl Pts',(-27.0936943893271,-16.6583474412509,0.5));
#507=CARTESIAN_POINT('Ctrl Pts',(-26.409608174695,-16.8975003722811,0.5));
#508=CARTESIAN_POINT('Ctrl Pts',(-25.9572893794271,-16.9743214531617,0.5));
#509=CARTESIAN_POINT('Ctrl Pts',(-25.6965211607834,-16.9963159435121,0.5));
#510=CARTESIAN_POINT('Ctrl Pts',(-25.5655092455959,-17.,0.5));
#511=CARTESIAN_POINT('Ctrl Pts',(-25.5,-17.,0.5));
#512=CARTESIAN_POINT('Ctrl Pts',(-28.999999999999,-13.4999974020457,0.493265649702985));
#513=CARTESIAN_POINT('Ctrl Pts',(-29.0000000485918,-13.56546220436,0.493265649702985));
#514=CARTESIAN_POINT('Ctrl Pts',(-28.9962662393795,-13.6964207604908,0.493265649702985));
#515=CARTESIAN_POINT('Ctrl Pts',(-28.9742663533241,-13.9570804092859,0.493265649702985));
#516=CARTESIAN_POINT('Ctrl Pts',(-28.9191504775915,-14.2801071050959,0.493265649702985));
#517=CARTESIAN_POINT('Ctrl Pts',(-28.737873534181,-14.9101000889678,0.493265649702985));
#518=CARTESIAN_POINT('Ctrl Pts',(-28.3843513950498,-15.5490141141283,0.493265649702986));
#519=CARTESIAN_POINT('Ctrl Pts',(-27.7525169231504,-16.2173088665104,0.493265649702986));
#520=CARTESIAN_POINT('Ctrl Pts',(-27.0932964088447,-16.6579908179198,0.493265649702985));
#521=CARTESIAN_POINT('Ctrl Pts',(-26.4092682106473,-16.8973358622394,0.493265649702985));
#522=CARTESIAN_POINT('Ctrl Pts',(-25.9570634537148,-16.9742605053177,0.493265649702985));
#523=CARTESIAN_POINT('Ctrl Pts',(-25.6964403845602,-16.9962729665675,0.493265649702985));
#524=CARTESIAN_POINT('Ctrl Pts',(-25.5654615680469,-17.,0.493265649702985));
#525=CARTESIAN_POINT('Ctrl Pts',(-25.5,-17.,0.493265649702985));
#526=CARTESIAN_POINT('Ctrl Pts',(-28.9763367800911,-13.4999974196102,0.450318534014483));
#527=CARTESIAN_POINT('Ctrl Pts',(-28.976336828407,-13.5650892490062,0.450318534014483));
#528=CARTESIAN_POINT('Ctrl Pts',(-28.972688155385,-13.6952165446994,0.450318534014483));
#529=CARTESIAN_POINT('Ctrl Pts',(-28.9508679769251,-13.9543161864654,0.450318534014483));
#530=CARTESIAN_POINT('Ctrl Pts',(-28.8963414065028,-14.2751495866957,0.450318534014483));
#531=CARTESIAN_POINT('Ctrl Pts',(-28.7162410833124,-14.9013531969246,0.450318534014483));
#532=CARTESIAN_POINT('Ctrl Pts',(-28.3656055617833,-15.535654433563,0.450318534014484));
#533=CARTESIAN_POINT('Ctrl Pts',(-27.737970714572,-16.199487702726,0.450318534014484));
#534=CARTESIAN_POINT('Ctrl Pts',(-27.0831054503144,-16.6371606897713,0.450318534014483));
#535=CARTESIAN_POINT('Ctrl Pts',(-26.4036171876971,-16.8746069886676,0.450318534014483));
#536=CARTESIAN_POINT('Ctrl Pts',(-25.9543032150014,-16.9508603132861,0.450318534014483));
#537=CARTESIAN_POINT('Ctrl Pts',(-25.695230228436,-16.9726977062355,0.450318534014483));
#538=CARTESIAN_POINT('Ctrl Pts',(-25.5650886135551,-16.9763367800921,0.450318534014483));
#539=CARTESIAN_POINT('Ctrl Pts',(-25.5,-16.9763367800921,0.450318534014483));
#540=CARTESIAN_POINT('Ctrl Pts',(-28.7511817084736,-13.4999975867367,0.21427751389057));
#541=CARTESIAN_POINT('Ctrl Pts',(-28.7511817536443,-13.5608521901458,0.21427751389057));
#542=CARTESIAN_POINT('Ctrl Pts',(-28.7477510210116,-13.6825348011438,0.21427751389057));
#543=CARTESIAN_POINT('Ctrl Pts',(-28.7273345880761,-13.9247910317087,0.21427751389057));
#544=CARTESIAN_POINT('Ctrl Pts',(-28.6762731091378,-14.224847587918,0.21427751389057));
#545=CARTESIAN_POINT('Ctrl Pts',(-28.5078525356534,-14.8103491024522,0.21427751389057));
#546=CARTESIAN_POINT('Ctrl Pts',(-28.1797746101596,-15.4036579168036,0.214277513890571));
#547=CARTESIAN_POINT('Ctrl Pts',(-27.5928125008502,-16.0244786627535,0.214277513890572));
#548=CARTESIAN_POINT('Ctrl Pts',(-26.9803926921656,-16.4338135510869,0.21427751389057));
#549=CARTESIAN_POINT('Ctrl Pts',(-26.3449394606572,-16.6559670303299,0.21427751389057));
#550=CARTESIAN_POINT('Ctrl Pts',(-25.9247777131212,-16.7273279900112,0.21427751389057));
#551=CARTESIAN_POINT('Ctrl Pts',(-25.6825493805585,-16.7477590729427,0.21427751389057));
#552=CARTESIAN_POINT('Ctrl Pts',(-25.560851596907,-16.7511817084745,0.214277513890569));
#553=CARTESIAN_POINT('Ctrl Pts',(-25.5,-16.7511817084745,0.214277513890569));
#554=CARTESIAN_POINT('Ctrl Pts',(-28.5873422848089,-13.4999977083502,0.0624451890805548));
#555=CARTESIAN_POINT('Ctrl Pts',(-28.5873423276948,-13.5577741981502,0.0624451890805548));
#556=CARTESIAN_POINT('Ctrl Pts',(-28.5840746610633,-13.6733158807719,0.0624451890805549));
#557=CARTESIAN_POINT('Ctrl Pts',(-28.5646820114701,-13.9033307238894,0.062445189080555));
#558=CARTESIAN_POINT('Ctrl Pts',(-28.5161581830897,-14.188267819226,0.0624451890805553));
#559=CARTESIAN_POINT('Ctrl Pts',(-28.3562329954644,-14.7441866152789,0.0624451890805554));
#560=CARTESIAN_POINT('Ctrl Pts',(-28.0446067478203,-15.3076444118468,0.0624451890805561));
#561=CARTESIAN_POINT('Ctrl Pts',(-27.4872357268585,-15.8971703216552,0.0624451890805565));
#562=CARTESIAN_POINT('Ctrl Pts',(-26.9056947594285,-16.2858821123227,0.0624451890805554));
#563=CARTESIAN_POINT('Ctrl Pts',(-26.3022783293288,-16.4968864396284,0.0624451890805552));
#564=CARTESIAN_POINT('Ctrl Pts',(-25.9033174419245,-16.5646760501349,0.0624451890805548));
#565=CARTESIAN_POINT('Ctrl Pts',(-25.6733306778675,-16.5840818367181,0.0624451890805548));
#566=CARTESIAN_POINT('Ctrl Pts',(-25.5577736353711,-16.5873422848097,0.0624451890805546));
#567=CARTESIAN_POINT('Ctrl Pts',(-25.5,-16.5873422848097,0.0624451890805546));
#568=CARTESIAN_POINT('Ctrl Pts',(-28.519807611503,-13.4999977584794,0.00766670057562692));
#569=CARTESIAN_POINT('Ctrl Pts',(-28.5198076534581,-13.556520144981,0.00766670057562692));
#570=CARTESIAN_POINT('Ctrl Pts',(-28.5166198438338,-13.6695419615948,0.00766670057562699));
#571=CARTESIAN_POINT('Ctrl Pts',(-28.49765573441,-13.8945535968382,0.00766670057562702));
#572=CARTESIAN_POINT('Ctrl Pts',(-28.4502236582546,-14.1732564736903,0.0076667005756272));
#573=CARTESIAN_POINT('Ctrl Pts',(-28.2937899342614,-14.7170804535523,0.00766670057562722));
#574=CARTESIAN_POINT('Ctrl Pts',(-27.9890498645866,-15.2681717771793,0.00766670057562757));
#575=CARTESIAN_POINT('Ctrl Pts',(-27.4438610716614,-15.8448099328741,0.00766670057562777));
#576=CARTESIAN_POINT('Ctrl Pts',(-26.8750269118751,-16.2250146380238,0.00766670057562723));
#577=CARTESIAN_POINT('Ctrl Pts',(-26.2847981812827,-16.4313640658036,0.00766670057562712));
#578=CARTESIAN_POINT('Ctrl Pts',(-25.8945411466786,-16.4976496439737,0.00766670057562694));
#579=CARTESIAN_POINT('Ctrl Pts',(-25.6695556226266,-16.5166272638628,0.00766670057562695));
#580=CARTESIAN_POINT('Ctrl Pts',(-25.5565195940313,-16.5198076115039,0.00766670057562682));
#581=CARTESIAN_POINT('Ctrl Pts',(-25.5,-16.5198076115039,0.00766670057562682));
#582=CARTESIAN_POINT('Ctrl Pts',(-28.5033671751477,-13.4999977706827,0.));
#583=CARTESIAN_POINT('Ctrl Pts',(-28.5033672168724,-13.5562098680853,-7.97889450239466E-26));
#584=CARTESIAN_POINT('Ctrl Pts',(-28.5001945517799,-13.6686143731037,1.87608172845137E-17));
#585=CARTESIAN_POINT('Ctrl Pts',(-28.481332543767,-13.8923935336935,2.72365955650547E-17));
#586=CARTESIAN_POINT('Ctrl Pts',(-28.4341507002694,-14.1695794410168,7.53512628084433E-17));
#587=CARTESIAN_POINT('Ctrl Pts',(-28.2785704404816,-14.7104253888716,8.11947272238284E-17));
#588=CARTESIAN_POINT('Ctrl Pts',(-27.9754711121568,-15.2585272806353,1.78586001171637E-16));
#589=CARTESIAN_POINT('Ctrl Pts',(-27.4332530992552,-15.8320240063653,2.35585728409166E-16));
#590=CARTESIAN_POINT('Ctrl Pts',(-26.8675195394904,-16.2101598917022,8.31787889234913E-17));
#591=CARTESIAN_POINT('Ctrl Pts',(-26.2805072591672,-16.41539626677,5.18233564114401E-17));
#592=CARTESIAN_POINT('Ctrl Pts',(-25.892381008498,-16.48132655496,1.64027195623486E-18));
#593=CARTESIAN_POINT('Ctrl Pts',(-25.6686281741149,-16.5002018255164,4.26368195302605E-18));
#594=CARTESIAN_POINT('Ctrl Pts',(-25.556209320262,-16.5033671751485,-2.9906523022548E-17));
#595=CARTESIAN_POINT('Ctrl Pts',(-25.5,-16.5033671751485,-2.9906523022548E-17));
#596=CARTESIAN_POINT('Ctrl Pts',(-28.4999999999992,-13.499997773182,0.));
#597=CARTESIAN_POINT('Ctrl Pts',(-28.5000000416804,-13.5561513293698,0.));
#598=CARTESIAN_POINT('Ctrl Pts',(-28.4968347871099,-13.6684332973765,0.));
#599=CARTESIAN_POINT('Ctrl Pts',(-28.4779959184525,-13.8919745874095,0.));
#600=CARTESIAN_POINT('Ctrl Pts',(-28.4308809130024,-14.1688491315486,0.));
#601=CARTESIAN_POINT('Ctrl Pts',(-28.2754719280832,-14.7091189566989,0.));
#602=CARTESIAN_POINT('Ctrl Pts',(-27.972744358863,-15.2565874920165,0.));
#603=CARTESIAN_POINT('Ctrl Pts',(-27.4311296019535,-15.8294449062822,0.));
#604=CARTESIAN_POINT('Ctrl Pts',(-26.8660237622804,-16.2071549496437,0.));
#605=CARTESIAN_POINT('Ctrl Pts',(-26.2796641497386,-16.4121431762409,0.));
#606=CARTESIAN_POINT('Ctrl Pts',(-25.8919623252232,-16.4779898169958,0.));
#607=CARTESIAN_POINT('Ctrl Pts',(-25.6684467092429,-16.4968422372961,0.));
#608=CARTESIAN_POINT('Ctrl Pts',(-25.5561507819394,-16.5,0.));
#609=CARTESIAN_POINT('Ctrl Pts',(-25.5,-16.5,0.));
#610=CARTESIAN_POINT('',(-29.,-13.5,0.5));
#611=CARTESIAN_POINT('',(-28.5,-13.5,0.));
#612=CARTESIAN_POINT('Ctrl Pts',(-28.999999999999,-13.4999974020457,0.5));
#613=CARTESIAN_POINT('Ctrl Pts',(-28.999999999999,-13.4999974020457,0.493265649702985));
#614=CARTESIAN_POINT('Ctrl Pts',(-28.9763367800911,-13.4999974196102,0.450318534014483));
#615=CARTESIAN_POINT('Ctrl Pts',(-28.7511817084736,-13.4999975867367,0.21427751389057));
#616=CARTESIAN_POINT('Ctrl Pts',(-28.5873422848089,-13.4999977083502,0.0624451890805548));
#617=CARTESIAN_POINT('Ctrl Pts',(-28.519807611503,-13.4999977584794,0.00766670057562692));
#618=CARTESIAN_POINT('Ctrl Pts',(-28.5033671751477,-13.4999977706827,0.));
#619=CARTESIAN_POINT('Ctrl Pts',(-28.4999999999992,-13.499997773182,0.));
#620=CARTESIAN_POINT('Ctrl Pts',(-28.4999999999992,-13.5000022268169,0.));
#621=CARTESIAN_POINT('Ctrl Pts',(-28.4999999579987,-13.5561542977949,0.));
#622=CARTESIAN_POINT('Ctrl Pts',(-28.496834662598,-13.6684347748301,0.));
#623=CARTESIAN_POINT('Ctrl Pts',(-28.4779959184525,-13.8919745874095,0.));
#624=CARTESIAN_POINT('Ctrl Pts',(-28.4308809130024,-14.1688491315486,0.));
#625=CARTESIAN_POINT('Ctrl Pts',(-28.2754719280832,-14.7091189566989,0.));
#626=CARTESIAN_POINT('Ctrl Pts',(-27.972744358863,-15.2565874920165,0.));
#627=CARTESIAN_POINT('Ctrl Pts',(-27.4311296019535,-15.8294449062822,0.));
#628=CARTESIAN_POINT('Ctrl Pts',(-26.8660237622804,-16.2071549496437,0.));
#629=CARTESIAN_POINT('Ctrl Pts',(-26.2796641497386,-16.4121431762409,0.));
#630=CARTESIAN_POINT('Ctrl Pts',(-25.8919623252232,-16.4779898169958,0.));
#631=CARTESIAN_POINT('Ctrl Pts',(-25.6684467092429,-16.4968422372961,0.));
#632=CARTESIAN_POINT('Ctrl Pts',(-25.5561507819394,-16.5,0.));
#633=CARTESIAN_POINT('Ctrl Pts',(-25.5,-16.5,0.));
#634=CARTESIAN_POINT('Ctrl Pts',(-25.5,-17.,0.5));
#635=CARTESIAN_POINT('Ctrl Pts',(-25.5655092455959,-17.,0.5));
#636=CARTESIAN_POINT('Ctrl Pts',(-25.6965211607834,-16.9963159435121,0.5));
#637=CARTESIAN_POINT('Ctrl Pts',(-25.9572893794271,-16.9743214531617,0.5));
#638=CARTESIAN_POINT('Ctrl Pts',(-26.409608174695,-16.8975003722811,0.5));
#639=CARTESIAN_POINT('Ctrl Pts',(-27.0936943893271,-16.6583474412509,0.5));
#640=CARTESIAN_POINT('Ctrl Pts',(-27.7529845356123,-16.2176857239959,0.5));
#641=CARTESIAN_POINT('Ctrl Pts',(-28.3848684186734,-15.5493520740192,0.5));
#642=CARTESIAN_POINT('Ctrl Pts',(-28.7380505827637,-14.9106387828153,0.5));
#643=CARTESIAN_POINT('Ctrl Pts',(-28.9193610651694,-14.2803239868067,0.5));
#644=CARTESIAN_POINT('Ctrl Pts',(-28.9743285715279,-13.9573036853111,0.5));
#645=CARTESIAN_POINT('Ctrl Pts',(-28.9963071063643,-13.6965072373018,0.5));
#646=CARTESIAN_POINT('Ctrl Pts',(-28.9999999509985,-13.5655133474273,0.5));
#647=CARTESIAN_POINT('Ctrl Pts',(-28.999999999999,-13.5000025979531,0.5));
#648=CARTESIAN_POINT('Ctrl Pts',(-28.5,-13.5,0.));
#649=CARTESIAN_POINT('Ctrl Pts',(-28.5,-4.4850371287866,0.));
#650=CARTESIAN_POINT('Ctrl Pts',(-28.5,4.48503712889702,0.));
#651=CARTESIAN_POINT('Ctrl Pts',(-28.5,13.5,0.));
#652=CARTESIAN_POINT('Ctrl Pts',(-28.506734350297,-13.5,0.));
#653=CARTESIAN_POINT('Ctrl Pts',(-28.506734350297,-4.48503712878659,3.07722519892788E-22));
#654=CARTESIAN_POINT('Ctrl Pts',(-28.506734350297,4.485037128897,0.));
#655=CARTESIAN_POINT('Ctrl Pts',(-28.506734350297,13.5,0.));
#656=CARTESIAN_POINT('Ctrl Pts',(-28.5496818707315,-13.5,0.0236667762122376));
#657=CARTESIAN_POINT('Ctrl Pts',(-28.5496818707315,-4.48503712878662,0.0236667762122376));
#658=CARTESIAN_POINT('Ctrl Pts',(-28.5496818707315,4.48503712889704,0.0236667762122376));
#659=CARTESIAN_POINT('Ctrl Pts',(-28.5496818707315,13.5,0.0236667762122376));
#660=CARTESIAN_POINT('Ctrl Pts',(-28.7857232801885,-13.5,0.248820393048091));
#661=CARTESIAN_POINT('Ctrl Pts',(-28.7857232801885,-4.48503712878657,0.248820393048091));
#662=CARTESIAN_POINT('Ctrl Pts',(-28.7857232801885,4.485037128897,0.248820393048091));
#663=CARTESIAN_POINT('Ctrl Pts',(-28.7857232801885,13.5,0.248820393048091));
#664=CARTESIAN_POINT('Ctrl Pts',(-28.9375568320649,-13.5,0.412661477900053));
#665=CARTESIAN_POINT('Ctrl Pts',(-28.9375568320649,-4.48503712878661,0.412661477900053));
#666=CARTESIAN_POINT('Ctrl Pts',(-28.9375568320649,4.48503712889702,0.412661477900053));
#667=CARTESIAN_POINT('Ctrl Pts',(-28.9375568320649,13.5,0.412661477900053));
#668=CARTESIAN_POINT('Ctrl Pts',(-28.9923343407215,-13.5,0.480194310336907));
#669=CARTESIAN_POINT('Ctrl Pts',(-28.9923343407215,-4.48503712878658,0.480194310336907));
#670=CARTESIAN_POINT('Ctrl Pts',(-28.9923343407215,4.48503712889703,0.480194310336907));
#671=CARTESIAN_POINT('Ctrl Pts',(-28.9923343407215,13.5,0.480194310336907));
#672=CARTESIAN_POINT('Ctrl Pts',(-29.,-13.5,0.496632824851493));
#673=CARTESIAN_POINT('Ctrl Pts',(-29.,-4.48503712878661,0.496632824851493));
#674=CARTESIAN_POINT('Ctrl Pts',(-29.,4.485037128897,0.496632824851493));
#675=CARTESIAN_POINT('Ctrl Pts',(-29.,13.5,0.496632824851493));
#676=CARTESIAN_POINT('Ctrl Pts',(-29.,-13.5,0.5));
#677=CARTESIAN_POINT('Ctrl Pts',(-29.,-4.4850371287866,0.5));
#678=CARTESIAN_POINT('Ctrl Pts',(-29.,4.48503712889702,0.5));
#679=CARTESIAN_POINT('Ctrl Pts',(-29.,13.5,0.5));
#680=CARTESIAN_POINT('',(-29.,13.5,0.5));
#681=CARTESIAN_POINT('',(-28.5,13.5,0.));
#682=CARTESIAN_POINT('Ctrl Pts',(-29.,13.5,0.5));
#683=CARTESIAN_POINT('Ctrl Pts',(-29.,13.5,0.496632824851493));
#684=CARTESIAN_POINT('Ctrl Pts',(-28.9923343407215,13.5,0.480194310336907));
#685=CARTESIAN_POINT('Ctrl Pts',(-28.9375568320649,13.5,0.412661477900053));
#686=CARTESIAN_POINT('Ctrl Pts',(-28.7857232801885,13.5,0.248820393048091));
#687=CARTESIAN_POINT('Ctrl Pts',(-28.5496818707315,13.5,0.0236667762122376));
#688=CARTESIAN_POINT('Ctrl Pts',(-28.506734350297,13.5,0.));
#689=CARTESIAN_POINT('Ctrl Pts',(-28.5,13.5,0.));
#690=CARTESIAN_POINT('Ctrl Pts',(-28.5,13.5,0.));
#691=CARTESIAN_POINT('Ctrl Pts',(-28.5,4.48503712889702,0.));
#692=CARTESIAN_POINT('Ctrl Pts',(-28.5,-4.4850371287866,0.));
#693=CARTESIAN_POINT('Ctrl Pts',(-28.5,-13.5,0.));
#694=CARTESIAN_POINT('Ctrl Pts',(-29.,-13.5,0.5));
#695=CARTESIAN_POINT('Ctrl Pts',(-29.,-4.4850371287866,0.5));
#696=CARTESIAN_POINT('Ctrl Pts',(-29.,4.48503712889702,0.5));
#697=CARTESIAN_POINT('Ctrl Pts',(-29.,13.5,0.5));
#698=CARTESIAN_POINT('Ctrl Pts',(-25.4999974977004,16.9999999999991,0.5));
#699=CARTESIAN_POINT('Ctrl Pts',(-25.5655067429556,17.0000000468345,0.5));
#700=CARTESIAN_POINT('Ctrl Pts',(-25.6965031379693,16.9963087955139,0.5));
#701=CARTESIAN_POINT('Ctrl Pts',(-25.9573042318075,16.9743294299149,0.5));
#702=CARTESIAN_POINT('Ctrl Pts',(-26.2803421060746,16.9193698004561,0.5));
#703=CARTESIAN_POINT('Ctrl Pts',(-26.9106273982304,16.7380495042734,0.5));
#704=CARTESIAN_POINT('Ctrl Pts',(-27.6075420651642,16.3528178542935,0.5));
#705=CARTESIAN_POINT('Ctrl Pts',(-28.2594948180114,15.7005205337372,0.5));
#706=CARTESIAN_POINT('Ctrl Pts',(-28.6800046044892,15.0314473387888,0.5));
#707=CARTESIAN_POINT('Ctrl Pts',(-28.8975157536081,14.4096210649039,0.5));
#708=CARTESIAN_POINT('Ctrl Pts',(-28.974314013418,13.9572841792475,0.5));
#709=CARTESIAN_POINT('Ctrl Pts',(-28.9963165920388,13.6965269329379,0.5));
#710=CARTESIAN_POINT('Ctrl Pts',(-29.,13.5655124803334,0.5));
#711=CARTESIAN_POINT('Ctrl Pts',(-29.,13.5,0.5));
#712=CARTESIAN_POINT('Ctrl Pts',(-25.4999974977004,16.9999999999991,0.493265649702987));
#713=CARTESIAN_POINT('Ctrl Pts',(-25.5654590654068,17.0000000468004,0.493265649702987));
#714=CARTESIAN_POINT('Ctrl Pts',(-25.6964173847599,16.9962685026855,0.493265649702987));
#715=CARTESIAN_POINT('Ctrl Pts',(-25.9570801807384,16.9742674010253,0.493265649702987));
#716=CARTESIAN_POINT('Ctrl Pts',(-26.2801180820369,16.9191646563562,0.493265649702987));
#717=CARTESIAN_POINT('Ctrl Pts',(-26.9100886367989,16.7378696664256,0.493265649702987));
#718=CARTESIAN_POINT('Ctrl Pts',(-27.6071743328342,16.3523121892353,0.493265649702986));
#719=CARTESIAN_POINT('Ctrl Pts',(-28.259208102674,15.6999578511951,0.493265649702986));
#720=CARTESIAN_POINT('Ctrl Pts',(-28.6796420036891,15.0310892365914,0.493265649702986));
#721=CARTESIAN_POINT('Ctrl Pts',(-28.8973612973333,14.4092703774887,0.493265649702986));
#722=CARTESIAN_POINT('Ctrl Pts',(-28.9742517611803,13.957060646663,0.493265649702985));
#723=CARTESIAN_POINT('Ctrl Pts',(-28.9962748011895,13.6964450437752,0.493265649702985));
#724=CARTESIAN_POINT('Ctrl Pts',(-29.,13.56546480043,0.493265649702985));
#725=CARTESIAN_POINT('Ctrl Pts',(-29.,13.5,0.493265649702985));
#726=CARTESIAN_POINT('Ctrl Pts',(-25.4999975146182,16.9763367800912,0.450318534014489));
#727=CARTESIAN_POINT('Ctrl Pts',(-25.5650861278348,16.9763368266258,0.450318534014489));
#728=CARTESIAN_POINT('Ctrl Pts',(-25.6952146522796,16.9726893527832,0.450318534014489));
#729=CARTESIAN_POINT('Ctrl Pts',(-25.9543170912989,16.9508687410778,0.450318534014488));
#730=CARTESIAN_POINT('Ctrl Pts',(-26.2751709197228,16.8963475400202,0.450318534014488));
#731=CARTESIAN_POINT('Ctrl Pts',(-26.9013419208792,16.7162413150112,0.450318534014488));
#732=CARTESIAN_POINT('Ctrl Pts',(-27.5934649138801,16.3337663829891,0.450318534014486));
#733=CARTESIAN_POINT('Ctrl Pts',(-28.2409720223786,15.6859058259322,0.450318534014486));
#734=CARTESIAN_POINT('Ctrl Pts',(-28.6586742228059,15.0212606195023,0.450318534014485));
#735=CARTESIAN_POINT('Ctrl Pts',(-28.8746175697737,14.4036349997635,0.450318534014484));
#736=CARTESIAN_POINT('Ctrl Pts',(-28.950853533139,13.9542969321226,0.450318534014484));
#737=CARTESIAN_POINT('Ctrl Pts',(-28.9726977963391,13.6952364814321,0.450318534014483));
#738=CARTESIAN_POINT('Ctrl Pts',(-28.9763367800921,13.5650918275224,0.450318534014483));
#739=CARTESIAN_POINT('Ctrl Pts',(-28.9763367800921,13.5,0.450318534014483));
#740=CARTESIAN_POINT('Ctrl Pts',(-25.4999976755912,16.7511817084739,0.214277513890583));
#741=CARTESIAN_POINT('Ctrl Pts',(-25.5608492721818,16.7511817519794,0.214277513890583));
#742=CARTESIAN_POINT('Ctrl Pts',(-25.682532583175,16.7477524632112,0.214277513890583));
#743=CARTESIAN_POINT('Ctrl Pts',(-25.9247915306603,16.7273353875634,0.214277513890583));
#744=CARTESIAN_POINT('Ctrl Pts',(-26.2248643389526,16.6762812844859,0.214277513890581));
#745=CARTESIAN_POINT('Ctrl Pts',(-26.81033852645,16.5078515025462,0.21427751389058));
#746=CARTESIAN_POINT('Ctrl Pts',(-27.4577107927886,16.1500026779552,0.214277513890578));
#747=CARTESIAN_POINT('Ctrl Pts',(-28.063316520106,15.5440771477801,0.214277513890575));
#748=CARTESIAN_POINT('Ctrl Pts',(-28.4539310191725,14.9225712903152,0.214277513890573));
#749=CARTESIAN_POINT('Ctrl Pts',(-28.6559814309598,14.3449513142021,0.214277513890571));
#750=CARTESIAN_POINT('Ctrl Pts',(-28.7273210645341,13.9247729094717,0.21427751389057));
#751=CARTESIAN_POINT('Ctrl Pts',(-28.7477596886699,13.682554729881,0.21427751389057));
#752=CARTESIAN_POINT('Ctrl Pts',(-28.7511817084745,13.5608546016575,0.21427751389057));
#753=CARTESIAN_POINT('Ctrl Pts',(-28.7511817084745,13.5,0.21427751389057));
#754=CARTESIAN_POINT('Ctrl Pts',(-25.499997792727,16.5873422848094,0.0624451890805661));
#755=CARTESIAN_POINT('Ctrl Pts',(-25.5577714277977,16.5873423261142,0.0624451890805661));
#756=CARTESIAN_POINT('Ctrl Pts',(-25.6733135350706,16.5840762028732,0.0624451890805658));
#757=CARTESIAN_POINT('Ctrl Pts',(-25.9033310120881,16.5646828160057,0.0624451890805655));
#758=CARTESIAN_POINT('Ctrl Pts',(-26.1882820156552,16.5161672500647,0.0624451890805645));
#759=CARTESIAN_POINT('Ctrl Pts',(-26.7441765560565,16.3562313464414,0.0624451890805637));
#760=CARTESIAN_POINT('Ctrl Pts',(-27.3589662276733,16.0163378567919,0.0624451890805614));
#761=CARTESIAN_POINT('Ctrl Pts',(-27.9340725789189,15.4409335662169,0.0624451890805592));
#762=CARTESIAN_POINT('Ctrl Pts',(-28.3049843531086,14.8507967482676,0.0624451890805578));
#763=CARTESIAN_POINT('Ctrl Pts',(-28.4969025222496,14.3022870174775,0.0624451890805562));
#764=CARTESIAN_POINT('Ctrl Pts',(-28.5646691612804,13.9033134534596,0.0624451890805555));
#765=CARTESIAN_POINT('Ctrl Pts',(-28.5840827054646,13.6733354910885,0.0624451890805553));
#766=CARTESIAN_POINT('Ctrl Pts',(-28.5873422848098,13.557776488137,0.0624451890805551));
#767=CARTESIAN_POINT('Ctrl Pts',(-28.5873422848098,13.5,0.0624451890805551));
#768=CARTESIAN_POINT('Ctrl Pts',(-25.4999978410104,16.5198076115036,0.00766670057563263));
#769=CARTESIAN_POINT('Ctrl Pts',(-25.5565174347478,16.5198076519118,0.00766670057563262));
#770=CARTESIAN_POINT('Ctrl Pts',(-25.6695398714999,16.5166212049571,0.00766670057563248));
#771=CARTESIAN_POINT('Ctrl Pts',(-25.8945540370551,16.4976564826744,0.00766670057563234));
#772=CARTESIAN_POINT('Ctrl Pts',(-26.1732718185798,16.4502314149227,0.00766670057563182));
#773=CARTESIAN_POINT('Ctrl Pts',(-26.7170706281781,16.2937888910891,0.00766670057563141));
#774=CARTESIAN_POINT('Ctrl Pts',(-27.3183770256791,15.9613970266725,0.00766670057563026));
#775=CARTESIAN_POINT('Ctrl Pts',(-27.880886550646,15.3985911771946,0.00766670057562914));
#776=CARTESIAN_POINT('Ctrl Pts',(-28.2437002441544,14.8213216318484,0.00766670057562844));
#777=CARTESIAN_POINT('Ctrl Pts',(-28.4313777428832,14.284808869903,0.00766670057562765));
#778=CARTESIAN_POINT('Ctrl Pts',(-28.4976431722666,13.8945367566026,0.00766670057562727));
#779=CARTESIAN_POINT('Ctrl Pts',(-28.5166278713154,13.6695605579062,0.0076667005756272));
#780=CARTESIAN_POINT('Ctrl Pts',(-28.5198076115039,13.5565223848747,0.00766670057562707));
#781=CARTESIAN_POINT('Ctrl Pts',(-28.5198076115039,13.5,0.00766670057562707));
#782=CARTESIAN_POINT('Ctrl Pts',(-25.4999978527644,16.5033671751482,1.5999989817067E-15));
#783=CARTESIAN_POINT('Ctrl Pts',(-25.5562071727341,16.5033672153347,1.59721090414194E-15));
#784=CARTESIAN_POINT('Ctrl Pts',(-25.668612240483,16.5001959442694,1.55929785714022E-15));
#785=CARTESIAN_POINT('Ctrl Pts',(-25.8923939297392,16.4813332981616,1.51982842980362E-15));
#786=CARTESIAN_POINT('Ctrl Pts',(-26.1695943173973,16.4341587081099,1.37033432382265E-15));
#787=CARTESIAN_POINT('Ctrl Pts',(-26.710415613346,16.2785692526483,1.25575740346381E-15));
#788=CARTESIAN_POINT('Ctrl Pts',(-27.3084575970033,15.9479694340426,9.31063185607371E-16));
#789=CARTESIAN_POINT('Ctrl Pts',(-27.8679090744418,15.3882245389065,6.13600141928795E-16));
#790=CARTESIAN_POINT('Ctrl Pts',(-28.2287434474744,14.8141087911678,4.17833113394828E-16));
#791=CARTESIAN_POINT('Ctrl Pts',(-28.4154104112827,14.2805173116114,1.9209083904711E-16));
#792=CARTESIAN_POINT('Ctrl Pts',(-28.4813200481799,13.8923767713111,8.52971193702325E-17));
#793=CARTESIAN_POINT('Ctrl Pts',(-28.500202493592,13.6686330225389,6.57067527052918E-17));
#794=CARTESIAN_POINT('Ctrl Pts',(-28.5033671751485,13.5562120957846,2.9627176429945E-17));
#795=CARTESIAN_POINT('Ctrl Pts',(-28.5033671751485,13.5,2.99065230225482E-17));
#796=CARTESIAN_POINT('Ctrl Pts',(-25.4999978551717,16.4999999999997,0.));
#797=CARTESIAN_POINT('Ctrl Pts',(-25.5561486368191,16.5000000401443,0.));
#798=CARTESIAN_POINT('Ctrl Pts',(-25.6684312611165,16.496836110441,0.));
#799=CARTESIAN_POINT('Ctrl Pts',(-25.891975055835,16.4779966542132,0.));
#800=CARTESIAN_POINT('Ctrl Pts',(-26.1688646623496,16.4308884003913,0.));
#801=CARTESIAN_POINT('Ctrl Pts',(-26.7091091984832,16.2754710036633,0.));
#802=CARTESIAN_POINT('Ctrl Pts',(-27.3064646272836,15.9452724465375,0.));
#803=CARTESIAN_POINT('Ctrl Pts',(-27.8652812725812,15.3861604574892,0.));
#804=CARTESIAN_POINT('Ctrl Pts',(-28.2257182324193,14.8126691475333,0.));
#805=CARTESIAN_POINT('Ctrl Pts',(-28.4121563602355,14.2796751984891,0.));
#806=CARTESIAN_POINT('Ctrl Pts',(-28.4779834400725,13.8919578679265,0.));
#807=CARTESIAN_POINT('Ctrl Pts',(-28.4968427931762,13.6684516568039,0.));
#808=CARTESIAN_POINT('Ctrl Pts',(-28.5,13.5561535545715,0.));
#809=CARTESIAN_POINT('Ctrl Pts',(-28.5,13.5,0.));
#810=CARTESIAN_POINT('',(-25.5,17.,0.5));
#811=CARTESIAN_POINT('',(-25.4999999999999,16.5000000000005,0.));
#812=CARTESIAN_POINT('Ctrl Pts',(-25.4999974977004,16.9999999999991,0.5));
#813=CARTESIAN_POINT('Ctrl Pts',(-25.4999974977004,16.9999999999991,0.493265649702987));
#814=CARTESIAN_POINT('Ctrl Pts',(-25.4999975146182,16.9763367800912,0.450318534014489));
#815=CARTESIAN_POINT('Ctrl Pts',(-25.4999976755912,16.7511817084739,0.214277513890583));
#816=CARTESIAN_POINT('Ctrl Pts',(-25.499997792727,16.5873422848094,0.0624451890805661));
#817=CARTESIAN_POINT('Ctrl Pts',(-25.4999978410104,16.5198076115036,0.00766670057563263));
#818=CARTESIAN_POINT('Ctrl Pts',(-25.4999978527644,16.5033671751482,1.5999989817067E-15));
#819=CARTESIAN_POINT('Ctrl Pts',(-25.4999978551717,16.4999999999997,0.));
#820=CARTESIAN_POINT('Ctrl Pts',(-25.5000021448271,16.4999999999997,0.));
#821=CARTESIAN_POINT('Ctrl Pts',(-25.556151496107,16.4999999595735,0.));
#822=CARTESIAN_POINT('Ctrl Pts',(-25.6684326842576,16.4968359905038,0.));
#823=CARTESIAN_POINT('Ctrl Pts',(-25.891975055835,16.4779966542132,0.));
#824=CARTESIAN_POINT('Ctrl Pts',(-26.1688646623496,16.4308884003913,0.));
#825=CARTESIAN_POINT('Ctrl Pts',(-26.7091091984832,16.2754710036633,0.));
#826=CARTESIAN_POINT('Ctrl Pts',(-27.3064646272836,15.9452724465375,0.));
#827=CARTESIAN_POINT('Ctrl Pts',(-27.8652812725812,15.3861604574892,0.));
#828=CARTESIAN_POINT('Ctrl Pts',(-28.2257182324193,14.8126691475333,0.));
#829=CARTESIAN_POINT('Ctrl Pts',(-28.4121563602355,14.2796751984891,0.));
#830=CARTESIAN_POINT('Ctrl Pts',(-28.4779834400725,13.8919578679265,0.));
#831=CARTESIAN_POINT('Ctrl Pts',(-28.4968427931762,13.6684516568039,0.));
#832=CARTESIAN_POINT('Ctrl Pts',(-28.5,13.5561535545715,0.));
#833=CARTESIAN_POINT('Ctrl Pts',(-28.5,13.5,0.));
#834=CARTESIAN_POINT('Ctrl Pts',(-29.,13.5,0.5));
#835=CARTESIAN_POINT('Ctrl Pts',(-29.,13.5655124803334,0.5));
#836=CARTESIAN_POINT('Ctrl Pts',(-28.9963165920388,13.6965269329379,0.5));
#837=CARTESIAN_POINT('Ctrl Pts',(-28.974314013418,13.9572841792475,0.5));
#838=CARTESIAN_POINT('Ctrl Pts',(-28.8975157536081,14.4096210649039,0.5));
#839=CARTESIAN_POINT('Ctrl Pts',(-28.6800046044892,15.0314473387888,0.5));
#840=CARTESIAN_POINT('Ctrl Pts',(-28.2594948180114,15.7005205337372,0.5));
#841=CARTESIAN_POINT('Ctrl Pts',(-27.6075420651642,16.3528178542935,0.5));
#842=CARTESIAN_POINT('Ctrl Pts',(-26.9106273982304,16.7380495042734,0.5));
#843=CARTESIAN_POINT('Ctrl Pts',(-26.2803421060746,16.9193698004561,0.5));
#844=CARTESIAN_POINT('Ctrl Pts',(-25.9573042318075,16.9743294299149,0.5));
#845=CARTESIAN_POINT('Ctrl Pts',(-25.6965047983006,16.9963086555873,0.5));
#846=CARTESIAN_POINT('Ctrl Pts',(-25.5655100787916,16.9999999528352,0.5));
#847=CARTESIAN_POINT('Ctrl Pts',(-25.5000025022984,16.9999999999991,0.5));
#848=CARTESIAN_POINT('Ctrl Pts',(-25.4999999999999,16.5,0.));
#849=CARTESIAN_POINT('Ctrl Pts',(-8.47256756934789,16.5,0.));
#850=CARTESIAN_POINT('Ctrl Pts',(8.47256756940834,16.5,0.));
#851=CARTESIAN_POINT('Ctrl Pts',(25.5,16.5,0.));
#852=CARTESIAN_POINT('Ctrl Pts',(-25.4999999999999,16.506734350297,1.79439138135291E-16));
#853=CARTESIAN_POINT('Ctrl Pts',(-8.47256756934789,16.506734350297,1.79439138135291E-16));
#854=CARTESIAN_POINT('Ctrl Pts',(8.47256756940834,16.506734350297,-6.16671323110721E-22));
#855=CARTESIAN_POINT('Ctrl Pts',(25.5,16.506734350297,0.));
#856=CARTESIAN_POINT('Ctrl Pts',(-25.4999999999999,16.5496818707316,0.0236667762122384));
#857=CARTESIAN_POINT('Ctrl Pts',(-8.4725675693479,16.5496818707316,0.0236667762122384));
#858=CARTESIAN_POINT('Ctrl Pts',(8.47256756940837,16.5496818707315,0.0236667762122376));
#859=CARTESIAN_POINT('Ctrl Pts',(25.5,16.5496818707315,0.0236667762122376));
#860=CARTESIAN_POINT('Ctrl Pts',(-25.4999999999999,16.7857232801885,0.248820393048092));
#861=CARTESIAN_POINT('Ctrl Pts',(-8.4725675693479,16.7857232801885,0.248820393048092));
#862=CARTESIAN_POINT('Ctrl Pts',(8.47256756940831,16.7857232801885,0.248820393048091));
#863=CARTESIAN_POINT('Ctrl Pts',(25.5,16.7857232801885,0.248820393048091));
#864=CARTESIAN_POINT('Ctrl Pts',(-25.4999999999999,16.9375568320649,0.412661477900054));
#865=CARTESIAN_POINT('Ctrl Pts',(-8.47256756934788,16.9375568320649,0.412661477900054));
#866=CARTESIAN_POINT('Ctrl Pts',(8.47256756940835,16.9375568320649,0.412661477900054));
#867=CARTESIAN_POINT('Ctrl Pts',(25.5,16.9375568320649,0.412661477900054));
#868=CARTESIAN_POINT('Ctrl Pts',(-25.4999999999999,16.9923343407215,0.480194310336907));
#869=CARTESIAN_POINT('Ctrl Pts',(-8.47256756934791,16.9923343407215,0.480194310336907));
#870=CARTESIAN_POINT('Ctrl Pts',(8.47256756940834,16.9923343407215,0.480194310336907));
#871=CARTESIAN_POINT('Ctrl Pts',(25.5,16.9923343407215,0.480194310336907));
#872=CARTESIAN_POINT('Ctrl Pts',(-25.4999999999999,17.,0.496632824851493));
#873=CARTESIAN_POINT('Ctrl Pts',(-8.47256756934789,17.,0.496632824851493));
#874=CARTESIAN_POINT('Ctrl Pts',(8.47256756940835,17.,0.496632824851493));
#875=CARTESIAN_POINT('Ctrl Pts',(25.5,17.,0.496632824851493));
#876=CARTESIAN_POINT('Ctrl Pts',(-25.4999999999999,17.,0.5));
#877=CARTESIAN_POINT('Ctrl Pts',(-8.47256756934789,17.,0.5));
#878=CARTESIAN_POINT('Ctrl Pts',(8.47256756940834,17.,0.5));
#879=CARTESIAN_POINT('Ctrl Pts',(25.5,17.,0.5));
#880=CARTESIAN_POINT('',(25.5,17.,0.5));
#881=CARTESIAN_POINT('',(25.5,16.5,0.));
#882=CARTESIAN_POINT('Ctrl Pts',(25.5,17.,0.5));
#883=CARTESIAN_POINT('Ctrl Pts',(25.5,17.,0.496632824851493));
#884=CARTESIAN_POINT('Ctrl Pts',(25.5,16.9923343407215,0.480194310336907));
#885=CARTESIAN_POINT('Ctrl Pts',(25.5,16.9375568320649,0.412661477900054));
#886=CARTESIAN_POINT('Ctrl Pts',(25.5,16.7857232801885,0.248820393048091));
#887=CARTESIAN_POINT('Ctrl Pts',(25.5,16.5496818707315,0.0236667762122376));
#888=CARTESIAN_POINT('Ctrl Pts',(25.5,16.506734350297,0.));
#889=CARTESIAN_POINT('Ctrl Pts',(25.5,16.5,0.));
#890=CARTESIAN_POINT('Ctrl Pts',(25.5,16.5,0.));
#891=CARTESIAN_POINT('Ctrl Pts',(8.47256756940834,16.5,0.));
#892=CARTESIAN_POINT('Ctrl Pts',(-8.47256756934789,16.5,0.));
#893=CARTESIAN_POINT('Ctrl Pts',(-25.4999999999999,16.5,0.));
#894=CARTESIAN_POINT('Ctrl Pts',(-25.4999999999999,17.,0.5));
#895=CARTESIAN_POINT('Ctrl Pts',(-8.47256756934789,17.,0.5));
#896=CARTESIAN_POINT('Ctrl Pts',(8.47256756940834,17.,0.5));
#897=CARTESIAN_POINT('Ctrl Pts',(25.5,17.,0.5));
#898=CARTESIAN_POINT('Ctrl Pts',(28.999999999999,13.4999974020457,0.5));
#899=CARTESIAN_POINT('Ctrl Pts',(29.0000000486272,13.5655098842605,0.5));
#900=CARTESIAN_POINT('Ctrl Pts',(28.996308465455,13.6965078882021,0.5));
#901=CARTESIAN_POINT('Ctrl Pts',(28.9743293150357,13.9573039873169,0.5));
#902=CARTESIAN_POINT('Ctrl Pts',(28.9193698714399,14.2803422214853,0.5));
#903=CARTESIAN_POINT('Ctrl Pts',(28.7380492528784,14.9106274460438,0.5));
#904=CARTESIAN_POINT('Ctrl Pts',(28.3528179779337,15.6075418462768,0.5));
#905=CARTESIAN_POINT('Ctrl Pts',(27.7005203215149,16.2594948303601,0.5));
#906=CARTESIAN_POINT('Ctrl Pts',(27.031446621228,16.6800048591245,0.5));
#907=CARTESIAN_POINT('Ctrl Pts',(26.4096207565905,16.897515620913,0.5));
#908=CARTESIAN_POINT('Ctrl Pts',(25.9572843532555,16.9743140943457,0.5));
#909=CARTESIAN_POINT('Ctrl Pts',(25.6965221322706,16.9963169197727,0.5));
#910=CARTESIAN_POINT('Ctrl Pts',(25.5655092457302,17.,0.5));
#911=CARTESIAN_POINT('Ctrl Pts',(25.5,17.,0.5));
#912=CARTESIAN_POINT('Ctrl Pts',(28.999999999999,13.4999974020457,0.493265649702985));
#913=CARTESIAN_POINT('Ctrl Pts',(29.0000000485918,13.5654622043558,0.493265649702985));
#914=CARTESIAN_POINT('Ctrl Pts',(28.9962681728635,13.6964221314856,0.493265649702985));
#915=CARTESIAN_POINT('Ctrl Pts',(28.9742672862237,13.9570799363813,0.493265649702985));
#916=CARTESIAN_POINT('Ctrl Pts',(28.9191647272732,14.28011819734,0.493265649702985));
#917=CARTESIAN_POINT('Ctrl Pts',(28.7378694151898,14.9100886845707,0.493265649702985));
#918=CARTESIAN_POINT('Ctrl Pts',(28.3523123127395,15.6071741141284,0.493265649702986));
#919=CARTESIAN_POINT('Ctrl Pts',(27.6999576390682,16.2592081150475,0.493265649702985));
#920=CARTESIAN_POINT('Ctrl Pts',(27.0310885194994,16.6796422581647,0.493265649702985));
#921=CARTESIAN_POINT('Ctrl Pts',(26.4092700693645,16.8973611647479,0.493265649702985));
#922=CARTESIAN_POINT('Ctrl Pts',(25.957060820522,16.9742518420543,0.493265649702985));
#923=CARTESIAN_POINT('Ctrl Pts',(25.6964402465834,16.9962751286882,0.493265649702985));
#924=CARTESIAN_POINT('Ctrl Pts',(25.565461568181,17.,0.493265649702985));
#925=CARTESIAN_POINT('Ctrl Pts',(25.5,17.,0.493265649702985));
#926=CARTESIAN_POINT('Ctrl Pts',(28.9763367800911,13.4999974196102,0.450318534014483));
#927=CARTESIAN_POINT('Ctrl Pts',(28.976336828407,13.5650892490021,0.450318534014483));
#928=CARTESIAN_POINT('Ctrl Pts',(28.9726890248451,13.6952193720348,0.450318534014483));
#929=CARTESIAN_POINT('Ctrl Pts',(28.950868626939,13.9543168483989,0.450318534014483));
#930=CARTESIAN_POINT('Ctrl Pts',(28.8963476105553,14.2751710344035,0.450318534014483));
#931=CARTESIAN_POINT('Ctrl Pts',(28.7162410652414,14.9013419683887,0.450318534014483));
#932=CARTESIAN_POINT('Ctrl Pts',(28.3337665058569,15.5934646963878,0.450318534014484));
#933=CARTESIAN_POINT('Ctrl Pts',(27.6859056151002,16.2409720346322,0.450318534014483));
#934=CARTESIAN_POINT('Ctrl Pts',(27.0212599065739,16.6586744757943,0.450318534014483));
#935=CARTESIAN_POINT('Ctrl Pts',(26.4036346934462,16.8746174379246,0.450318534014483));
#936=CARTESIAN_POINT('Ctrl Pts',(25.9542971050237,16.9508536135447,0.450318534014483));
#937=CARTESIAN_POINT('Ctrl Pts',(25.6952317115984,16.9726981219671,0.450318534014483));
#938=CARTESIAN_POINT('Ctrl Pts',(25.5650886136885,16.9763367800921,0.450318534014483));
#939=CARTESIAN_POINT('Ctrl Pts',(25.5,16.9763367800921,0.450318534014483));
#940=CARTESIAN_POINT('Ctrl Pts',(28.7511817084736,13.4999975867367,0.21427751389057));
#941=CARTESIAN_POINT('Ctrl Pts',(28.7511817536443,13.5608521901419,0.21427751389057));
#942=CARTESIAN_POINT('Ctrl Pts',(28.7477521566189,13.68253699567,0.21427751389057));
#943=CARTESIAN_POINT('Ctrl Pts',(28.7273352808516,13.9247913035523,0.21427751389057));
#944=CARTESIAN_POINT('Ctrl Pts',(28.6762813504225,14.2248644461574,0.21427751389057));
#945=CARTESIAN_POINT('Ctrl Pts',(28.5078512690247,14.8103385708638,0.21427751389057));
#946=CARTESIAN_POINT('Ctrl Pts',(28.1500027928041,15.4577105894641,0.214277513890571));
#947=CARTESIAN_POINT('Ctrl Pts',(27.5440769506459,16.0633165315771,0.214277513890571));
#948=CARTESIAN_POINT('Ctrl Pts',(26.9225706237717,16.4539312557038,0.21427751389057));
#949=CARTESIAN_POINT('Ctrl Pts',(26.3449510278091,16.6559813076994,0.21427751389057));
#950=CARTESIAN_POINT('Ctrl Pts',(25.9247730711076,16.727321139708,0.21427751389057));
#951=CARTESIAN_POINT('Ctrl Pts',(25.6825502705367,16.7477599931022,0.21427751389057));
#952=CARTESIAN_POINT('Ctrl Pts',(25.5608515970318,16.7511817084745,0.21427751389057));
#953=CARTESIAN_POINT('Ctrl Pts',(25.5,16.7511817084745,0.21427751389057));
#954=CARTESIAN_POINT('Ctrl Pts',(28.5873422848089,13.4999977083502,0.0624451890805548));
#955=CARTESIAN_POINT('Ctrl Pts',(28.5873423276948,13.5577741981465,0.0624451890805548));
#956=CARTESIAN_POINT('Ctrl Pts',(28.5840759117878,13.6733177243633,0.0624451890805549));
#957=CARTESIAN_POINT('Ctrl Pts',(28.56468271469,13.9033307964569,0.0624451890805549));
#958=CARTESIAN_POINT('Ctrl Pts',(28.5161673126623,14.1882821174318,0.0624451890805552));
#959=CARTESIAN_POINT('Ctrl Pts',(28.356231124726,14.7441765982222,0.0624451890805552));
#960=CARTESIAN_POINT('Ctrl Pts',(28.0163379658205,15.3589660346387,0.0624451890805559));
#961=CARTESIAN_POINT('Ctrl Pts',(27.4409333790398,15.9340725898178,0.0624451890805558));
#962=CARTESIAN_POINT('Ctrl Pts',(26.850796115426,16.3049845776819,0.0624451890805554));
#963=CARTESIAN_POINT('Ctrl Pts',(26.3022867455623,16.496902405227,0.0624451890805552));
#964=CARTESIAN_POINT('Ctrl Pts',(25.9033136069144,16.5646692326532,0.062445189080555));
#965=CARTESIAN_POINT('Ctrl Pts',(25.6733312572999,16.5840829944991,0.062445189080555));
#966=CARTESIAN_POINT('Ctrl Pts',(25.5577736354895,16.5873422848098,0.0624451890805548));
#967=CARTESIAN_POINT('Ctrl Pts',(25.5,16.5873422848098,0.0624451890805548));
#968=CARTESIAN_POINT('Ctrl Pts',(28.519807611503,13.4999977584794,0.00766670057562693));
#969=CARTESIAN_POINT('Ctrl Pts',(28.5198076534581,13.5565201449773,0.00766670057562693));
#970=CARTESIAN_POINT('Ctrl Pts',(28.5166209201907,13.6695439698696,0.00766670057562698));
#971=CARTESIAN_POINT('Ctrl Pts',(28.497656383559,13.8945538261135,0.00766670057562701));
#972=CARTESIAN_POINT('Ctrl Pts',(28.4502314761646,14.1732719181521,0.00766670057562714));
#973=CARTESIAN_POINT('Ctrl Pts',(28.293788674191,14.71707066943,0.00766670057562716));
#974=CARTESIAN_POINT('Ctrl Pts',(27.9613971333439,15.3183768368299,0.0076667005756275));
#975=CARTESIAN_POINT('Ctrl Pts',(27.3985909940925,15.8808865613015,0.00766670057562747));
#976=CARTESIAN_POINT('Ctrl Pts',(26.8213210127543,16.2437004638479,0.00766670057562724));
#977=CARTESIAN_POINT('Ctrl Pts',(26.2848086038971,16.431377628398,0.00766670057562713));
#978=CARTESIAN_POINT('Ctrl Pts',(25.894536906731,16.4976432420891,0.00766670057562702));
#979=CARTESIAN_POINT('Ctrl Pts',(25.6695564160205,16.5166281540754,0.00766670057562703));
#980=CARTESIAN_POINT('Ctrl Pts',(25.5565195941471,16.5198076115039,0.00766670057562693));
#981=CARTESIAN_POINT('Ctrl Pts',(25.5,16.5198076115039,0.00766670057562693));
#982=CARTESIAN_POINT('Ctrl Pts',(28.5033671751477,13.4999977706827,0.));
#983=CARTESIAN_POINT('Ctrl Pts',(28.5033672168724,13.5562098680816,-1.0199654681057E-25));
#984=CARTESIAN_POINT('Ctrl Pts',(28.5001956610661,13.6686163163512,1.63077083774361E-17));
#985=CARTESIAN_POINT('Ctrl Pts',(28.48133319959,13.8923937199533,2.26658709633623E-17));
#986=CARTESIAN_POINT('Ctrl Pts',(28.4341587690148,14.1695944164216,6.08152630244218E-17));
#987=CARTESIAN_POINT('Ctrl Pts',(28.2785690369396,14.710415654371,6.6229177136067E-17));
#988=CARTESIAN_POINT('Ctrl Pts',(27.9479695401259,15.308457409192,1.59087078271119E-16));
#989=CARTESIAN_POINT('Ctrl Pts',(27.3882243568064,15.8679090850406,1.52151092576596E-16));
#990=CARTESIAN_POINT('Ctrl Pts',(26.8141081754694,16.2287436659632,8.71239041996315E-17));
#991=CARTESIAN_POINT('Ctrl Pts',(26.2805170470639,16.4154102974268,5.71223127243721E-17));
#992=CARTESIAN_POINT('Ctrl Pts',(25.8923769206141,16.4813201176194,2.64105165408335E-17));
#993=CARTESIAN_POINT('Ctrl Pts',(25.6686289033897,16.5002027747999,3.00679262675659E-17));
#994=CARTESIAN_POINT('Ctrl Pts',(25.5562093203772,16.5033671751485,0.));
#995=CARTESIAN_POINT('Ctrl Pts',(25.5,16.5033671751485,0.));
#996=CARTESIAN_POINT('Ctrl Pts',(28.4999999999992,13.499997773182,0.));
#997=CARTESIAN_POINT('Ctrl Pts',(28.5000000416804,13.5561513293661,0.));
#998=CARTESIAN_POINT('Ctrl Pts',(28.4968358275329,13.6684353327447,0.));
#999=CARTESIAN_POINT('Ctrl Pts',(28.4779965557449,13.8919748462717,0.));
#1000=CARTESIAN_POINT('Ctrl Pts',(28.4308884612342,14.1688647612731,0.));
#1001=CARTESIAN_POINT('Ctrl Pts',(28.2754707881815,14.7091092394661,0.));
#1002=CARTESIAN_POINT('Ctrl Pts',(27.9452725525146,15.3064644396659,0.));
#1003=CARTESIAN_POINT('Ctrl Pts',(27.3861602755842,15.8652812831658,0.));
#1004=CARTESIAN_POINT('Ctrl Pts',(26.8126685324811,16.2257184506782,0.));
#1005=CARTESIAN_POINT('Ctrl Pts',(26.2796749342204,16.4121562464969,0.));
#1006=CARTESIAN_POINT('Ctrl Pts',(25.8919580170761,16.4779835094392,0.));
#1007=CARTESIAN_POINT('Ctrl Pts',(25.6684475419463,16.4968430740909,0.));
#1008=CARTESIAN_POINT('Ctrl Pts',(25.5561507820545,16.5,0.));
#1009=CARTESIAN_POINT('Ctrl Pts',(25.5,16.5,0.));
#1010=CARTESIAN_POINT('',(29.,13.5,0.5));
#1011=CARTESIAN_POINT('',(28.5,13.5,0.));
#1012=CARTESIAN_POINT('Ctrl Pts',(28.999999999999,13.4999974020457,0.5));
#1013=CARTESIAN_POINT('Ctrl Pts',(28.999999999999,13.4999974020457,0.493265649702985));
#1014=CARTESIAN_POINT('Ctrl Pts',(28.9763367800911,13.4999974196102,0.450318534014483));
#1015=CARTESIAN_POINT('Ctrl Pts',(28.7511817084736,13.4999975867367,0.21427751389057));
#1016=CARTESIAN_POINT('Ctrl Pts',(28.5873422848089,13.4999977083502,0.0624451890805548));
#1017=CARTESIAN_POINT('Ctrl Pts',(28.519807611503,13.4999977584794,0.00766670057562693));
#1018=CARTESIAN_POINT('Ctrl Pts',(28.5033671751477,13.4999977706827,0.));
#1019=CARTESIAN_POINT('Ctrl Pts',(28.4999999999992,13.499997773182,0.));
#1020=CARTESIAN_POINT('Ctrl Pts',(28.4999999999992,13.5000022268169,0.));
#1021=CARTESIAN_POINT('Ctrl Pts',(28.4999999580263,13.5561542978451,0.));
#1022=CARTESIAN_POINT('Ctrl Pts',(28.4968357030183,13.6684368101865,0.));
#1023=CARTESIAN_POINT('Ctrl Pts',(28.4779965557449,13.8919748462717,0.));
#1024=CARTESIAN_POINT('Ctrl Pts',(28.4308884612342,14.1688647612731,0.));
#1025=CARTESIAN_POINT('Ctrl Pts',(28.2754707881815,14.7091092394661,0.));
#1026=CARTESIAN_POINT('Ctrl Pts',(27.9452725525146,15.3064644396659,0.));
#1027=CARTESIAN_POINT('Ctrl Pts',(27.3861602755842,15.8652812831658,0.));
#1028=CARTESIAN_POINT('Ctrl Pts',(26.8126685324811,16.2257184506782,0.));
#1029=CARTESIAN_POINT('Ctrl Pts',(26.2796749342204,16.4121562464969,0.));
#1030=CARTESIAN_POINT('Ctrl Pts',(25.8919580170761,16.4779835094392,0.));
#1031=CARTESIAN_POINT('Ctrl Pts',(25.6684475419463,16.4968430740909,0.));
#1032=CARTESIAN_POINT('Ctrl Pts',(25.5561507820545,16.5,0.));
#1033=CARTESIAN_POINT('Ctrl Pts',(25.5,16.5,0.));
#1034=CARTESIAN_POINT('Ctrl Pts',(25.5,17.,0.5));
#1035=CARTESIAN_POINT('Ctrl Pts',(25.5655092457302,17.,0.5));
#1036=CARTESIAN_POINT('Ctrl Pts',(25.6965221322706,16.9963169197727,0.5));
#1037=CARTESIAN_POINT('Ctrl Pts',(25.9572843532555,16.9743140943457,0.5));
#1038=CARTESIAN_POINT('Ctrl Pts',(26.4096207565905,16.897515620913,0.5));
#1039=CARTESIAN_POINT('Ctrl Pts',(27.031446621228,16.6800048591245,0.5));
#1040=CARTESIAN_POINT('Ctrl Pts',(27.7005203215149,16.2594948303601,0.5));
#1041=CARTESIAN_POINT('Ctrl Pts',(28.3528179779337,15.6075418462768,0.5));
#1042=CARTESIAN_POINT('Ctrl Pts',(28.7380492528784,14.9106274460438,0.5));
#1043=CARTESIAN_POINT('Ctrl Pts',(28.9193698714399,14.2803422214853,0.5));
#1044=CARTESIAN_POINT('Ctrl Pts',(28.9743293150357,13.9573039873169,0.5));
#1045=CARTESIAN_POINT('Ctrl Pts',(28.996308320188,13.6965096118843,0.5));
#1046=CARTESIAN_POINT('Ctrl Pts',(28.9999999510306,13.5655133474859,0.5));
#1047=CARTESIAN_POINT('Ctrl Pts',(28.999999999999,13.5000025979531,0.5));
#1048=CARTESIAN_POINT('Ctrl Pts',(28.5,13.5,0.));
#1049=CARTESIAN_POINT('Ctrl Pts',(28.5,4.48503712891412,0.));
#1050=CARTESIAN_POINT('Ctrl Pts',(28.5,-4.48503708359003,0.));
#1051=CARTESIAN_POINT('Ctrl Pts',(28.5,-13.5,0.));
#1052=CARTESIAN_POINT('Ctrl Pts',(28.506734350297,13.5,0.));
#1053=CARTESIAN_POINT('Ctrl Pts',(28.506734350297,4.48503712891413,2.54245294408014E-22));
#1054=CARTESIAN_POINT('Ctrl Pts',(28.506734350297,-4.48503708359003,-1.65057166350776E-20));
#1055=CARTESIAN_POINT('Ctrl Pts',(28.506734350297,-13.5,0.));
#1056=CARTESIAN_POINT('Ctrl Pts',(28.5496818707316,13.5,0.0236667762122376));
#1057=CARTESIAN_POINT('Ctrl Pts',(28.5496818707316,4.48503712891409,0.0236667762122376));
#1058=CARTESIAN_POINT('Ctrl Pts',(28.5496818707316,-4.48503708359004,0.0236667762122376));
#1059=CARTESIAN_POINT('Ctrl Pts',(28.5496818707316,-13.5,0.0236667762122376));
#1060=CARTESIAN_POINT('Ctrl Pts',(28.7857232801885,13.5,0.248820393048091));
#1061=CARTESIAN_POINT('Ctrl Pts',(28.7857232801885,4.48503712891413,0.248820393048091));
#1062=CARTESIAN_POINT('Ctrl Pts',(28.7857232801885,-4.48503708359003,0.248820393048091));
#1063=CARTESIAN_POINT('Ctrl Pts',(28.7857232801885,-13.5,0.248820393048091));
#1064=CARTESIAN_POINT('Ctrl Pts',(28.9375568320649,13.5,0.412661477900054));
#1065=CARTESIAN_POINT('Ctrl Pts',(28.9375568320649,4.4850371289141,0.412661477900054));
#1066=CARTESIAN_POINT('Ctrl Pts',(28.9375568320649,-4.48503708359004,0.412661477900054));
#1067=CARTESIAN_POINT('Ctrl Pts',(28.9375568320649,-13.5,0.412661477900054));
#1068=CARTESIAN_POINT('Ctrl Pts',(28.9923343407215,13.5,0.480194310336907));
#1069=CARTESIAN_POINT('Ctrl Pts',(28.9923343407215,4.48503712891413,0.480194310336907));
#1070=CARTESIAN_POINT('Ctrl Pts',(28.9923343407215,-4.48503708359002,0.480194310336907));
#1071=CARTESIAN_POINT('Ctrl Pts',(28.9923343407215,-13.5,0.480194310336907));
#1072=CARTESIAN_POINT('Ctrl Pts',(29.,13.5,0.496632824851493));
#1073=CARTESIAN_POINT('Ctrl Pts',(29.,4.48503712891411,0.496632824851493));
#1074=CARTESIAN_POINT('Ctrl Pts',(29.,-4.48503708359005,0.496632824851493));
#1075=CARTESIAN_POINT('Ctrl Pts',(29.,-13.5,0.496632824851493));
#1076=CARTESIAN_POINT('Ctrl Pts',(29.,13.5,0.5));
#1077=CARTESIAN_POINT('Ctrl Pts',(29.,4.48503712891412,0.5));
#1078=CARTESIAN_POINT('Ctrl Pts',(29.,-4.48503708359003,0.5));
#1079=CARTESIAN_POINT('Ctrl Pts',(29.,-13.5,0.5));
#1080=CARTESIAN_POINT('',(29.,-13.5,0.5));
#1081=CARTESIAN_POINT('',(28.5,-13.5,0.));
#1082=CARTESIAN_POINT('Ctrl Pts',(29.,-13.5,0.5));
#1083=CARTESIAN_POINT('Ctrl Pts',(29.,-13.5,0.496632824851493));
#1084=CARTESIAN_POINT('Ctrl Pts',(28.9923343407215,-13.5,0.480194310336907));
#1085=CARTESIAN_POINT('Ctrl Pts',(28.9375568320649,-13.5,0.412661477900054));
#1086=CARTESIAN_POINT('Ctrl Pts',(28.7857232801885,-13.5,0.248820393048091));
#1087=CARTESIAN_POINT('Ctrl Pts',(28.5496818707316,-13.5,0.0236667762122376));
#1088=CARTESIAN_POINT('Ctrl Pts',(28.506734350297,-13.5,0.));
#1089=CARTESIAN_POINT('Ctrl Pts',(28.5,-13.5,0.));
#1090=CARTESIAN_POINT('Ctrl Pts',(28.5,-13.5,0.));
#1091=CARTESIAN_POINT('Ctrl Pts',(28.5,-4.48503708359003,0.));
#1092=CARTESIAN_POINT('Ctrl Pts',(28.5,4.48503712891412,0.));
#1093=CARTESIAN_POINT('Ctrl Pts',(28.5,13.5,0.));
#1094=CARTESIAN_POINT('Ctrl Pts',(29.,13.5,0.5));
#1095=CARTESIAN_POINT('Ctrl Pts',(29.,4.48503712891412,0.5));
#1096=CARTESIAN_POINT('Ctrl Pts',(29.,-4.48503708359003,0.5));
#1097=CARTESIAN_POINT('Ctrl Pts',(29.,-13.5,0.5));
#1098=CARTESIAN_POINT('Ctrl Pts',(25.5,-17.,0.5));
#1099=CARTESIAN_POINT('Ctrl Pts',(25.5655127295581,-17.,0.5));
#1100=CARTESIAN_POINT('Ctrl Pts',(25.6965174138399,-16.9963082306212,0.5));
#1101=CARTESIAN_POINT('Ctrl Pts',(25.9573281430607,-16.9743264007229,0.5));
#1102=CARTESIAN_POINT('Ctrl Pts',(26.2803611874123,-16.9193652946755,0.5));
#1103=CARTESIAN_POINT('Ctrl Pts',(26.9106448549101,-16.738042049431,0.5));
#1104=CARTESIAN_POINT('Ctrl Pts',(27.6075530271636,-16.3528090690494,0.5));
#1105=CARTESIAN_POINT('Ctrl Pts',(28.2595012894182,-15.7005123110349,0.5));
#1106=CARTESIAN_POINT('Ctrl Pts',(28.680007294554,-15.0314410822941,0.5));
#1107=CARTESIAN_POINT('Ctrl Pts',(28.8975166907276,-14.4096171850562,0.5));
#1108=CARTESIAN_POINT('Ctrl Pts',(28.9743142349743,-13.9572822157938,0.5));
#1109=CARTESIAN_POINT('Ctrl Pts',(28.9963166314635,-13.696526085209,0.5));
#1110=CARTESIAN_POINT('Ctrl Pts',(29.,-13.5655121981006,0.5));
#1111=CARTESIAN_POINT('Ctrl Pts',(29.,-13.5,0.5));
#1112=CARTESIAN_POINT('Ctrl Pts',(25.5,-17.,0.493265649702989));
#1113=CARTESIAN_POINT('Ctrl Pts',(25.5654650494734,-17.,0.493265649702989));
#1114=CARTESIAN_POINT('Ctrl Pts',(25.696431652188,-16.9962679380733,0.493265649702989));
#1115=CARTESIAN_POINT('Ctrl Pts',(25.9571040766333,-16.9742643737797,0.493265649702989));
#1116=CARTESIAN_POINT('Ctrl Pts',(26.2801371517809,-16.91916015311,0.493265649702988));
#1117=CARTESIAN_POINT('Ctrl Pts',(26.9101060830882,-16.7378622159209,0.493265649702988));
#1118=CARTESIAN_POINT('Ctrl Pts',(27.6071852886567,-16.3523034085941,0.493265649702987));
#1119=CARTESIAN_POINT('Ctrl Pts',(28.2592145704948,-15.6999496324407,0.493265649702986));
#1120=CARTESIAN_POINT('Ctrl Pts',(28.6796446925523,-15.0310829831347,0.493265649702986));
#1121=CARTESIAN_POINT('Ctrl Pts',(28.8973622340484,-14.4092664996837,0.493265649702986));
#1122=CARTESIAN_POINT('Ctrl Pts',(28.9742519826705,-13.9570586843679,0.493265649702985));
#1123=CARTESIAN_POINT('Ctrl Pts',(28.9962748406376,-13.6964441965044,0.493265649702985));
#1124=CARTESIAN_POINT('Ctrl Pts',(29.,-13.5654645184026,0.493265649702985));
#1125=CARTESIAN_POINT('Ctrl Pts',(29.,-13.5,0.493265649702985));
#1126=CARTESIAN_POINT('Ctrl Pts',(25.5,-16.9763367800921,0.450318534014496));
#1127=CARTESIAN_POINT('Ctrl Pts',(25.5650920751469,-16.9763367800921,0.450318534014496));
#1128=CARTESIAN_POINT('Ctrl Pts',(25.6952288355758,-16.9726887915786,0.450318534014496));
#1129=CARTESIAN_POINT('Ctrl Pts',(25.954340848064,-16.9508657314568,0.450318534014496));
#1130=CARTESIAN_POINT('Ctrl Pts',(26.2751898774687,-16.8963430635191,0.450318534014494));
#1131=CARTESIAN_POINT('Ctrl Pts',(26.9013592643891,-16.7162339085442,0.450318534014493));
#1132=CARTESIAN_POINT('Ctrl Pts',(27.5934758046516,-16.3337576549914,0.45031853401449));
#1133=CARTESIAN_POINT('Ctrl Pts',(28.2409784517078,-15.685897656979,0.450318534014487));
#1134=CARTESIAN_POINT('Ctrl Pts',(28.6586768952447,-15.0212544038882,0.450318534014486));
#1135=CARTESIAN_POINT('Ctrl Pts',(28.8746185007464,-14.403631145193,0.450318534014484));
#1136=CARTESIAN_POINT('Ctrl Pts',(28.9508537532282,-13.9542949814024,0.450318534014484));
#1137=CARTESIAN_POINT('Ctrl Pts',(28.9726978354863,-13.6952356392207,0.450318534014483));
#1138=CARTESIAN_POINT('Ctrl Pts',(28.9763367800921,-13.5650915471018,0.450318534014483));
#1139=CARTESIAN_POINT('Ctrl Pts',(28.9763367800921,-13.5,0.450318534014483));
#1140=CARTESIAN_POINT('Ctrl Pts',(25.5000000000001,-16.7511817084751,0.2142775138906));
#1141=CARTESIAN_POINT('Ctrl Pts',(25.5608548331626,-16.7511817084751,0.2142775138906));
#1142=CARTESIAN_POINT('Ctrl Pts',(25.6825458440659,-16.7477519384806,0.214277513890599));
#1143=CARTESIAN_POINT('Ctrl Pts',(25.9248137418678,-16.7273325737416,0.214277513890598));
#1144=CARTESIAN_POINT('Ctrl Pts',(26.22488206365,-16.6762770990542,0.214277513890595));
#1145=CARTESIAN_POINT('Ctrl Pts',(26.8103547420013,-16.5078445777244,0.214277513890593));
#1146=CARTESIAN_POINT('Ctrl Pts',(27.4577209754198,-16.1499945173142,0.214277513890585));
#1147=CARTESIAN_POINT('Ctrl Pts',(28.0633225314142,-15.5440695096819,0.214277513890579));
#1148=CARTESIAN_POINT('Ctrl Pts',(28.4539335179846,-14.9225654786347,0.214277513890576));
#1149=CARTESIAN_POINT('Ctrl Pts',(28.6559823014541,-14.3449477101994,0.214277513890572));
#1150=CARTESIAN_POINT('Ctrl Pts',(28.727321270339,-13.9247710856147,0.214277513890571));
#1151=CARTESIAN_POINT('Ctrl Pts',(28.7477597252921,-13.6825539424231,0.21427751389057));
#1152=CARTESIAN_POINT('Ctrl Pts',(28.7511817084745,-13.5608543394912,0.21427751389057));
#1153=CARTESIAN_POINT('Ctrl Pts',(28.7511817084745,-13.5,0.21427751389057));
#1154=CARTESIAN_POINT('Ctrl Pts',(25.5000000000001,-16.5873422848106,0.0624451890805797));
#1155=CARTESIAN_POINT('Ctrl Pts',(25.5577767079323,-16.5873422848106,0.0624451890805797));
#1156=CARTESIAN_POINT('Ctrl Pts',(25.673326125673,-16.5840757046531,0.062445189080579));
#1157=CARTESIAN_POINT('Ctrl Pts',(25.9033521003103,-16.5646801444494,0.0624451890805782));
#1158=CARTESIAN_POINT('Ctrl Pts',(26.1882988443612,-16.5161632761599,0.0624451890805753));
#1159=CARTESIAN_POINT('Ctrl Pts',(26.7441919519563,-16.3562247716267,0.0624451890805736));
#1160=CARTESIAN_POINT('Ctrl Pts',(27.3589758956838,-16.0163301084991,0.0624451890805674));
#1161=CARTESIAN_POINT('Ctrl Pts',(27.9340782864356,-15.440926313977,0.0624451890805628));
#1162=CARTESIAN_POINT('Ctrl Pts',(28.3049867257083,-14.8507912301874,0.0624451890805603));
#1163=CARTESIAN_POINT('Ctrl Pts',(28.4969033487795,-14.3022835955834,0.0624451890805571));
#1164=CARTESIAN_POINT('Ctrl Pts',(28.5646693566982,-13.9033117217913,0.0624451890805556));
#1165=CARTESIAN_POINT('Ctrl Pts',(28.5840827402469,-13.6733347434234,0.0624451890805553));
#1166=CARTESIAN_POINT('Ctrl Pts',(28.5873422848098,-13.5577762392315,0.0624451890805548));
#1167=CARTESIAN_POINT('Ctrl Pts',(28.5873422848098,-13.5,0.0624451890805548));
#1168=CARTESIAN_POINT('Ctrl Pts',(25.5000000000001,-16.5198076115049,0.00766670057563951));
#1169=CARTESIAN_POINT('Ctrl Pts',(25.5565225998991,-16.5198076115049,0.00766670057563952));
#1170=CARTESIAN_POINT('Ctrl Pts',(25.6695521884113,-16.5166207175783,0.00766670057563912));
#1171=CARTESIAN_POINT('Ctrl Pts',(25.8945746671162,-16.4976538691601,0.00766670057563874));
#1172=CARTESIAN_POINT('Ctrl Pts',(26.1732882815314,-16.4502275274283,0.00766670057563726));
#1173=CARTESIAN_POINT('Ctrl Pts',(26.7170856894198,-16.2937824592105,0.00766670057563642));
#1174=CARTESIAN_POINT('Ctrl Pts',(27.3183864834666,-15.961389446931,0.00766670057563331));
#1175=CARTESIAN_POINT('Ctrl Pts',(27.8808921340451,-15.3985840827888,0.00766670057563098));
#1176=CARTESIAN_POINT('Ctrl Pts',(28.2437025650997,-14.821316233854,0.00766670057562973));
#1177=CARTESIAN_POINT('Ctrl Pts',(28.4313785514156,-14.2848055224445,0.00766670057562812));
#1178=CARTESIAN_POINT('Ctrl Pts',(28.4976433634232,-13.8945350625772,0.0076667005756274));
#1179=CARTESIAN_POINT('Ctrl Pts',(28.5166279053321,-13.6695598265024,0.00766670057562722));
#1180=CARTESIAN_POINT('Ctrl Pts',(28.5198076115039,-13.5565221413719,0.00766670057562698));
#1181=CARTESIAN_POINT('Ctrl Pts',(28.5198076115039,-13.5,0.00766670057562698));
#1182=CARTESIAN_POINT('Ctrl Pts',(25.5000000000001,-16.5033671751496,3.52896971666253E-15));
#1183=CARTESIAN_POINT('Ctrl Pts',(25.5562123096286,-16.5033671751496,3.53288058400295E-15));
#1184=CARTESIAN_POINT('Ctrl Pts',(25.6686244898836,-16.5001954595591,3.41986711162115E-15));
#1185=CARTESIAN_POINT('Ctrl Pts',(25.8924144466583,-16.4813306989807,3.31164992220359E-15));
#1186=CARTESIAN_POINT('Ctrl Pts',(26.1696106900963,-16.4341548419163,2.89600016936816E-15));
#1187=CARTESIAN_POINT('Ctrl Pts',(26.7104305920312,-16.2785628560199,2.6588137630494E-15));
#1188=CARTESIAN_POINT('Ctrl Pts',(27.3084670029677,-15.9479618958148,1.78310129141316E-15));
#1189=CARTESIAN_POINT('Ctrl Pts',(27.8679146272504,-15.3882174833369,1.12767108477771E-15));
#1190=CARTESIAN_POINT('Ctrl Pts',(28.2287457557192,-14.8141034227249,7.74978590067774E-16));
#1191=CARTESIAN_POINT('Ctrl Pts',(28.4154112153916,-14.2805139824872,3.21003241748556E-16));
#1192=CARTESIAN_POINT('Ctrl Pts',(28.4813202382923,-13.8923750865708,1.17733636125513E-16));
#1193=CARTESIAN_POINT('Ctrl Pts',(28.5002025274247,-13.6686322951417,6.81407074939326E-17));
#1194=CARTESIAN_POINT('Ctrl Pts',(28.5033671751485,-13.5562118536186,-2.79345389156584E-19));
#1195=CARTESIAN_POINT('Ctrl Pts',(28.5033671751485,-13.5,0.));
#1196=CARTESIAN_POINT('Ctrl Pts',(25.5000000000001,-16.500000000001,0.));
#1197=CARTESIAN_POINT('Ctrl Pts',(25.5561537681927,-16.500000000001,0.));
#1198=CARTESIAN_POINT('Ctrl Pts',(25.6684434975771,-16.4968356262477,0.));
#1199=CARTESIAN_POINT('Ctrl Pts',(25.891995551195,-16.4779940577635,0.));
#1200=CARTESIAN_POINT('Ctrl Pts',(26.168881017782,-16.4308845382941,0.));
#1201=CARTESIAN_POINT('Ctrl Pts',(26.7091241613516,-16.2754646137988,0.));
#1202=CARTESIAN_POINT('Ctrl Pts',(27.3064740232831,-15.9452649163286,0.));
#1203=CARTESIAN_POINT('Ctrl Pts',(27.8652868195013,-15.3861534094588,0.));
#1204=CARTESIAN_POINT('Ctrl Pts',(28.2257205381892,-14.8126637848237,0.));
#1205=CARTESIAN_POINT('Ctrl Pts',(28.4121571634808,-14.2796718729054,0.));
#1206=CARTESIAN_POINT('Ctrl Pts',(28.477983629978,-13.8919561849661,0.));
#1207=CARTESIAN_POINT('Ctrl Pts',(28.4968428269687,-13.6684509301791,0.));
#1208=CARTESIAN_POINT('Ctrl Pts',(28.5,-13.5561533126576,0.));
#1209=CARTESIAN_POINT('Ctrl Pts',(28.5,-13.5,0.));
#1210=CARTESIAN_POINT('Ctrl Pts',(29.,-13.5,0.5));
#1211=CARTESIAN_POINT('Ctrl Pts',(29.,-13.5655121981006,0.5));
#1212=CARTESIAN_POINT('Ctrl Pts',(28.9963166314635,-13.696526085209,0.5));
#1213=CARTESIAN_POINT('Ctrl Pts',(28.9743142349743,-13.9572822157938,0.5));
#1214=CARTESIAN_POINT('Ctrl Pts',(28.8975166907276,-14.4096171850562,0.5));
#1215=CARTESIAN_POINT('Ctrl Pts',(28.680007294554,-15.0314410822941,0.5));
#1216=CARTESIAN_POINT('Ctrl Pts',(28.2595012894182,-15.7005123110349,0.5));
#1217=CARTESIAN_POINT('Ctrl Pts',(27.6075530271636,-16.3528090690494,0.5));
#1218=CARTESIAN_POINT('Ctrl Pts',(26.9106448549101,-16.738042049431,0.5));
#1219=CARTESIAN_POINT('Ctrl Pts',(26.2803611874123,-16.9193652946755,0.5));
#1220=CARTESIAN_POINT('Ctrl Pts',(25.9573281430607,-16.9743264007229,0.5));
#1221=CARTESIAN_POINT('Ctrl Pts',(25.6965174138399,-16.9963082306212,0.5));
#1222=CARTESIAN_POINT('Ctrl Pts',(25.5655127295581,-17.,0.5));
#1223=CARTESIAN_POINT('Ctrl Pts',(25.5,-17.,0.5));
#1224=CARTESIAN_POINT('Ctrl Pts',(25.5000000000001,-16.500000000001,0.));
#1225=CARTESIAN_POINT('Ctrl Pts',(25.5561537681927,-16.500000000001,0.));
#1226=CARTESIAN_POINT('Ctrl Pts',(25.6684434975771,-16.4968356262477,0.));
#1227=CARTESIAN_POINT('Ctrl Pts',(25.891995551195,-16.4779940577635,0.));
#1228=CARTESIAN_POINT('Ctrl Pts',(26.168881017782,-16.4308845382941,0.));
#1229=CARTESIAN_POINT('Ctrl Pts',(26.7091241613516,-16.2754646137988,0.));
#1230=CARTESIAN_POINT('Ctrl Pts',(27.3064740232831,-15.9452649163286,0.));
#1231=CARTESIAN_POINT('Ctrl Pts',(27.8652868195013,-15.3861534094588,0.));
#1232=CARTESIAN_POINT('Ctrl Pts',(28.2257205381892,-14.8126637848237,0.));
#1233=CARTESIAN_POINT('Ctrl Pts',(28.4121571634808,-14.2796718729054,0.));
#1234=CARTESIAN_POINT('Ctrl Pts',(28.477983629978,-13.8919561849661,0.));
#1235=CARTESIAN_POINT('Ctrl Pts',(28.4968428269687,-13.6684509301791,0.));
#1236=CARTESIAN_POINT('Ctrl Pts',(28.5,-13.5561533126576,0.));
#1237=CARTESIAN_POINT('Ctrl Pts',(28.5,-13.5,0.));
#1238=CARTESIAN_POINT('Origin',(-25.5,13.5,0.));
#1239=CARTESIAN_POINT('',(-29.,13.5,12.));
#1240=CARTESIAN_POINT('',(-29.,13.5,0.));
#1241=CARTESIAN_POINT('',(-25.5,17.,12.));
#1242=CARTESIAN_POINT('Ctrl Pts',(-25.5,17.,12.));
#1243=CARTESIAN_POINT('Ctrl Pts',(-25.5655092457303,17.,12.));
#1244=CARTESIAN_POINT('Ctrl Pts',(-25.6965220589044,16.9963170012784,12.));
#1245=CARTESIAN_POINT('Ctrl Pts',(-25.9572842540594,16.9743142301113,12.));
#1246=CARTESIAN_POINT('Ctrl Pts',(-26.4096203199083,16.897516049705,12.));
#1247=CARTESIAN_POINT('Ctrl Pts',(-27.0314457959848,16.6800057754865,12.));
#1248=CARTESIAN_POINT('Ctrl Pts',(-27.7005194010958,16.2594961093292,12.));
#1249=CARTESIAN_POINT('Ctrl Pts',(-28.352816641606,15.6075432665561,12.));
#1250=CARTESIAN_POINT('Ctrl Pts',(-28.7380480110781,14.9106285090658,12.));
#1251=CARTESIAN_POINT('Ctrl Pts',(-28.9193692108666,14.2803428539375,12.));
#1252=CARTESIAN_POINT('Ctrl Pts',(-28.9743290476547,13.9573042254676,12.));
#1253=CARTESIAN_POINT('Ctrl Pts',(-28.9963082044985,13.6965097197651,12.));
#1254=CARTESIAN_POINT('Ctrl Pts',(-28.9999999510276,13.5655133474888,12.));
#1255=CARTESIAN_POINT('Ctrl Pts',(-28.999999999999,13.5000025979531,12.));
#1256=CARTESIAN_POINT('',(-25.5,17.,0.));
#1257=CARTESIAN_POINT('Origin',(-29.,17.,0.));
#1258=CARTESIAN_POINT('',(-29.,-13.5,12.));
#1259=CARTESIAN_POINT('',(-29.,-13.5,0.));
#1260=CARTESIAN_POINT('Ctrl Pts',(-29.,13.5,12.));
#1261=CARTESIAN_POINT('Ctrl Pts',(-29.,4.48503712891046,12.));
#1262=CARTESIAN_POINT('Ctrl Pts',(-29.,-4.48503708358643,12.));
#1263=CARTESIAN_POINT('Ctrl Pts',(-29.,-13.5,12.));
#1264=CARTESIAN_POINT('Origin',(-25.5,-13.5,0.));
#1265=CARTESIAN_POINT('',(-25.5,-17.,12.));
#1266=CARTESIAN_POINT('',(-25.5,-17.,0.));
#1267=CARTESIAN_POINT('Ctrl Pts',(-29.,-13.5,12.));
#1268=CARTESIAN_POINT('Ctrl Pts',(-29.,-13.5655121981005,12.));
#1269=CARTESIAN_POINT('Ctrl Pts',(-28.9963167141188,-13.6965260115932,12.));
#1270=CARTESIAN_POINT('Ctrl Pts',(-28.9743143727215,-13.9572821160932,12.));
#1271=CARTESIAN_POINT('Ctrl Pts',(-28.8975171254664,-14.4096167474396,12.));
#1272=CARTESIAN_POINT('Ctrl Pts',(-28.6800082242078,-15.0314402546768,12.));
#1273=CARTESIAN_POINT('Ctrl Pts',(-28.2595025874307,-15.7005113860507,12.));
#1274=CARTESIAN_POINT('Ctrl Pts',(-27.6075544697181,-16.3528077272061,12.));
#1275=CARTESIAN_POINT('Ctrl Pts',(-26.9106459349791,-16.7380408043627,12.));
#1276=CARTESIAN_POINT('Ctrl Pts',(-26.280361829286,-16.9193646323746,12.));
#1277=CARTESIAN_POINT('Ctrl Pts',(-25.9573283849556,-16.9743261327006,12.));
#1278=CARTESIAN_POINT('Ctrl Pts',(-25.6965175233901,-16.9963081146438,12.));
#1279=CARTESIAN_POINT('Ctrl Pts',(-25.5655127295581,-17.,12.));
#1280=CARTESIAN_POINT('Ctrl Pts',(-25.5,-17.,12.));
#1281=CARTESIAN_POINT('Origin',(-29.,-17.,0.));
#1282=CARTESIAN_POINT('',(25.5,-17.,12.));
#1283=CARTESIAN_POINT('',(25.5,-17.,0.));
#1284=CARTESIAN_POINT('Ctrl Pts',(-25.5,-17.,12.));
#1285=CARTESIAN_POINT('Ctrl Pts',(-8.47158223114468,-17.,12.));
#1286=CARTESIAN_POINT('Ctrl Pts',(8.47256153903681,-17.,12.));
#1287=CARTESIAN_POINT('Ctrl Pts',(25.5,-17.,12.));
#1288=CARTESIAN_POINT('Origin',(4.44089209850063E-15,-2.22044604925031E-15,
0.));
#1289=CARTESIAN_POINT('Ctrl Pts',(-25.5,-16.5,12.5));
#1290=CARTESIAN_POINT('Ctrl Pts',(-8.47158223114468,-16.5,12.5));
#1291=CARTESIAN_POINT('Ctrl Pts',(8.47256153903682,-16.5,12.5));
#1292=CARTESIAN_POINT('Ctrl Pts',(25.5,-16.5,12.5));
#1293=CARTESIAN_POINT('Ctrl Pts',(-25.5,-16.506734350297,12.5));
#1294=CARTESIAN_POINT('Ctrl Pts',(-8.47158223114468,-16.506734350297,12.5));
#1295=CARTESIAN_POINT('Ctrl Pts',(8.4725615390369,-16.506734350297,12.5));
#1296=CARTESIAN_POINT('Ctrl Pts',(25.5,-16.506734350297,12.5));
#1297=CARTESIAN_POINT('Ctrl Pts',(-25.5,-16.5496789237558,12.4763576297263));
#1298=CARTESIAN_POINT('Ctrl Pts',(-8.47158223114468,-16.5496789237558,12.4763576297263));
#1299=CARTESIAN_POINT('Ctrl Pts',(8.47256153903672,-16.5496789237558,12.4763576297263));
#1300=CARTESIAN_POINT('Ctrl Pts',(25.5,-16.5496789237558,12.4763576297263));
#1301=CARTESIAN_POINT('Ctrl Pts',(-25.5,-16.7857176242562,12.2511944212031));
#1302=CARTESIAN_POINT('Ctrl Pts',(-8.47158223114473,-16.7857176242562,12.2511944212031));
#1303=CARTESIAN_POINT('Ctrl Pts',(8.4725615390369,-16.7857176242562,12.2511944212031));
#1304=CARTESIAN_POINT('Ctrl Pts',(25.5,-16.7857176242562,12.2511944212031));
#1305=CARTESIAN_POINT('Ctrl Pts',(-25.5,-16.9375431434145,12.0873642084159));
#1306=CARTESIAN_POINT('Ctrl Pts',(-8.47158223114467,-16.9375431434145,12.0873642084159));
#1307=CARTESIAN_POINT('Ctrl Pts',(8.47256153903676,-16.9375431434145,12.0873642084159));
#1308=CARTESIAN_POINT('Ctrl Pts',(25.5,-16.9375431434145,12.0873642084159));
#1309=CARTESIAN_POINT('Ctrl Pts',(-25.5,-16.9923272478771,12.0198188731453));
#1310=CARTESIAN_POINT('Ctrl Pts',(-8.4715822311447,-16.9923272478771,12.0198188731453));
#1311=CARTESIAN_POINT('Ctrl Pts',(8.47256153903689,-16.9923272478771,12.0198188731453));
#1312=CARTESIAN_POINT('Ctrl Pts',(25.5,-16.9923272478771,12.0198188731453));
#1313=CARTESIAN_POINT('Ctrl Pts',(-25.5,-17.,12.0033671751485));
#1314=CARTESIAN_POINT('Ctrl Pts',(-8.47158223114467,-17.,12.0033671751485));
#1315=CARTESIAN_POINT('Ctrl Pts',(8.47256153903676,-17.,12.0033671751485));
#1316=CARTESIAN_POINT('Ctrl Pts',(25.5,-17.,12.0033671751485));
#1317=CARTESIAN_POINT('Ctrl Pts',(-25.5,-17.,12.));
#1318=CARTESIAN_POINT('Ctrl Pts',(-8.47158223114468,-17.,12.));
#1319=CARTESIAN_POINT('Ctrl Pts',(8.47256153903681,-17.,12.));
#1320=CARTESIAN_POINT('Ctrl Pts',(25.5,-17.,12.));
#1321=CARTESIAN_POINT('',(-25.5,-16.5,12.5));
#1322=CARTESIAN_POINT('Ctrl Pts',(-25.5,-16.5,12.5));
#1323=CARTESIAN_POINT('Ctrl Pts',(-25.5,-16.506734350297,12.5));
#1324=CARTESIAN_POINT('Ctrl Pts',(-25.5,-16.5496789237558,12.4763576297263));
#1325=CARTESIAN_POINT('Ctrl Pts',(-25.5,-16.7857176242562,12.2511944212031));
#1326=CARTESIAN_POINT('Ctrl Pts',(-25.5,-16.9375431434145,12.0873642084159));
#1327=CARTESIAN_POINT('Ctrl Pts',(-25.5,-16.9923272478771,12.0198188731453));
#1328=CARTESIAN_POINT('Ctrl Pts',(-25.5,-17.,12.0033671751485));
#1329=CARTESIAN_POINT('Ctrl Pts',(-25.5,-17.,12.));
#1330=CARTESIAN_POINT('',(25.5,-16.5,12.5));
#1331=CARTESIAN_POINT('Ctrl Pts',(25.5,-17.,12.));
#1332=CARTESIAN_POINT('Ctrl Pts',(25.5,-17.,12.0033671751485));
#1333=CARTESIAN_POINT('Ctrl Pts',(25.5,-16.9923272478771,12.0198188731453));
#1334=CARTESIAN_POINT('Ctrl Pts',(25.5,-16.9375431434145,12.0873642084159));
#1335=CARTESIAN_POINT('Ctrl Pts',(25.5,-16.7857176242562,12.2511944212031));
#1336=CARTESIAN_POINT('Ctrl Pts',(25.5,-16.5496789237558,12.4763576297263));
#1337=CARTESIAN_POINT('Ctrl Pts',(25.5,-16.506734350297,12.5));
#1338=CARTESIAN_POINT('Ctrl Pts',(25.5,-16.5,12.5));
#1339=CARTESIAN_POINT('Ctrl Pts',(25.5,-16.5,12.5));
#1340=CARTESIAN_POINT('Ctrl Pts',(8.47256153903682,-16.5,12.5));
#1341=CARTESIAN_POINT('Ctrl Pts',(-8.47158223114468,-16.5,12.5));
#1342=CARTESIAN_POINT('Ctrl Pts',(-25.5,-16.5,12.5));
#1343=CARTESIAN_POINT('Ctrl Pts',(28.999999999999,-13.4999974020457,12.));
#1344=CARTESIAN_POINT('Ctrl Pts',(29.0000000486272,-13.5655098842647,12.));
#1345=CARTESIAN_POINT('Ctrl Pts',(28.9963083497635,-13.6965079960952,12.));
#1346=CARTESIAN_POINT('Ctrl Pts',(28.9743290476528,-13.9573042254892,12.));
#1347=CARTESIAN_POINT('Ctrl Pts',(28.9193692108396,-14.2803428539772,12.));
#1348=CARTESIAN_POINT('Ctrl Pts',(28.7380480110682,-14.9106285091373,12.));
#1349=CARTESIAN_POINT('Ctrl Pts',(28.352816641404,-15.6075432666789,12.));
#1350=CARTESIAN_POINT('Ctrl Pts',(27.7005194011548,-16.2594961094067,12.));
#1351=CARTESIAN_POINT('Ctrl Pts',(27.0314457953643,-16.6800057756933,12.));
#1352=CARTESIAN_POINT('Ctrl Pts',(26.4096203203447,-16.8975160496352,12.));
#1353=CARTESIAN_POINT('Ctrl Pts',(25.9572842531028,-16.9743142302571,12.));
#1354=CARTESIAN_POINT('Ctrl Pts',(25.6965220585283,-16.9963170012747,12.));
#1355=CARTESIAN_POINT('Ctrl Pts',(25.5655092455959,-17.,12.));
#1356=CARTESIAN_POINT('Ctrl Pts',(25.5,-17.,12.));
#1357=CARTESIAN_POINT('Ctrl Pts',(28.999999999999,-13.4999974020457,12.006734350297));
#1358=CARTESIAN_POINT('Ctrl Pts',(29.0000000485918,-13.56546220436,12.006734350297));
#1359=CARTESIAN_POINT('Ctrl Pts',(28.9962668920828,-13.6964208526055,12.006734350297));
#1360=CARTESIAN_POINT('Ctrl Pts',(28.974264731202,-13.9570774538724,12.006734350297));
#1361=CARTESIAN_POINT('Ctrl Pts',(28.9191573208121,-14.2801113389355,12.006734350297));
#1362=CARTESIAN_POINT('Ctrl Pts',(28.7378583228759,-14.9100787579621,12.006734350297));
#1363=CARTESIAN_POINT('Ctrl Pts',(28.3522931737795,-15.6071600055374,12.006734350297));
#1364=CARTESIAN_POINT('Ctrl Pts',(27.6999351830962,-16.2591936805321,12.006734350297));
#1365=CARTESIAN_POINT('Ctrl Pts',(27.0310716301021,-16.6796309895158,12.006734350297));
#1366=CARTESIAN_POINT('Ctrl Pts',(26.4092610104606,-16.8973556984038,12.006734350297));
#1367=CARTESIAN_POINT('Ctrl Pts',(25.957057679457,-16.9742499864289,12.006734350297));
#1368=CARTESIAN_POINT('Ctrl Pts',(25.6964383853596,-16.9962740408299,12.006734350297));
#1369=CARTESIAN_POINT('Ctrl Pts',(25.5654615680468,-17.,12.006734350297));
#1370=CARTESIAN_POINT('Ctrl Pts',(25.5,-17.,12.006734350297));
#1371=CARTESIAN_POINT('Ctrl Pts',(28.9763601199705,-13.4999974195929,12.0496786009978));
#1372=CARTESIAN_POINT('Ctrl Pts',(28.9763601682864,-13.5650892489889,12.0496786009978));
#1373=CARTESIAN_POINT('Ctrl Pts',(28.9727123895631,-13.6952206389349,12.0496786009978));
#1374=CARTESIAN_POINT('Ctrl Pts',(28.9508920093311,-13.9543193275522,12.0496786009978));
#1375=CARTESIAN_POINT('Ctrl Pts',(28.896370966214,-14.2751782441652,12.0496786009978));
#1376=CARTESIAN_POINT('Ctrl Pts',(28.7162642881133,-14.9013525273821,12.0496786009978));
#1377=CARTESIAN_POINT('Ctrl Pts',(28.3337877218644,-15.5934839035137,12.0496786009978));
#1378=CARTESIAN_POINT('Ctrl Pts',(27.6859240817744,-16.2409962757789,12.0496786009978));
#1379=CARTESIAN_POINT('Ctrl Pts',(27.0212733739255,-16.6586988499863,12.0496786009978));
#1380=CARTESIAN_POINT('Ctrl Pts',(26.4036410615117,-16.8746418046263,12.0496786009978));
#1381=CARTESIAN_POINT('Ctrl Pts',(25.9542993994037,-16.9508772587584,12.0496786009978));
#1382=CARTESIAN_POINT('Ctrl Pts',(25.6952330171576,-16.9727216708289,12.0496786009978));
#1383=CARTESIAN_POINT('Ctrl Pts',(25.5650886135551,-16.9763601199715,12.0496786009978));
#1384=CARTESIAN_POINT('Ctrl Pts',(25.5,-16.9763601199715,12.0496786009978));
#1385=CARTESIAN_POINT('Ctrl Pts',(28.7511959812848,-13.4999975867261,12.2857170217446));
#1386=CARTESIAN_POINT('Ctrl Pts',(28.7511960264556,-13.5608521901352,12.2857170217446));
#1387=CARTESIAN_POINT('Ctrl Pts',(28.7477660615472,-13.6825373934103,12.2857170217446));
#1388=CARTESIAN_POINT('Ctrl Pts',(28.7273488145697,-13.9247920885068,12.2857170217446));
#1389=CARTESIAN_POINT('Ctrl Pts',(28.6762934178721,-14.2248668346463,12.2857170217446));
#1390=CARTESIAN_POINT('Ctrl Pts',(28.507862146739,-14.81034210725,12.2857170217446));
#1391=CARTESIAN_POINT('Ctrl Pts',(28.1500100521736,-15.4577181816839,12.2857170217446));
#1392=CARTESIAN_POINT('Ctrl Pts',(27.544081554298,-16.0633271019619,12.2857170217446));
#1393=CARTESIAN_POINT('Ctrl Pts',(26.9225738250897,-16.4539428383468,12.2857170217446));
#1394=CARTESIAN_POINT('Ctrl Pts',(26.3449522219788,-16.6559945962363,12.2857170217446));
#1395=CARTESIAN_POINT('Ctrl Pts',(25.9247735392247,-16.7273350517177,12.2857170217446));
#1396=CARTESIAN_POINT('Ctrl Pts',(25.6825505145614,-16.7477740727726,12.2857170217446));
#1397=CARTESIAN_POINT('Ctrl Pts',(25.560851596907,-16.7511959812857,12.2857170217446));
#1398=CARTESIAN_POINT('Ctrl Pts',(25.5,-16.7511959812857,12.2857170217446));
#1399=CARTESIAN_POINT('Ctrl Pts',(28.5873668117584,-13.499997708332,12.4375417699318));
#1400=CARTESIAN_POINT('Ctrl Pts',(28.5873668546443,-13.557774198132,12.4375417699318));
#1401=CARTESIAN_POINT('Ctrl Pts',(28.5840996202076,-13.6733180106541,12.4375417699318));
#1402=CARTESIAN_POINT('Ctrl Pts',(28.5647056343927,-13.9033313471663,12.4375417699318));
#1403=CARTESIAN_POINT('Ctrl Pts',(28.5161869642848,-14.188284040863,12.4375417699318));
#1404=CARTESIAN_POINT('Ctrl Pts',(28.356248430217,-14.7441793789938,12.4375417699318));
#1405=CARTESIAN_POINT('Ctrl Pts',(28.0163472852923,-15.3589744820006,12.4375417699318));
#1406=CARTESIAN_POINT('Ctrl Pts',(27.4409369757729,-15.9340862133167,12.4375417699318));
#1407=CARTESIAN_POINT('Ctrl Pts',(26.8507984981178,-16.3050010141022,12.4375417699318));
#1408=CARTESIAN_POINT('Ctrl Pts',(26.3022871186198,-16.496923573658,12.4375417699318));
#1409=CARTESIAN_POINT('Ctrl Pts',(25.9033137808538,-16.5646925827614,12.4375417699318));
#1410=CARTESIAN_POINT('Ctrl Pts',(25.6733313166527,-16.5841068613856,12.4375417699318));
#1411=CARTESIAN_POINT('Ctrl Pts',(25.5577736353711,-16.5873668117592,12.4375417699318));
#1412=CARTESIAN_POINT('Ctrl Pts',(25.5,-16.5873668117592,12.4375417699318));
#1413=CARTESIAN_POINT('Ctrl Pts',(28.519820217198,-13.49999775847,12.4923265312294));
#1414=CARTESIAN_POINT('Ctrl Pts',(28.519820259153,-13.5565201449716,12.4923265312294));
#1415=CARTESIAN_POINT('Ctrl Pts',(28.516633160557,-13.6695442834581,12.4923265312294));
#1416=CARTESIAN_POINT('Ctrl Pts',(28.4976682554283,-13.8945544465542,12.4923265312294));
#1417=CARTESIAN_POINT('Ctrl Pts',(28.4502419004768,-14.1732738261512,12.4923265312294));
#1418=CARTESIAN_POINT('Ctrl Pts',(28.293797928466,-14.7170735028604,12.4923265312294));
#1419=CARTESIAN_POINT('Ctrl Pts',(27.9614029455236,-15.3183831291499,12.4923265312294));
#1420=CARTESIAN_POINT('Ctrl Pts',(27.3985943646093,-15.8808954723078,12.4923265312294));
#1421=CARTESIAN_POINT('Ctrl Pts',(26.8213233155271,-16.2437103610527,12.4923265312294));
#1422=CARTESIAN_POINT('Ctrl Pts',(26.2848093772752,-16.4313892032815,12.4923265312294));
#1423=CARTESIAN_POINT('Ctrl Pts',(25.894537223239,-16.497655474186,12.4923265312294));
#1424=CARTESIAN_POINT('Ctrl Pts',(25.6695565739345,-16.5166405570027,12.4923265312294));
#1425=CARTESIAN_POINT('Ctrl Pts',(25.5565195940313,-16.5198202171988,12.4923265312294));
#1426=CARTESIAN_POINT('Ctrl Pts',(25.5,-16.5198202171988,12.4923265312294));
#1427=CARTESIAN_POINT('Ctrl Pts',(28.5033671751477,-13.4999977706827,12.5));
#1428=CARTESIAN_POINT('Ctrl Pts',(28.5033672168724,-13.5562098680853,12.5));
#1429=CARTESIAN_POINT('Ctrl Pts',(28.500195452195,-13.6686162784862,12.5));
#1430=CARTESIAN_POINT('Ctrl Pts',(28.4813327549578,-13.8923936684057,12.5));
#1431=CARTESIAN_POINT('Ctrl Pts',(28.4341575675924,-14.1695942545253,12.5));
#1432=CARTESIAN_POINT('Ctrl Pts',(28.278567044736,-14.7104155328564,12.5));
#1433=CARTESIAN_POINT('Ctrl Pts',(27.9479667186347,-15.3084571672913,12.5));
#1434=CARTESIAN_POINT('Ctrl Pts',(27.3882215412659,-15.8679087044804,12.5));
#1435=CARTESIAN_POINT('Ctrl Pts',(26.8141059557548,-16.2287433062572,12.5));
#1436=CARTESIAN_POINT('Ctrl Pts',(26.2805158616178,-16.4154101107884,12.5));
#1437=CARTESIAN_POINT('Ctrl Pts',(25.8923765486253,-16.4813200469092,12.5));
#1438=CARTESIAN_POINT('Ctrl Pts',(25.6686286719693,-16.5002027347398,12.5));
#1439=CARTESIAN_POINT('Ctrl Pts',(25.556209320262,-16.5033671751485,12.5));
#1440=CARTESIAN_POINT('Ctrl Pts',(25.5,-16.5033671751485,12.5));
#1441=CARTESIAN_POINT('Ctrl Pts',(28.4999999999992,-13.499997773182,12.5));
#1442=CARTESIAN_POINT('Ctrl Pts',(28.5000000416804,-13.5561513293698,12.5));
#1443=CARTESIAN_POINT('Ctrl Pts',(28.4968357283687,-13.6684354252244,12.5));
#1444=CARTESIAN_POINT('Ctrl Pts',(28.4779963265596,-13.8919750504193,12.5));
#1445=CARTESIAN_POINT('Ctrl Pts',(28.4308878950054,-14.168865303409,12.5));
#1446=CARTESIAN_POINT('Ctrl Pts',(28.2754697237728,-14.7091101506892,12.5));
#1447=CARTESIAN_POINT('Ctrl Pts',(27.9452714069177,-15.3064656571534,12.5));
#1448=CARTESIAN_POINT('Ctrl Pts',(27.3861594867041,-15.8652823794915,12.5));
#1449=CARTESIAN_POINT('Ctrl Pts',(26.8126678245979,-16.2257192363085,12.5));
#1450=CARTESIAN_POINT('Ctrl Pts',(26.2796745602954,-16.4121566139731,12.5));
#1451=CARTESIAN_POINT('Ctrl Pts',(25.891957931231,-16.4779836259347,12.5));
#1452=CARTESIAN_POINT('Ctrl Pts',(25.6684474787386,-16.4968431439498,12.5));
#1453=CARTESIAN_POINT('Ctrl Pts',(25.5561507819394,-16.5,12.5));
#1454=CARTESIAN_POINT('Ctrl Pts',(25.5,-16.5,12.5));
#1455=CARTESIAN_POINT('',(29.,-13.5,12.));
#1456=CARTESIAN_POINT('',(28.5,-13.5,12.5));
#1457=CARTESIAN_POINT('Ctrl Pts',(28.999999999999,-13.4999974020457,12.));
#1458=CARTESIAN_POINT('Ctrl Pts',(28.999999999999,-13.4999974020457,12.006734350297));
#1459=CARTESIAN_POINT('Ctrl Pts',(28.9763601199705,-13.4999974195929,12.0496786009978));
#1460=CARTESIAN_POINT('Ctrl Pts',(28.7511959812848,-13.4999975867261,12.2857170217446));
#1461=CARTESIAN_POINT('Ctrl Pts',(28.5873668117584,-13.499997708332,12.4375417699318));
#1462=CARTESIAN_POINT('Ctrl Pts',(28.519820217198,-13.49999775847,12.4923265312294));
#1463=CARTESIAN_POINT('Ctrl Pts',(28.5033671751477,-13.4999977706827,12.5));
#1464=CARTESIAN_POINT('Ctrl Pts',(28.4999999999992,-13.499997773182,12.5));
#1465=CARTESIAN_POINT('Ctrl Pts',(28.4999999999992,-13.5000022268169,12.5));
#1466=CARTESIAN_POINT('Ctrl Pts',(28.4999999580236,-13.5561542978511,12.5));
#1467=CARTESIAN_POINT('Ctrl Pts',(28.4968356038533,-13.668436902667,12.5));
#1468=CARTESIAN_POINT('Ctrl Pts',(28.4779963265596,-13.8919750504193,12.5));
#1469=CARTESIAN_POINT('Ctrl Pts',(28.4308878950054,-14.168865303409,12.5));
#1470=CARTESIAN_POINT('Ctrl Pts',(28.2754697237728,-14.7091101506892,12.5));
#1471=CARTESIAN_POINT('Ctrl Pts',(27.9452714069177,-15.3064656571534,12.5));
#1472=CARTESIAN_POINT('Ctrl Pts',(27.3861594867041,-15.8652823794915,12.5));
#1473=CARTESIAN_POINT('Ctrl Pts',(26.8126678245979,-16.2257192363085,12.5));
#1474=CARTESIAN_POINT('Ctrl Pts',(26.2796745602954,-16.4121566139731,12.5));
#1475=CARTESIAN_POINT('Ctrl Pts',(25.891957931231,-16.4779836259347,12.5));
#1476=CARTESIAN_POINT('Ctrl Pts',(25.6684474787386,-16.4968431439498,12.5));
#1477=CARTESIAN_POINT('Ctrl Pts',(25.5561507819394,-16.5,12.5));
#1478=CARTESIAN_POINT('Ctrl Pts',(25.5,-16.5,12.5));
#1479=CARTESIAN_POINT('Ctrl Pts',(25.5,-17.,12.));
#1480=CARTESIAN_POINT('Ctrl Pts',(25.5655092455959,-17.,12.));
#1481=CARTESIAN_POINT('Ctrl Pts',(25.6965220585283,-16.9963170012747,12.));
#1482=CARTESIAN_POINT('Ctrl Pts',(25.9572842531028,-16.9743142302571,12.));
#1483=CARTESIAN_POINT('Ctrl Pts',(26.4096203203447,-16.8975160496352,12.));
#1484=CARTESIAN_POINT('Ctrl Pts',(27.0314457953643,-16.6800057756933,12.));
#1485=CARTESIAN_POINT('Ctrl Pts',(27.7005194011548,-16.2594961094067,12.));
#1486=CARTESIAN_POINT('Ctrl Pts',(28.352816641404,-15.6075432666789,12.));
#1487=CARTESIAN_POINT('Ctrl Pts',(28.7380480110682,-14.9106285091373,12.));
#1488=CARTESIAN_POINT('Ctrl Pts',(28.9193692108396,-14.2803428539772,12.));
#1489=CARTESIAN_POINT('Ctrl Pts',(28.9743290476528,-13.9573042254892,12.));
#1490=CARTESIAN_POINT('Ctrl Pts',(28.9963082044955,-13.6965097197782,12.));
#1491=CARTESIAN_POINT('Ctrl Pts',(28.9999999510276,-13.565513347493,12.));
#1492=CARTESIAN_POINT('Ctrl Pts',(28.999999999999,-13.5000025979531,12.));
#1493=CARTESIAN_POINT('Ctrl Pts',(28.5,-13.5,12.5));
#1494=CARTESIAN_POINT('Ctrl Pts',(28.5,-4.48503712878587,12.5));
#1495=CARTESIAN_POINT('Ctrl Pts',(28.5,4.48503712889438,12.5));
#1496=CARTESIAN_POINT('Ctrl Pts',(28.5,13.5,12.5));
#1497=CARTESIAN_POINT('Ctrl Pts',(28.506734350297,-13.5,12.5));
#1498=CARTESIAN_POINT('Ctrl Pts',(28.506734350297,-4.48503712878588,12.5));
#1499=CARTESIAN_POINT('Ctrl Pts',(28.506734350297,4.48503712889439,12.5));
#1500=CARTESIAN_POINT('Ctrl Pts',(28.506734350297,13.5,12.5));
#1501=CARTESIAN_POINT('Ctrl Pts',(28.5496789237558,-13.5,12.4763576297263));
#1502=CARTESIAN_POINT('Ctrl Pts',(28.5496789237558,-4.48503712878586,12.4763576297263));
#1503=CARTESIAN_POINT('Ctrl Pts',(28.5496789237558,4.48503712889438,12.4763576297263));
#1504=CARTESIAN_POINT('Ctrl Pts',(28.5496789237558,13.5,12.4763576297263));
#1505=CARTESIAN_POINT('Ctrl Pts',(28.7857176242562,-13.5,12.2511944212031));
#1506=CARTESIAN_POINT('Ctrl Pts',(28.7857176242562,-4.48503712878587,12.2511944212031));
#1507=CARTESIAN_POINT('Ctrl Pts',(28.7857176242562,4.4850371288944,12.2511944212031));
#1508=CARTESIAN_POINT('Ctrl Pts',(28.7857176242562,13.5,12.2511944212031));
#1509=CARTESIAN_POINT('Ctrl Pts',(28.9375431434146,-13.5,12.0873642084159));
#1510=CARTESIAN_POINT('Ctrl Pts',(28.9375431434146,-4.48503712878587,12.0873642084159));
#1511=CARTESIAN_POINT('Ctrl Pts',(28.9375431434146,4.48503712889438,12.0873642084159));
#1512=CARTESIAN_POINT('Ctrl Pts',(28.9375431434146,13.5,12.0873642084159));
#1513=CARTESIAN_POINT('Ctrl Pts',(28.9923272478771,-13.5,12.0198188731453));
#1514=CARTESIAN_POINT('Ctrl Pts',(28.9923272478771,-4.48503712878588,12.0198188731453));
#1515=CARTESIAN_POINT('Ctrl Pts',(28.9923272478771,4.48503712889439,12.0198188731453));
#1516=CARTESIAN_POINT('Ctrl Pts',(28.9923272478771,13.5,12.0198188731453));
#1517=CARTESIAN_POINT('Ctrl Pts',(29.,-13.5,12.0033671751485));
#1518=CARTESIAN_POINT('Ctrl Pts',(29.,-4.48503712878586,12.0033671751485));
#1519=CARTESIAN_POINT('Ctrl Pts',(29.,4.48503712889438,12.0033671751485));
#1520=CARTESIAN_POINT('Ctrl Pts',(29.,13.5,12.0033671751485));
#1521=CARTESIAN_POINT('Ctrl Pts',(29.,-13.5,12.));
#1522=CARTESIAN_POINT('Ctrl Pts',(29.,-4.48503712878587,12.));
#1523=CARTESIAN_POINT('Ctrl Pts',(29.,4.48503712889438,12.));
#1524=CARTESIAN_POINT('Ctrl Pts',(29.,13.5,12.));
#1525=CARTESIAN_POINT('',(29.,13.5,12.));
#1526=CARTESIAN_POINT('',(28.5,13.5,12.5));
#1527=CARTESIAN_POINT('Ctrl Pts',(29.,13.5,12.));
#1528=CARTESIAN_POINT('Ctrl Pts',(29.,13.5,12.0033671751485));
#1529=CARTESIAN_POINT('Ctrl Pts',(28.9923272478771,13.5,12.0198188731453));
#1530=CARTESIAN_POINT('Ctrl Pts',(28.9375431434146,13.5,12.0873642084159));
#1531=CARTESIAN_POINT('Ctrl Pts',(28.7857176242562,13.5,12.2511944212031));
#1532=CARTESIAN_POINT('Ctrl Pts',(28.5496789237558,13.5,12.4763576297263));
#1533=CARTESIAN_POINT('Ctrl Pts',(28.506734350297,13.5,12.5));
#1534=CARTESIAN_POINT('Ctrl Pts',(28.5,13.5,12.5));
#1535=CARTESIAN_POINT('Ctrl Pts',(28.5,13.5,12.5));
#1536=CARTESIAN_POINT('Ctrl Pts',(28.5,4.48503712889438,12.5));
#1537=CARTESIAN_POINT('Ctrl Pts',(28.5,-4.48503712878587,12.5));
#1538=CARTESIAN_POINT('Ctrl Pts',(28.5,-13.5,12.5));
#1539=CARTESIAN_POINT('Ctrl Pts',(29.,-13.5,12.));
#1540=CARTESIAN_POINT('Ctrl Pts',(29.,-4.48503712878587,12.));
#1541=CARTESIAN_POINT('Ctrl Pts',(29.,4.48503712889438,12.));
#1542=CARTESIAN_POINT('Ctrl Pts',(29.,13.5,12.));
#1543=CARTESIAN_POINT('Ctrl Pts',(25.4999974977004,16.9999999999991,12.));
#1544=CARTESIAN_POINT('Ctrl Pts',(25.5655067429557,17.0000000468345,12.));
#1545=CARTESIAN_POINT('Ctrl Pts',(25.6965032467439,16.9963086795892,12.));
#1546=CARTESIAN_POINT('Ctrl Pts',(25.9573044719074,16.9743291620246,12.));
#1547=CARTESIAN_POINT('Ctrl Pts',(26.2803427436219,16.9193691384452,12.));
#1548=CARTESIAN_POINT('Ctrl Pts',(26.910628470257,16.7380482599697,12.));
#1549=CARTESIAN_POINT('Ctrl Pts',(27.6075434985686,16.3528165135466,12.));
#1550=CARTESIAN_POINT('Ctrl Pts',(28.2594961092584,15.7005196096567,12.));
#1551=CARTESIAN_POINT('Ctrl Pts',(28.6800055291269,15.0314465118404,12.));
#1552=CARTESIAN_POINT('Ctrl Pts',(28.8975161862949,14.4096206275684,12.));
#1553=CARTESIAN_POINT('Ctrl Pts',(28.9743141504382,13.957284079646,12.));
#1554=CARTESIAN_POINT('Ctrl Pts',(28.996316674291,13.6965268593775,12.));
#1555=CARTESIAN_POINT('Ctrl Pts',(29.,13.5655124803334,12.));
#1556=CARTESIAN_POINT('Ctrl Pts',(29.,13.5,12.));
#1557=CARTESIAN_POINT('Ctrl Pts',(25.4999974977004,16.9999999999991,12.006734350297));
#1558=CARTESIAN_POINT('Ctrl Pts',(25.5654590654068,17.0000000468004,12.006734350297));
#1559=CARTESIAN_POINT('Ctrl Pts',(25.6964161067644,16.9962672216712,12.006734350297));
#1560=CARTESIAN_POINT('Ctrl Pts',(25.95707770016,16.9742648454955,12.006734350297));
#1561=CARTESIAN_POINT('Ctrl Pts',(26.2801112286909,16.919157248483,12.006734350297));
#1562=CARTESIAN_POINT('Ctrl Pts',(26.9100787191261,16.7378585716159,12.006734350297));
#1563=CARTESIAN_POINT('Ctrl Pts',(27.6071602372469,16.3522930460531,12.006734350297));
#1564=CARTESIAN_POINT('Ctrl Pts',(28.2591936803601,15.6999353914951,12.006734350297));
#1565=CARTESIAN_POINT('Ctrl Pts',(28.6796307431107,15.0310723461007,12.006734350297));
#1566=CARTESIAN_POINT('Ctrl Pts',(28.8973558349543,14.4092613174894,12.006734350297));
#1567=CARTESIAN_POINT('Ctrl Pts',(28.9742499066644,13.9570575061444,12.006734350297));
#1568=CARTESIAN_POINT('Ctrl Pts',(28.9962737140817,13.6964431827296,12.006734350297));
#1569=CARTESIAN_POINT('Ctrl Pts',(29.,13.5654648004301,12.006734350297));
#1570=CARTESIAN_POINT('Ctrl Pts',(29.,13.5,12.006734350297));
#1571=CARTESIAN_POINT('Ctrl Pts',(25.4999975146015,16.9763601199706,12.0496786009978));
#1572=CARTESIAN_POINT('Ctrl Pts',(25.5650861278182,16.9763601665053,12.0496786009978));
#1573=CARTESIAN_POINT('Ctrl Pts',(25.6952159200544,16.9727127172699,12.0496786009978));
#1574=CARTESIAN_POINT('Ctrl Pts',(25.9543195723658,16.9508921229664,12.0496786009978));
#1575=CARTESIAN_POINT('Ctrl Pts',(26.2751781345046,16.8963708942787,12.0496786009978));
#1576=CARTESIAN_POINT('Ctrl Pts',(26.901352488744,16.7162645354077,12.0496786009978));
#1577=CARTESIAN_POINT('Ctrl Pts',(27.5934841339197,16.3337875948106,12.0496786009978));
#1578=CARTESIAN_POINT('Ctrl Pts',(28.2409962756424,15.6859242889153,12.0496786009978));
#1579=CARTESIAN_POINT('Ctrl Pts',(28.6586986050114,15.0212740857811,12.0496786009978));
#1580=CARTESIAN_POINT('Ctrl Pts',(28.8746419404129,14.4036413667497,12.0496786009978));
#1581=CARTESIAN_POINT('Ctrl Pts',(28.9508771794538,13.9542992270525,12.0496786009978));
#1582=CARTESIAN_POINT('Ctrl Pts',(28.9727213459458,13.695237787174,12.0496786009978));
#1583=CARTESIAN_POINT('Ctrl Pts',(28.9763601199715,13.5650918275225,12.0496786009978));
#1584=CARTESIAN_POINT('Ctrl Pts',(28.9763601199715,13.5,12.0496786009978));
#1585=CARTESIAN_POINT('Ctrl Pts',(25.499997675581,16.7511959812852,12.2857170217445));
#1586=CARTESIAN_POINT('Ctrl Pts',(25.5608492721716,16.7511960247906,12.2857170217445));
#1587=CARTESIAN_POINT('Ctrl Pts',(25.6825329817346,16.7477663679229,12.2857170217445));
#1588=CARTESIAN_POINT('Ctrl Pts',(25.9247923174057,16.7273489208101,12.2857170217445));
#1589=CARTESIAN_POINT('Ctrl Pts',(26.2248667321376,16.6762933506253,12.2857170217445));
#1590=CARTESIAN_POINT('Ctrl Pts',(26.8103420711343,16.5078623779444,12.2857170217446));
#1591=CARTESIAN_POINT('Ctrl Pts',(27.4577183970863,16.1500099334075,12.2857170217446));
#1592=CARTESIAN_POINT('Ctrl Pts',(28.0633271018237,15.5440817479765,12.2857170217446));
#1593=CARTESIAN_POINT('Ctrl Pts',(28.4539426093108,14.9225744906258,12.2857170217446));
#1594=CARTESIAN_POINT('Ctrl Pts',(28.6559947231794,14.3449525073598,12.2857170217446));
#1595=CARTESIAN_POINT('Ctrl Pts',(28.7273349775738,13.9247733781008,12.2857170217446));
#1596=CARTESIAN_POINT('Ctrl Pts',(28.7477737690371,13.6825549740748,12.2857170217446));
#1597=CARTESIAN_POINT('Ctrl Pts',(28.7511959812857,13.5608546016576,12.2857170217446));
#1598=CARTESIAN_POINT('Ctrl Pts',(28.7511959812857,13.5,12.2857170217446));
#1599=CARTESIAN_POINT('Ctrl Pts',(25.4999977927094,16.5873668117588,12.4375417699318));
#1600=CARTESIAN_POINT('Ctrl Pts',(25.5577714277802,16.5873668530637,12.4375417699318));
#1601=CARTESIAN_POINT('Ctrl Pts',(25.6733138221403,16.5840999110872,12.4375417699318));
#1602=CARTESIAN_POINT('Ctrl Pts',(25.9033315644991,16.5647057352607,12.4375417699318));
#1603=CARTESIAN_POINT('Ctrl Pts',(26.1882839435468,16.5161869004426,12.4375417699318));
#1604=CARTESIAN_POINT('Ctrl Pts',(26.7441793447087,16.3562486497325,12.4375417699318));
#1605=CARTESIAN_POINT('Ctrl Pts',(27.3589746865048,16.0163471725429,12.4375417699318));
#1606=CARTESIAN_POINT('Ctrl Pts',(27.9340862131797,15.4409371596669,12.4375417699318));
#1607=CARTESIAN_POINT('Ctrl Pts',(28.3050007966467,14.8507991300008,12.4375417699318));
#1608=CARTESIAN_POINT('Ctrl Pts',(28.4969236941778,14.3022873895728,12.4375417699318));
#1609=CARTESIAN_POINT('Ctrl Pts',(28.564692512367,13.9033136278842,12.4375417699318));
#1610=CARTESIAN_POINT('Ctrl Pts',(28.5841065730129,13.6733355506011,12.4375417699318));
#1611=CARTESIAN_POINT('Ctrl Pts',(28.5873668117592,13.557776488137,12.4375417699318));
#1612=CARTESIAN_POINT('Ctrl Pts',(28.5873668117592,13.5,12.4375417699318));
#1613=CARTESIAN_POINT('Ctrl Pts',(25.4999978410014,16.5198202171985,12.4923265312294));
#1614=CARTESIAN_POINT('Ctrl Pts',(25.5565174347388,16.5198202576068,12.4923265312294));
#1615=CARTESIAN_POINT('Ctrl Pts',(25.6695401858495,16.5166334451222,12.4923265312294));
#1616=CARTESIAN_POINT('Ctrl Pts',(25.8945546591593,16.4976683541058,12.4923265312294));
#1617=CARTESIAN_POINT('Ctrl Pts',(26.173273730941,16.4502418380178,12.4923265312294));
#1618=CARTESIAN_POINT('Ctrl Pts',(26.7170734693162,16.2937981432127,12.4923265312294));
#1619=CARTESIAN_POINT('Ctrl Pts',(27.3183833292175,15.9614028352137,12.4923265312294));
#1620=CARTESIAN_POINT('Ctrl Pts',(27.8808954721788,15.3985945445015,12.4923265312294));
#1621=CARTESIAN_POINT('Ctrl Pts',(28.2437101483211,14.8213239336852,12.4923265312294));
#1622=CARTESIAN_POINT('Ctrl Pts',(28.4313893211873,14.2848096423409,12.4923265312294));
#1623=CARTESIAN_POINT('Ctrl Pts',(28.4976554053203,13.894537073586,12.4923265312294));
#1624=CARTESIAN_POINT('Ctrl Pts',(28.5166402748899,13.6695607159772,12.4923265312294));
#1625=CARTESIAN_POINT('Ctrl Pts',(28.5198202171988,13.5565223848747,12.4923265312294));
#1626=CARTESIAN_POINT('Ctrl Pts',(28.5198202171988,13.5,12.4923265312294));
#1627=CARTESIAN_POINT('Ctrl Pts',(25.4999978527644,16.5033671751482,12.5));
#1628=CARTESIAN_POINT('Ctrl Pts',(25.5562071727341,16.5033672153347,12.5));
#1629=CARTESIAN_POINT('Ctrl Pts',(25.6686122033747,16.5001957351982,12.5));
#1630=CARTESIAN_POINT('Ctrl Pts',(25.892393879846,16.4813328530939,12.5));
#1631=CARTESIAN_POINT('Ctrl Pts',(26.1695941598392,16.434157505477,12.5));
#1632=CARTESIAN_POINT('Ctrl Pts',(26.7104154994971,16.2785672583047,12.5));
#1633=CARTESIAN_POINT('Ctrl Pts',(27.3084573662601,15.9479666089322,12.5));
#1634=CARTESIAN_POINT('Ctrl Pts',(27.8679087043509,15.3882217201729,12.5));
#1635=CARTESIAN_POINT('Ctrl Pts',(28.2287430946925,14.8141065705216,12.5));
#1636=CARTESIAN_POINT('Ctrl Pts',(28.4154102280464,14.2805161252298,12.5));
#1637=CARTESIAN_POINT('Ctrl Pts',(28.4813199784213,13.8923763997948,12.5));
#1638=CARTESIAN_POINT('Ctrl Pts',(28.5002024541756,13.6686327912743,12.5));
#1639=CARTESIAN_POINT('Ctrl Pts',(28.5033671751485,13.5562120957847,12.5));
#1640=CARTESIAN_POINT('Ctrl Pts',(28.5033671751485,13.5,12.5));
#1641=CARTESIAN_POINT('Ctrl Pts',(25.4999978551717,16.4999999999997,12.5));
#1642=CARTESIAN_POINT('Ctrl Pts',(25.5561486368191,16.5000000401443,12.5));
#1643=CARTESIAN_POINT('Ctrl Pts',(25.6684313543519,16.496836011077,12.5));
#1644=CARTESIAN_POINT('Ctrl Pts',(25.8919752616349,16.477996424593,12.5));
#1645=CARTESIAN_POINT('Ctrl Pts',(26.1688652088188,16.4308878329535,12.5));
#1646=CARTESIAN_POINT('Ctrl Pts',(26.7091101173631,16.2754699371173,12.5));
#1647=CARTESIAN_POINT('Ctrl Pts',(27.306465855916,15.9452712973259,12.5));
#1648=CARTESIAN_POINT('Ctrl Pts',(27.8652823793643,15.3861596654202,12.5));
#1649=CARTESIAN_POINT('Ctrl Pts',(28.2257190249659,14.8126684387204,12.5));
#1650=CARTESIAN_POINT('Ctrl Pts',(28.4121567311099,14.2796748236301,12.5));
#1651=CARTESIAN_POINT('Ctrl Pts',(28.4779835575185,13.8919577825537,12.5));
#1652=CARTESIAN_POINT('Ctrl Pts',(28.496842863678,13.6684515937522,12.5));
#1653=CARTESIAN_POINT('Ctrl Pts',(28.5,13.5561535545715,12.5));
#1654=CARTESIAN_POINT('Ctrl Pts',(28.5,13.5,12.5));
#1655=CARTESIAN_POINT('',(25.5,17.,12.));
#1656=CARTESIAN_POINT('',(25.5,16.5000000000005,12.5));
#1657=CARTESIAN_POINT('Ctrl Pts',(25.4999974977004,16.9999999999991,12.));
#1658=CARTESIAN_POINT('Ctrl Pts',(25.4999974977004,16.9999999999991,12.006734350297));
#1659=CARTESIAN_POINT('Ctrl Pts',(25.4999975146015,16.9763601199706,12.0496786009978));
#1660=CARTESIAN_POINT('Ctrl Pts',(25.499997675581,16.7511959812852,12.2857170217445));
#1661=CARTESIAN_POINT('Ctrl Pts',(25.4999977927094,16.5873668117588,12.4375417699318));
#1662=CARTESIAN_POINT('Ctrl Pts',(25.4999978410014,16.5198202171985,12.4923265312294));
#1663=CARTESIAN_POINT('Ctrl Pts',(25.4999978527644,16.5033671751482,12.5));
#1664=CARTESIAN_POINT('Ctrl Pts',(25.4999978551717,16.4999999999997,12.5));
#1665=CARTESIAN_POINT('Ctrl Pts',(25.5000021448272,16.4999999999997,12.5));
#1666=CARTESIAN_POINT('Ctrl Pts',(25.5561514961094,16.499999959571,12.5));
#1667=CARTESIAN_POINT('Ctrl Pts',(25.6684327774937,16.496835891139,12.5));
#1668=CARTESIAN_POINT('Ctrl Pts',(25.8919752616349,16.477996424593,12.5));
#1669=CARTESIAN_POINT('Ctrl Pts',(26.1688652088188,16.4308878329535,12.5));
#1670=CARTESIAN_POINT('Ctrl Pts',(26.7091101173631,16.2754699371173,12.5));
#1671=CARTESIAN_POINT('Ctrl Pts',(27.306465855916,15.9452712973259,12.5));
#1672=CARTESIAN_POINT('Ctrl Pts',(27.8652823793643,15.3861596654202,12.5));
#1673=CARTESIAN_POINT('Ctrl Pts',(28.2257190249659,14.8126684387204,12.5));
#1674=CARTESIAN_POINT('Ctrl Pts',(28.4121567311099,14.2796748236301,12.5));
#1675=CARTESIAN_POINT('Ctrl Pts',(28.4779835575185,13.8919577825537,12.5));
#1676=CARTESIAN_POINT('Ctrl Pts',(28.496842863678,13.6684515937522,12.5));
#1677=CARTESIAN_POINT('Ctrl Pts',(28.5,13.5561535545715,12.5));
#1678=CARTESIAN_POINT('Ctrl Pts',(28.5,13.5,12.5));
#1679=CARTESIAN_POINT('Ctrl Pts',(29.,13.5,12.));
#1680=CARTESIAN_POINT('Ctrl Pts',(29.,13.5655124803334,12.));
#1681=CARTESIAN_POINT('Ctrl Pts',(28.996316674291,13.6965268593775,12.));
#1682=CARTESIAN_POINT('Ctrl Pts',(28.9743141504382,13.957284079646,12.));
#1683=CARTESIAN_POINT('Ctrl Pts',(28.8975161862949,14.4096206275684,12.));
#1684=CARTESIAN_POINT('Ctrl Pts',(28.6800055291269,15.0314465118404,12.));
#1685=CARTESIAN_POINT('Ctrl Pts',(28.2594961092584,15.7005196096567,12.));
#1686=CARTESIAN_POINT('Ctrl Pts',(27.6075434985686,16.3528165135466,12.));
#1687=CARTESIAN_POINT('Ctrl Pts',(26.910628470257,16.7380482599697,12.));
#1688=CARTESIAN_POINT('Ctrl Pts',(26.2803427436219,16.9193691384452,12.));
#1689=CARTESIAN_POINT('Ctrl Pts',(25.9573044719074,16.9743291620246,12.));
#1690=CARTESIAN_POINT('Ctrl Pts',(25.6965049070761,16.9963085396616,12.));
#1691=CARTESIAN_POINT('Ctrl Pts',(25.5655100787944,16.9999999528323,12.));
#1692=CARTESIAN_POINT('Ctrl Pts',(25.5000025022985,16.9999999999991,12.));
#1693=CARTESIAN_POINT('Ctrl Pts',(25.5,16.5,12.5));
#1694=CARTESIAN_POINT('Ctrl Pts',(8.47256756933449,16.5,12.5));
#1695=CARTESIAN_POINT('Ctrl Pts',(-8.47256756939147,16.5,12.5));
#1696=CARTESIAN_POINT('Ctrl Pts',(-25.5,16.5,12.5));
#1697=CARTESIAN_POINT('Ctrl Pts',(25.5,16.506734350297,12.5));
#1698=CARTESIAN_POINT('Ctrl Pts',(8.4725675693345,16.506734350297,12.5));
#1699=CARTESIAN_POINT('Ctrl Pts',(-8.47256756939146,16.506734350297,12.5));
#1700=CARTESIAN_POINT('Ctrl Pts',(-25.5,16.506734350297,12.5));
#1701=CARTESIAN_POINT('Ctrl Pts',(25.5,16.5496789237558,12.4763576297262));
#1702=CARTESIAN_POINT('Ctrl Pts',(8.47256756933445,16.5496789237558,12.4763576297262));
#1703=CARTESIAN_POINT('Ctrl Pts',(-8.47256756939149,16.5496789237557,12.4763576297262));
#1704=CARTESIAN_POINT('Ctrl Pts',(-25.5,16.5496789237557,12.4763576297262));
#1705=CARTESIAN_POINT('Ctrl Pts',(25.5,16.7857176242562,12.2511944212031));
#1706=CARTESIAN_POINT('Ctrl Pts',(8.47256756933452,16.7857176242562,12.2511944212031));
#1707=CARTESIAN_POINT('Ctrl Pts',(-8.47256756939147,16.7857176242562,12.2511944212031));
#1708=CARTESIAN_POINT('Ctrl Pts',(-25.5,16.7857176242562,12.2511944212031));
#1709=CARTESIAN_POINT('Ctrl Pts',(25.5,16.9375431434145,12.0873642084159));
#1710=CARTESIAN_POINT('Ctrl Pts',(8.47256756933447,16.9375431434145,12.0873642084159));
#1711=CARTESIAN_POINT('Ctrl Pts',(-8.47256756939147,16.9375431434145,12.0873642084159));
#1712=CARTESIAN_POINT('Ctrl Pts',(-25.5,16.9375431434145,12.0873642084159));
#1713=CARTESIAN_POINT('Ctrl Pts',(25.5,16.9923272478771,12.0198188731453));
#1714=CARTESIAN_POINT('Ctrl Pts',(8.47256756933449,16.9923272478771,12.0198188731453));
#1715=CARTESIAN_POINT('Ctrl Pts',(-8.47256756939149,16.9923272478771,12.0198188731453));
#1716=CARTESIAN_POINT('Ctrl Pts',(-25.5,16.9923272478771,12.0198188731453));
#1717=CARTESIAN_POINT('Ctrl Pts',(25.5,17.,12.0033671751485));
#1718=CARTESIAN_POINT('Ctrl Pts',(8.47256756933447,17.,12.0033671751485));
#1719=CARTESIAN_POINT('Ctrl Pts',(-8.47256756939146,17.,12.0033671751485));
#1720=CARTESIAN_POINT('Ctrl Pts',(-25.5,17.,12.0033671751485));
#1721=CARTESIAN_POINT('Ctrl Pts',(25.5,17.,12.));
#1722=CARTESIAN_POINT('Ctrl Pts',(8.47256756933449,17.,12.));
#1723=CARTESIAN_POINT('Ctrl Pts',(-8.47256756939147,17.,12.));
#1724=CARTESIAN_POINT('Ctrl Pts',(-25.5,17.,12.));
#1725=CARTESIAN_POINT('',(-25.5,16.5,12.5));
#1726=CARTESIAN_POINT('Ctrl Pts',(-25.5,17.,12.));
#1727=CARTESIAN_POINT('Ctrl Pts',(-25.5,17.,12.0033671751485));
#1728=CARTESIAN_POINT('Ctrl Pts',(-25.5,16.9923272478771,12.0198188731453));
#1729=CARTESIAN_POINT('Ctrl Pts',(-25.5,16.9375431434145,12.0873642084159));
#1730=CARTESIAN_POINT('Ctrl Pts',(-25.5,16.7857176242562,12.2511944212031));
#1731=CARTESIAN_POINT('Ctrl Pts',(-25.5,16.5496789237557,12.4763576297262));
#1732=CARTESIAN_POINT('Ctrl Pts',(-25.5,16.506734350297,12.5));
#1733=CARTESIAN_POINT('Ctrl Pts',(-25.5,16.5,12.5));
#1734=CARTESIAN_POINT('Ctrl Pts',(-25.5,16.5,12.5));
#1735=CARTESIAN_POINT('Ctrl Pts',(-8.47256756939147,16.5,12.5));
#1736=CARTESIAN_POINT('Ctrl Pts',(8.47256756933449,16.5,12.5));
#1737=CARTESIAN_POINT('Ctrl Pts',(25.5,16.5,12.5));
#1738=CARTESIAN_POINT('Ctrl Pts',(25.5,17.,12.));
#1739=CARTESIAN_POINT('Ctrl Pts',(8.47256756933449,17.,12.));
#1740=CARTESIAN_POINT('Ctrl Pts',(-8.47256756939147,17.,12.));
#1741=CARTESIAN_POINT('Ctrl Pts',(-25.5,17.,12.));
#1742=CARTESIAN_POINT('Ctrl Pts',(-28.999999999999,13.4999974020457,12.));
#1743=CARTESIAN_POINT('Ctrl Pts',(-29.0000000486272,13.5655098842605,12.));
#1744=CARTESIAN_POINT('Ctrl Pts',(-28.9963083497665,13.696507996082,12.));
#1745=CARTESIAN_POINT('Ctrl Pts',(-28.9743290476547,13.9573042254676,12.));
#1746=CARTESIAN_POINT('Ctrl Pts',(-28.9193692108666,14.2803428539375,12.));
#1747=CARTESIAN_POINT('Ctrl Pts',(-28.7380480110781,14.9106285090658,12.));
#1748=CARTESIAN_POINT('Ctrl Pts',(-28.352816641606,15.6075432665561,12.));
#1749=CARTESIAN_POINT('Ctrl Pts',(-27.7005194010958,16.2594961093292,12.));
#1750=CARTESIAN_POINT('Ctrl Pts',(-27.0314457959848,16.6800057754865,12.));
#1751=CARTESIAN_POINT('Ctrl Pts',(-26.4096203199083,16.897516049705,12.));
#1752=CARTESIAN_POINT('Ctrl Pts',(-25.9572842540594,16.9743142301113,12.));
#1753=CARTESIAN_POINT('Ctrl Pts',(-25.6965220589044,16.9963170012784,12.));
#1754=CARTESIAN_POINT('Ctrl Pts',(-25.5655092457303,17.,12.));
#1755=CARTESIAN_POINT('Ctrl Pts',(-25.5,17.,12.));
#1756=CARTESIAN_POINT('Ctrl Pts',(-28.999999999999,13.4999974020457,12.006734350297));
#1757=CARTESIAN_POINT('Ctrl Pts',(-29.0000000485918,13.5654622043559,12.006734350297));
#1758=CARTESIAN_POINT('Ctrl Pts',(-28.9962668920858,13.6964208525924,12.006734350297));
#1759=CARTESIAN_POINT('Ctrl Pts',(-28.9742647312039,13.9570774538508,12.006734350297));
#1760=CARTESIAN_POINT('Ctrl Pts',(-28.919157320839,14.2801113388957,12.006734350297));
#1761=CARTESIAN_POINT('Ctrl Pts',(-28.7378583228857,14.9100787578906,12.006734350297));
#1762=CARTESIAN_POINT('Ctrl Pts',(-28.3522931739814,15.6071600054146,12.006734350297));
#1763=CARTESIAN_POINT('Ctrl Pts',(-27.6999351830372,16.2591936804546,12.006734350297));
#1764=CARTESIAN_POINT('Ctrl Pts',(-27.0310716307223,16.6796309893091,12.006734350297));
#1765=CARTESIAN_POINT('Ctrl Pts',(-26.4092610100245,16.8973556984735,12.006734350297));
#1766=CARTESIAN_POINT('Ctrl Pts',(-25.9570576804129,16.9742499862832,12.006734350297));
#1767=CARTESIAN_POINT('Ctrl Pts',(-25.6964383857354,16.9962740408336,12.006734350297));
#1768=CARTESIAN_POINT('Ctrl Pts',(-25.5654615681811,17.,12.006734350297));
#1769=CARTESIAN_POINT('Ctrl Pts',(-25.5,17.,12.006734350297));
#1770=CARTESIAN_POINT('Ctrl Pts',(-28.9763601199705,13.4999974195929,12.0496786009978));
#1771=CARTESIAN_POINT('Ctrl Pts',(-28.9763601682864,13.5650892489848,12.0496786009978));
#1772=CARTESIAN_POINT('Ctrl Pts',(-28.9727123895661,13.6952206389218,12.0496786009978));
#1773=CARTESIAN_POINT('Ctrl Pts',(-28.950892009333,13.9543193275307,12.0496786009978));
#1774=CARTESIAN_POINT('Ctrl Pts',(-28.8963709662407,14.2751782441257,12.0496786009978));
#1775=CARTESIAN_POINT('Ctrl Pts',(-28.7162642881231,14.901352527311,12.0496786009978));
#1776=CARTESIAN_POINT('Ctrl Pts',(-28.3337877220652,15.5934839033917,12.0496786009978));
#1777=CARTESIAN_POINT('Ctrl Pts',(-27.6859240817158,16.2409962757019,12.0496786009978));
#1778=CARTESIAN_POINT('Ctrl Pts',(-27.0212733745421,16.6586988497809,12.0496786009978));
#1779=CARTESIAN_POINT('Ctrl Pts',(-26.4036410610782,16.8746418046956,12.0496786009978));
#1780=CARTESIAN_POINT('Ctrl Pts',(-25.9542994003541,16.9508772586136,12.0496786009978));
#1781=CARTESIAN_POINT('Ctrl Pts',(-25.6952330175312,16.9727216708325,12.0496786009978));
#1782=CARTESIAN_POINT('Ctrl Pts',(-25.5650886136886,16.9763601199715,12.0496786009978));
#1783=CARTESIAN_POINT('Ctrl Pts',(-25.5,16.9763601199715,12.0496786009978));
#1784=CARTESIAN_POINT('Ctrl Pts',(-28.7511959812848,13.4999975867261,12.2857170217446));
#1785=CARTESIAN_POINT('Ctrl Pts',(-28.7511960264555,13.5608521901314,12.2857170217446));
#1786=CARTESIAN_POINT('Ctrl Pts',(-28.74776606155,13.6825373933981,12.2857170217446));
#1787=CARTESIAN_POINT('Ctrl Pts',(-28.7273488145714,13.9247920884867,12.2857170217446));
#1788=CARTESIAN_POINT('Ctrl Pts',(-28.6762934178971,14.2248668346094,12.2857170217446));
#1789=CARTESIAN_POINT('Ctrl Pts',(-28.5078621467482,14.8103421071836,12.2857170217446));
#1790=CARTESIAN_POINT('Ctrl Pts',(-28.1500100523613,15.4577181815698,12.2857170217446));
#1791=CARTESIAN_POINT('Ctrl Pts',(-27.5440815542432,16.0633271018899,12.2857170217446));
#1792=CARTESIAN_POINT('Ctrl Pts',(-26.9225738256661,16.4539428381548,12.2857170217446));
#1793=CARTESIAN_POINT('Ctrl Pts',(-26.3449522215735,16.6559945963011,12.2857170217446));
#1794=CARTESIAN_POINT('Ctrl Pts',(-25.9247735401132,16.7273350515823,12.2857170217446));
#1795=CARTESIAN_POINT('Ctrl Pts',(-25.6825505149108,16.747774072776,12.2857170217446));
#1796=CARTESIAN_POINT('Ctrl Pts',(-25.5608515970318,16.7511959812857,12.2857170217446));
#1797=CARTESIAN_POINT('Ctrl Pts',(-25.5,16.7511959812857,12.2857170217446));
#1798=CARTESIAN_POINT('Ctrl Pts',(-28.5873668117583,13.499997708332,12.4375417699318));
#1799=CARTESIAN_POINT('Ctrl Pts',(-28.5873668546442,13.5577741981283,12.4375417699318));
#1800=CARTESIAN_POINT('Ctrl Pts',(-28.5840996202102,13.6733180106425,12.4375417699318));
#1801=CARTESIAN_POINT('Ctrl Pts',(-28.5647056343944,13.9033313471473,12.4375417699318));
#1802=CARTESIAN_POINT('Ctrl Pts',(-28.5161869643085,14.188284040828,12.4375417699318));
#1803=CARTESIAN_POINT('Ctrl Pts',(-28.3562484302256,14.7441793789307,12.4375417699318));
#1804=CARTESIAN_POINT('Ctrl Pts',(-28.0163472854705,15.3589744818922,12.4375417699318));
#1805=CARTESIAN_POINT('Ctrl Pts',(-27.4409369757209,15.9340862132483,12.4375417699318));
#1806=CARTESIAN_POINT('Ctrl Pts',(-26.850798498665,16.3050010139199,12.4375417699318));
#1807=CARTESIAN_POINT('Ctrl Pts',(-26.302287118235,16.4969235737195,12.4375417699318));
#1808=CARTESIAN_POINT('Ctrl Pts',(-25.9033137816974,16.5646925826329,12.4375417699318));
#1809=CARTESIAN_POINT('Ctrl Pts',(-25.6733313169844,16.5841068613888,12.4375417699318));
#1810=CARTESIAN_POINT('Ctrl Pts',(-25.5577736354896,16.5873668117592,12.4375417699318));
#1811=CARTESIAN_POINT('Ctrl Pts',(-25.5,16.5873668117592,12.4375417699318));
#1812=CARTESIAN_POINT('Ctrl Pts',(-28.519820217198,13.49999775847,12.4923265312294));
#1813=CARTESIAN_POINT('Ctrl Pts',(-28.519820259153,13.556520144968,12.4923265312294));
#1814=CARTESIAN_POINT('Ctrl Pts',(-28.5166331605596,13.6695442834468,12.4923265312294));
#1815=CARTESIAN_POINT('Ctrl Pts',(-28.4976682554299,13.8945544465356,12.4923265312294));
#1816=CARTESIAN_POINT('Ctrl Pts',(-28.4502419005,14.1732738261169,12.4923265312294));
#1817=CARTESIAN_POINT('Ctrl Pts',(-28.2937979284745,14.7170735027987,12.4923265312294));
#1818=CARTESIAN_POINT('Ctrl Pts',(-27.9614029456979,15.3183831290439,12.4923265312294));
#1819=CARTESIAN_POINT('Ctrl Pts',(-27.3985943645584,15.880895472241,12.4923265312294));
#1820=CARTESIAN_POINT('Ctrl Pts',(-26.8213233160625,16.2437103608743,12.4923265312294));
#1821=CARTESIAN_POINT('Ctrl Pts',(-26.2848093768988,16.4313892033417,12.4923265312294));
#1822=CARTESIAN_POINT('Ctrl Pts',(-25.8945372240642,16.4976554740602,12.4923265312294));
#1823=CARTESIAN_POINT('Ctrl Pts',(-25.669556574259,16.5166405570059,12.4923265312294));
#1824=CARTESIAN_POINT('Ctrl Pts',(-25.5565195941472,16.5198202171988,12.4923265312294));
#1825=CARTESIAN_POINT('Ctrl Pts',(-25.5,16.5198202171988,12.4923265312294));
#1826=CARTESIAN_POINT('Ctrl Pts',(-28.5033671751477,13.4999977706827,12.5));
#1827=CARTESIAN_POINT('Ctrl Pts',(-28.5033672168724,13.5562098680817,12.5));
#1828=CARTESIAN_POINT('Ctrl Pts',(-28.5001954521976,13.6686162784749,12.5));
#1829=CARTESIAN_POINT('Ctrl Pts',(-28.4813327549594,13.8923936683871,12.5));
#1830=CARTESIAN_POINT('Ctrl Pts',(-28.4341575676155,14.1695942544912,12.5));
#1831=CARTESIAN_POINT('Ctrl Pts',(-28.2785670447444,14.710415532795,12.5));
#1832=CARTESIAN_POINT('Ctrl Pts',(-27.9479667188081,15.308457167186,12.5));
#1833=CARTESIAN_POINT('Ctrl Pts',(-27.3882215412153,15.8679087044139,12.5));
#1834=CARTESIAN_POINT('Ctrl Pts',(-26.8141059562872,16.2287433060798,12.5));
#1835=CARTESIAN_POINT('Ctrl Pts',(-26.2805158612435,16.4154101108483,12.5));
#1836=CARTESIAN_POINT('Ctrl Pts',(-25.8923765494461,16.4813200467841,12.5));
#1837=CARTESIAN_POINT('Ctrl Pts',(-25.668628672292,16.500202734743,12.5));
#1838=CARTESIAN_POINT('Ctrl Pts',(-25.5562093203773,16.5033671751485,12.5));
#1839=CARTESIAN_POINT('Ctrl Pts',(-25.5,16.5033671751485,12.5));
#1840=CARTESIAN_POINT('Ctrl Pts',(-28.4999999999992,13.499997773182,12.5));
#1841=CARTESIAN_POINT('Ctrl Pts',(-28.5000000416804,13.5561513293662,12.5));
#1842=CARTESIAN_POINT('Ctrl Pts',(-28.4968357283713,13.6684354252132,12.5));
#1843=CARTESIAN_POINT('Ctrl Pts',(-28.4779963265612,13.8919750504008,12.5));
#1844=CARTESIAN_POINT('Ctrl Pts',(-28.4308878950285,14.168865303375,12.5));
#1845=CARTESIAN_POINT('Ctrl Pts',(-28.2754697237812,14.7091101506278,12.5));
#1846=CARTESIAN_POINT('Ctrl Pts',(-27.9452714070909,15.3064656570481,12.5));
#1847=CARTESIAN_POINT('Ctrl Pts',(-27.3861594866536,15.8652823794251,12.5));
#1848=CARTESIAN_POINT('Ctrl Pts',(-26.8126678251299,16.2257192361313,12.5));
#1849=CARTESIAN_POINT('Ctrl Pts',(-26.2796745599215,16.4121566140329,12.5));
#1850=CARTESIAN_POINT('Ctrl Pts',(-25.8919579320509,16.4779836258097,12.5));
#1851=CARTESIAN_POINT('Ctrl Pts',(-25.6684474790609,16.4968431439529,12.5));
#1852=CARTESIAN_POINT('Ctrl Pts',(-25.5561507820545,16.5,12.5));
#1853=CARTESIAN_POINT('Ctrl Pts',(-25.5,16.5,12.5));
#1854=CARTESIAN_POINT('',(-28.5,13.5,12.5));
#1855=CARTESIAN_POINT('Ctrl Pts',(-28.999999999999,13.4999974020457,12.));
#1856=CARTESIAN_POINT('Ctrl Pts',(-28.999999999999,13.4999974020457,12.006734350297));
#1857=CARTESIAN_POINT('Ctrl Pts',(-28.9763601199705,13.4999974195929,12.0496786009978));
#1858=CARTESIAN_POINT('Ctrl Pts',(-28.7511959812848,13.4999975867261,12.2857170217446));
#1859=CARTESIAN_POINT('Ctrl Pts',(-28.5873668117583,13.499997708332,12.4375417699318));
#1860=CARTESIAN_POINT('Ctrl Pts',(-28.519820217198,13.49999775847,12.4923265312294));
#1861=CARTESIAN_POINT('Ctrl Pts',(-28.5033671751477,13.4999977706827,12.5));
#1862=CARTESIAN_POINT('Ctrl Pts',(-28.4999999999992,13.499997773182,12.5));
#1863=CARTESIAN_POINT('Ctrl Pts',(-28.4999999999992,13.5000022268169,12.5));
#1864=CARTESIAN_POINT('Ctrl Pts',(-28.4999999580236,13.5561542978475,12.5));
#1865=CARTESIAN_POINT('Ctrl Pts',(-28.4968356038558,13.6684369026558,12.5));
#1866=CARTESIAN_POINT('Ctrl Pts',(-28.4779963265612,13.8919750504008,12.5));
#1867=CARTESIAN_POINT('Ctrl Pts',(-28.4308878950285,14.168865303375,12.5));
#1868=CARTESIAN_POINT('Ctrl Pts',(-28.2754697237812,14.7091101506278,12.5));
#1869=CARTESIAN_POINT('Ctrl Pts',(-27.9452714070909,15.3064656570481,12.5));
#1870=CARTESIAN_POINT('Ctrl Pts',(-27.3861594866536,15.8652823794251,12.5));
#1871=CARTESIAN_POINT('Ctrl Pts',(-26.8126678251299,16.2257192361313,12.5));
#1872=CARTESIAN_POINT('Ctrl Pts',(-26.2796745599215,16.4121566140329,12.5));
#1873=CARTESIAN_POINT('Ctrl Pts',(-25.8919579320509,16.4779836258097,12.5));
#1874=CARTESIAN_POINT('Ctrl Pts',(-25.6684474790609,16.4968431439529,12.5));
#1875=CARTESIAN_POINT('Ctrl Pts',(-25.5561507820545,16.5,12.5));
#1876=CARTESIAN_POINT('Ctrl Pts',(-25.5,16.5,12.5));
#1877=CARTESIAN_POINT('Ctrl Pts',(-28.5,13.5,12.5));
#1878=CARTESIAN_POINT('Ctrl Pts',(-28.5,4.48503712891047,12.5));
#1879=CARTESIAN_POINT('Ctrl Pts',(-28.5,-4.48503708358643,12.5));
#1880=CARTESIAN_POINT('Ctrl Pts',(-28.5,-13.5,12.5));
#1881=CARTESIAN_POINT('Ctrl Pts',(-28.506734350297,13.5,12.5));
#1882=CARTESIAN_POINT('Ctrl Pts',(-28.506734350297,4.48503712891046,12.5));
#1883=CARTESIAN_POINT('Ctrl Pts',(-28.506734350297,-4.48503708358642,12.5));
#1884=CARTESIAN_POINT('Ctrl Pts',(-28.506734350297,-13.5,12.5));
#1885=CARTESIAN_POINT('Ctrl Pts',(-28.5496789237557,13.5,12.4763576297263));
#1886=CARTESIAN_POINT('Ctrl Pts',(-28.5496789237557,4.48503712891046,12.4763576297263));
#1887=CARTESIAN_POINT('Ctrl Pts',(-28.5496789237557,-4.48503708358644,12.4763576297263));
#1888=CARTESIAN_POINT('Ctrl Pts',(-28.5496789237557,-13.5,12.4763576297263));
#1889=CARTESIAN_POINT('Ctrl Pts',(-28.7857176242562,13.5,12.2511944212031));
#1890=CARTESIAN_POINT('Ctrl Pts',(-28.7857176242562,4.48503712891048,12.2511944212031));
#1891=CARTESIAN_POINT('Ctrl Pts',(-28.7857176242562,-4.48503708358641,12.2511944212031));
#1892=CARTESIAN_POINT('Ctrl Pts',(-28.7857176242562,-13.5,12.2511944212031));
#1893=CARTESIAN_POINT('Ctrl Pts',(-28.9375431434145,13.5,12.0873642084159));
#1894=CARTESIAN_POINT('Ctrl Pts',(-28.9375431434145,4.48503712891046,12.0873642084159));
#1895=CARTESIAN_POINT('Ctrl Pts',(-28.9375431434145,-4.48503708358644,12.0873642084159));
#1896=CARTESIAN_POINT('Ctrl Pts',(-28.9375431434145,-13.5,12.0873642084159));
#1897=CARTESIAN_POINT('Ctrl Pts',(-28.9923272478771,13.5,12.0198188731453));
#1898=CARTESIAN_POINT('Ctrl Pts',(-28.9923272478771,4.48503712891048,12.0198188731453));
#1899=CARTESIAN_POINT('Ctrl Pts',(-28.9923272478771,-4.48503708358642,12.0198188731453));
#1900=CARTESIAN_POINT('Ctrl Pts',(-28.9923272478771,-13.5,12.0198188731453));
#1901=CARTESIAN_POINT('Ctrl Pts',(-29.,13.5,12.0033671751485));
#1902=CARTESIAN_POINT('Ctrl Pts',(-29.,4.48503712891046,12.0033671751485));
#1903=CARTESIAN_POINT('Ctrl Pts',(-29.,-4.48503708358644,12.0033671751485));
#1904=CARTESIAN_POINT('Ctrl Pts',(-29.,-13.5,12.0033671751485));
#1905=CARTESIAN_POINT('Ctrl Pts',(-29.,13.5,12.));
#1906=CARTESIAN_POINT('Ctrl Pts',(-29.,4.48503712891046,12.));
#1907=CARTESIAN_POINT('Ctrl Pts',(-29.,-4.48503708358643,12.));
#1908=CARTESIAN_POINT('Ctrl Pts',(-29.,-13.5,12.));
#1909=CARTESIAN_POINT('',(-28.5,-13.5,12.5));
#1910=CARTESIAN_POINT('Ctrl Pts',(-29.,-13.5,12.));
#1911=CARTESIAN_POINT('Ctrl Pts',(-29.,-13.5,12.0033671751485));
#1912=CARTESIAN_POINT('Ctrl Pts',(-28.9923272478771,-13.5,12.0198188731453));
#1913=CARTESIAN_POINT('Ctrl Pts',(-28.9375431434145,-13.5,12.0873642084159));
#1914=CARTESIAN_POINT('Ctrl Pts',(-28.7857176242562,-13.5,12.2511944212031));
#1915=CARTESIAN_POINT('Ctrl Pts',(-28.5496789237557,-13.5,12.4763576297263));
#1916=CARTESIAN_POINT('Ctrl Pts',(-28.506734350297,-13.5,12.5));
#1917=CARTESIAN_POINT('Ctrl Pts',(-28.5,-13.5,12.5));
#1918=CARTESIAN_POINT('Ctrl Pts',(-28.5,-13.5,12.5));
#1919=CARTESIAN_POINT('Ctrl Pts',(-28.5,-4.48503708358643,12.5));
#1920=CARTESIAN_POINT('Ctrl Pts',(-28.5,4.48503712891047,12.5));
#1921=CARTESIAN_POINT('Ctrl Pts',(-28.5,13.5,12.5));
#1922=CARTESIAN_POINT('Ctrl Pts',(-25.5,-17.,12.));
#1923=CARTESIAN_POINT('Ctrl Pts',(-25.5655127295581,-17.,12.));
#1924=CARTESIAN_POINT('Ctrl Pts',(-25.6965175233901,-16.9963081146438,12.));
#1925=CARTESIAN_POINT('Ctrl Pts',(-25.9573283849556,-16.9743261327006,12.));
#1926=CARTESIAN_POINT('Ctrl Pts',(-26.280361829286,-16.9193646323746,12.));
#1927=CARTESIAN_POINT('Ctrl Pts',(-26.9106459349791,-16.7380408043627,12.));
#1928=CARTESIAN_POINT('Ctrl Pts',(-27.6075544697181,-16.3528077272061,12.));
#1929=CARTESIAN_POINT('Ctrl Pts',(-28.2595025874307,-15.7005113860507,12.));
#1930=CARTESIAN_POINT('Ctrl Pts',(-28.6800082242078,-15.0314402546768,12.));
#1931=CARTESIAN_POINT('Ctrl Pts',(-28.8975171254664,-14.4096167474396,12.));
#1932=CARTESIAN_POINT('Ctrl Pts',(-28.9743143727215,-13.9572821160932,12.));
#1933=CARTESIAN_POINT('Ctrl Pts',(-28.9963167141188,-13.6965260115932,12.));
#1934=CARTESIAN_POINT('Ctrl Pts',(-29.,-13.5655121981005,12.));
#1935=CARTESIAN_POINT('Ctrl Pts',(-29.,-13.5,12.));
#1936=CARTESIAN_POINT('Ctrl Pts',(-25.5,-17.,12.006734350297));
#1937=CARTESIAN_POINT('Ctrl Pts',(-25.5654650494734,-17.,12.006734350297));
#1938=CARTESIAN_POINT('Ctrl Pts',(-25.696430374935,-16.9962666570282,12.006734350297));
#1939=CARTESIAN_POINT('Ctrl Pts',(-25.9571015977902,-16.974261818161,12.006734350297));
#1940=CARTESIAN_POINT('Ctrl Pts',(-26.2801303026198,-16.9191527450708,12.006734350297));
#1941=CARTESIAN_POINT('Ctrl Pts',(-26.9100961732919,-16.7378511205274,12.006734350297));
#1942=CARTESIAN_POINT('Ctrl Pts',(-27.6071712020603,-16.3522842646097,12.006734350297));
#1943=CARTESIAN_POINT('Ctrl Pts',(-28.2592001548432,-15.6999271721678,12.006734350297));
#1944=CARTESIAN_POINT('Ctrl Pts',(-28.6796334369267,-15.031066092222,12.006734350297));
#1945=CARTESIAN_POINT('Ctrl Pts',(-28.8973567737,-14.4092574395317,12.006734350297));
#1946=CARTESIAN_POINT('Ctrl Pts',(-28.9742501288745,-13.9570555437953,12.006734350297));
#1947=CARTESIAN_POINT('Ctrl Pts',(-28.9962737539291,-13.6964423354298,12.006734350297));
#1948=CARTESIAN_POINT('Ctrl Pts',(-29.,-13.5654645184026,12.006734350297));
#1949=CARTESIAN_POINT('Ctrl Pts',(-29.,-13.5,12.006734350297));
#1950=CARTESIAN_POINT('Ctrl Pts',(-25.5,-16.9763601199715,12.0496786009978));
#1951=CARTESIAN_POINT('Ctrl Pts',(-25.5650920751469,-16.9763601199715,12.0496786009978));
#1952=CARTESIAN_POINT('Ctrl Pts',(-25.695230104154,-16.9727121560017,12.0496786009978));
#1953=CARTESIAN_POINT('Ctrl Pts',(-25.9543433309599,-16.950889113192,12.0496786009978));
#1954=CARTESIAN_POINT('Ctrl Pts',(-26.2751970966334,-16.8963664174257,12.0496786009978));
#1955=CARTESIAN_POINT('Ctrl Pts',(-26.9013698403394,-16.7162571280884,12.0496786009978));
#1956=CARTESIAN_POINT('Ctrl Pts',(-27.5934950338688,-16.3337788655727,12.0496786009978));
#1957=CARTESIAN_POINT('Ctrl Pts',(-28.2410027117491,-15.6859161188942,12.0496786009978));
#1958=CARTESIAN_POINT('Ctrl Pts',(-28.6587012824683,-15.0212678693757,12.0496786009978));
#1959=CARTESIAN_POINT('Ctrl Pts',(-28.8746428734361,-14.4036375118339,12.0496786009978));
#1960=CARTESIAN_POINT('Ctrl Pts',(-28.9508774002691,-13.9542972762108,12.0496786009978));
#1961=CARTESIAN_POINT('Ctrl Pts',(-28.9727213854956,-13.695236944894,12.0496786009978));
#1962=CARTESIAN_POINT('Ctrl Pts',(-28.9763601199715,-13.5650915471018,12.0496786009978));
#1963=CARTESIAN_POINT('Ctrl Pts',(-28.9763601199715,-13.5,12.0496786009978));
#1964=CARTESIAN_POINT('Ctrl Pts',(-25.5,-16.7511959812859,12.2857170217446));
#1965=CARTESIAN_POINT('Ctrl Pts',(-25.5608548331626,-16.7511959812859,12.2857170217446));
#1966=CARTESIAN_POINT('Ctrl Pts',(-25.6825462433563,-16.7477658431427,12.2857170217446));
#1967=CARTESIAN_POINT('Ctrl Pts',(-25.924814530291,-16.7273461068645,12.2857170217446));
#1968=CARTESIAN_POINT('Ctrl Pts',(-26.2248844608644,-16.6762891649217,12.2857170217446));
#1969=CARTESIAN_POINT('Ctrl Pts',(-26.8103582941666,-16.507855452409,12.2857170217446));
#1970=CARTESIAN_POINT('Ctrl Pts',(-27.4577285882246,-16.1500017717428,12.2857170217446));
#1971=CARTESIAN_POINT('Ctrl Pts',(-28.0633331194211,-15.5440741090328,12.2857170217446));
#1972=CARTESIAN_POINT('Ctrl Pts',(-28.4539451127855,-14.9225686783196,12.2857170217446));
#1973=CARTESIAN_POINT('Ctrl Pts',(-28.655995595581,-14.3449489030936,12.2857170217446));
#1974=CARTESIAN_POINT('Ctrl Pts',(-28.7273351840544,-13.9247715541511,12.2857170217446));
#1975=CARTESIAN_POINT('Ctrl Pts',(-28.747773806034,-13.682554186565,12.2857170217446));
#1976=CARTESIAN_POINT('Ctrl Pts',(-28.7511959812857,-13.5608543394912,12.2857170217446));
#1977=CARTESIAN_POINT('Ctrl Pts',(-28.7511959812857,-13.5,12.2857170217446));
#1978=CARTESIAN_POINT('Ctrl Pts',(-25.5,-16.5873668117595,12.4375417699318));
#1979=CARTESIAN_POINT('Ctrl Pts',(-25.5577767079322,-16.5873668117595,12.4375417699318));
#1980=CARTESIAN_POINT('Ctrl Pts',(-25.6733264134369,-16.5840994128245,12.4375417699318));
#1981=CARTESIAN_POINT('Ctrl Pts',(-25.9033526543087,-16.5647030635961,12.4375417699318));
#1982=CARTESIAN_POINT('Ctrl Pts',(-26.1883007760545,-16.5161829263065,12.4375417699318));
#1983=CARTESIAN_POINT('Ctrl Pts',(-26.7441947476819,-16.3562420742794,12.4375417699318));
#1984=CARTESIAN_POINT('Ctrl Pts',(-27.3589843625626,-16.0163394233418,12.4375417699318));
#1985=CARTESIAN_POINT('Ctrl Pts',(-27.9340919266483,-15.4409299066959,12.4375417699318));
#1986=CARTESIAN_POINT('Ctrl Pts',(-28.305003173662,-14.8507936113801,12.4375417699318));
#1987=CARTESIAN_POINT('Ctrl Pts',(-28.4969245225149,-14.3022839674564,12.4375417699318));
#1988=CARTESIAN_POINT('Ctrl Pts',(-28.5646927084251,-13.9033118961375,12.4375417699318));
#1989=CARTESIAN_POINT('Ctrl Pts',(-28.5841066081503,-13.6733348028924,12.4375417699318));
#1990=CARTESIAN_POINT('Ctrl Pts',(-28.5873668117592,-13.5577762392314,12.4375417699318));
#1991=CARTESIAN_POINT('Ctrl Pts',(-28.5873668117592,-13.5,12.4375417699318));
#1992=CARTESIAN_POINT('Ctrl Pts',(-25.5,-16.5198202171992,12.4923265312294));
#1993=CARTESIAN_POINT('Ctrl Pts',(-25.556522599899,-16.5198202171992,12.4923265312294));
#1994=CARTESIAN_POINT('Ctrl Pts',(-25.6695525034382,-16.5166329576976,12.4923265312294));
#1995=CARTESIAN_POINT('Ctrl Pts',(-25.8945752907765,-16.4976657404776,12.4923265312294));
#1996=CARTESIAN_POINT('Ctrl Pts',(-26.1732901976302,-16.4502379502745,12.4923265312294));
#1997=CARTESIAN_POINT('Ctrl Pts',(-26.7170885375009,-16.2937917106766,12.4923265312294));
#1998=CARTESIAN_POINT('Ctrl Pts',(-27.3183927949014,-15.9613952545303,12.4923265312294));
#1999=CARTESIAN_POINT('Ctrl Pts',(-27.8809010614161,-15.3985874493206,12.4923265312294));
#2000=CARTESIAN_POINT('Ctrl Pts',(-28.2437124735951,-14.8213185351173,12.4923265312294));
#2001=CARTESIAN_POINT('Ctrl Pts',(-28.4313901314907,-14.2848062946417,12.4923265312294));
#2002=CARTESIAN_POINT('Ctrl Pts',(-28.4976555971043,-13.8945353794759,12.4923265312294));
#2003=CARTESIAN_POINT('Ctrl Pts',(-28.5166403092545,-13.669559984526,12.4923265312294));
#2004=CARTESIAN_POINT('Ctrl Pts',(-28.5198202171988,-13.5565221413719,12.4923265312294));
#2005=CARTESIAN_POINT('Ctrl Pts',(-28.5198202171988,-13.5,12.4923265312294));
#2006=CARTESIAN_POINT('Ctrl Pts',(-25.5,-16.5033671751489,12.5));
#2007=CARTESIAN_POINT('Ctrl Pts',(-25.5562123096285,-16.5033671751489,12.5));
#2008=CARTESIAN_POINT('Ctrl Pts',(-25.6686244534377,-16.5001952504441,12.5));
#2009=CARTESIAN_POINT('Ctrl Pts',(-25.8924143982997,-16.4813302538031,12.5));
#2010=CARTESIAN_POINT('Ctrl Pts',(-26.1696105362374,-16.4341536390456,12.5));
#2011=CARTESIAN_POINT('Ctrl Pts',(-26.7104304850679,-16.2785608610367,12.5));
#2012=CARTESIAN_POINT('Ctrl Pts',(-27.3084667800613,-15.9479590697909,12.5));
#2013=CARTESIAN_POINT('Ctrl Pts',(-27.8679142629554,-15.3882146638586,12.5));
#2014=CARTESIAN_POINT('Ctrl Pts',(-28.2287454072357,-14.8141012015278,12.5));
#2015=CARTESIAN_POINT('Ctrl Pts',(-28.4154110339141,-14.2805127958764,12.5));
#2016=CARTESIAN_POINT('Ctrl Pts',(-28.4813201691568,-13.8923747149737,12.5));
#2017=CARTESIAN_POINT('Ctrl Pts',(-28.5002024883539,-13.668632063832,12.5));
#2018=CARTESIAN_POINT('Ctrl Pts',(-28.5033671751485,-13.5562118536186,12.5));
#2019=CARTESIAN_POINT('Ctrl Pts',(-28.5033671751485,-13.5,12.5));
#2020=CARTESIAN_POINT('Ctrl Pts',(-25.5,-16.5000000000004,12.5));
#2021=CARTESIAN_POINT('Ctrl Pts',(-25.5561537681927,-16.5000000000004,12.5));
#2022=CARTESIAN_POINT('Ctrl Pts',(-25.6684435914773,-16.4968355268379,12.5));
#2023=CARTESIAN_POINT('Ctrl Pts',(-25.8919957585334,-16.4779938280294,12.5));
#2024=CARTESIAN_POINT('Ctrl Pts',(-26.1688815679594,-16.4308839706071,12.5));
#2025=CARTESIAN_POINT('Ctrl Pts',(-26.709125087125,-16.2754635465969,12.5));
#2026=CARTESIAN_POINT('Ctrl Pts',(-27.3064752597584,-15.9452637661769,12.5));
#2027=CARTESIAN_POINT('Ctrl Pts',(-27.8652879320835,-15.386152616615,12.5));
#2028=CARTESIAN_POINT('Ctrl Pts',(-28.2257213350353,-14.8126630754374,12.5));
#2029=CARTESIAN_POINT('Ctrl Pts',(-28.4121575361141,-14.2796714978054,12.5));
#2030=CARTESIAN_POINT('Ctrl Pts',(-28.477983748047,-13.8919560995085,12.5));
#2031=CARTESIAN_POINT('Ctrl Pts',(-28.4968428978161,-13.6684508670799,12.5));
#2032=CARTESIAN_POINT('Ctrl Pts',(-28.5,-13.5561533126576,12.5));
#2033=CARTESIAN_POINT('Ctrl Pts',(-28.5,-13.5,12.5));
#2034=CARTESIAN_POINT('Ctrl Pts',(-25.5,-16.5000000000004,12.5));
#2035=CARTESIAN_POINT('Ctrl Pts',(-25.5561537681927,-16.5000000000004,12.5));
#2036=CARTESIAN_POINT('Ctrl Pts',(-25.6684435914773,-16.4968355268379,12.5));
#2037=CARTESIAN_POINT('Ctrl Pts',(-25.8919957585334,-16.4779938280294,12.5));
#2038=CARTESIAN_POINT('Ctrl Pts',(-26.1688815679594,-16.4308839706071,12.5));
#2039=CARTESIAN_POINT('Ctrl Pts',(-26.709125087125,-16.2754635465969,12.5));
#2040=CARTESIAN_POINT('Ctrl Pts',(-27.3064752597584,-15.9452637661769,12.5));
#2041=CARTESIAN_POINT('Ctrl Pts',(-27.8652879320835,-15.386152616615,12.5));
#2042=CARTESIAN_POINT('Ctrl Pts',(-28.2257213350353,-14.8126630754374,12.5));
#2043=CARTESIAN_POINT('Ctrl Pts',(-28.4121575361141,-14.2796714978054,12.5));
#2044=CARTESIAN_POINT('Ctrl Pts',(-28.477983748047,-13.8919560995085,12.5));
#2045=CARTESIAN_POINT('Ctrl Pts',(-28.4968428978161,-13.6684508670799,12.5));
#2046=CARTESIAN_POINT('Ctrl Pts',(-28.5,-13.5561533126576,12.5));
#2047=CARTESIAN_POINT('Ctrl Pts',(-28.5,-13.5,12.5));
#2048=CARTESIAN_POINT('Origin',(25.5,13.5,0.));
#2049=CARTESIAN_POINT('',(25.5,17.,0.));
#2050=CARTESIAN_POINT('',(29.,13.5,0.));
#2051=CARTESIAN_POINT('Origin',(29.,-17.,0.));
#2052=CARTESIAN_POINT('',(29.,-13.5,0.));
#2053=CARTESIAN_POINT('Origin',(25.5,-13.5,0.));
#2054=CARTESIAN_POINT('Origin',(4.44089209850063E-15,-2.22044604925031E-15,
12.5));
#2055=CARTESIAN_POINT('Origin',(29.,17.,0.));
#2056=UNCERTAINTY_MEASURE_WITH_UNIT(LENGTH_MEASURE(0.01),#2060,
'DISTANCE_ACCURACY_VALUE',
'Maximum model space distance between geometric entities at asserted c
onnectivities');
#2057=UNCERTAINTY_MEASURE_WITH_UNIT(LENGTH_MEASURE(0.01),#2060,
'DISTANCE_ACCURACY_VALUE',
'Maximum model space distance between geometric entities at asserted c
onnectivities');
#2058=(
GEOMETRIC_REPRESENTATION_CONTEXT(3)
GLOBAL_UNCERTAINTY_ASSIGNED_CONTEXT((#2056))
GLOBAL_UNIT_ASSIGNED_CONTEXT((#2060,#2062,#2063))
REPRESENTATION_CONTEXT('','3D')
);
#2059=(
GEOMETRIC_REPRESENTATION_CONTEXT(3)
GLOBAL_UNCERTAINTY_ASSIGNED_CONTEXT((#2057))
GLOBAL_UNIT_ASSIGNED_CONTEXT((#2060,#2062,#2063))
REPRESENTATION_CONTEXT('','3D')
);
#2060=(
LENGTH_UNIT()
NAMED_UNIT(*)
SI_UNIT(.MILLI.,.METRE.)
);
#2061=(
LENGTH_UNIT()
NAMED_UNIT(*)
SI_UNIT($,.METRE.)
);
#2062=(
NAMED_UNIT(*)
PLANE_ANGLE_UNIT()
SI_UNIT($,.RADIAN.)
);
#2063=(
NAMED_UNIT(*)
SI_UNIT($,.STERADIAN.)
SOLID_ANGLE_UNIT()
);
#2064=SHAPE_DEFINITION_REPRESENTATION(#2065,#2066);
#2065=PRODUCT_DEFINITION_SHAPE('',$,#2068);
#2066=SHAPE_REPRESENTATION('',(#396),#2058);
#2067=PRODUCT_DEFINITION_CONTEXT('part definition',#2072,'design');
#2068=PRODUCT_DEFINITION('Battery','Battery v4',#2069,#2067);
#2069=PRODUCT_DEFINITION_FORMATION('',$,#2074);
#2070=PRODUCT_RELATED_PRODUCT_CATEGORY('Battery v4','Battery v4',(#2074));
#2071=APPLICATION_PROTOCOL_DEFINITION('international standard',
'automotive_design',2009,#2072);
#2072=APPLICATION_CONTEXT(
'Core Data for Automotive Mechanical Design Process');
#2073=PRODUCT_CONTEXT('part definition',#2072,'mechanical');
#2074=PRODUCT('Battery','Battery v4',$,(#2073));
#2075=PRESENTATION_STYLE_ASSIGNMENT((#2077));
#2076=PRESENTATION_STYLE_ASSIGNMENT((#2078));
#2077=SURFACE_STYLE_USAGE(.BOTH.,#2079);
#2078=SURFACE_STYLE_USAGE(.BOTH.,#2080);
#2079=SURFACE_SIDE_STYLE('',(#2081));
#2080=SURFACE_SIDE_STYLE('',(#2082));
#2081=SURFACE_STYLE_FILL_AREA(#2083);
#2082=SURFACE_STYLE_FILL_AREA(#2084);
#2083=FILL_AREA_STYLE('Steel - Satin',(#2085));
#2084=FILL_AREA_STYLE('Paint - Metallic (Black)',(#2086));
#2085=FILL_AREA_STYLE_COLOUR('Steel - Satin',#2087);
#2086=FILL_AREA_STYLE_COLOUR('Paint - Metallic (Black)',#2088);
#2087=COLOUR_RGB('Steel - Satin',0.627450980392157,0.627450980392157,0.627450980392157);
#2088=COLOUR_RGB('Paint - Metallic (Black)',0.0980392156862745,0.0980392156862745,
0.0980392156862745);
ENDSEC;
END-ISO-10303-21;
