ISO-10303-21;
HEADER;
/* Generated by software containing ST-Developer
 * from STEP Tools, Inc. (www.steptools.com) 
 */

FILE_DESCRIPTION(
/* description */ (''),
/* implementation_level */ '2;1');

FILE_NAME(
/* name */ 'Elecrical Unit - 2.step',
/* time_stamp */ '2026-07-19T11:28:35+05:30',
/* author */ (''),
/* organization */ (''),
/* preprocessor_version */ 'ST-DEVELOPER v20.1',
/* originating_system */ 'Autodesk Translation Framework v15.8.0.0',
/* authorisation */ '');

FILE_SCHEMA (('AUTOMOTIVE_DESIGN { 1 0 10303 214 3 1 1 }'));
ENDSEC;

DATA;
#10=MECHANICAL_DESIGN_GEOMETRIC_PRESENTATION_REPRESENTATION('',(#13,#14,
#15,#16,#17,#18),#17570);
#11=SHAPE_REPRESENTATION_RELATIONSHIP('SRR','None',#17577,#12);
#12=ADVANCED_BREP_SHAPE_REPRESENTATION('',(#19,#20,#21,#22,#23,#24),#17569);
#13=STYLED_ITEM('',(#17587),#19);
#14=STYLED_ITEM('',(#17587),#20);
#15=STYLED_ITEM('',(#17587),#21);
#16=STYLED_ITEM('',(#17587),#22);
#17=STYLED_ITEM('',(#17587),#23);
#18=STYLED_ITEM('',(#17587),#24);
#19=MANIFOLD_SOLID_BREP('Body9',#10873);
#20=MANIFOLD_SOLID_BREP('Body14',#10874);
#21=MANIFOLD_SOLID_BREP('Body15',#10875);
#22=MANIFOLD_SOLID_BREP('Body16',#10876);
#23=MANIFOLD_SOLID_BREP('Body17',#10877);
#24=MANIFOLD_SOLID_BREP('Body18',#10878);
#25=CYLINDRICAL_SURFACE('',#10925,0.67500012064352);
#26=CYLINDRICAL_SURFACE('',#10930,1.32500012064354);
#27=CYLINDRICAL_SURFACE('',#10961,0.674999999999994);
#28=CYLINDRICAL_SURFACE('',#10966,1.32500000000002);
#29=CYLINDRICAL_SURFACE('',#11001,0.675000060321757);
#30=CYLINDRICAL_SURFACE('',#11006,1.32500006032178);
#31=CYLINDRICAL_SURFACE('',#11049,0.67500012064352);
#32=CYLINDRICAL_SURFACE('',#11054,1.32500012064354);
#33=CYLINDRICAL_SURFACE('',#11085,0.674999999999994);
#34=CYLINDRICAL_SURFACE('',#11090,1.32500000000002);
#35=CYLINDRICAL_SURFACE('',#11125,0.675000060321757);
#36=CYLINDRICAL_SURFACE('',#11130,1.32500006032178);
#37=CYLINDRICAL_SURFACE('',#11173,0.67500012064352);
#38=CYLINDRICAL_SURFACE('',#11178,1.32500012064354);
#39=CYLINDRICAL_SURFACE('',#11209,0.674999999999994);
#40=CYLINDRICAL_SURFACE('',#11214,1.32500000000002);
#41=CYLINDRICAL_SURFACE('',#11249,0.675000060321757);
#42=CYLINDRICAL_SURFACE('',#11254,1.32500006032178);
#43=CYLINDRICAL_SURFACE('',#11297,0.67500012064352);
#44=CYLINDRICAL_SURFACE('',#11302,1.32500012064354);
#45=CYLINDRICAL_SURFACE('',#11333,0.674999999999994);
#46=CYLINDRICAL_SURFACE('',#11338,1.32500000000002);
#47=CYLINDRICAL_SURFACE('',#11373,0.675000060321757);
#48=CYLINDRICAL_SURFACE('',#11378,1.32500006032178);
#49=CYLINDRICAL_SURFACE('',#11421,0.67500012064352);
#50=CYLINDRICAL_SURFACE('',#11426,1.32500012064354);
#51=CYLINDRICAL_SURFACE('',#11457,0.674999999999994);
#52=CYLINDRICAL_SURFACE('',#11462,1.32500000000002);
#53=CYLINDRICAL_SURFACE('',#11497,0.675000060321757);
#54=CYLINDRICAL_SURFACE('',#11502,1.32500006032178);
#55=CYLINDRICAL_SURFACE('',#11545,0.67500012064352);
#56=CYLINDRICAL_SURFACE('',#11550,1.32500012064354);
#57=CYLINDRICAL_SURFACE('',#11581,0.674999999999994);
#58=CYLINDRICAL_SURFACE('',#11586,1.32500000000002);
#59=CYLINDRICAL_SURFACE('',#11621,0.675000060321757);
#60=CYLINDRICAL_SURFACE('',#11626,1.32500006032178);
#61=CONICAL_SURFACE('',#10921,1.27500012064354,0.785398163397449);
#62=CONICAL_SURFACE('',#10923,0.72500012064352,0.785398163397449);
#63=CONICAL_SURFACE('',#10927,0.72500012064352,0.785398163397449);
#64=CONICAL_SURFACE('',#10928,1.27500012064354,0.785398163397449);
#65=CONICAL_SURFACE('',#10959,0.724999999999994,0.785398163397448);
#66=CONICAL_SURFACE('',#10963,0.724999999999994,0.785398163397448);
#67=CONICAL_SURFACE('',#10964,1.27500000000002,0.785398163397448);
#68=CONICAL_SURFACE('',#10968,1.27500000000002,0.785398163397448);
#69=CONICAL_SURFACE('',#10997,1.27500006032178,0.785398163397449);
#70=CONICAL_SURFACE('',#10999,0.725000060321757,0.785398163397449);
#71=CONICAL_SURFACE('',#11003,0.725000060321757,0.785398163397449);
#72=CONICAL_SURFACE('',#11004,1.27500006032178,0.785398163397449);
#73=CONICAL_SURFACE('',#11045,1.27500012064354,0.785398163397449);
#74=CONICAL_SURFACE('',#11047,0.72500012064352,0.785398163397449);
#75=CONICAL_SURFACE('',#11051,0.72500012064352,0.785398163397449);
#76=CONICAL_SURFACE('',#11052,1.27500012064354,0.785398163397449);
#77=CONICAL_SURFACE('',#11083,0.724999999999994,0.785398163397448);
#78=CONICAL_SURFACE('',#11087,0.724999999999994,0.785398163397448);
#79=CONICAL_SURFACE('',#11088,1.27500000000002,0.785398163397448);
#80=CONICAL_SURFACE('',#11092,1.27500000000002,0.785398163397448);
#81=CONICAL_SURFACE('',#11121,1.27500006032178,0.785398163397449);
#82=CONICAL_SURFACE('',#11123,0.725000060321757,0.785398163397449);
#83=CONICAL_SURFACE('',#11127,0.725000060321757,0.785398163397449);
#84=CONICAL_SURFACE('',#11128,1.27500006032178,0.785398163397449);
#85=CONICAL_SURFACE('',#11169,1.27500012064354,0.785398163397449);
#86=CONICAL_SURFACE('',#11171,0.72500012064352,0.785398163397449);
#87=CONICAL_SURFACE('',#11175,0.72500012064352,0.785398163397449);
#88=CONICAL_SURFACE('',#11176,1.27500012064354,0.785398163397449);
#89=CONICAL_SURFACE('',#11207,0.724999999999994,0.785398163397448);
#90=CONICAL_SURFACE('',#11211,0.724999999999994,0.785398163397448);
#91=CONICAL_SURFACE('',#11212,1.27500000000002,0.785398163397448);
#92=CONICAL_SURFACE('',#11216,1.27500000000002,0.785398163397448);
#93=CONICAL_SURFACE('',#11245,1.27500006032178,0.785398163397449);
#94=CONICAL_SURFACE('',#11247,0.725000060321757,0.785398163397449);
#95=CONICAL_SURFACE('',#11251,0.725000060321757,0.785398163397449);
#96=CONICAL_SURFACE('',#11252,1.27500006032178,0.785398163397449);
#97=CONICAL_SURFACE('',#11293,1.27500012064354,0.785398163397449);
#98=CONICAL_SURFACE('',#11295,0.72500012064352,0.785398163397449);
#99=CONICAL_SURFACE('',#11299,0.72500012064352,0.785398163397449);
#100=CONICAL_SURFACE('',#11300,1.27500012064354,0.785398163397449);
#101=CONICAL_SURFACE('',#11331,0.724999999999994,0.785398163397448);
#102=CONICAL_SURFACE('',#11335,0.724999999999994,0.785398163397448);
#103=CONICAL_SURFACE('',#11336,1.27500000000002,0.785398163397448);
#104=CONICAL_SURFACE('',#11340,1.27500000000002,0.785398163397448);
#105=CONICAL_SURFACE('',#11369,1.27500006032178,0.785398163397449);
#106=CONICAL_SURFACE('',#11371,0.725000060321757,0.785398163397449);
#107=CONICAL_SURFACE('',#11375,0.725000060321757,0.785398163397449);
#108=CONICAL_SURFACE('',#11376,1.27500006032178,0.785398163397449);
#109=CONICAL_SURFACE('',#11417,1.27500012064354,0.785398163397449);
#110=CONICAL_SURFACE('',#11419,0.72500012064352,0.785398163397449);
#111=CONICAL_SURFACE('',#11423,0.72500012064352,0.785398163397449);
#112=CONICAL_SURFACE('',#11424,1.27500012064354,0.785398163397449);
#113=CONICAL_SURFACE('',#11455,0.724999999999994,0.785398163397448);
#114=CONICAL_SURFACE('',#11459,0.724999999999994,0.785398163397448);
#115=CONICAL_SURFACE('',#11460,1.27500000000002,0.785398163397448);
#116=CONICAL_SURFACE('',#11464,1.27500000000002,0.785398163397448);
#117=CONICAL_SURFACE('',#11493,1.27500006032178,0.785398163397449);
#118=CONICAL_SURFACE('',#11495,0.725000060321757,0.785398163397449);
#119=CONICAL_SURFACE('',#11499,0.725000060321757,0.785398163397449);
#120=CONICAL_SURFACE('',#11500,1.27500006032178,0.785398163397449);
#121=CONICAL_SURFACE('',#11541,1.27500012064354,0.785398163397449);
#122=CONICAL_SURFACE('',#11543,0.72500012064352,0.785398163397449);
#123=CONICAL_SURFACE('',#11547,0.72500012064352,0.785398163397449);
#124=CONICAL_SURFACE('',#11548,1.27500012064354,0.785398163397449);
#125=CONICAL_SURFACE('',#11579,0.724999999999994,0.785398163397448);
#126=CONICAL_SURFACE('',#11583,0.724999999999994,0.785398163397448);
#127=CONICAL_SURFACE('',#11584,1.27500000000002,0.785398163397448);
#128=CONICAL_SURFACE('',#11588,1.27500000000002,0.785398163397448);
#129=CONICAL_SURFACE('',#11617,1.27500006032178,0.785398163397449);
#130=CONICAL_SURFACE('',#11619,0.725000060321757,0.785398163397449);
#131=CONICAL_SURFACE('',#11623,0.725000060321757,0.785398163397449);
#132=CONICAL_SURFACE('',#11624,1.27500006032178,0.785398163397449);
#133=CIRCLE('',#10903,0.775000120643521);
#134=CIRCLE('',#10904,1.22500012064354);
#135=CIRCLE('',#10915,1.22500012064354);
#136=CIRCLE('',#10916,0.775000120643521);
#137=CIRCLE('',#10922,1.32500012064354);
#138=CIRCLE('',#10924,0.675000120643521);
#139=CIRCLE('',#10926,0.675000120643521);
#140=CIRCLE('',#10929,1.32500012064354);
#141=CIRCLE('',#10941,0.774999999999994);
#142=CIRCLE('',#10942,1.22500000000001);
#143=CIRCLE('',#10953,1.22500000000001);
#144=CIRCLE('',#10954,0.774999999999994);
#145=CIRCLE('',#10960,0.674999999999994);
#146=CIRCLE('',#10962,0.674999999999994);
#147=CIRCLE('',#10965,1.32500000000002);
#148=CIRCLE('',#10967,1.32500000000002);
#149=CIRCLE('',#10979,0.775000060321758);
#150=CIRCLE('',#10980,1.22500006032178);
#151=CIRCLE('',#10991,1.22500006032178);
#152=CIRCLE('',#10992,0.775000060321758);
#153=CIRCLE('',#10998,1.32500006032178);
#154=CIRCLE('',#11000,0.675000060321758);
#155=CIRCLE('',#11002,0.675000060321758);
#156=CIRCLE('',#11005,1.32500006032178);
#157=CIRCLE('',#11027,0.775000120643521);
#158=CIRCLE('',#11028,1.22500012064354);
#159=CIRCLE('',#11039,1.22500012064354);
#160=CIRCLE('',#11040,0.775000120643521);
#161=CIRCLE('',#11046,1.32500012064354);
#162=CIRCLE('',#11048,0.675000120643521);
#163=CIRCLE('',#11050,0.675000120643521);
#164=CIRCLE('',#11053,1.32500012064354);
#165=CIRCLE('',#11065,0.774999999999994);
#166=CIRCLE('',#11066,1.22500000000001);
#167=CIRCLE('',#11077,1.22500000000001);
#168=CIRCLE('',#11078,0.774999999999994);
#169=CIRCLE('',#11084,0.674999999999994);
#170=CIRCLE('',#11086,0.674999999999994);
#171=CIRCLE('',#11089,1.32500000000002);
#172=CIRCLE('',#11091,1.32500000000002);
#173=CIRCLE('',#11103,0.775000060321758);
#174=CIRCLE('',#11104,1.22500006032178);
#175=CIRCLE('',#11115,1.22500006032178);
#176=CIRCLE('',#11116,0.775000060321758);
#177=CIRCLE('',#11122,1.32500006032178);
#178=CIRCLE('',#11124,0.675000060321758);
#179=CIRCLE('',#11126,0.675000060321758);
#180=CIRCLE('',#11129,1.32500006032178);
#181=CIRCLE('',#11151,0.775000120643521);
#182=CIRCLE('',#11152,1.22500012064354);
#183=CIRCLE('',#11163,1.22500012064354);
#184=CIRCLE('',#11164,0.775000120643521);
#185=CIRCLE('',#11170,1.32500012064354);
#186=CIRCLE('',#11172,0.675000120643521);
#187=CIRCLE('',#11174,0.675000120643521);
#188=CIRCLE('',#11177,1.32500012064354);
#189=CIRCLE('',#11189,0.774999999999994);
#190=CIRCLE('',#11190,1.22500000000001);
#191=CIRCLE('',#11201,1.22500000000001);
#192=CIRCLE('',#11202,0.774999999999994);
#193=CIRCLE('',#11208,0.674999999999994);
#194=CIRCLE('',#11210,0.674999999999994);
#195=CIRCLE('',#11213,1.32500000000002);
#196=CIRCLE('',#11215,1.32500000000002);
#197=CIRCLE('',#11227,0.775000060321758);
#198=CIRCLE('',#11228,1.22500006032178);
#199=CIRCLE('',#11239,1.22500006032178);
#200=CIRCLE('',#11240,0.775000060321758);
#201=CIRCLE('',#11246,1.32500006032178);
#202=CIRCLE('',#11248,0.675000060321758);
#203=CIRCLE('',#11250,0.675000060321758);
#204=CIRCLE('',#11253,1.32500006032178);
#205=CIRCLE('',#11275,0.775000120643521);
#206=CIRCLE('',#11276,1.22500012064354);
#207=CIRCLE('',#11287,1.22500012064354);
#208=CIRCLE('',#11288,0.775000120643521);
#209=CIRCLE('',#11294,1.32500012064354);
#210=CIRCLE('',#11296,0.675000120643521);
#211=CIRCLE('',#11298,0.675000120643521);
#212=CIRCLE('',#11301,1.32500012064354);
#213=CIRCLE('',#11313,0.774999999999994);
#214=CIRCLE('',#11314,1.22500000000001);
#215=CIRCLE('',#11325,1.22500000000001);
#216=CIRCLE('',#11326,0.774999999999994);
#217=CIRCLE('',#11332,0.674999999999994);
#218=CIRCLE('',#11334,0.674999999999994);
#219=CIRCLE('',#11337,1.32500000000002);
#220=CIRCLE('',#11339,1.32500000000002);
#221=CIRCLE('',#11351,0.775000060321758);
#222=CIRCLE('',#11352,1.22500006032178);
#223=CIRCLE('',#11363,1.22500006032178);
#224=CIRCLE('',#11364,0.775000060321758);
#225=CIRCLE('',#11370,1.32500006032178);
#226=CIRCLE('',#11372,0.675000060321758);
#227=CIRCLE('',#11374,0.675000060321758);
#228=CIRCLE('',#11377,1.32500006032178);
#229=CIRCLE('',#11399,0.775000120643521);
#230=CIRCLE('',#11400,1.22500012064354);
#231=CIRCLE('',#11411,1.22500012064354);
#232=CIRCLE('',#11412,0.775000120643521);
#233=CIRCLE('',#11418,1.32500012064354);
#234=CIRCLE('',#11420,0.675000120643521);
#235=CIRCLE('',#11422,0.675000120643521);
#236=CIRCLE('',#11425,1.32500012064354);
#237=CIRCLE('',#11437,0.774999999999994);
#238=CIRCLE('',#11438,1.22500000000001);
#239=CIRCLE('',#11449,1.22500000000001);
#240=CIRCLE('',#11450,0.774999999999994);
#241=CIRCLE('',#11456,0.674999999999994);
#242=CIRCLE('',#11458,0.674999999999994);
#243=CIRCLE('',#11461,1.32500000000002);
#244=CIRCLE('',#11463,1.32500000000002);
#245=CIRCLE('',#11475,0.775000060321758);
#246=CIRCLE('',#11476,1.22500006032178);
#247=CIRCLE('',#11487,1.22500006032178);
#248=CIRCLE('',#11488,0.775000060321758);
#249=CIRCLE('',#11494,1.32500006032178);
#250=CIRCLE('',#11496,0.675000060321758);
#251=CIRCLE('',#11498,0.675000060321758);
#252=CIRCLE('',#11501,1.32500006032178);
#253=CIRCLE('',#11523,0.775000120643521);
#254=CIRCLE('',#11524,1.22500012064354);
#255=CIRCLE('',#11535,1.22500012064354);
#256=CIRCLE('',#11536,0.775000120643521);
#257=CIRCLE('',#11542,1.32500012064354);
#258=CIRCLE('',#11544,0.675000120643521);
#259=CIRCLE('',#11546,0.675000120643521);
#260=CIRCLE('',#11549,1.32500012064354);
#261=CIRCLE('',#11561,0.774999999999994);
#262=CIRCLE('',#11562,1.22500000000001);
#263=CIRCLE('',#11573,1.22500000000001);
#264=CIRCLE('',#11574,0.774999999999994);
#265=CIRCLE('',#11580,0.674999999999994);
#266=CIRCLE('',#11582,0.674999999999994);
#267=CIRCLE('',#11585,1.32500000000002);
#268=CIRCLE('',#11587,1.32500000000002);
#269=CIRCLE('',#11599,0.775000060321758);
#270=CIRCLE('',#11600,1.22500006032178);
#271=CIRCLE('',#11611,1.22500006032178);
#272=CIRCLE('',#11612,0.775000060321758);
#273=CIRCLE('',#11618,1.32500006032178);
#274=CIRCLE('',#11620,0.675000060321758);
#275=CIRCLE('',#11622,0.675000060321758);
#276=CIRCLE('',#11625,1.32500006032178);
#277=FACE_BOUND('',#914,.T.);
#278=FACE_BOUND('',#915,.T.);
#279=FACE_BOUND('',#916,.T.);
#280=FACE_BOUND('',#918,.T.);
#281=FACE_BOUND('',#919,.T.);
#282=FACE_BOUND('',#920,.T.);
#283=FACE_BOUND('',#1020,.T.);
#284=FACE_BOUND('',#1021,.T.);
#285=FACE_BOUND('',#1022,.T.);
#286=FACE_BOUND('',#1024,.T.);
#287=FACE_BOUND('',#1025,.T.);
#288=FACE_BOUND('',#1026,.T.);
#289=FACE_BOUND('',#1126,.T.);
#290=FACE_BOUND('',#1127,.T.);
#291=FACE_BOUND('',#1128,.T.);
#292=FACE_BOUND('',#1130,.T.);
#293=FACE_BOUND('',#1131,.T.);
#294=FACE_BOUND('',#1132,.T.);
#295=FACE_BOUND('',#1232,.T.);
#296=FACE_BOUND('',#1233,.T.);
#297=FACE_BOUND('',#1234,.T.);
#298=FACE_BOUND('',#1236,.T.);
#299=FACE_BOUND('',#1237,.T.);
#300=FACE_BOUND('',#1238,.T.);
#301=FACE_BOUND('',#1338,.T.);
#302=FACE_BOUND('',#1339,.T.);
#303=FACE_BOUND('',#1340,.T.);
#304=FACE_BOUND('',#1342,.T.);
#305=FACE_BOUND('',#1343,.T.);
#306=FACE_BOUND('',#1344,.T.);
#307=FACE_BOUND('',#1444,.T.);
#308=FACE_BOUND('',#1445,.T.);
#309=FACE_BOUND('',#1446,.T.);
#310=FACE_BOUND('',#1448,.T.);
#311=FACE_BOUND('',#1449,.T.);
#312=FACE_BOUND('',#1450,.T.);
#313=FACE_OUTER_BOUND('',#913,.T.);
#314=FACE_OUTER_BOUND('',#917,.T.);
#315=FACE_OUTER_BOUND('',#921,.T.);
#316=FACE_OUTER_BOUND('',#922,.T.);
#317=FACE_OUTER_BOUND('',#923,.T.);
#318=FACE_OUTER_BOUND('',#924,.T.);
#319=FACE_OUTER_BOUND('',#925,.T.);
#320=FACE_OUTER_BOUND('',#926,.T.);
#321=FACE_OUTER_BOUND('',#927,.T.);
#322=FACE_OUTER_BOUND('',#928,.T.);
#323=FACE_OUTER_BOUND('',#929,.T.);
#324=FACE_OUTER_BOUND('',#930,.T.);
#325=FACE_OUTER_BOUND('',#931,.T.);
#326=FACE_OUTER_BOUND('',#932,.T.);
#327=FACE_OUTER_BOUND('',#933,.T.);
#328=FACE_OUTER_BOUND('',#934,.T.);
#329=FACE_OUTER_BOUND('',#935,.T.);
#330=FACE_OUTER_BOUND('',#936,.T.);
#331=FACE_OUTER_BOUND('',#937,.T.);
#332=FACE_OUTER_BOUND('',#938,.T.);
#333=FACE_OUTER_BOUND('',#939,.T.);
#334=FACE_OUTER_BOUND('',#940,.T.);
#335=FACE_OUTER_BOUND('',#941,.T.);
#336=FACE_OUTER_BOUND('',#942,.T.);
#337=FACE_OUTER_BOUND('',#943,.T.);
#338=FACE_OUTER_BOUND('',#944,.T.);
#339=FACE_OUTER_BOUND('',#945,.T.);
#340=FACE_OUTER_BOUND('',#946,.T.);
#341=FACE_OUTER_BOUND('',#947,.T.);
#342=FACE_OUTER_BOUND('',#948,.T.);
#343=FACE_OUTER_BOUND('',#949,.T.);
#344=FACE_OUTER_BOUND('',#950,.T.);
#345=FACE_OUTER_BOUND('',#951,.T.);
#346=FACE_OUTER_BOUND('',#952,.T.);
#347=FACE_OUTER_BOUND('',#953,.T.);
#348=FACE_OUTER_BOUND('',#954,.T.);
#349=FACE_OUTER_BOUND('',#955,.T.);
#350=FACE_OUTER_BOUND('',#956,.T.);
#351=FACE_OUTER_BOUND('',#957,.T.);
#352=FACE_OUTER_BOUND('',#958,.T.);
#353=FACE_OUTER_BOUND('',#959,.T.);
#354=FACE_OUTER_BOUND('',#960,.T.);
#355=FACE_OUTER_BOUND('',#961,.T.);
#356=FACE_OUTER_BOUND('',#962,.T.);
#357=FACE_OUTER_BOUND('',#963,.T.);
#358=FACE_OUTER_BOUND('',#964,.T.);
#359=FACE_OUTER_BOUND('',#965,.T.);
#360=FACE_OUTER_BOUND('',#966,.T.);
#361=FACE_OUTER_BOUND('',#967,.T.);
#362=FACE_OUTER_BOUND('',#968,.T.);
#363=FACE_OUTER_BOUND('',#969,.T.);
#364=FACE_OUTER_BOUND('',#970,.T.);
#365=FACE_OUTER_BOUND('',#971,.T.);
#366=FACE_OUTER_BOUND('',#972,.T.);
#367=FACE_OUTER_BOUND('',#973,.T.);
#368=FACE_OUTER_BOUND('',#974,.T.);
#369=FACE_OUTER_BOUND('',#975,.T.);
#370=FACE_OUTER_BOUND('',#976,.T.);
#371=FACE_OUTER_BOUND('',#977,.T.);
#372=FACE_OUTER_BOUND('',#978,.T.);
#373=FACE_OUTER_BOUND('',#979,.T.);
#374=FACE_OUTER_BOUND('',#980,.T.);
#375=FACE_OUTER_BOUND('',#981,.T.);
#376=FACE_OUTER_BOUND('',#982,.T.);
#377=FACE_OUTER_BOUND('',#983,.T.);
#378=FACE_OUTER_BOUND('',#984,.T.);
#379=FACE_OUTER_BOUND('',#985,.T.);
#380=FACE_OUTER_BOUND('',#986,.T.);
#381=FACE_OUTER_BOUND('',#987,.T.);
#382=FACE_OUTER_BOUND('',#988,.T.);
#383=FACE_OUTER_BOUND('',#989,.T.);
#384=FACE_OUTER_BOUND('',#990,.T.);
#385=FACE_OUTER_BOUND('',#991,.T.);
#386=FACE_OUTER_BOUND('',#992,.T.);
#387=FACE_OUTER_BOUND('',#993,.T.);
#388=FACE_OUTER_BOUND('',#994,.T.);
#389=FACE_OUTER_BOUND('',#995,.T.);
#390=FACE_OUTER_BOUND('',#996,.T.);
#391=FACE_OUTER_BOUND('',#997,.T.);
#392=FACE_OUTER_BOUND('',#998,.T.);
#393=FACE_OUTER_BOUND('',#999,.T.);
#394=FACE_OUTER_BOUND('',#1000,.T.);
#395=FACE_OUTER_BOUND('',#1001,.T.);
#396=FACE_OUTER_BOUND('',#1002,.T.);
#397=FACE_OUTER_BOUND('',#1003,.T.);
#398=FACE_OUTER_BOUND('',#1004,.T.);
#399=FACE_OUTER_BOUND('',#1005,.T.);
#400=FACE_OUTER_BOUND('',#1006,.T.);
#401=FACE_OUTER_BOUND('',#1007,.T.);
#402=FACE_OUTER_BOUND('',#1008,.T.);
#403=FACE_OUTER_BOUND('',#1009,.T.);
#404=FACE_OUTER_BOUND('',#1010,.T.);
#405=FACE_OUTER_BOUND('',#1011,.T.);
#406=FACE_OUTER_BOUND('',#1012,.T.);
#407=FACE_OUTER_BOUND('',#1013,.T.);
#408=FACE_OUTER_BOUND('',#1014,.T.);
#409=FACE_OUTER_BOUND('',#1015,.T.);
#410=FACE_OUTER_BOUND('',#1016,.T.);
#411=FACE_OUTER_BOUND('',#1017,.T.);
#412=FACE_OUTER_BOUND('',#1018,.T.);
#413=FACE_OUTER_BOUND('',#1019,.T.);
#414=FACE_OUTER_BOUND('',#1023,.T.);
#415=FACE_OUTER_BOUND('',#1027,.T.);
#416=FACE_OUTER_BOUND('',#1028,.T.);
#417=FACE_OUTER_BOUND('',#1029,.T.);
#418=FACE_OUTER_BOUND('',#1030,.T.);
#419=FACE_OUTER_BOUND('',#1031,.T.);
#420=FACE_OUTER_BOUND('',#1032,.T.);
#421=FACE_OUTER_BOUND('',#1033,.T.);
#422=FACE_OUTER_BOUND('',#1034,.T.);
#423=FACE_OUTER_BOUND('',#1035,.T.);
#424=FACE_OUTER_BOUND('',#1036,.T.);
#425=FACE_OUTER_BOUND('',#1037,.T.);
#426=FACE_OUTER_BOUND('',#1038,.T.);
#427=FACE_OUTER_BOUND('',#1039,.T.);
#428=FACE_OUTER_BOUND('',#1040,.T.);
#429=FACE_OUTER_BOUND('',#1041,.T.);
#430=FACE_OUTER_BOUND('',#1042,.T.);
#431=FACE_OUTER_BOUND('',#1043,.T.);
#432=FACE_OUTER_BOUND('',#1044,.T.);
#433=FACE_OUTER_BOUND('',#1045,.T.);
#434=FACE_OUTER_BOUND('',#1046,.T.);
#435=FACE_OUTER_BOUND('',#1047,.T.);
#436=FACE_OUTER_BOUND('',#1048,.T.);
#437=FACE_OUTER_BOUND('',#1049,.T.);
#438=FACE_OUTER_BOUND('',#1050,.T.);
#439=FACE_OUTER_BOUND('',#1051,.T.);
#440=FACE_OUTER_BOUND('',#1052,.T.);
#441=FACE_OUTER_BOUND('',#1053,.T.);
#442=FACE_OUTER_BOUND('',#1054,.T.);
#443=FACE_OUTER_BOUND('',#1055,.T.);
#444=FACE_OUTER_BOUND('',#1056,.T.);
#445=FACE_OUTER_BOUND('',#1057,.T.);
#446=FACE_OUTER_BOUND('',#1058,.T.);
#447=FACE_OUTER_BOUND('',#1059,.T.);
#448=FACE_OUTER_BOUND('',#1060,.T.);
#449=FACE_OUTER_BOUND('',#1061,.T.);
#450=FACE_OUTER_BOUND('',#1062,.T.);
#451=FACE_OUTER_BOUND('',#1063,.T.);
#452=FACE_OUTER_BOUND('',#1064,.T.);
#453=FACE_OUTER_BOUND('',#1065,.T.);
#454=FACE_OUTER_BOUND('',#1066,.T.);
#455=FACE_OUTER_BOUND('',#1067,.T.);
#456=FACE_OUTER_BOUND('',#1068,.T.);
#457=FACE_OUTER_BOUND('',#1069,.T.);
#458=FACE_OUTER_BOUND('',#1070,.T.);
#459=FACE_OUTER_BOUND('',#1071,.T.);
#460=FACE_OUTER_BOUND('',#1072,.T.);
#461=FACE_OUTER_BOUND('',#1073,.T.);
#462=FACE_OUTER_BOUND('',#1074,.T.);
#463=FACE_OUTER_BOUND('',#1075,.T.);
#464=FACE_OUTER_BOUND('',#1076,.T.);
#465=FACE_OUTER_BOUND('',#1077,.T.);
#466=FACE_OUTER_BOUND('',#1078,.T.);
#467=FACE_OUTER_BOUND('',#1079,.T.);
#468=FACE_OUTER_BOUND('',#1080,.T.);
#469=FACE_OUTER_BOUND('',#1081,.T.);
#470=FACE_OUTER_BOUND('',#1082,.T.);
#471=FACE_OUTER_BOUND('',#1083,.T.);
#472=FACE_OUTER_BOUND('',#1084,.T.);
#473=FACE_OUTER_BOUND('',#1085,.T.);
#474=FACE_OUTER_BOUND('',#1086,.T.);
#475=FACE_OUTER_BOUND('',#1087,.T.);
#476=FACE_OUTER_BOUND('',#1088,.T.);
#477=FACE_OUTER_BOUND('',#1089,.T.);
#478=FACE_OUTER_BOUND('',#1090,.T.);
#479=FACE_OUTER_BOUND('',#1091,.T.);
#480=FACE_OUTER_BOUND('',#1092,.T.);
#481=FACE_OUTER_BOUND('',#1093,.T.);
#482=FACE_OUTER_BOUND('',#1094,.T.);
#483=FACE_OUTER_BOUND('',#1095,.T.);
#484=FACE_OUTER_BOUND('',#1096,.T.);
#485=FACE_OUTER_BOUND('',#1097,.T.);
#486=FACE_OUTER_BOUND('',#1098,.T.);
#487=FACE_OUTER_BOUND('',#1099,.T.);
#488=FACE_OUTER_BOUND('',#1100,.T.);
#489=FACE_OUTER_BOUND('',#1101,.T.);
#490=FACE_OUTER_BOUND('',#1102,.T.);
#491=FACE_OUTER_BOUND('',#1103,.T.);
#492=FACE_OUTER_BOUND('',#1104,.T.);
#493=FACE_OUTER_BOUND('',#1105,.T.);
#494=FACE_OUTER_BOUND('',#1106,.T.);
#495=FACE_OUTER_BOUND('',#1107,.T.);
#496=FACE_OUTER_BOUND('',#1108,.T.);
#497=FACE_OUTER_BOUND('',#1109,.T.);
#498=FACE_OUTER_BOUND('',#1110,.T.);
#499=FACE_OUTER_BOUND('',#1111,.T.);
#500=FACE_OUTER_BOUND('',#1112,.T.);
#501=FACE_OUTER_BOUND('',#1113,.T.);
#502=FACE_OUTER_BOUND('',#1114,.T.);
#503=FACE_OUTER_BOUND('',#1115,.T.);
#504=FACE_OUTER_BOUND('',#1116,.T.);
#505=FACE_OUTER_BOUND('',#1117,.T.);
#506=FACE_OUTER_BOUND('',#1118,.T.);
#507=FACE_OUTER_BOUND('',#1119,.T.);
#508=FACE_OUTER_BOUND('',#1120,.T.);
#509=FACE_OUTER_BOUND('',#1121,.T.);
#510=FACE_OUTER_BOUND('',#1122,.T.);
#511=FACE_OUTER_BOUND('',#1123,.T.);
#512=FACE_OUTER_BOUND('',#1124,.T.);
#513=FACE_OUTER_BOUND('',#1125,.T.);
#514=FACE_OUTER_BOUND('',#1129,.T.);
#515=FACE_OUTER_BOUND('',#1133,.T.);
#516=FACE_OUTER_BOUND('',#1134,.T.);
#517=FACE_OUTER_BOUND('',#1135,.T.);
#518=FACE_OUTER_BOUND('',#1136,.T.);
#519=FACE_OUTER_BOUND('',#1137,.T.);
#520=FACE_OUTER_BOUND('',#1138,.T.);
#521=FACE_OUTER_BOUND('',#1139,.T.);
#522=FACE_OUTER_BOUND('',#1140,.T.);
#523=FACE_OUTER_BOUND('',#1141,.T.);
#524=FACE_OUTER_BOUND('',#1142,.T.);
#525=FACE_OUTER_BOUND('',#1143,.T.);
#526=FACE_OUTER_BOUND('',#1144,.T.);
#527=FACE_OUTER_BOUND('',#1145,.T.);
#528=FACE_OUTER_BOUND('',#1146,.T.);
#529=FACE_OUTER_BOUND('',#1147,.T.);
#530=FACE_OUTER_BOUND('',#1148,.T.);
#531=FACE_OUTER_BOUND('',#1149,.T.);
#532=FACE_OUTER_BOUND('',#1150,.T.);
#533=FACE_OUTER_BOUND('',#1151,.T.);
#534=FACE_OUTER_BOUND('',#1152,.T.);
#535=FACE_OUTER_BOUND('',#1153,.T.);
#536=FACE_OUTER_BOUND('',#1154,.T.);
#537=FACE_OUTER_BOUND('',#1155,.T.);
#538=FACE_OUTER_BOUND('',#1156,.T.);
#539=FACE_OUTER_BOUND('',#1157,.T.);
#540=FACE_OUTER_BOUND('',#1158,.T.);
#541=FACE_OUTER_BOUND('',#1159,.T.);
#542=FACE_OUTER_BOUND('',#1160,.T.);
#543=FACE_OUTER_BOUND('',#1161,.T.);
#544=FACE_OUTER_BOUND('',#1162,.T.);
#545=FACE_OUTER_BOUND('',#1163,.T.);
#546=FACE_OUTER_BOUND('',#1164,.T.);
#547=FACE_OUTER_BOUND('',#1165,.T.);
#548=FACE_OUTER_BOUND('',#1166,.T.);
#549=FACE_OUTER_BOUND('',#1167,.T.);
#550=FACE_OUTER_BOUND('',#1168,.T.);
#551=FACE_OUTER_BOUND('',#1169,.T.);
#552=FACE_OUTER_BOUND('',#1170,.T.);
#553=FACE_OUTER_BOUND('',#1171,.T.);
#554=FACE_OUTER_BOUND('',#1172,.T.);
#555=FACE_OUTER_BOUND('',#1173,.T.);
#556=FACE_OUTER_BOUND('',#1174,.T.);
#557=FACE_OUTER_BOUND('',#1175,.T.);
#558=FACE_OUTER_BOUND('',#1176,.T.);
#559=FACE_OUTER_BOUND('',#1177,.T.);
#560=FACE_OUTER_BOUND('',#1178,.T.);
#561=FACE_OUTER_BOUND('',#1179,.T.);
#562=FACE_OUTER_BOUND('',#1180,.T.);
#563=FACE_OUTER_BOUND('',#1181,.T.);
#564=FACE_OUTER_BOUND('',#1182,.T.);
#565=FACE_OUTER_BOUND('',#1183,.T.);
#566=FACE_OUTER_BOUND('',#1184,.T.);
#567=FACE_OUTER_BOUND('',#1185,.T.);
#568=FACE_OUTER_BOUND('',#1186,.T.);
#569=FACE_OUTER_BOUND('',#1187,.T.);
#570=FACE_OUTER_BOUND('',#1188,.T.);
#571=FACE_OUTER_BOUND('',#1189,.T.);
#572=FACE_OUTER_BOUND('',#1190,.T.);
#573=FACE_OUTER_BOUND('',#1191,.T.);
#574=FACE_OUTER_BOUND('',#1192,.T.);
#575=FACE_OUTER_BOUND('',#1193,.T.);
#576=FACE_OUTER_BOUND('',#1194,.T.);
#577=FACE_OUTER_BOUND('',#1195,.T.);
#578=FACE_OUTER_BOUND('',#1196,.T.);
#579=FACE_OUTER_BOUND('',#1197,.T.);
#580=FACE_OUTER_BOUND('',#1198,.T.);
#581=FACE_OUTER_BOUND('',#1199,.T.);
#582=FACE_OUTER_BOUND('',#1200,.T.);
#583=FACE_OUTER_BOUND('',#1201,.T.);
#584=FACE_OUTER_BOUND('',#1202,.T.);
#585=FACE_OUTER_BOUND('',#1203,.T.);
#586=FACE_OUTER_BOUND('',#1204,.T.);
#587=FACE_OUTER_BOUND('',#1205,.T.);
#588=FACE_OUTER_BOUND('',#1206,.T.);
#589=FACE_OUTER_BOUND('',#1207,.T.);
#590=FACE_OUTER_BOUND('',#1208,.T.);
#591=FACE_OUTER_BOUND('',#1209,.T.);
#592=FACE_OUTER_BOUND('',#1210,.T.);
#593=FACE_OUTER_BOUND('',#1211,.T.);
#594=FACE_OUTER_BOUND('',#1212,.T.);
#595=FACE_OUTER_BOUND('',#1213,.T.);
#596=FACE_OUTER_BOUND('',#1214,.T.);
#597=FACE_OUTER_BOUND('',#1215,.T.);
#598=FACE_OUTER_BOUND('',#1216,.T.);
#599=FACE_OUTER_BOUND('',#1217,.T.);
#600=FACE_OUTER_BOUND('',#1218,.T.);
#601=FACE_OUTER_BOUND('',#1219,.T.);
#602=FACE_OUTER_BOUND('',#1220,.T.);
#603=FACE_OUTER_BOUND('',#1221,.T.);
#604=FACE_OUTER_BOUND('',#1222,.T.);
#605=FACE_OUTER_BOUND('',#1223,.T.);
#606=FACE_OUTER_BOUND('',#1224,.T.);
#607=FACE_OUTER_BOUND('',#1225,.T.);
#608=FACE_OUTER_BOUND('',#1226,.T.);
#609=FACE_OUTER_BOUND('',#1227,.T.);
#610=FACE_OUTER_BOUND('',#1228,.T.);
#611=FACE_OUTER_BOUND('',#1229,.T.);
#612=FACE_OUTER_BOUND('',#1230,.T.);
#613=FACE_OUTER_BOUND('',#1231,.T.);
#614=FACE_OUTER_BOUND('',#1235,.T.);
#615=FACE_OUTER_BOUND('',#1239,.T.);
#616=FACE_OUTER_BOUND('',#1240,.T.);
#617=FACE_OUTER_BOUND('',#1241,.T.);
#618=FACE_OUTER_BOUND('',#1242,.T.);
#619=FACE_OUTER_BOUND('',#1243,.T.);
#620=FACE_OUTER_BOUND('',#1244,.T.);
#621=FACE_OUTER_BOUND('',#1245,.T.);
#622=FACE_OUTER_BOUND('',#1246,.T.);
#623=FACE_OUTER_BOUND('',#1247,.T.);
#624=FACE_OUTER_BOUND('',#1248,.T.);
#625=FACE_OUTER_BOUND('',#1249,.T.);
#626=FACE_OUTER_BOUND('',#1250,.T.);
#627=FACE_OUTER_BOUND('',#1251,.T.);
#628=FACE_OUTER_BOUND('',#1252,.T.);
#629=FACE_OUTER_BOUND('',#1253,.T.);
#630=FACE_OUTER_BOUND('',#1254,.T.);
#631=FACE_OUTER_BOUND('',#1255,.T.);
#632=FACE_OUTER_BOUND('',#1256,.T.);
#633=FACE_OUTER_BOUND('',#1257,.T.);
#634=FACE_OUTER_BOUND('',#1258,.T.);
#635=FACE_OUTER_BOUND('',#1259,.T.);
#636=FACE_OUTER_BOUND('',#1260,.T.);
#637=FACE_OUTER_BOUND('',#1261,.T.);
#638=FACE_OUTER_BOUND('',#1262,.T.);
#639=FACE_OUTER_BOUND('',#1263,.T.);
#640=FACE_OUTER_BOUND('',#1264,.T.);
#641=FACE_OUTER_BOUND('',#1265,.T.);
#642=FACE_OUTER_BOUND('',#1266,.T.);
#643=FACE_OUTER_BOUND('',#1267,.T.);
#644=FACE_OUTER_BOUND('',#1268,.T.);
#645=FACE_OUTER_BOUND('',#1269,.T.);
#646=FACE_OUTER_BOUND('',#1270,.T.);
#647=FACE_OUTER_BOUND('',#1271,.T.);
#648=FACE_OUTER_BOUND('',#1272,.T.);
#649=FACE_OUTER_BOUND('',#1273,.T.);
#650=FACE_OUTER_BOUND('',#1274,.T.);
#651=FACE_OUTER_BOUND('',#1275,.T.);
#652=FACE_OUTER_BOUND('',#1276,.T.);
#653=FACE_OUTER_BOUND('',#1277,.T.);
#654=FACE_OUTER_BOUND('',#1278,.T.);
#655=FACE_OUTER_BOUND('',#1279,.T.);
#656=FACE_OUTER_BOUND('',#1280,.T.);
#657=FACE_OUTER_BOUND('',#1281,.T.);
#658=FACE_OUTER_BOUND('',#1282,.T.);
#659=FACE_OUTER_BOUND('',#1283,.T.);
#660=FACE_OUTER_BOUND('',#1284,.T.);
#661=FACE_OUTER_BOUND('',#1285,.T.);
#662=FACE_OUTER_BOUND('',#1286,.T.);
#663=FACE_OUTER_BOUND('',#1287,.T.);
#664=FACE_OUTER_BOUND('',#1288,.T.);
#665=FACE_OUTER_BOUND('',#1289,.T.);
#666=FACE_OUTER_BOUND('',#1290,.T.);
#667=FACE_OUTER_BOUND('',#1291,.T.);
#668=FACE_OUTER_BOUND('',#1292,.T.);
#669=FACE_OUTER_BOUND('',#1293,.T.);
#670=FACE_OUTER_BOUND('',#1294,.T.);
#671=FACE_OUTER_BOUND('',#1295,.T.);
#672=FACE_OUTER_BOUND('',#1296,.T.);
#673=FACE_OUTER_BOUND('',#1297,.T.);
#674=FACE_OUTER_BOUND('',#1298,.T.);
#675=FACE_OUTER_BOUND('',#1299,.T.);
#676=FACE_OUTER_BOUND('',#1300,.T.);
#677=FACE_OUTER_BOUND('',#1301,.T.);
#678=FACE_OUTER_BOUND('',#1302,.T.);
#679=FACE_OUTER_BOUND('',#1303,.T.);
#680=FACE_OUTER_BOUND('',#1304,.T.);
#681=FACE_OUTER_BOUND('',#1305,.T.);
#682=FACE_OUTER_BOUND('',#1306,.T.);
#683=FACE_OUTER_BOUND('',#1307,.T.);
#684=FACE_OUTER_BOUND('',#1308,.T.);
#685=FACE_OUTER_BOUND('',#1309,.T.);
#686=FACE_OUTER_BOUND('',#1310,.T.);
#687=FACE_OUTER_BOUND('',#1311,.T.);
#688=FACE_OUTER_BOUND('',#1312,.T.);
#689=FACE_OUTER_BOUND('',#1313,.T.);
#690=FACE_OUTER_BOUND('',#1314,.T.);
#691=FACE_OUTER_BOUND('',#1315,.T.);
#692=FACE_OUTER_BOUND('',#1316,.T.);
#693=FACE_OUTER_BOUND('',#1317,.T.);
#694=FACE_OUTER_BOUND('',#1318,.T.);
#695=FACE_OUTER_BOUND('',#1319,.T.);
#696=FACE_OUTER_BOUND('',#1320,.T.);
#697=FACE_OUTER_BOUND('',#1321,.T.);
#698=FACE_OUTER_BOUND('',#1322,.T.);
#699=FACE_OUTER_BOUND('',#1323,.T.);
#700=FACE_OUTER_BOUND('',#1324,.T.);
#701=FACE_OUTER_BOUND('',#1325,.T.);
#702=FACE_OUTER_BOUND('',#1326,.T.);
#703=FACE_OUTER_BOUND('',#1327,.T.);
#704=FACE_OUTER_BOUND('',#1328,.T.);
#705=FACE_OUTER_BOUND('',#1329,.T.);
#706=FACE_OUTER_BOUND('',#1330,.T.);
#707=FACE_OUTER_BOUND('',#1331,.T.);
#708=FACE_OUTER_BOUND('',#1332,.T.);
#709=FACE_OUTER_BOUND('',#1333,.T.);
#710=FACE_OUTER_BOUND('',#1334,.T.);
#711=FACE_OUTER_BOUND('',#1335,.T.);
#712=FACE_OUTER_BOUND('',#1336,.T.);
#713=FACE_OUTER_BOUND('',#1337,.T.);
#714=FACE_OUTER_BOUND('',#1341,.T.);
#715=FACE_OUTER_BOUND('',#1345,.T.);
#716=FACE_OUTER_BOUND('',#1346,.T.);
#717=FACE_OUTER_BOUND('',#1347,.T.);
#718=FACE_OUTER_BOUND('',#1348,.T.);
#719=FACE_OUTER_BOUND('',#1349,.T.);
#720=FACE_OUTER_BOUND('',#1350,.T.);
#721=FACE_OUTER_BOUND('',#1351,.T.);
#722=FACE_OUTER_BOUND('',#1352,.T.);
#723=FACE_OUTER_BOUND('',#1353,.T.);
#724=FACE_OUTER_BOUND('',#1354,.T.);
#725=FACE_OUTER_BOUND('',#1355,.T.);
#726=FACE_OUTER_BOUND('',#1356,.T.);
#727=FACE_OUTER_BOUND('',#1357,.T.);
#728=FACE_OUTER_BOUND('',#1358,.T.);
#729=FACE_OUTER_BOUND('',#1359,.T.);
#730=FACE_OUTER_BOUND('',#1360,.T.);
#731=FACE_OUTER_BOUND('',#1361,.T.);
#732=FACE_OUTER_BOUND('',#1362,.T.);
#733=FACE_OUTER_BOUND('',#1363,.T.);
#734=FACE_OUTER_BOUND('',#1364,.T.);
#735=FACE_OUTER_BOUND('',#1365,.T.);
#736=FACE_OUTER_BOUND('',#1366,.T.);
#737=FACE_OUTER_BOUND('',#1367,.T.);
#738=FACE_OUTER_BOUND('',#1368,.T.);
#739=FACE_OUTER_BOUND('',#1369,.T.);
#740=FACE_OUTER_BOUND('',#1370,.T.);
#741=FACE_OUTER_BOUND('',#1371,.T.);
#742=FACE_OUTER_BOUND('',#1372,.T.);
#743=FACE_OUTER_BOUND('',#1373,.T.);
#744=FACE_OUTER_BOUND('',#1374,.T.);
#745=FACE_OUTER_BOUND('',#1375,.T.);
#746=FACE_OUTER_BOUND('',#1376,.T.);
#747=FACE_OUTER_BOUND('',#1377,.T.);
#748=FACE_OUTER_BOUND('',#1378,.T.);
#749=FACE_OUTER_BOUND('',#1379,.T.);
#750=FACE_OUTER_BOUND('',#1380,.T.);
#751=FACE_OUTER_BOUND('',#1381,.T.);
#752=FACE_OUTER_BOUND('',#1382,.T.);
#753=FACE_OUTER_BOUND('',#1383,.T.);
#754=FACE_OUTER_BOUND('',#1384,.T.);
#755=FACE_OUTER_BOUND('',#1385,.T.);
#756=FACE_OUTER_BOUND('',#1386,.T.);
#757=FACE_OUTER_BOUND('',#1387,.T.);
#758=FACE_OUTER_BOUND('',#1388,.T.);
#759=FACE_OUTER_BOUND('',#1389,.T.);
#760=FACE_OUTER_BOUND('',#1390,.T.);
#761=FACE_OUTER_BOUND('',#1391,.T.);
#762=FACE_OUTER_BOUND('',#1392,.T.);
#763=FACE_OUTER_BOUND('',#1393,.T.);
#764=FACE_OUTER_BOUND('',#1394,.T.);
#765=FACE_OUTER_BOUND('',#1395,.T.);
#766=FACE_OUTER_BOUND('',#1396,.T.);
#767=FACE_OUTER_BOUND('',#1397,.T.);
#768=FACE_OUTER_BOUND('',#1398,.T.);
#769=FACE_OUTER_BOUND('',#1399,.T.);
#770=FACE_OUTER_BOUND('',#1400,.T.);
#771=FACE_OUTER_BOUND('',#1401,.T.);
#772=FACE_OUTER_BOUND('',#1402,.T.);
#773=FACE_OUTER_BOUND('',#1403,.T.);
#774=FACE_OUTER_BOUND('',#1404,.T.);
#775=FACE_OUTER_BOUND('',#1405,.T.);
#776=FACE_OUTER_BOUND('',#1406,.T.);
#777=FACE_OUTER_BOUND('',#1407,.T.);
#778=FACE_OUTER_BOUND('',#1408,.T.);
#779=FACE_OUTER_BOUND('',#1409,.T.);
#780=FACE_OUTER_BOUND('',#1410,.T.);
#781=FACE_OUTER_BOUND('',#1411,.T.);
#782=FACE_OUTER_BOUND('',#1412,.T.);
#783=FACE_OUTER_BOUND('',#1413,.T.);
#784=FACE_OUTER_BOUND('',#1414,.T.);
#785=FACE_OUTER_BOUND('',#1415,.T.);
#786=FACE_OUTER_BOUND('',#1416,.T.);
#787=FACE_OUTER_BOUND('',#1417,.T.);
#788=FACE_OUTER_BOUND('',#1418,.T.);
#789=FACE_OUTER_BOUND('',#1419,.T.);
#790=FACE_OUTER_BOUND('',#1420,.T.);
#791=FACE_OUTER_BOUND('',#1421,.T.);
#792=FACE_OUTER_BOUND('',#1422,.T.);
#793=FACE_OUTER_BOUND('',#1423,.T.);
#794=FACE_OUTER_BOUND('',#1424,.T.);
#795=FACE_OUTER_BOUND('',#1425,.T.);
#796=FACE_OUTER_BOUND('',#1426,.T.);
#797=FACE_OUTER_BOUND('',#1427,.T.);
#798=FACE_OUTER_BOUND('',#1428,.T.);
#799=FACE_OUTER_BOUND('',#1429,.T.);
#800=FACE_OUTER_BOUND('',#1430,.T.);
#801=FACE_OUTER_BOUND('',#1431,.T.);
#802=FACE_OUTER_BOUND('',#1432,.T.);
#803=FACE_OUTER_BOUND('',#1433,.T.);
#804=FACE_OUTER_BOUND('',#1434,.T.);
#805=FACE_OUTER_BOUND('',#1435,.T.);
#806=FACE_OUTER_BOUND('',#1436,.T.);
#807=FACE_OUTER_BOUND('',#1437,.T.);
#808=FACE_OUTER_BOUND('',#1438,.T.);
#809=FACE_OUTER_BOUND('',#1439,.T.);
#810=FACE_OUTER_BOUND('',#1440,.T.);
#811=FACE_OUTER_BOUND('',#1441,.T.);
#812=FACE_OUTER_BOUND('',#1442,.T.);
#813=FACE_OUTER_BOUND('',#1443,.T.);
#814=FACE_OUTER_BOUND('',#1447,.T.);
#815=FACE_OUTER_BOUND('',#1451,.T.);
#816=FACE_OUTER_BOUND('',#1452,.T.);
#817=FACE_OUTER_BOUND('',#1453,.T.);
#818=FACE_OUTER_BOUND('',#1454,.T.);
#819=FACE_OUTER_BOUND('',#1455,.T.);
#820=FACE_OUTER_BOUND('',#1456,.T.);
#821=FACE_OUTER_BOUND('',#1457,.T.);
#822=FACE_OUTER_BOUND('',#1458,.T.);
#823=FACE_OUTER_BOUND('',#1459,.T.);
#824=FACE_OUTER_BOUND('',#1460,.T.);
#825=FACE_OUTER_BOUND('',#1461,.T.);
#826=FACE_OUTER_BOUND('',#1462,.T.);
#827=FACE_OUTER_BOUND('',#1463,.T.);
#828=FACE_OUTER_BOUND('',#1464,.T.);
#829=FACE_OUTER_BOUND('',#1465,.T.);
#830=FACE_OUTER_BOUND('',#1466,.T.);
#831=FACE_OUTER_BOUND('',#1467,.T.);
#832=FACE_OUTER_BOUND('',#1468,.T.);
#833=FACE_OUTER_BOUND('',#1469,.T.);
#834=FACE_OUTER_BOUND('',#1470,.T.);
#835=FACE_OUTER_BOUND('',#1471,.T.);
#836=FACE_OUTER_BOUND('',#1472,.T.);
#837=FACE_OUTER_BOUND('',#1473,.T.);
#838=FACE_OUTER_BOUND('',#1474,.T.);
#839=FACE_OUTER_BOUND('',#1475,.T.);
#840=FACE_OUTER_BOUND('',#1476,.T.);
#841=FACE_OUTER_BOUND('',#1477,.T.);
#842=FACE_OUTER_BOUND('',#1478,.T.);
#843=FACE_OUTER_BOUND('',#1479,.T.);
#844=FACE_OUTER_BOUND('',#1480,.T.);
#845=FACE_OUTER_BOUND('',#1481,.T.);
#846=FACE_OUTER_BOUND('',#1482,.T.);
#847=FACE_OUTER_BOUND('',#1483,.T.);
#848=FACE_OUTER_BOUND('',#1484,.T.);
#849=FACE_OUTER_BOUND('',#1485,.T.);
#850=FACE_OUTER_BOUND('',#1486,.T.);
#851=FACE_OUTER_BOUND('',#1487,.T.);
#852=FACE_OUTER_BOUND('',#1488,.T.);
#853=FACE_OUTER_BOUND('',#1489,.T.);
#854=FACE_OUTER_BOUND('',#1490,.T.);
#855=FACE_OUTER_BOUND('',#1491,.T.);
#856=FACE_OUTER_BOUND('',#1492,.T.);
#857=FACE_OUTER_BOUND('',#1493,.T.);
#858=FACE_OUTER_BOUND('',#1494,.T.);
#859=FACE_OUTER_BOUND('',#1495,.T.);
#860=FACE_OUTER_BOUND('',#1496,.T.);
#861=FACE_OUTER_BOUND('',#1497,.T.);
#862=FACE_OUTER_BOUND('',#1498,.T.);
#863=FACE_OUTER_BOUND('',#1499,.T.);
#864=FACE_OUTER_BOUND('',#1500,.T.);
#865=FACE_OUTER_BOUND('',#1501,.T.);
#866=FACE_OUTER_BOUND('',#1502,.T.);
#867=FACE_OUTER_BOUND('',#1503,.T.);
#868=FACE_OUTER_BOUND('',#1504,.T.);
#869=FACE_OUTER_BOUND('',#1505,.T.);
#870=FACE_OUTER_BOUND('',#1506,.T.);
#871=FACE_OUTER_BOUND('',#1507,.T.);
#872=FACE_OUTER_BOUND('',#1508,.T.);
#873=FACE_OUTER_BOUND('',#1509,.T.);
#874=FACE_OUTER_BOUND('',#1510,.T.);
#875=FACE_OUTER_BOUND('',#1511,.T.);
#876=FACE_OUTER_BOUND('',#1512,.T.);
#877=FACE_OUTER_BOUND('',#1513,.T.);
#878=FACE_OUTER_BOUND('',#1514,.T.);
#879=FACE_OUTER_BOUND('',#1515,.T.);
#880=FACE_OUTER_BOUND('',#1516,.T.);
#881=FACE_OUTER_BOUND('',#1517,.T.);
#882=FACE_OUTER_BOUND('',#1518,.T.);
#883=FACE_OUTER_BOUND('',#1519,.T.);
#884=FACE_OUTER_BOUND('',#1520,.T.);
#885=FACE_OUTER_BOUND('',#1521,.T.);
#886=FACE_OUTER_BOUND('',#1522,.T.);
#887=FACE_OUTER_BOUND('',#1523,.T.);
#888=FACE_OUTER_BOUND('',#1524,.T.);
#889=FACE_OUTER_BOUND('',#1525,.T.);
#890=FACE_OUTER_BOUND('',#1526,.T.);
#891=FACE_OUTER_BOUND('',#1527,.T.);
#892=FACE_OUTER_BOUND('',#1528,.T.);
#893=FACE_OUTER_BOUND('',#1529,.T.);
#894=FACE_OUTER_BOUND('',#1530,.T.);
#895=FACE_OUTER_BOUND('',#1531,.T.);
#896=FACE_OUTER_BOUND('',#1532,.T.);
#897=FACE_OUTER_BOUND('',#1533,.T.);
#898=FACE_OUTER_BOUND('',#1534,.T.);
#899=FACE_OUTER_BOUND('',#1535,.T.);
#900=FACE_OUTER_BOUND('',#1536,.T.);
#901=FACE_OUTER_BOUND('',#1537,.T.);
#902=FACE_OUTER_BOUND('',#1538,.T.);
#903=FACE_OUTER_BOUND('',#1539,.T.);
#904=FACE_OUTER_BOUND('',#1540,.T.);
#905=FACE_OUTER_BOUND('',#1541,.T.);
#906=FACE_OUTER_BOUND('',#1542,.T.);
#907=FACE_OUTER_BOUND('',#1543,.T.);
#908=FACE_OUTER_BOUND('',#1544,.T.);
#909=FACE_OUTER_BOUND('',#1545,.T.);
#910=FACE_OUTER_BOUND('',#1546,.T.);
#911=FACE_OUTER_BOUND('',#1547,.T.);
#912=FACE_OUTER_BOUND('',#1548,.T.);
#913=EDGE_LOOP('',(#6757,#6758,#6759,#6760,#6761,#6762,#6763,#6764));
#914=EDGE_LOOP('',(#6765,#6766,#6767,#6768,#6769,#6770,#6771,#6772));
#915=EDGE_LOOP('',(#6773,#6774,#6775,#6776,#6777,#6778,#6779,#6780));
#916=EDGE_LOOP('',(#6781,#6782,#6783,#6784,#6785,#6786,#6787,#6788));
#917=EDGE_LOOP('',(#6789,#6790,#6791,#6792,#6793,#6794,#6795,#6796));
#918=EDGE_LOOP('',(#6797,#6798,#6799,#6800,#6801,#6802,#6803,#6804));
#919=EDGE_LOOP('',(#6805,#6806,#6807,#6808,#6809,#6810,#6811,#6812));
#920=EDGE_LOOP('',(#6813,#6814,#6815,#6816,#6817,#6818,#6819,#6820));
#921=EDGE_LOOP('',(#6821,#6822,#6823,#6824));
#922=EDGE_LOOP('',(#6825,#6826,#6827,#6828));
#923=EDGE_LOOP('',(#6829,#6830,#6831,#6832));
#924=EDGE_LOOP('',(#6833,#6834,#6835,#6836));
#925=EDGE_LOOP('',(#6837,#6838,#6839,#6840));
#926=EDGE_LOOP('',(#6841,#6842,#6843,#6844));
#927=EDGE_LOOP('',(#6845,#6846,#6847,#6848));
#928=EDGE_LOOP('',(#6849,#6850,#6851,#6852));
#929=EDGE_LOOP('',(#6853,#6854,#6855,#6856,#6857,#6858,#6859,#6860));
#930=EDGE_LOOP('',(#6861,#6862,#6863,#6864));
#931=EDGE_LOOP('',(#6865,#6866,#6867,#6868));
#932=EDGE_LOOP('',(#6869,#6870,#6871,#6872));
#933=EDGE_LOOP('',(#6873,#6874,#6875,#6876));
#934=EDGE_LOOP('',(#6877,#6878,#6879,#6880));
#935=EDGE_LOOP('',(#6881,#6882,#6883,#6884));
#936=EDGE_LOOP('',(#6885,#6886,#6887,#6888));
#937=EDGE_LOOP('',(#6889,#6890,#6891,#6892));
#938=EDGE_LOOP('',(#6893,#6894,#6895,#6896));
#939=EDGE_LOOP('',(#6897,#6898,#6899,#6900,#6901,#6902,#6903,#6904));
#940=EDGE_LOOP('',(#6905,#6906,#6907,#6908));
#941=EDGE_LOOP('',(#6909,#6910,#6911,#6912));
#942=EDGE_LOOP('',(#6913,#6914,#6915,#6916));
#943=EDGE_LOOP('',(#6917,#6918,#6919,#6920));
#944=EDGE_LOOP('',(#6921,#6922,#6923,#6924));
#945=EDGE_LOOP('',(#6925,#6926,#6927,#6928));
#946=EDGE_LOOP('',(#6929,#6930,#6931,#6932));
#947=EDGE_LOOP('',(#6933,#6934,#6935,#6936));
#948=EDGE_LOOP('',(#6937,#6938,#6939,#6940));
#949=EDGE_LOOP('',(#6941,#6942,#6943,#6944));
#950=EDGE_LOOP('',(#6945,#6946,#6947,#6948));
#951=EDGE_LOOP('',(#6949,#6950,#6951,#6952));
#952=EDGE_LOOP('',(#6953,#6954,#6955,#6956));
#953=EDGE_LOOP('',(#6957,#6958,#6959,#6960));
#954=EDGE_LOOP('',(#6961,#6962,#6963,#6964));
#955=EDGE_LOOP('',(#6965,#6966,#6967,#6968));
#956=EDGE_LOOP('',(#6969,#6970,#6971,#6972));
#957=EDGE_LOOP('',(#6973,#6974,#6975,#6976,#6977,#6978,#6979,#6980));
#958=EDGE_LOOP('',(#6981,#6982,#6983,#6984,#6985,#6986,#6987,#6988));
#959=EDGE_LOOP('',(#6989,#6990,#6991,#6992,#6993,#6994,#6995,#6996));
#960=EDGE_LOOP('',(#6997,#6998,#6999,#7000));
#961=EDGE_LOOP('',(#7001,#7002,#7003,#7004));
#962=EDGE_LOOP('',(#7005,#7006,#7007,#7008));
#963=EDGE_LOOP('',(#7009,#7010,#7011,#7012));
#964=EDGE_LOOP('',(#7013,#7014,#7015,#7016));
#965=EDGE_LOOP('',(#7017,#7018,#7019,#7020));
#966=EDGE_LOOP('',(#7021,#7022,#7023,#7024));
#967=EDGE_LOOP('',(#7025,#7026,#7027,#7028));
#968=EDGE_LOOP('',(#7029,#7030,#7031,#7032));
#969=EDGE_LOOP('',(#7033,#7034,#7035,#7036,#7037,#7038,#7039,#7040));
#970=EDGE_LOOP('',(#7041,#7042,#7043,#7044));
#971=EDGE_LOOP('',(#7045,#7046,#7047,#7048));
#972=EDGE_LOOP('',(#7049,#7050,#7051,#7052));
#973=EDGE_LOOP('',(#7053,#7054,#7055,#7056));
#974=EDGE_LOOP('',(#7057,#7058,#7059,#7060));
#975=EDGE_LOOP('',(#7061,#7062,#7063,#7064));
#976=EDGE_LOOP('',(#7065,#7066,#7067,#7068));
#977=EDGE_LOOP('',(#7069,#7070,#7071,#7072));
#978=EDGE_LOOP('',(#7073,#7074,#7075,#7076));
#979=EDGE_LOOP('',(#7077,#7078,#7079,#7080));
#980=EDGE_LOOP('',(#7081,#7082,#7083,#7084));
#981=EDGE_LOOP('',(#7085,#7086,#7087,#7088));
#982=EDGE_LOOP('',(#7089,#7090,#7091,#7092));
#983=EDGE_LOOP('',(#7093,#7094,#7095,#7096));
#984=EDGE_LOOP('',(#7097,#7098,#7099,#7100));
#985=EDGE_LOOP('',(#7101,#7102,#7103,#7104));
#986=EDGE_LOOP('',(#7105,#7106,#7107,#7108));
#987=EDGE_LOOP('',(#7109,#7110,#7111,#7112,#7113,#7114,#7115,#7116));
#988=EDGE_LOOP('',(#7117,#7118,#7119,#7120,#7121,#7122,#7123,#7124));
#989=EDGE_LOOP('',(#7125,#7126,#7127,#7128,#7129,#7130,#7131,#7132));
#990=EDGE_LOOP('',(#7133,#7134,#7135,#7136));
#991=EDGE_LOOP('',(#7137,#7138,#7139,#7140));
#992=EDGE_LOOP('',(#7141,#7142,#7143,#7144));
#993=EDGE_LOOP('',(#7145,#7146,#7147,#7148));
#994=EDGE_LOOP('',(#7149,#7150,#7151,#7152));
#995=EDGE_LOOP('',(#7153,#7154,#7155,#7156));
#996=EDGE_LOOP('',(#7157,#7158,#7159,#7160));
#997=EDGE_LOOP('',(#7161,#7162,#7163,#7164));
#998=EDGE_LOOP('',(#7165,#7166,#7167,#7168));
#999=EDGE_LOOP('',(#7169,#7170,#7171,#7172,#7173,#7174,#7175,#7176));
#1000=EDGE_LOOP('',(#7177,#7178,#7179,#7180));
#1001=EDGE_LOOP('',(#7181,#7182,#7183,#7184));
#1002=EDGE_LOOP('',(#7185,#7186,#7187,#7188));
#1003=EDGE_LOOP('',(#7189,#7190,#7191,#7192));
#1004=EDGE_LOOP('',(#7193,#7194,#7195,#7196));
#1005=EDGE_LOOP('',(#7197,#7198,#7199,#7200));
#1006=EDGE_LOOP('',(#7201,#7202,#7203,#7204));
#1007=EDGE_LOOP('',(#7205,#7206,#7207,#7208));
#1008=EDGE_LOOP('',(#7209,#7210,#7211,#7212));
#1009=EDGE_LOOP('',(#7213,#7214,#7215,#7216));
#1010=EDGE_LOOP('',(#7217,#7218,#7219,#7220));
#1011=EDGE_LOOP('',(#7221,#7222,#7223,#7224));
#1012=EDGE_LOOP('',(#7225,#7226,#7227,#7228));
#1013=EDGE_LOOP('',(#7229,#7230,#7231,#7232));
#1014=EDGE_LOOP('',(#7233,#7234,#7235,#7236));
#1015=EDGE_LOOP('',(#7237,#7238,#7239,#7240));
#1016=EDGE_LOOP('',(#7241,#7242,#7243,#7244));
#1017=EDGE_LOOP('',(#7245,#7246,#7247,#7248,#7249,#7250,#7251,#7252));
#1018=EDGE_LOOP('',(#7253,#7254,#7255,#7256,#7257,#7258,#7259,#7260));
#1019=EDGE_LOOP('',(#7261,#7262,#7263,#7264,#7265,#7266,#7267,#7268));
#1020=EDGE_LOOP('',(#7269,#7270,#7271,#7272,#7273,#7274,#7275,#7276));
#1021=EDGE_LOOP('',(#7277,#7278,#7279,#7280,#7281,#7282,#7283,#7284));
#1022=EDGE_LOOP('',(#7285,#7286,#7287,#7288,#7289,#7290,#7291,#7292));
#1023=EDGE_LOOP('',(#7293,#7294,#7295,#7296,#7297,#7298,#7299,#7300));
#1024=EDGE_LOOP('',(#7301,#7302,#7303,#7304,#7305,#7306,#7307,#7308));
#1025=EDGE_LOOP('',(#7309,#7310,#7311,#7312,#7313,#7314,#7315,#7316));
#1026=EDGE_LOOP('',(#7317,#7318,#7319,#7320,#7321,#7322,#7323,#7324));
#1027=EDGE_LOOP('',(#7325,#7326,#7327,#7328));
#1028=EDGE_LOOP('',(#7329,#7330,#7331,#7332));
#1029=EDGE_LOOP('',(#7333,#7334,#7335,#7336));
#1030=EDGE_LOOP('',(#7337,#7338,#7339,#7340));
#1031=EDGE_LOOP('',(#7341,#7342,#7343,#7344));
#1032=EDGE_LOOP('',(#7345,#7346,#7347,#7348));
#1033=EDGE_LOOP('',(#7349,#7350,#7351,#7352));
#1034=EDGE_LOOP('',(#7353,#7354,#7355,#7356));
#1035=EDGE_LOOP('',(#7357,#7358,#7359,#7360,#7361,#7362,#7363,#7364));
#1036=EDGE_LOOP('',(#7365,#7366,#7367,#7368));
#1037=EDGE_LOOP('',(#7369,#7370,#7371,#7372));
#1038=EDGE_LOOP('',(#7373,#7374,#7375,#7376));
#1039=EDGE_LOOP('',(#7377,#7378,#7379,#7380));
#1040=EDGE_LOOP('',(#7381,#7382,#7383,#7384));
#1041=EDGE_LOOP('',(#7385,#7386,#7387,#7388));
#1042=EDGE_LOOP('',(#7389,#7390,#7391,#7392));
#1043=EDGE_LOOP('',(#7393,#7394,#7395,#7396));
#1044=EDGE_LOOP('',(#7397,#7398,#7399,#7400));
#1045=EDGE_LOOP('',(#7401,#7402,#7403,#7404,#7405,#7406,#7407,#7408));
#1046=EDGE_LOOP('',(#7409,#7410,#7411,#7412));
#1047=EDGE_LOOP('',(#7413,#7414,#7415,#7416));
#1048=EDGE_LOOP('',(#7417,#7418,#7419,#7420));
#1049=EDGE_LOOP('',(#7421,#7422,#7423,#7424));
#1050=EDGE_LOOP('',(#7425,#7426,#7427,#7428));
#1051=EDGE_LOOP('',(#7429,#7430,#7431,#7432));
#1052=EDGE_LOOP('',(#7433,#7434,#7435,#7436));
#1053=EDGE_LOOP('',(#7437,#7438,#7439,#7440));
#1054=EDGE_LOOP('',(#7441,#7442,#7443,#7444));
#1055=EDGE_LOOP('',(#7445,#7446,#7447,#7448));
#1056=EDGE_LOOP('',(#7449,#7450,#7451,#7452));
#1057=EDGE_LOOP('',(#7453,#7454,#7455,#7456));
#1058=EDGE_LOOP('',(#7457,#7458,#7459,#7460));
#1059=EDGE_LOOP('',(#7461,#7462,#7463,#7464));
#1060=EDGE_LOOP('',(#7465,#7466,#7467,#7468));
#1061=EDGE_LOOP('',(#7469,#7470,#7471,#7472));
#1062=EDGE_LOOP('',(#7473,#7474,#7475,#7476));
#1063=EDGE_LOOP('',(#7477,#7478,#7479,#7480,#7481,#7482,#7483,#7484));
#1064=EDGE_LOOP('',(#7485,#7486,#7487,#7488,#7489,#7490,#7491,#7492));
#1065=EDGE_LOOP('',(#7493,#7494,#7495,#7496,#7497,#7498,#7499,#7500));
#1066=EDGE_LOOP('',(#7501,#7502,#7503,#7504));
#1067=EDGE_LOOP('',(#7505,#7506,#7507,#7508));
#1068=EDGE_LOOP('',(#7509,#7510,#7511,#7512));
#1069=EDGE_LOOP('',(#7513,#7514,#7515,#7516));
#1070=EDGE_LOOP('',(#7517,#7518,#7519,#7520));
#1071=EDGE_LOOP('',(#7521,#7522,#7523,#7524));
#1072=EDGE_LOOP('',(#7525,#7526,#7527,#7528));
#1073=EDGE_LOOP('',(#7529,#7530,#7531,#7532));
#1074=EDGE_LOOP('',(#7533,#7534,#7535,#7536));
#1075=EDGE_LOOP('',(#7537,#7538,#7539,#7540,#7541,#7542,#7543,#7544));
#1076=EDGE_LOOP('',(#7545,#7546,#7547,#7548));
#1077=EDGE_LOOP('',(#7549,#7550,#7551,#7552));
#1078=EDGE_LOOP('',(#7553,#7554,#7555,#7556));
#1079=EDGE_LOOP('',(#7557,#7558,#7559,#7560));
#1080=EDGE_LOOP('',(#7561,#7562,#7563,#7564));
#1081=EDGE_LOOP('',(#7565,#7566,#7567,#7568));
#1082=EDGE_LOOP('',(#7569,#7570,#7571,#7572));
#1083=EDGE_LOOP('',(#7573,#7574,#7575,#7576));
#1084=EDGE_LOOP('',(#7577,#7578,#7579,#7580));
#1085=EDGE_LOOP('',(#7581,#7582,#7583,#7584));
#1086=EDGE_LOOP('',(#7585,#7586,#7587,#7588));
#1087=EDGE_LOOP('',(#7589,#7590,#7591,#7592));
#1088=EDGE_LOOP('',(#7593,#7594,#7595,#7596));
#1089=EDGE_LOOP('',(#7597,#7598,#7599,#7600));
#1090=EDGE_LOOP('',(#7601,#7602,#7603,#7604));
#1091=EDGE_LOOP('',(#7605,#7606,#7607,#7608));
#1092=EDGE_LOOP('',(#7609,#7610,#7611,#7612));
#1093=EDGE_LOOP('',(#7613,#7614,#7615,#7616,#7617,#7618,#7619,#7620));
#1094=EDGE_LOOP('',(#7621,#7622,#7623,#7624,#7625,#7626,#7627,#7628));
#1095=EDGE_LOOP('',(#7629,#7630,#7631,#7632,#7633,#7634,#7635,#7636));
#1096=EDGE_LOOP('',(#7637,#7638,#7639,#7640));
#1097=EDGE_LOOP('',(#7641,#7642,#7643,#7644));
#1098=EDGE_LOOP('',(#7645,#7646,#7647,#7648));
#1099=EDGE_LOOP('',(#7649,#7650,#7651,#7652));
#1100=EDGE_LOOP('',(#7653,#7654,#7655,#7656));
#1101=EDGE_LOOP('',(#7657,#7658,#7659,#7660));
#1102=EDGE_LOOP('',(#7661,#7662,#7663,#7664));
#1103=EDGE_LOOP('',(#7665,#7666,#7667,#7668));
#1104=EDGE_LOOP('',(#7669,#7670,#7671,#7672));
#1105=EDGE_LOOP('',(#7673,#7674,#7675,#7676,#7677,#7678,#7679,#7680));
#1106=EDGE_LOOP('',(#7681,#7682,#7683,#7684));
#1107=EDGE_LOOP('',(#7685,#7686,#7687,#7688));
#1108=EDGE_LOOP('',(#7689,#7690,#7691,#7692));
#1109=EDGE_LOOP('',(#7693,#7694,#7695,#7696));
#1110=EDGE_LOOP('',(#7697,#7698,#7699,#7700));
#1111=EDGE_LOOP('',(#7701,#7702,#7703,#7704));
#1112=EDGE_LOOP('',(#7705,#7706,#7707,#7708));
#1113=EDGE_LOOP('',(#7709,#7710,#7711,#7712));
#1114=EDGE_LOOP('',(#7713,#7714,#7715,#7716));
#1115=EDGE_LOOP('',(#7717,#7718,#7719,#7720));
#1116=EDGE_LOOP('',(#7721,#7722,#7723,#7724));
#1117=EDGE_LOOP('',(#7725,#7726,#7727,#7728));
#1118=EDGE_LOOP('',(#7729,#7730,#7731,#7732));
#1119=EDGE_LOOP('',(#7733,#7734,#7735,#7736));
#1120=EDGE_LOOP('',(#7737,#7738,#7739,#7740));
#1121=EDGE_LOOP('',(#7741,#7742,#7743,#7744));
#1122=EDGE_LOOP('',(#7745,#7746,#7747,#7748));
#1123=EDGE_LOOP('',(#7749,#7750,#7751,#7752,#7753,#7754,#7755,#7756));
#1124=EDGE_LOOP('',(#7757,#7758,#7759,#7760,#7761,#7762,#7763,#7764));
#1125=EDGE_LOOP('',(#7765,#7766,#7767,#7768,#7769,#7770,#7771,#7772));
#1126=EDGE_LOOP('',(#7773,#7774,#7775,#7776,#7777,#7778,#7779,#7780));
#1127=EDGE_LOOP('',(#7781,#7782,#7783,#7784,#7785,#7786,#7787,#7788));
#1128=EDGE_LOOP('',(#7789,#7790,#7791,#7792,#7793,#7794,#7795,#7796));
#1129=EDGE_LOOP('',(#7797,#7798,#7799,#7800,#7801,#7802,#7803,#7804));
#1130=EDGE_LOOP('',(#7805,#7806,#7807,#7808,#7809,#7810,#7811,#7812));
#1131=EDGE_LOOP('',(#7813,#7814,#7815,#7816,#7817,#7818,#7819,#7820));
#1132=EDGE_LOOP('',(#7821,#7822,#7823,#7824,#7825,#7826,#7827,#7828));
#1133=EDGE_LOOP('',(#7829,#7830,#7831,#7832));
#1134=EDGE_LOOP('',(#7833,#7834,#7835,#7836));
#1135=EDGE_LOOP('',(#7837,#7838,#7839,#7840));
#1136=EDGE_LOOP('',(#7841,#7842,#7843,#7844));
#1137=EDGE_LOOP('',(#7845,#7846,#7847,#7848));
#1138=EDGE_LOOP('',(#7849,#7850,#7851,#7852));
#1139=EDGE_LOOP('',(#7853,#7854,#7855,#7856));
#1140=EDGE_LOOP('',(#7857,#7858,#7859,#7860));
#1141=EDGE_LOOP('',(#7861,#7862,#7863,#7864,#7865,#7866,#7867,#7868));
#1142=EDGE_LOOP('',(#7869,#7870,#7871,#7872));
#1143=EDGE_LOOP('',(#7873,#7874,#7875,#7876));
#1144=EDGE_LOOP('',(#7877,#7878,#7879,#7880));
#1145=EDGE_LOOP('',(#7881,#7882,#7883,#7884));
#1146=EDGE_LOOP('',(#7885,#7886,#7887,#7888));
#1147=EDGE_LOOP('',(#7889,#7890,#7891,#7892));
#1148=EDGE_LOOP('',(#7893,#7894,#7895,#7896));
#1149=EDGE_LOOP('',(#7897,#7898,#7899,#7900));
#1150=EDGE_LOOP('',(#7901,#7902,#7903,#7904));
#1151=EDGE_LOOP('',(#7905,#7906,#7907,#7908,#7909,#7910,#7911,#7912));
#1152=EDGE_LOOP('',(#7913,#7914,#7915,#7916));
#1153=EDGE_LOOP('',(#7917,#7918,#7919,#7920));
#1154=EDGE_LOOP('',(#7921,#7922,#7923,#7924));
#1155=EDGE_LOOP('',(#7925,#7926,#7927,#7928));
#1156=EDGE_LOOP('',(#7929,#7930,#7931,#7932));
#1157=EDGE_LOOP('',(#7933,#7934,#7935,#7936));
#1158=EDGE_LOOP('',(#7937,#7938,#7939,#7940));
#1159=EDGE_LOOP('',(#7941,#7942,#7943,#7944));
#1160=EDGE_LOOP('',(#7945,#7946,#7947,#7948));
#1161=EDGE_LOOP('',(#7949,#7950,#7951,#7952));
#1162=EDGE_LOOP('',(#7953,#7954,#7955,#7956));
#1163=EDGE_LOOP('',(#7957,#7958,#7959,#7960));
#1164=EDGE_LOOP('',(#7961,#7962,#7963,#7964));
#1165=EDGE_LOOP('',(#7965,#7966,#7967,#7968));
#1166=EDGE_LOOP('',(#7969,#7970,#7971,#7972));
#1167=EDGE_LOOP('',(#7973,#7974,#7975,#7976));
#1168=EDGE_LOOP('',(#7977,#7978,#7979,#7980));
#1169=EDGE_LOOP('',(#7981,#7982,#7983,#7984,#7985,#7986,#7987,#7988));
#1170=EDGE_LOOP('',(#7989,#7990,#7991,#7992,#7993,#7994,#7995,#7996));
#1171=EDGE_LOOP('',(#7997,#7998,#7999,#8000,#8001,#8002,#8003,#8004));
#1172=EDGE_LOOP('',(#8005,#8006,#8007,#8008));
#1173=EDGE_LOOP('',(#8009,#8010,#8011,#8012));
#1174=EDGE_LOOP('',(#8013,#8014,#8015,#8016));
#1175=EDGE_LOOP('',(#8017,#8018,#8019,#8020));
#1176=EDGE_LOOP('',(#8021,#8022,#8023,#8024));
#1177=EDGE_LOOP('',(#8025,#8026,#8027,#8028));
#1178=EDGE_LOOP('',(#8029,#8030,#8031,#8032));
#1179=EDGE_LOOP('',(#8033,#8034,#8035,#8036));
#1180=EDGE_LOOP('',(#8037,#8038,#8039,#8040));
#1181=EDGE_LOOP('',(#8041,#8042,#8043,#8044,#8045,#8046,#8047,#8048));
#1182=EDGE_LOOP('',(#8049,#8050,#8051,#8052));
#1183=EDGE_LOOP('',(#8053,#8054,#8055,#8056));
#1184=EDGE_LOOP('',(#8057,#8058,#8059,#8060));
#1185=EDGE_LOOP('',(#8061,#8062,#8063,#8064));
#1186=EDGE_LOOP('',(#8065,#8066,#8067,#8068));
#1187=EDGE_LOOP('',(#8069,#8070,#8071,#8072));
#1188=EDGE_LOOP('',(#8073,#8074,#8075,#8076));
#1189=EDGE_LOOP('',(#8077,#8078,#8079,#8080));
#1190=EDGE_LOOP('',(#8081,#8082,#8083,#8084));
#1191=EDGE_LOOP('',(#8085,#8086,#8087,#8088));
#1192=EDGE_LOOP('',(#8089,#8090,#8091,#8092));
#1193=EDGE_LOOP('',(#8093,#8094,#8095,#8096));
#1194=EDGE_LOOP('',(#8097,#8098,#8099,#8100));
#1195=EDGE_LOOP('',(#8101,#8102,#8103,#8104));
#1196=EDGE_LOOP('',(#8105,#8106,#8107,#8108));
#1197=EDGE_LOOP('',(#8109,#8110,#8111,#8112));
#1198=EDGE_LOOP('',(#8113,#8114,#8115,#8116));
#1199=EDGE_LOOP('',(#8117,#8118,#8119,#8120,#8121,#8122,#8123,#8124));
#1200=EDGE_LOOP('',(#8125,#8126,#8127,#8128,#8129,#8130,#8131,#8132));
#1201=EDGE_LOOP('',(#8133,#8134,#8135,#8136,#8137,#8138,#8139,#8140));
#1202=EDGE_LOOP('',(#8141,#8142,#8143,#8144));
#1203=EDGE_LOOP('',(#8145,#8146,#8147,#8148));
#1204=EDGE_LOOP('',(#8149,#8150,#8151,#8152));
#1205=EDGE_LOOP('',(#8153,#8154,#8155,#8156));
#1206=EDGE_LOOP('',(#8157,#8158,#8159,#8160));
#1207=EDGE_LOOP('',(#8161,#8162,#8163,#8164));
#1208=EDGE_LOOP('',(#8165,#8166,#8167,#8168));
#1209=EDGE_LOOP('',(#8169,#8170,#8171,#8172));
#1210=EDGE_LOOP('',(#8173,#8174,#8175,#8176));
#1211=EDGE_LOOP('',(#8177,#8178,#8179,#8180,#8181,#8182,#8183,#8184));
#1212=EDGE_LOOP('',(#8185,#8186,#8187,#8188));
#1213=EDGE_LOOP('',(#8189,#8190,#8191,#8192));
#1214=EDGE_LOOP('',(#8193,#8194,#8195,#8196));
#1215=EDGE_LOOP('',(#8197,#8198,#8199,#8200));
#1216=EDGE_LOOP('',(#8201,#8202,#8203,#8204));
#1217=EDGE_LOOP('',(#8205,#8206,#8207,#8208));
#1218=EDGE_LOOP('',(#8209,#8210,#8211,#8212));
#1219=EDGE_LOOP('',(#8213,#8214,#8215,#8216));
#1220=EDGE_LOOP('',(#8217,#8218,#8219,#8220));
#1221=EDGE_LOOP('',(#8221,#8222,#8223,#8224));
#1222=EDGE_LOOP('',(#8225,#8226,#8227,#8228));
#1223=EDGE_LOOP('',(#8229,#8230,#8231,#8232));
#1224=EDGE_LOOP('',(#8233,#8234,#8235,#8236));
#1225=EDGE_LOOP('',(#8237,#8238,#8239,#8240));
#1226=EDGE_LOOP('',(#8241,#8242,#8243,#8244));
#1227=EDGE_LOOP('',(#8245,#8246,#8247,#8248));
#1228=EDGE_LOOP('',(#8249,#8250,#8251,#8252));
#1229=EDGE_LOOP('',(#8253,#8254,#8255,#8256,#8257,#8258,#8259,#8260));
#1230=EDGE_LOOP('',(#8261,#8262,#8263,#8264,#8265,#8266,#8267,#8268));
#1231=EDGE_LOOP('',(#8269,#8270,#8271,#8272,#8273,#8274,#8275,#8276));
#1232=EDGE_LOOP('',(#8277,#8278,#8279,#8280,#8281,#8282,#8283,#8284));
#1233=EDGE_LOOP('',(#8285,#8286,#8287,#8288,#8289,#8290,#8291,#8292));
#1234=EDGE_LOOP('',(#8293,#8294,#8295,#8296,#8297,#8298,#8299,#8300));
#1235=EDGE_LOOP('',(#8301,#8302,#8303,#8304,#8305,#8306,#8307,#8308));
#1236=EDGE_LOOP('',(#8309,#8310,#8311,#8312,#8313,#8314,#8315,#8316));
#1237=EDGE_LOOP('',(#8317,#8318,#8319,#8320,#8321,#8322,#8323,#8324));
#1238=EDGE_LOOP('',(#8325,#8326,#8327,#8328,#8329,#8330,#8331,#8332));
#1239=EDGE_LOOP('',(#8333,#8334,#8335,#8336));
#1240=EDGE_LOOP('',(#8337,#8338,#8339,#8340));
#1241=EDGE_LOOP('',(#8341,#8342,#8343,#8344));
#1242=EDGE_LOOP('',(#8345,#8346,#8347,#8348));
#1243=EDGE_LOOP('',(#8349,#8350,#8351,#8352));
#1244=EDGE_LOOP('',(#8353,#8354,#8355,#8356));
#1245=EDGE_LOOP('',(#8357,#8358,#8359,#8360));
#1246=EDGE_LOOP('',(#8361,#8362,#8363,#8364));
#1247=EDGE_LOOP('',(#8365,#8366,#8367,#8368,#8369,#8370,#8371,#8372));
#1248=EDGE_LOOP('',(#8373,#8374,#8375,#8376));
#1249=EDGE_LOOP('',(#8377,#8378,#8379,#8380));
#1250=EDGE_LOOP('',(#8381,#8382,#8383,#8384));
#1251=EDGE_LOOP('',(#8385,#8386,#8387,#8388));
#1252=EDGE_LOOP('',(#8389,#8390,#8391,#8392));
#1253=EDGE_LOOP('',(#8393,#8394,#8395,#8396));
#1254=EDGE_LOOP('',(#8397,#8398,#8399,#8400));
#1255=EDGE_LOOP('',(#8401,#8402,#8403,#8404));
#1256=EDGE_LOOP('',(#8405,#8406,#8407,#8408));
#1257=EDGE_LOOP('',(#8409,#8410,#8411,#8412,#8413,#8414,#8415,#8416));
#1258=EDGE_LOOP('',(#8417,#8418,#8419,#8420));
#1259=EDGE_LOOP('',(#8421,#8422,#8423,#8424));
#1260=EDGE_LOOP('',(#8425,#8426,#8427,#8428));
#1261=EDGE_LOOP('',(#8429,#8430,#8431,#8432));
#1262=EDGE_LOOP('',(#8433,#8434,#8435,#8436));
#1263=EDGE_LOOP('',(#8437,#8438,#8439,#8440));
#1264=EDGE_LOOP('',(#8441,#8442,#8443,#8444));
#1265=EDGE_LOOP('',(#8445,#8446,#8447,#8448));
#1266=EDGE_LOOP('',(#8449,#8450,#8451,#8452));
#1267=EDGE_LOOP('',(#8453,#8454,#8455,#8456));
#1268=EDGE_LOOP('',(#8457,#8458,#8459,#8460));
#1269=EDGE_LOOP('',(#8461,#8462,#8463,#8464));
#1270=EDGE_LOOP('',(#8465,#8466,#8467,#8468));
#1271=EDGE_LOOP('',(#8469,#8470,#8471,#8472));
#1272=EDGE_LOOP('',(#8473,#8474,#8475,#8476));
#1273=EDGE_LOOP('',(#8477,#8478,#8479,#8480));
#1274=EDGE_LOOP('',(#8481,#8482,#8483,#8484));
#1275=EDGE_LOOP('',(#8485,#8486,#8487,#8488,#8489,#8490,#8491,#8492));
#1276=EDGE_LOOP('',(#8493,#8494,#8495,#8496,#8497,#8498,#8499,#8500));
#1277=EDGE_LOOP('',(#8501,#8502,#8503,#8504,#8505,#8506,#8507,#8508));
#1278=EDGE_LOOP('',(#8509,#8510,#8511,#8512));
#1279=EDGE_LOOP('',(#8513,#8514,#8515,#8516));
#1280=EDGE_LOOP('',(#8517,#8518,#8519,#8520));
#1281=EDGE_LOOP('',(#8521,#8522,#8523,#8524));
#1282=EDGE_LOOP('',(#8525,#8526,#8527,#8528));
#1283=EDGE_LOOP('',(#8529,#8530,#8531,#8532));
#1284=EDGE_LOOP('',(#8533,#8534,#8535,#8536));
#1285=EDGE_LOOP('',(#8537,#8538,#8539,#8540));
#1286=EDGE_LOOP('',(#8541,#8542,#8543,#8544));
#1287=EDGE_LOOP('',(#8545,#8546,#8547,#8548,#8549,#8550,#8551,#8552));
#1288=EDGE_LOOP('',(#8553,#8554,#8555,#8556));
#1289=EDGE_LOOP('',(#8557,#8558,#8559,#8560));
#1290=EDGE_LOOP('',(#8561,#8562,#8563,#8564));
#1291=EDGE_LOOP('',(#8565,#8566,#8567,#8568));
#1292=EDGE_LOOP('',(#8569,#8570,#8571,#8572));
#1293=EDGE_LOOP('',(#8573,#8574,#8575,#8576));
#1294=EDGE_LOOP('',(#8577,#8578,#8579,#8580));
#1295=EDGE_LOOP('',(#8581,#8582,#8583,#8584));
#1296=EDGE_LOOP('',(#8585,#8586,#8587,#8588));
#1297=EDGE_LOOP('',(#8589,#8590,#8591,#8592));
#1298=EDGE_LOOP('',(#8593,#8594,#8595,#8596));
#1299=EDGE_LOOP('',(#8597,#8598,#8599,#8600));
#1300=EDGE_LOOP('',(#8601,#8602,#8603,#8604));
#1301=EDGE_LOOP('',(#8605,#8606,#8607,#8608));
#1302=EDGE_LOOP('',(#8609,#8610,#8611,#8612));
#1303=EDGE_LOOP('',(#8613,#8614,#8615,#8616));
#1304=EDGE_LOOP('',(#8617,#8618,#8619,#8620));
#1305=EDGE_LOOP('',(#8621,#8622,#8623,#8624,#8625,#8626,#8627,#8628));
#1306=EDGE_LOOP('',(#8629,#8630,#8631,#8632,#8633,#8634,#8635,#8636));
#1307=EDGE_LOOP('',(#8637,#8638,#8639,#8640,#8641,#8642,#8643,#8644));
#1308=EDGE_LOOP('',(#8645,#8646,#8647,#8648));
#1309=EDGE_LOOP('',(#8649,#8650,#8651,#8652));
#1310=EDGE_LOOP('',(#8653,#8654,#8655,#8656));
#1311=EDGE_LOOP('',(#8657,#8658,#8659,#8660));
#1312=EDGE_LOOP('',(#8661,#8662,#8663,#8664));
#1313=EDGE_LOOP('',(#8665,#8666,#8667,#8668));
#1314=EDGE_LOOP('',(#8669,#8670,#8671,#8672));
#1315=EDGE_LOOP('',(#8673,#8674,#8675,#8676));
#1316=EDGE_LOOP('',(#8677,#8678,#8679,#8680));
#1317=EDGE_LOOP('',(#8681,#8682,#8683,#8684,#8685,#8686,#8687,#8688));
#1318=EDGE_LOOP('',(#8689,#8690,#8691,#8692));
#1319=EDGE_LOOP('',(#8693,#8694,#8695,#8696));
#1320=EDGE_LOOP('',(#8697,#8698,#8699,#8700));
#1321=EDGE_LOOP('',(#8701,#8702,#8703,#8704));
#1322=EDGE_LOOP('',(#8705,#8706,#8707,#8708));
#1323=EDGE_LOOP('',(#8709,#8710,#8711,#8712));
#1324=EDGE_LOOP('',(#8713,#8714,#8715,#8716));
#1325=EDGE_LOOP('',(#8717,#8718,#8719,#8720));
#1326=EDGE_LOOP('',(#8721,#8722,#8723,#8724));
#1327=EDGE_LOOP('',(#8725,#8726,#8727,#8728));
#1328=EDGE_LOOP('',(#8729,#8730,#8731,#8732));
#1329=EDGE_LOOP('',(#8733,#8734,#8735,#8736));
#1330=EDGE_LOOP('',(#8737,#8738,#8739,#8740));
#1331=EDGE_LOOP('',(#8741,#8742,#8743,#8744));
#1332=EDGE_LOOP('',(#8745,#8746,#8747,#8748));
#1333=EDGE_LOOP('',(#8749,#8750,#8751,#8752));
#1334=EDGE_LOOP('',(#8753,#8754,#8755,#8756));
#1335=EDGE_LOOP('',(#8757,#8758,#8759,#8760,#8761,#8762,#8763,#8764));
#1336=EDGE_LOOP('',(#8765,#8766,#8767,#8768,#8769,#8770,#8771,#8772));
#1337=EDGE_LOOP('',(#8773,#8774,#8775,#8776,#8777,#8778,#8779,#8780));
#1338=EDGE_LOOP('',(#8781,#8782,#8783,#8784,#8785,#8786,#8787,#8788));
#1339=EDGE_LOOP('',(#8789,#8790,#8791,#8792,#8793,#8794,#8795,#8796));
#1340=EDGE_LOOP('',(#8797,#8798,#8799,#8800,#8801,#8802,#8803,#8804));
#1341=EDGE_LOOP('',(#8805,#8806,#8807,#8808,#8809,#8810,#8811,#8812));
#1342=EDGE_LOOP('',(#8813,#8814,#8815,#8816,#8817,#8818,#8819,#8820));
#1343=EDGE_LOOP('',(#8821,#8822,#8823,#8824,#8825,#8826,#8827,#8828));
#1344=EDGE_LOOP('',(#8829,#8830,#8831,#8832,#8833,#8834,#8835,#8836));
#1345=EDGE_LOOP('',(#8837,#8838,#8839,#8840));
#1346=EDGE_LOOP('',(#8841,#8842,#8843,#8844));
#1347=EDGE_LOOP('',(#8845,#8846,#8847,#8848));
#1348=EDGE_LOOP('',(#8849,#8850,#8851,#8852));
#1349=EDGE_LOOP('',(#8853,#8854,#8855,#8856));
#1350=EDGE_LOOP('',(#8857,#8858,#8859,#8860));
#1351=EDGE_LOOP('',(#8861,#8862,#8863,#8864));
#1352=EDGE_LOOP('',(#8865,#8866,#8867,#8868));
#1353=EDGE_LOOP('',(#8869,#8870,#8871,#8872,#8873,#8874,#8875,#8876));
#1354=EDGE_LOOP('',(#8877,#8878,#8879,#8880));
#1355=EDGE_LOOP('',(#8881,#8882,#8883,#8884));
#1356=EDGE_LOOP('',(#8885,#8886,#8887,#8888));
#1357=EDGE_LOOP('',(#8889,#8890,#8891,#8892));
#1358=EDGE_LOOP('',(#8893,#8894,#8895,#8896));
#1359=EDGE_LOOP('',(#8897,#8898,#8899,#8900));
#1360=EDGE_LOOP('',(#8901,#8902,#8903,#8904));
#1361=EDGE_LOOP('',(#8905,#8906,#8907,#8908));
#1362=EDGE_LOOP('',(#8909,#8910,#8911,#8912));
#1363=EDGE_LOOP('',(#8913,#8914,#8915,#8916,#8917,#8918,#8919,#8920));
#1364=EDGE_LOOP('',(#8921,#8922,#8923,#8924));
#1365=EDGE_LOOP('',(#8925,#8926,#8927,#8928));
#1366=EDGE_LOOP('',(#8929,#8930,#8931,#8932));
#1367=EDGE_LOOP('',(#8933,#8934,#8935,#8936));
#1368=EDGE_LOOP('',(#8937,#8938,#8939,#8940));
#1369=EDGE_LOOP('',(#8941,#8942,#8943,#8944));
#1370=EDGE_LOOP('',(#8945,#8946,#8947,#8948));
#1371=EDGE_LOOP('',(#8949,#8950,#8951,#8952));
#1372=EDGE_LOOP('',(#8953,#8954,#8955,#8956));
#1373=EDGE_LOOP('',(#8957,#8958,#8959,#8960));
#1374=EDGE_LOOP('',(#8961,#8962,#8963,#8964));
#1375=EDGE_LOOP('',(#8965,#8966,#8967,#8968));
#1376=EDGE_LOOP('',(#8969,#8970,#8971,#8972));
#1377=EDGE_LOOP('',(#8973,#8974,#8975,#8976));
#1378=EDGE_LOOP('',(#8977,#8978,#8979,#8980));
#1379=EDGE_LOOP('',(#8981,#8982,#8983,#8984));
#1380=EDGE_LOOP('',(#8985,#8986,#8987,#8988));
#1381=EDGE_LOOP('',(#8989,#8990,#8991,#8992,#8993,#8994,#8995,#8996));
#1382=EDGE_LOOP('',(#8997,#8998,#8999,#9000,#9001,#9002,#9003,#9004));
#1383=EDGE_LOOP('',(#9005,#9006,#9007,#9008,#9009,#9010,#9011,#9012));
#1384=EDGE_LOOP('',(#9013,#9014,#9015,#9016));
#1385=EDGE_LOOP('',(#9017,#9018,#9019,#9020));
#1386=EDGE_LOOP('',(#9021,#9022,#9023,#9024));
#1387=EDGE_LOOP('',(#9025,#9026,#9027,#9028));
#1388=EDGE_LOOP('',(#9029,#9030,#9031,#9032));
#1389=EDGE_LOOP('',(#9033,#9034,#9035,#9036));
#1390=EDGE_LOOP('',(#9037,#9038,#9039,#9040));
#1391=EDGE_LOOP('',(#9041,#9042,#9043,#9044));
#1392=EDGE_LOOP('',(#9045,#9046,#9047,#9048));
#1393=EDGE_LOOP('',(#9049,#9050,#9051,#9052,#9053,#9054,#9055,#9056));
#1394=EDGE_LOOP('',(#9057,#9058,#9059,#9060));
#1395=EDGE_LOOP('',(#9061,#9062,#9063,#9064));
#1396=EDGE_LOOP('',(#9065,#9066,#9067,#9068));
#1397=EDGE_LOOP('',(#9069,#9070,#9071,#9072));
#1398=EDGE_LOOP('',(#9073,#9074,#9075,#9076));
#1399=EDGE_LOOP('',(#9077,#9078,#9079,#9080));
#1400=EDGE_LOOP('',(#9081,#9082,#9083,#9084));
#1401=EDGE_LOOP('',(#9085,#9086,#9087,#9088));
#1402=EDGE_LOOP('',(#9089,#9090,#9091,#9092));
#1403=EDGE_LOOP('',(#9093,#9094,#9095,#9096));
#1404=EDGE_LOOP('',(#9097,#9098,#9099,#9100));
#1405=EDGE_LOOP('',(#9101,#9102,#9103,#9104));
#1406=EDGE_LOOP('',(#9105,#9106,#9107,#9108));
#1407=EDGE_LOOP('',(#9109,#9110,#9111,#9112));
#1408=EDGE_LOOP('',(#9113,#9114,#9115,#9116));
#1409=EDGE_LOOP('',(#9117,#9118,#9119,#9120));
#1410=EDGE_LOOP('',(#9121,#9122,#9123,#9124));
#1411=EDGE_LOOP('',(#9125,#9126,#9127,#9128,#9129,#9130,#9131,#9132));
#1412=EDGE_LOOP('',(#9133,#9134,#9135,#9136,#9137,#9138,#9139,#9140));
#1413=EDGE_LOOP('',(#9141,#9142,#9143,#9144,#9145,#9146,#9147,#9148));
#1414=EDGE_LOOP('',(#9149,#9150,#9151,#9152));
#1415=EDGE_LOOP('',(#9153,#9154,#9155,#9156));
#1416=EDGE_LOOP('',(#9157,#9158,#9159,#9160));
#1417=EDGE_LOOP('',(#9161,#9162,#9163,#9164));
#1418=EDGE_LOOP('',(#9165,#9166,#9167,#9168));
#1419=EDGE_LOOP('',(#9169,#9170,#9171,#9172));
#1420=EDGE_LOOP('',(#9173,#9174,#9175,#9176));
#1421=EDGE_LOOP('',(#9177,#9178,#9179,#9180));
#1422=EDGE_LOOP('',(#9181,#9182,#9183,#9184));
#1423=EDGE_LOOP('',(#9185,#9186,#9187,#9188,#9189,#9190,#9191,#9192));
#1424=EDGE_LOOP('',(#9193,#9194,#9195,#9196));
#1425=EDGE_LOOP('',(#9197,#9198,#9199,#9200));
#1426=EDGE_LOOP('',(#9201,#9202,#9203,#9204));
#1427=EDGE_LOOP('',(#9205,#9206,#9207,#9208));
#1428=EDGE_LOOP('',(#9209,#9210,#9211,#9212));
#1429=EDGE_LOOP('',(#9213,#9214,#9215,#9216));
#1430=EDGE_LOOP('',(#9217,#9218,#9219,#9220));
#1431=EDGE_LOOP('',(#9221,#9222,#9223,#9224));
#1432=EDGE_LOOP('',(#9225,#9226,#9227,#9228));
#1433=EDGE_LOOP('',(#9229,#9230,#9231,#9232));
#1434=EDGE_LOOP('',(#9233,#9234,#9235,#9236));
#1435=EDGE_LOOP('',(#9237,#9238,#9239,#9240));
#1436=EDGE_LOOP('',(#9241,#9242,#9243,#9244));
#1437=EDGE_LOOP('',(#9245,#9246,#9247,#9248));
#1438=EDGE_LOOP('',(#9249,#9250,#9251,#9252));
#1439=EDGE_LOOP('',(#9253,#9254,#9255,#9256));
#1440=EDGE_LOOP('',(#9257,#9258,#9259,#9260));
#1441=EDGE_LOOP('',(#9261,#9262,#9263,#9264,#9265,#9266,#9267,#9268));
#1442=EDGE_LOOP('',(#9269,#9270,#9271,#9272,#9273,#9274,#9275,#9276));
#1443=EDGE_LOOP('',(#9277,#9278,#9279,#9280,#9281,#9282,#9283,#9284));
#1444=EDGE_LOOP('',(#9285,#9286,#9287,#9288,#9289,#9290,#9291,#9292));
#1445=EDGE_LOOP('',(#9293,#9294,#9295,#9296,#9297,#9298,#9299,#9300));
#1446=EDGE_LOOP('',(#9301,#9302,#9303,#9304,#9305,#9306,#9307,#9308));
#1447=EDGE_LOOP('',(#9309,#9310,#9311,#9312,#9313,#9314,#9315,#9316));
#1448=EDGE_LOOP('',(#9317,#9318,#9319,#9320,#9321,#9322,#9323,#9324));
#1449=EDGE_LOOP('',(#9325,#9326,#9327,#9328,#9329,#9330,#9331,#9332));
#1450=EDGE_LOOP('',(#9333,#9334,#9335,#9336,#9337,#9338,#9339,#9340));
#1451=EDGE_LOOP('',(#9341,#9342,#9343,#9344));
#1452=EDGE_LOOP('',(#9345,#9346,#9347,#9348));
#1453=EDGE_LOOP('',(#9349,#9350,#9351,#9352));
#1454=EDGE_LOOP('',(#9353,#9354,#9355,#9356));
#1455=EDGE_LOOP('',(#9357,#9358,#9359,#9360));
#1456=EDGE_LOOP('',(#9361,#9362,#9363,#9364));
#1457=EDGE_LOOP('',(#9365,#9366,#9367,#9368));
#1458=EDGE_LOOP('',(#9369,#9370,#9371,#9372));
#1459=EDGE_LOOP('',(#9373,#9374,#9375,#9376,#9377,#9378,#9379,#9380));
#1460=EDGE_LOOP('',(#9381,#9382,#9383,#9384));
#1461=EDGE_LOOP('',(#9385,#9386,#9387,#9388));
#1462=EDGE_LOOP('',(#9389,#9390,#9391,#9392));
#1463=EDGE_LOOP('',(#9393,#9394,#9395,#9396));
#1464=EDGE_LOOP('',(#9397,#9398,#9399,#9400));
#1465=EDGE_LOOP('',(#9401,#9402,#9403,#9404));
#1466=EDGE_LOOP('',(#9405,#9406,#9407,#9408));
#1467=EDGE_LOOP('',(#9409,#9410,#9411,#9412));
#1468=EDGE_LOOP('',(#9413,#9414,#9415,#9416));
#1469=EDGE_LOOP('',(#9417,#9418,#9419,#9420,#9421,#9422,#9423,#9424));
#1470=EDGE_LOOP('',(#9425,#9426,#9427,#9428));
#1471=EDGE_LOOP('',(#9429,#9430,#9431,#9432));
#1472=EDGE_LOOP('',(#9433,#9434,#9435,#9436));
#1473=EDGE_LOOP('',(#9437,#9438,#9439,#9440));
#1474=EDGE_LOOP('',(#9441,#9442,#9443,#9444));
#1475=EDGE_LOOP('',(#9445,#9446,#9447,#9448));
#1476=EDGE_LOOP('',(#9449,#9450,#9451,#9452));
#1477=EDGE_LOOP('',(#9453,#9454,#9455,#9456));
#1478=EDGE_LOOP('',(#9457,#9458,#9459,#9460));
#1479=EDGE_LOOP('',(#9461,#9462,#9463,#9464));
#1480=EDGE_LOOP('',(#9465,#9466,#9467,#9468));
#1481=EDGE_LOOP('',(#9469,#9470,#9471,#9472));
#1482=EDGE_LOOP('',(#9473,#9474,#9475,#9476));
#1483=EDGE_LOOP('',(#9477,#9478,#9479,#9480));
#1484=EDGE_LOOP('',(#9481,#9482,#9483,#9484));
#1485=EDGE_LOOP('',(#9485,#9486,#9487,#9488));
#1486=EDGE_LOOP('',(#9489,#9490,#9491,#9492));
#1487=EDGE_LOOP('',(#9493,#9494,#9495,#9496,#9497,#9498,#9499,#9500));
#1488=EDGE_LOOP('',(#9501,#9502,#9503,#9504,#9505,#9506,#9507,#9508));
#1489=EDGE_LOOP('',(#9509,#9510,#9511,#9512,#9513,#9514,#9515,#9516));
#1490=EDGE_LOOP('',(#9517,#9518,#9519,#9520));
#1491=EDGE_LOOP('',(#9521,#9522,#9523,#9524));
#1492=EDGE_LOOP('',(#9525,#9526,#9527,#9528));
#1493=EDGE_LOOP('',(#9529,#9530,#9531,#9532));
#1494=EDGE_LOOP('',(#9533,#9534,#9535,#9536));
#1495=EDGE_LOOP('',(#9537,#9538,#9539,#9540));
#1496=EDGE_LOOP('',(#9541,#9542,#9543,#9544));
#1497=EDGE_LOOP('',(#9545,#9546,#9547,#9548));
#1498=EDGE_LOOP('',(#9549,#9550,#9551,#9552));
#1499=EDGE_LOOP('',(#9553,#9554,#9555,#9556,#9557,#9558,#9559,#9560));
#1500=EDGE_LOOP('',(#9561,#9562,#9563,#9564));
#1501=EDGE_LOOP('',(#9565,#9566,#9567,#9568));
#1502=EDGE_LOOP('',(#9569,#9570,#9571,#9572));
#1503=EDGE_LOOP('',(#9573,#9574,#9575,#9576));
#1504=EDGE_LOOP('',(#9577,#9578,#9579,#9580));
#1505=EDGE_LOOP('',(#9581,#9582,#9583,#9584));
#1506=EDGE_LOOP('',(#9585,#9586,#9587,#9588));
#1507=EDGE_LOOP('',(#9589,#9590,#9591,#9592));
#1508=EDGE_LOOP('',(#9593,#9594,#9595,#9596));
#1509=EDGE_LOOP('',(#9597,#9598,#9599,#9600));
#1510=EDGE_LOOP('',(#9601,#9602,#9603,#9604));
#1511=EDGE_LOOP('',(#9605,#9606,#9607,#9608));
#1512=EDGE_LOOP('',(#9609,#9610,#9611,#9612));
#1513=EDGE_LOOP('',(#9613,#9614,#9615,#9616));
#1514=EDGE_LOOP('',(#9617,#9618,#9619,#9620));
#1515=EDGE_LOOP('',(#9621,#9622,#9623,#9624));
#1516=EDGE_LOOP('',(#9625,#9626,#9627,#9628));
#1517=EDGE_LOOP('',(#9629,#9630,#9631,#9632,#9633,#9634,#9635,#9636));
#1518=EDGE_LOOP('',(#9637,#9638,#9639,#9640,#9641,#9642,#9643,#9644));
#1519=EDGE_LOOP('',(#9645,#9646,#9647,#9648,#9649,#9650,#9651,#9652));
#1520=EDGE_LOOP('',(#9653,#9654,#9655,#9656));
#1521=EDGE_LOOP('',(#9657,#9658,#9659,#9660));
#1522=EDGE_LOOP('',(#9661,#9662,#9663,#9664));
#1523=EDGE_LOOP('',(#9665,#9666,#9667,#9668));
#1524=EDGE_LOOP('',(#9669,#9670,#9671,#9672));
#1525=EDGE_LOOP('',(#9673,#9674,#9675,#9676));
#1526=EDGE_LOOP('',(#9677,#9678,#9679,#9680));
#1527=EDGE_LOOP('',(#9681,#9682,#9683,#9684));
#1528=EDGE_LOOP('',(#9685,#9686,#9687,#9688));
#1529=EDGE_LOOP('',(#9689,#9690,#9691,#9692,#9693,#9694,#9695,#9696));
#1530=EDGE_LOOP('',(#9697,#9698,#9699,#9700));
#1531=EDGE_LOOP('',(#9701,#9702,#9703,#9704));
#1532=EDGE_LOOP('',(#9705,#9706,#9707,#9708));
#1533=EDGE_LOOP('',(#9709,#9710,#9711,#9712));
#1534=EDGE_LOOP('',(#9713,#9714,#9715,#9716));
#1535=EDGE_LOOP('',(#9717,#9718,#9719,#9720));
#1536=EDGE_LOOP('',(#9721,#9722,#9723,#9724));
#1537=EDGE_LOOP('',(#9725,#9726,#9727,#9728));
#1538=EDGE_LOOP('',(#9729,#9730,#9731,#9732));
#1539=EDGE_LOOP('',(#9733,#9734,#9735,#9736));
#1540=EDGE_LOOP('',(#9737,#9738,#9739,#9740));
#1541=EDGE_LOOP('',(#9741,#9742,#9743,#9744));
#1542=EDGE_LOOP('',(#9745,#9746,#9747,#9748));
#1543=EDGE_LOOP('',(#9749,#9750,#9751,#9752));
#1544=EDGE_LOOP('',(#9753,#9754,#9755,#9756));
#1545=EDGE_LOOP('',(#9757,#9758,#9759,#9760));
#1546=EDGE_LOOP('',(#9761,#9762,#9763,#9764));
#1547=EDGE_LOOP('',(#9765,#9766,#9767,#9768,#9769,#9770,#9771,#9772));
#1548=EDGE_LOOP('',(#9773,#9774,#9775,#9776,#9777,#9778,#9779,#9780));
#1549=LINE('',#14498,#2917);
#1550=LINE('',#14500,#2918);
#1551=LINE('',#14502,#2919);
#1552=LINE('',#14504,#2920);
#1553=LINE('',#14506,#2921);
#1554=LINE('',#14508,#2922);
#1555=LINE('',#14510,#2923);
#1556=LINE('',#14511,#2924);
#1557=LINE('',#14514,#2925);
#1558=LINE('',#14516,#2926);
#1559=LINE('',#14518,#2927);
#1560=LINE('',#14520,#2928);
#1561=LINE('',#14522,#2929);
#1562=LINE('',#14524,#2930);
#1563=LINE('',#14526,#2931);
#1564=LINE('',#14527,#2932);
#1565=LINE('',#14530,#2933);
#1566=LINE('',#14532,#2934);
#1567=LINE('',#14534,#2935);
#1568=LINE('',#14536,#2936);
#1569=LINE('',#14538,#2937);
#1570=LINE('',#14540,#2938);
#1571=LINE('',#14542,#2939);
#1572=LINE('',#14543,#2940);
#1573=LINE('',#14546,#2941);
#1574=LINE('',#14548,#2942);
#1575=LINE('',#14550,#2943);
#1576=LINE('',#14552,#2944);
#1577=LINE('',#14554,#2945);
#1578=LINE('',#14556,#2946);
#1579=LINE('',#14558,#2947);
#1580=LINE('',#14559,#2948);
#1581=LINE('',#14563,#2949);
#1582=LINE('',#14565,#2950);
#1583=LINE('',#14567,#2951);
#1584=LINE('',#14569,#2952);
#1585=LINE('',#14571,#2953);
#1586=LINE('',#14573,#2954);
#1587=LINE('',#14575,#2955);
#1588=LINE('',#14576,#2956);
#1589=LINE('',#14579,#2957);
#1590=LINE('',#14581,#2958);
#1591=LINE('',#14583,#2959);
#1592=LINE('',#14585,#2960);
#1593=LINE('',#14587,#2961);
#1594=LINE('',#14589,#2962);
#1595=LINE('',#14591,#2963);
#1596=LINE('',#14592,#2964);
#1597=LINE('',#14595,#2965);
#1598=LINE('',#14597,#2966);
#1599=LINE('',#14599,#2967);
#1600=LINE('',#14601,#2968);
#1601=LINE('',#14603,#2969);
#1602=LINE('',#14605,#2970);
#1603=LINE('',#14607,#2971);
#1604=LINE('',#14608,#2972);
#1605=LINE('',#14611,#2973);
#1606=LINE('',#14613,#2974);
#1607=LINE('',#14615,#2975);
#1608=LINE('',#14617,#2976);
#1609=LINE('',#14619,#2977);
#1610=LINE('',#14621,#2978);
#1611=LINE('',#14623,#2979);
#1612=LINE('',#14624,#2980);
#1613=LINE('',#14626,#2981);
#1614=LINE('',#14627,#2982);
#1615=LINE('',#14629,#2983);
#1616=LINE('',#14631,#2984);
#1617=LINE('',#14633,#2985);
#1618=LINE('',#14635,#2986);
#1619=LINE('',#14637,#2987);
#1620=LINE('',#14639,#2988);
#1621=LINE('',#14643,#2989);
#1622=LINE('',#14647,#2990);
#1623=LINE('',#14649,#2991);
#1624=LINE('',#14651,#2992);
#1625=LINE('',#14654,#2993);
#1626=LINE('',#14657,#2994);
#1627=LINE('',#14659,#2995);
#1628=LINE('',#14660,#2996);
#1629=LINE('',#14663,#2997);
#1630=LINE('',#14664,#2998);
#1631=LINE('',#14667,#2999);
#1632=LINE('',#14668,#3000);
#1633=LINE('',#14671,#3001);
#1634=LINE('',#14672,#3002);
#1635=LINE('',#14675,#3003);
#1636=LINE('',#14676,#3004);
#1637=LINE('',#14679,#3005);
#1638=LINE('',#14680,#3006);
#1639=LINE('',#14683,#3007);
#1640=LINE('',#14684,#3008);
#1641=LINE('',#14687,#3009);
#1642=LINE('',#14688,#3010);
#1643=LINE('',#14691,#3011);
#1644=LINE('',#14692,#3012);
#1645=LINE('',#14695,#3013);
#1646=LINE('',#14699,#3014);
#1647=LINE('',#14701,#3015);
#1648=LINE('',#14703,#3016);
#1649=LINE('',#14706,#3017);
#1650=LINE('',#14709,#3018);
#1651=LINE('',#14710,#3019);
#1652=LINE('',#14713,#3020);
#1653=LINE('',#14714,#3021);
#1654=LINE('',#14717,#3022);
#1655=LINE('',#14718,#3023);
#1656=LINE('',#14721,#3024);
#1657=LINE('',#14725,#3025);
#1658=LINE('',#14729,#3026);
#1659=LINE('',#14732,#3027);
#1660=LINE('',#14735,#3028);
#1661=LINE('',#14738,#3029);
#1662=LINE('',#14741,#3030);
#1663=LINE('',#14742,#3031);
#1664=LINE('',#14745,#3032);
#1665=LINE('',#14746,#3033);
#1666=LINE('',#14749,#3034);
#1667=LINE('',#14750,#3035);
#1668=LINE('',#14752,#3036);
#1669=LINE('',#14754,#3037);
#1670=LINE('',#14757,#3038);
#1671=LINE('',#14758,#3039);
#1672=LINE('',#14760,#3040);
#1673=LINE('',#14765,#3041);
#1674=LINE('',#14769,#3042);
#1675=LINE('',#14771,#3043);
#1676=LINE('',#14773,#3044);
#1677=LINE('',#14776,#3045);
#1678=LINE('',#14779,#3046);
#1679=LINE('',#14781,#3047);
#1680=LINE('',#14782,#3048);
#1681=LINE('',#14785,#3049);
#1682=LINE('',#14786,#3050);
#1683=LINE('',#14789,#3051);
#1684=LINE('',#14790,#3052);
#1685=LINE('',#14793,#3053);
#1686=LINE('',#14794,#3054);
#1687=LINE('',#14797,#3055);
#1688=LINE('',#14798,#3056);
#1689=LINE('',#14801,#3057);
#1690=LINE('',#14802,#3058);
#1691=LINE('',#14805,#3059);
#1692=LINE('',#14806,#3060);
#1693=LINE('',#14809,#3061);
#1694=LINE('',#14810,#3062);
#1695=LINE('',#14813,#3063);
#1696=LINE('',#14814,#3064);
#1697=LINE('',#14817,#3065);
#1698=LINE('',#14821,#3066);
#1699=LINE('',#14823,#3067);
#1700=LINE('',#14825,#3068);
#1701=LINE('',#14828,#3069);
#1702=LINE('',#14831,#3070);
#1703=LINE('',#14832,#3071);
#1704=LINE('',#14835,#3072);
#1705=LINE('',#14836,#3073);
#1706=LINE('',#14839,#3074);
#1707=LINE('',#14840,#3075);
#1708=LINE('',#14843,#3076);
#1709=LINE('',#14847,#3077);
#1710=LINE('',#14850,#3078);
#1711=LINE('',#14853,#3079);
#1712=LINE('',#14857,#3080);
#1713=LINE('',#14860,#3081);
#1714=LINE('',#14863,#3082);
#1715=LINE('',#14864,#3083);
#1716=LINE('',#14867,#3084);
#1717=LINE('',#14868,#3085);
#1718=LINE('',#14870,#3086);
#1719=LINE('',#14872,#3087);
#1720=LINE('',#14875,#3088);
#1721=LINE('',#14876,#3089);
#1722=LINE('',#14879,#3090);
#1723=LINE('',#14880,#3091);
#1724=LINE('',#14882,#3092);
#1725=LINE('',#14887,#3093);
#1726=LINE('',#14891,#3094);
#1727=LINE('',#14893,#3095);
#1728=LINE('',#14895,#3096);
#1729=LINE('',#14898,#3097);
#1730=LINE('',#14901,#3098);
#1731=LINE('',#14903,#3099);
#1732=LINE('',#14904,#3100);
#1733=LINE('',#14907,#3101);
#1734=LINE('',#14908,#3102);
#1735=LINE('',#14911,#3103);
#1736=LINE('',#14912,#3104);
#1737=LINE('',#14915,#3105);
#1738=LINE('',#14916,#3106);
#1739=LINE('',#14919,#3107);
#1740=LINE('',#14920,#3108);
#1741=LINE('',#14923,#3109);
#1742=LINE('',#14924,#3110);
#1743=LINE('',#14927,#3111);
#1744=LINE('',#14928,#3112);
#1745=LINE('',#14931,#3113);
#1746=LINE('',#14932,#3114);
#1747=LINE('',#14935,#3115);
#1748=LINE('',#14936,#3116);
#1749=LINE('',#14939,#3117);
#1750=LINE('',#14943,#3118);
#1751=LINE('',#14945,#3119);
#1752=LINE('',#14947,#3120);
#1753=LINE('',#14950,#3121);
#1754=LINE('',#14953,#3122);
#1755=LINE('',#14954,#3123);
#1756=LINE('',#14957,#3124);
#1757=LINE('',#14958,#3125);
#1758=LINE('',#14961,#3126);
#1759=LINE('',#14962,#3127);
#1760=LINE('',#14965,#3128);
#1761=LINE('',#14969,#3129);
#1762=LINE('',#14973,#3130);
#1763=LINE('',#14976,#3131);
#1764=LINE('',#14979,#3132);
#1765=LINE('',#14982,#3133);
#1766=LINE('',#14985,#3134);
#1767=LINE('',#14986,#3135);
#1768=LINE('',#14989,#3136);
#1769=LINE('',#14990,#3137);
#1770=LINE('',#14993,#3138);
#1771=LINE('',#14994,#3139);
#1772=LINE('',#14996,#3140);
#1773=LINE('',#14998,#3141);
#1774=LINE('',#15001,#3142);
#1775=LINE('',#15002,#3143);
#1776=LINE('',#15004,#3144);
#1777=LINE('',#15010,#3145);
#1778=LINE('',#15012,#3146);
#1779=LINE('',#15014,#3147);
#1780=LINE('',#15016,#3148);
#1781=LINE('',#15018,#3149);
#1782=LINE('',#15020,#3150);
#1783=LINE('',#15022,#3151);
#1784=LINE('',#15023,#3152);
#1785=LINE('',#15026,#3153);
#1786=LINE('',#15028,#3154);
#1787=LINE('',#15030,#3155);
#1788=LINE('',#15032,#3156);
#1789=LINE('',#15034,#3157);
#1790=LINE('',#15036,#3158);
#1791=LINE('',#15038,#3159);
#1792=LINE('',#15039,#3160);
#1793=LINE('',#15042,#3161);
#1794=LINE('',#15044,#3162);
#1795=LINE('',#15046,#3163);
#1796=LINE('',#15048,#3164);
#1797=LINE('',#15050,#3165);
#1798=LINE('',#15052,#3166);
#1799=LINE('',#15054,#3167);
#1800=LINE('',#15055,#3168);
#1801=LINE('',#15058,#3169);
#1802=LINE('',#15060,#3170);
#1803=LINE('',#15062,#3171);
#1804=LINE('',#15064,#3172);
#1805=LINE('',#15066,#3173);
#1806=LINE('',#15068,#3174);
#1807=LINE('',#15070,#3175);
#1808=LINE('',#15071,#3176);
#1809=LINE('',#15075,#3177);
#1810=LINE('',#15077,#3178);
#1811=LINE('',#15079,#3179);
#1812=LINE('',#15081,#3180);
#1813=LINE('',#15083,#3181);
#1814=LINE('',#15085,#3182);
#1815=LINE('',#15087,#3183);
#1816=LINE('',#15088,#3184);
#1817=LINE('',#15091,#3185);
#1818=LINE('',#15093,#3186);
#1819=LINE('',#15095,#3187);
#1820=LINE('',#15097,#3188);
#1821=LINE('',#15099,#3189);
#1822=LINE('',#15101,#3190);
#1823=LINE('',#15103,#3191);
#1824=LINE('',#15104,#3192);
#1825=LINE('',#15107,#3193);
#1826=LINE('',#15109,#3194);
#1827=LINE('',#15111,#3195);
#1828=LINE('',#15113,#3196);
#1829=LINE('',#15115,#3197);
#1830=LINE('',#15117,#3198);
#1831=LINE('',#15119,#3199);
#1832=LINE('',#15120,#3200);
#1833=LINE('',#15123,#3201);
#1834=LINE('',#15125,#3202);
#1835=LINE('',#15127,#3203);
#1836=LINE('',#15129,#3204);
#1837=LINE('',#15131,#3205);
#1838=LINE('',#15133,#3206);
#1839=LINE('',#15135,#3207);
#1840=LINE('',#15136,#3208);
#1841=LINE('',#15138,#3209);
#1842=LINE('',#15139,#3210);
#1843=LINE('',#15141,#3211);
#1844=LINE('',#15143,#3212);
#1845=LINE('',#15145,#3213);
#1846=LINE('',#15147,#3214);
#1847=LINE('',#15149,#3215);
#1848=LINE('',#15151,#3216);
#1849=LINE('',#15155,#3217);
#1850=LINE('',#15159,#3218);
#1851=LINE('',#15161,#3219);
#1852=LINE('',#15163,#3220);
#1853=LINE('',#15166,#3221);
#1854=LINE('',#15169,#3222);
#1855=LINE('',#15171,#3223);
#1856=LINE('',#15172,#3224);
#1857=LINE('',#15175,#3225);
#1858=LINE('',#15176,#3226);
#1859=LINE('',#15179,#3227);
#1860=LINE('',#15180,#3228);
#1861=LINE('',#15183,#3229);
#1862=LINE('',#15184,#3230);
#1863=LINE('',#15187,#3231);
#1864=LINE('',#15188,#3232);
#1865=LINE('',#15191,#3233);
#1866=LINE('',#15192,#3234);
#1867=LINE('',#15195,#3235);
#1868=LINE('',#15196,#3236);
#1869=LINE('',#15199,#3237);
#1870=LINE('',#15200,#3238);
#1871=LINE('',#15203,#3239);
#1872=LINE('',#15204,#3240);
#1873=LINE('',#15207,#3241);
#1874=LINE('',#15211,#3242);
#1875=LINE('',#15213,#3243);
#1876=LINE('',#15215,#3244);
#1877=LINE('',#15218,#3245);
#1878=LINE('',#15221,#3246);
#1879=LINE('',#15222,#3247);
#1880=LINE('',#15225,#3248);
#1881=LINE('',#15226,#3249);
#1882=LINE('',#15229,#3250);
#1883=LINE('',#15230,#3251);
#1884=LINE('',#15233,#3252);
#1885=LINE('',#15237,#3253);
#1886=LINE('',#15241,#3254);
#1887=LINE('',#15244,#3255);
#1888=LINE('',#15247,#3256);
#1889=LINE('',#15250,#3257);
#1890=LINE('',#15253,#3258);
#1891=LINE('',#15254,#3259);
#1892=LINE('',#15257,#3260);
#1893=LINE('',#15258,#3261);
#1894=LINE('',#15261,#3262);
#1895=LINE('',#15262,#3263);
#1896=LINE('',#15264,#3264);
#1897=LINE('',#15266,#3265);
#1898=LINE('',#15269,#3266);
#1899=LINE('',#15270,#3267);
#1900=LINE('',#15272,#3268);
#1901=LINE('',#15277,#3269);
#1902=LINE('',#15281,#3270);
#1903=LINE('',#15283,#3271);
#1904=LINE('',#15285,#3272);
#1905=LINE('',#15288,#3273);
#1906=LINE('',#15291,#3274);
#1907=LINE('',#15293,#3275);
#1908=LINE('',#15294,#3276);
#1909=LINE('',#15297,#3277);
#1910=LINE('',#15298,#3278);
#1911=LINE('',#15301,#3279);
#1912=LINE('',#15302,#3280);
#1913=LINE('',#15305,#3281);
#1914=LINE('',#15306,#3282);
#1915=LINE('',#15309,#3283);
#1916=LINE('',#15310,#3284);
#1917=LINE('',#15313,#3285);
#1918=LINE('',#15314,#3286);
#1919=LINE('',#15317,#3287);
#1920=LINE('',#15318,#3288);
#1921=LINE('',#15321,#3289);
#1922=LINE('',#15322,#3290);
#1923=LINE('',#15325,#3291);
#1924=LINE('',#15326,#3292);
#1925=LINE('',#15329,#3293);
#1926=LINE('',#15333,#3294);
#1927=LINE('',#15335,#3295);
#1928=LINE('',#15337,#3296);
#1929=LINE('',#15340,#3297);
#1930=LINE('',#15343,#3298);
#1931=LINE('',#15344,#3299);
#1932=LINE('',#15347,#3300);
#1933=LINE('',#15348,#3301);
#1934=LINE('',#15351,#3302);
#1935=LINE('',#15352,#3303);
#1936=LINE('',#15355,#3304);
#1937=LINE('',#15359,#3305);
#1938=LINE('',#15362,#3306);
#1939=LINE('',#15365,#3307);
#1940=LINE('',#15369,#3308);
#1941=LINE('',#15372,#3309);
#1942=LINE('',#15375,#3310);
#1943=LINE('',#15376,#3311);
#1944=LINE('',#15379,#3312);
#1945=LINE('',#15380,#3313);
#1946=LINE('',#15382,#3314);
#1947=LINE('',#15384,#3315);
#1948=LINE('',#15387,#3316);
#1949=LINE('',#15388,#3317);
#1950=LINE('',#15391,#3318);
#1951=LINE('',#15392,#3319);
#1952=LINE('',#15394,#3320);
#1953=LINE('',#15399,#3321);
#1954=LINE('',#15403,#3322);
#1955=LINE('',#15405,#3323);
#1956=LINE('',#15407,#3324);
#1957=LINE('',#15410,#3325);
#1958=LINE('',#15413,#3326);
#1959=LINE('',#15415,#3327);
#1960=LINE('',#15416,#3328);
#1961=LINE('',#15419,#3329);
#1962=LINE('',#15420,#3330);
#1963=LINE('',#15423,#3331);
#1964=LINE('',#15424,#3332);
#1965=LINE('',#15427,#3333);
#1966=LINE('',#15428,#3334);
#1967=LINE('',#15431,#3335);
#1968=LINE('',#15432,#3336);
#1969=LINE('',#15435,#3337);
#1970=LINE('',#15436,#3338);
#1971=LINE('',#15439,#3339);
#1972=LINE('',#15440,#3340);
#1973=LINE('',#15443,#3341);
#1974=LINE('',#15444,#3342);
#1975=LINE('',#15447,#3343);
#1976=LINE('',#15448,#3344);
#1977=LINE('',#15451,#3345);
#1978=LINE('',#15455,#3346);
#1979=LINE('',#15457,#3347);
#1980=LINE('',#15459,#3348);
#1981=LINE('',#15462,#3349);
#1982=LINE('',#15465,#3350);
#1983=LINE('',#15466,#3351);
#1984=LINE('',#15469,#3352);
#1985=LINE('',#15470,#3353);
#1986=LINE('',#15473,#3354);
#1987=LINE('',#15474,#3355);
#1988=LINE('',#15477,#3356);
#1989=LINE('',#15481,#3357);
#1990=LINE('',#15485,#3358);
#1991=LINE('',#15488,#3359);
#1992=LINE('',#15491,#3360);
#1993=LINE('',#15494,#3361);
#1994=LINE('',#15497,#3362);
#1995=LINE('',#15498,#3363);
#1996=LINE('',#15501,#3364);
#1997=LINE('',#15502,#3365);
#1998=LINE('',#15505,#3366);
#1999=LINE('',#15506,#3367);
#2000=LINE('',#15508,#3368);
#2001=LINE('',#15510,#3369);
#2002=LINE('',#15513,#3370);
#2003=LINE('',#15514,#3371);
#2004=LINE('',#15516,#3372);
#2005=LINE('',#15522,#3373);
#2006=LINE('',#15524,#3374);
#2007=LINE('',#15526,#3375);
#2008=LINE('',#15528,#3376);
#2009=LINE('',#15530,#3377);
#2010=LINE('',#15532,#3378);
#2011=LINE('',#15534,#3379);
#2012=LINE('',#15535,#3380);
#2013=LINE('',#15538,#3381);
#2014=LINE('',#15540,#3382);
#2015=LINE('',#15542,#3383);
#2016=LINE('',#15544,#3384);
#2017=LINE('',#15546,#3385);
#2018=LINE('',#15548,#3386);
#2019=LINE('',#15550,#3387);
#2020=LINE('',#15551,#3388);
#2021=LINE('',#15554,#3389);
#2022=LINE('',#15556,#3390);
#2023=LINE('',#15558,#3391);
#2024=LINE('',#15560,#3392);
#2025=LINE('',#15562,#3393);
#2026=LINE('',#15564,#3394);
#2027=LINE('',#15566,#3395);
#2028=LINE('',#15567,#3396);
#2029=LINE('',#15570,#3397);
#2030=LINE('',#15572,#3398);
#2031=LINE('',#15574,#3399);
#2032=LINE('',#15576,#3400);
#2033=LINE('',#15578,#3401);
#2034=LINE('',#15580,#3402);
#2035=LINE('',#15582,#3403);
#2036=LINE('',#15583,#3404);
#2037=LINE('',#15587,#3405);
#2038=LINE('',#15589,#3406);
#2039=LINE('',#15591,#3407);
#2040=LINE('',#15593,#3408);
#2041=LINE('',#15595,#3409);
#2042=LINE('',#15597,#3410);
#2043=LINE('',#15599,#3411);
#2044=LINE('',#15600,#3412);
#2045=LINE('',#15603,#3413);
#2046=LINE('',#15605,#3414);
#2047=LINE('',#15607,#3415);
#2048=LINE('',#15609,#3416);
#2049=LINE('',#15611,#3417);
#2050=LINE('',#15613,#3418);
#2051=LINE('',#15615,#3419);
#2052=LINE('',#15616,#3420);
#2053=LINE('',#15619,#3421);
#2054=LINE('',#15621,#3422);
#2055=LINE('',#15623,#3423);
#2056=LINE('',#15625,#3424);
#2057=LINE('',#15627,#3425);
#2058=LINE('',#15629,#3426);
#2059=LINE('',#15631,#3427);
#2060=LINE('',#15632,#3428);
#2061=LINE('',#15635,#3429);
#2062=LINE('',#15637,#3430);
#2063=LINE('',#15639,#3431);
#2064=LINE('',#15641,#3432);
#2065=LINE('',#15643,#3433);
#2066=LINE('',#15645,#3434);
#2067=LINE('',#15647,#3435);
#2068=LINE('',#15648,#3436);
#2069=LINE('',#15650,#3437);
#2070=LINE('',#15651,#3438);
#2071=LINE('',#15653,#3439);
#2072=LINE('',#15655,#3440);
#2073=LINE('',#15657,#3441);
#2074=LINE('',#15659,#3442);
#2075=LINE('',#15661,#3443);
#2076=LINE('',#15663,#3444);
#2077=LINE('',#15667,#3445);
#2078=LINE('',#15671,#3446);
#2079=LINE('',#15673,#3447);
#2080=LINE('',#15675,#3448);
#2081=LINE('',#15678,#3449);
#2082=LINE('',#15681,#3450);
#2083=LINE('',#15683,#3451);
#2084=LINE('',#15684,#3452);
#2085=LINE('',#15687,#3453);
#2086=LINE('',#15688,#3454);
#2087=LINE('',#15691,#3455);
#2088=LINE('',#15692,#3456);
#2089=LINE('',#15695,#3457);
#2090=LINE('',#15696,#3458);
#2091=LINE('',#15699,#3459);
#2092=LINE('',#15700,#3460);
#2093=LINE('',#15703,#3461);
#2094=LINE('',#15704,#3462);
#2095=LINE('',#15707,#3463);
#2096=LINE('',#15708,#3464);
#2097=LINE('',#15711,#3465);
#2098=LINE('',#15712,#3466);
#2099=LINE('',#15715,#3467);
#2100=LINE('',#15716,#3468);
#2101=LINE('',#15719,#3469);
#2102=LINE('',#15723,#3470);
#2103=LINE('',#15725,#3471);
#2104=LINE('',#15727,#3472);
#2105=LINE('',#15730,#3473);
#2106=LINE('',#15733,#3474);
#2107=LINE('',#15734,#3475);
#2108=LINE('',#15737,#3476);
#2109=LINE('',#15738,#3477);
#2110=LINE('',#15741,#3478);
#2111=LINE('',#15742,#3479);
#2112=LINE('',#15745,#3480);
#2113=LINE('',#15749,#3481);
#2114=LINE('',#15753,#3482);
#2115=LINE('',#15756,#3483);
#2116=LINE('',#15759,#3484);
#2117=LINE('',#15762,#3485);
#2118=LINE('',#15765,#3486);
#2119=LINE('',#15766,#3487);
#2120=LINE('',#15769,#3488);
#2121=LINE('',#15770,#3489);
#2122=LINE('',#15773,#3490);
#2123=LINE('',#15774,#3491);
#2124=LINE('',#15776,#3492);
#2125=LINE('',#15778,#3493);
#2126=LINE('',#15781,#3494);
#2127=LINE('',#15782,#3495);
#2128=LINE('',#15784,#3496);
#2129=LINE('',#15789,#3497);
#2130=LINE('',#15793,#3498);
#2131=LINE('',#15795,#3499);
#2132=LINE('',#15797,#3500);
#2133=LINE('',#15800,#3501);
#2134=LINE('',#15803,#3502);
#2135=LINE('',#15805,#3503);
#2136=LINE('',#15806,#3504);
#2137=LINE('',#15809,#3505);
#2138=LINE('',#15810,#3506);
#2139=LINE('',#15813,#3507);
#2140=LINE('',#15814,#3508);
#2141=LINE('',#15817,#3509);
#2142=LINE('',#15818,#3510);
#2143=LINE('',#15821,#3511);
#2144=LINE('',#15822,#3512);
#2145=LINE('',#15825,#3513);
#2146=LINE('',#15826,#3514);
#2147=LINE('',#15829,#3515);
#2148=LINE('',#15830,#3516);
#2149=LINE('',#15833,#3517);
#2150=LINE('',#15834,#3518);
#2151=LINE('',#15837,#3519);
#2152=LINE('',#15838,#3520);
#2153=LINE('',#15841,#3521);
#2154=LINE('',#15845,#3522);
#2155=LINE('',#15847,#3523);
#2156=LINE('',#15849,#3524);
#2157=LINE('',#15852,#3525);
#2158=LINE('',#15855,#3526);
#2159=LINE('',#15856,#3527);
#2160=LINE('',#15859,#3528);
#2161=LINE('',#15860,#3529);
#2162=LINE('',#15863,#3530);
#2163=LINE('',#15864,#3531);
#2164=LINE('',#15867,#3532);
#2165=LINE('',#15871,#3533);
#2166=LINE('',#15874,#3534);
#2167=LINE('',#15877,#3535);
#2168=LINE('',#15881,#3536);
#2169=LINE('',#15884,#3537);
#2170=LINE('',#15887,#3538);
#2171=LINE('',#15888,#3539);
#2172=LINE('',#15891,#3540);
#2173=LINE('',#15892,#3541);
#2174=LINE('',#15894,#3542);
#2175=LINE('',#15896,#3543);
#2176=LINE('',#15899,#3544);
#2177=LINE('',#15900,#3545);
#2178=LINE('',#15903,#3546);
#2179=LINE('',#15904,#3547);
#2180=LINE('',#15906,#3548);
#2181=LINE('',#15911,#3549);
#2182=LINE('',#15915,#3550);
#2183=LINE('',#15917,#3551);
#2184=LINE('',#15919,#3552);
#2185=LINE('',#15922,#3553);
#2186=LINE('',#15925,#3554);
#2187=LINE('',#15927,#3555);
#2188=LINE('',#15928,#3556);
#2189=LINE('',#15931,#3557);
#2190=LINE('',#15932,#3558);
#2191=LINE('',#15935,#3559);
#2192=LINE('',#15936,#3560);
#2193=LINE('',#15939,#3561);
#2194=LINE('',#15940,#3562);
#2195=LINE('',#15943,#3563);
#2196=LINE('',#15944,#3564);
#2197=LINE('',#15947,#3565);
#2198=LINE('',#15948,#3566);
#2199=LINE('',#15951,#3567);
#2200=LINE('',#15952,#3568);
#2201=LINE('',#15955,#3569);
#2202=LINE('',#15956,#3570);
#2203=LINE('',#15959,#3571);
#2204=LINE('',#15960,#3572);
#2205=LINE('',#15963,#3573);
#2206=LINE('',#15967,#3574);
#2207=LINE('',#15969,#3575);
#2208=LINE('',#15971,#3576);
#2209=LINE('',#15974,#3577);
#2210=LINE('',#15977,#3578);
#2211=LINE('',#15978,#3579);
#2212=LINE('',#15981,#3580);
#2213=LINE('',#15982,#3581);
#2214=LINE('',#15985,#3582);
#2215=LINE('',#15986,#3583);
#2216=LINE('',#15989,#3584);
#2217=LINE('',#15993,#3585);
#2218=LINE('',#15997,#3586);
#2219=LINE('',#16000,#3587);
#2220=LINE('',#16003,#3588);
#2221=LINE('',#16006,#3589);
#2222=LINE('',#16009,#3590);
#2223=LINE('',#16010,#3591);
#2224=LINE('',#16013,#3592);
#2225=LINE('',#16014,#3593);
#2226=LINE('',#16017,#3594);
#2227=LINE('',#16018,#3595);
#2228=LINE('',#16020,#3596);
#2229=LINE('',#16022,#3597);
#2230=LINE('',#16025,#3598);
#2231=LINE('',#16026,#3599);
#2232=LINE('',#16028,#3600);
#2233=LINE('',#16034,#3601);
#2234=LINE('',#16036,#3602);
#2235=LINE('',#16038,#3603);
#2236=LINE('',#16040,#3604);
#2237=LINE('',#16042,#3605);
#2238=LINE('',#16044,#3606);
#2239=LINE('',#16046,#3607);
#2240=LINE('',#16047,#3608);
#2241=LINE('',#16050,#3609);
#2242=LINE('',#16052,#3610);
#2243=LINE('',#16054,#3611);
#2244=LINE('',#16056,#3612);
#2245=LINE('',#16058,#3613);
#2246=LINE('',#16060,#3614);
#2247=LINE('',#16062,#3615);
#2248=LINE('',#16063,#3616);
#2249=LINE('',#16066,#3617);
#2250=LINE('',#16068,#3618);
#2251=LINE('',#16070,#3619);
#2252=LINE('',#16072,#3620);
#2253=LINE('',#16074,#3621);
#2254=LINE('',#16076,#3622);
#2255=LINE('',#16078,#3623);
#2256=LINE('',#16079,#3624);
#2257=LINE('',#16082,#3625);
#2258=LINE('',#16084,#3626);
#2259=LINE('',#16086,#3627);
#2260=LINE('',#16088,#3628);
#2261=LINE('',#16090,#3629);
#2262=LINE('',#16092,#3630);
#2263=LINE('',#16094,#3631);
#2264=LINE('',#16095,#3632);
#2265=LINE('',#16099,#3633);
#2266=LINE('',#16101,#3634);
#2267=LINE('',#16103,#3635);
#2268=LINE('',#16105,#3636);
#2269=LINE('',#16107,#3637);
#2270=LINE('',#16109,#3638);
#2271=LINE('',#16111,#3639);
#2272=LINE('',#16112,#3640);
#2273=LINE('',#16115,#3641);
#2274=LINE('',#16117,#3642);
#2275=LINE('',#16119,#3643);
#2276=LINE('',#16121,#3644);
#2277=LINE('',#16123,#3645);
#2278=LINE('',#16125,#3646);
#2279=LINE('',#16127,#3647);
#2280=LINE('',#16128,#3648);
#2281=LINE('',#16131,#3649);
#2282=LINE('',#16133,#3650);
#2283=LINE('',#16135,#3651);
#2284=LINE('',#16137,#3652);
#2285=LINE('',#16139,#3653);
#2286=LINE('',#16141,#3654);
#2287=LINE('',#16143,#3655);
#2288=LINE('',#16144,#3656);
#2289=LINE('',#16147,#3657);
#2290=LINE('',#16149,#3658);
#2291=LINE('',#16151,#3659);
#2292=LINE('',#16153,#3660);
#2293=LINE('',#16155,#3661);
#2294=LINE('',#16157,#3662);
#2295=LINE('',#16159,#3663);
#2296=LINE('',#16160,#3664);
#2297=LINE('',#16162,#3665);
#2298=LINE('',#16163,#3666);
#2299=LINE('',#16165,#3667);
#2300=LINE('',#16167,#3668);
#2301=LINE('',#16169,#3669);
#2302=LINE('',#16171,#3670);
#2303=LINE('',#16173,#3671);
#2304=LINE('',#16175,#3672);
#2305=LINE('',#16179,#3673);
#2306=LINE('',#16183,#3674);
#2307=LINE('',#16185,#3675);
#2308=LINE('',#16187,#3676);
#2309=LINE('',#16190,#3677);
#2310=LINE('',#16193,#3678);
#2311=LINE('',#16195,#3679);
#2312=LINE('',#16196,#3680);
#2313=LINE('',#16199,#3681);
#2314=LINE('',#16200,#3682);
#2315=LINE('',#16203,#3683);
#2316=LINE('',#16204,#3684);
#2317=LINE('',#16207,#3685);
#2318=LINE('',#16208,#3686);
#2319=LINE('',#16211,#3687);
#2320=LINE('',#16212,#3688);
#2321=LINE('',#16215,#3689);
#2322=LINE('',#16216,#3690);
#2323=LINE('',#16219,#3691);
#2324=LINE('',#16220,#3692);
#2325=LINE('',#16223,#3693);
#2326=LINE('',#16224,#3694);
#2327=LINE('',#16227,#3695);
#2328=LINE('',#16228,#3696);
#2329=LINE('',#16231,#3697);
#2330=LINE('',#16235,#3698);
#2331=LINE('',#16237,#3699);
#2332=LINE('',#16239,#3700);
#2333=LINE('',#16242,#3701);
#2334=LINE('',#16245,#3702);
#2335=LINE('',#16246,#3703);
#2336=LINE('',#16249,#3704);
#2337=LINE('',#16250,#3705);
#2338=LINE('',#16253,#3706);
#2339=LINE('',#16254,#3707);
#2340=LINE('',#16257,#3708);
#2341=LINE('',#16261,#3709);
#2342=LINE('',#16265,#3710);
#2343=LINE('',#16268,#3711);
#2344=LINE('',#16271,#3712);
#2345=LINE('',#16274,#3713);
#2346=LINE('',#16277,#3714);
#2347=LINE('',#16278,#3715);
#2348=LINE('',#16281,#3716);
#2349=LINE('',#16282,#3717);
#2350=LINE('',#16285,#3718);
#2351=LINE('',#16286,#3719);
#2352=LINE('',#16288,#3720);
#2353=LINE('',#16290,#3721);
#2354=LINE('',#16293,#3722);
#2355=LINE('',#16294,#3723);
#2356=LINE('',#16296,#3724);
#2357=LINE('',#16301,#3725);
#2358=LINE('',#16305,#3726);
#2359=LINE('',#16307,#3727);
#2360=LINE('',#16309,#3728);
#2361=LINE('',#16312,#3729);
#2362=LINE('',#16315,#3730);
#2363=LINE('',#16317,#3731);
#2364=LINE('',#16318,#3732);
#2365=LINE('',#16321,#3733);
#2366=LINE('',#16322,#3734);
#2367=LINE('',#16325,#3735);
#2368=LINE('',#16326,#3736);
#2369=LINE('',#16329,#3737);
#2370=LINE('',#16330,#3738);
#2371=LINE('',#16333,#3739);
#2372=LINE('',#16334,#3740);
#2373=LINE('',#16337,#3741);
#2374=LINE('',#16338,#3742);
#2375=LINE('',#16341,#3743);
#2376=LINE('',#16342,#3744);
#2377=LINE('',#16345,#3745);
#2378=LINE('',#16346,#3746);
#2379=LINE('',#16349,#3747);
#2380=LINE('',#16350,#3748);
#2381=LINE('',#16353,#3749);
#2382=LINE('',#16357,#3750);
#2383=LINE('',#16359,#3751);
#2384=LINE('',#16361,#3752);
#2385=LINE('',#16364,#3753);
#2386=LINE('',#16367,#3754);
#2387=LINE('',#16368,#3755);
#2388=LINE('',#16371,#3756);
#2389=LINE('',#16372,#3757);
#2390=LINE('',#16375,#3758);
#2391=LINE('',#16376,#3759);
#2392=LINE('',#16379,#3760);
#2393=LINE('',#16383,#3761);
#2394=LINE('',#16386,#3762);
#2395=LINE('',#16389,#3763);
#2396=LINE('',#16393,#3764);
#2397=LINE('',#16396,#3765);
#2398=LINE('',#16399,#3766);
#2399=LINE('',#16400,#3767);
#2400=LINE('',#16403,#3768);
#2401=LINE('',#16404,#3769);
#2402=LINE('',#16406,#3770);
#2403=LINE('',#16408,#3771);
#2404=LINE('',#16411,#3772);
#2405=LINE('',#16412,#3773);
#2406=LINE('',#16415,#3774);
#2407=LINE('',#16416,#3775);
#2408=LINE('',#16418,#3776);
#2409=LINE('',#16423,#3777);
#2410=LINE('',#16427,#3778);
#2411=LINE('',#16429,#3779);
#2412=LINE('',#16431,#3780);
#2413=LINE('',#16434,#3781);
#2414=LINE('',#16437,#3782);
#2415=LINE('',#16439,#3783);
#2416=LINE('',#16440,#3784);
#2417=LINE('',#16443,#3785);
#2418=LINE('',#16444,#3786);
#2419=LINE('',#16447,#3787);
#2420=LINE('',#16448,#3788);
#2421=LINE('',#16451,#3789);
#2422=LINE('',#16452,#3790);
#2423=LINE('',#16455,#3791);
#2424=LINE('',#16456,#3792);
#2425=LINE('',#16459,#3793);
#2426=LINE('',#16460,#3794);
#2427=LINE('',#16463,#3795);
#2428=LINE('',#16464,#3796);
#2429=LINE('',#16467,#3797);
#2430=LINE('',#16468,#3798);
#2431=LINE('',#16471,#3799);
#2432=LINE('',#16472,#3800);
#2433=LINE('',#16475,#3801);
#2434=LINE('',#16479,#3802);
#2435=LINE('',#16481,#3803);
#2436=LINE('',#16483,#3804);
#2437=LINE('',#16486,#3805);
#2438=LINE('',#16489,#3806);
#2439=LINE('',#16490,#3807);
#2440=LINE('',#16493,#3808);
#2441=LINE('',#16494,#3809);
#2442=LINE('',#16497,#3810);
#2443=LINE('',#16498,#3811);
#2444=LINE('',#16501,#3812);
#2445=LINE('',#16505,#3813);
#2446=LINE('',#16509,#3814);
#2447=LINE('',#16512,#3815);
#2448=LINE('',#16515,#3816);
#2449=LINE('',#16518,#3817);
#2450=LINE('',#16521,#3818);
#2451=LINE('',#16522,#3819);
#2452=LINE('',#16525,#3820);
#2453=LINE('',#16526,#3821);
#2454=LINE('',#16529,#3822);
#2455=LINE('',#16530,#3823);
#2456=LINE('',#16532,#3824);
#2457=LINE('',#16534,#3825);
#2458=LINE('',#16537,#3826);
#2459=LINE('',#16538,#3827);
#2460=LINE('',#16540,#3828);
#2461=LINE('',#16546,#3829);
#2462=LINE('',#16548,#3830);
#2463=LINE('',#16550,#3831);
#2464=LINE('',#16552,#3832);
#2465=LINE('',#16554,#3833);
#2466=LINE('',#16556,#3834);
#2467=LINE('',#16558,#3835);
#2468=LINE('',#16559,#3836);
#2469=LINE('',#16562,#3837);
#2470=LINE('',#16564,#3838);
#2471=LINE('',#16566,#3839);
#2472=LINE('',#16568,#3840);
#2473=LINE('',#16570,#3841);
#2474=LINE('',#16572,#3842);
#2475=LINE('',#16574,#3843);
#2476=LINE('',#16575,#3844);
#2477=LINE('',#16578,#3845);
#2478=LINE('',#16580,#3846);
#2479=LINE('',#16582,#3847);
#2480=LINE('',#16584,#3848);
#2481=LINE('',#16586,#3849);
#2482=LINE('',#16588,#3850);
#2483=LINE('',#16590,#3851);
#2484=LINE('',#16591,#3852);
#2485=LINE('',#16594,#3853);
#2486=LINE('',#16596,#3854);
#2487=LINE('',#16598,#3855);
#2488=LINE('',#16600,#3856);
#2489=LINE('',#16602,#3857);
#2490=LINE('',#16604,#3858);
#2491=LINE('',#16606,#3859);
#2492=LINE('',#16607,#3860);
#2493=LINE('',#16611,#3861);
#2494=LINE('',#16613,#3862);
#2495=LINE('',#16615,#3863);
#2496=LINE('',#16617,#3864);
#2497=LINE('',#16619,#3865);
#2498=LINE('',#16621,#3866);
#2499=LINE('',#16623,#3867);
#2500=LINE('',#16624,#3868);
#2501=LINE('',#16627,#3869);
#2502=LINE('',#16629,#3870);
#2503=LINE('',#16631,#3871);
#2504=LINE('',#16633,#3872);
#2505=LINE('',#16635,#3873);
#2506=LINE('',#16637,#3874);
#2507=LINE('',#16639,#3875);
#2508=LINE('',#16640,#3876);
#2509=LINE('',#16643,#3877);
#2510=LINE('',#16645,#3878);
#2511=LINE('',#16647,#3879);
#2512=LINE('',#16649,#3880);
#2513=LINE('',#16651,#3881);
#2514=LINE('',#16653,#3882);
#2515=LINE('',#16655,#3883);
#2516=LINE('',#16656,#3884);
#2517=LINE('',#16659,#3885);
#2518=LINE('',#16661,#3886);
#2519=LINE('',#16663,#3887);
#2520=LINE('',#16665,#3888);
#2521=LINE('',#16667,#3889);
#2522=LINE('',#16669,#3890);
#2523=LINE('',#16671,#3891);
#2524=LINE('',#16672,#3892);
#2525=LINE('',#16674,#3893);
#2526=LINE('',#16675,#3894);
#2527=LINE('',#16677,#3895);
#2528=LINE('',#16679,#3896);
#2529=LINE('',#16681,#3897);
#2530=LINE('',#16683,#3898);
#2531=LINE('',#16685,#3899);
#2532=LINE('',#16687,#3900);
#2533=LINE('',#16691,#3901);
#2534=LINE('',#16695,#3902);
#2535=LINE('',#16697,#3903);
#2536=LINE('',#16699,#3904);
#2537=LINE('',#16702,#3905);
#2538=LINE('',#16705,#3906);
#2539=LINE('',#16707,#3907);
#2540=LINE('',#16708,#3908);
#2541=LINE('',#16711,#3909);
#2542=LINE('',#16712,#3910);
#2543=LINE('',#16715,#3911);
#2544=LINE('',#16716,#3912);
#2545=LINE('',#16719,#3913);
#2546=LINE('',#16720,#3914);
#2547=LINE('',#16723,#3915);
#2548=LINE('',#16724,#3916);
#2549=LINE('',#16727,#3917);
#2550=LINE('',#16728,#3918);
#2551=LINE('',#16731,#3919);
#2552=LINE('',#16732,#3920);
#2553=LINE('',#16735,#3921);
#2554=LINE('',#16736,#3922);
#2555=LINE('',#16739,#3923);
#2556=LINE('',#16740,#3924);
#2557=LINE('',#16743,#3925);
#2558=LINE('',#16747,#3926);
#2559=LINE('',#16749,#3927);
#2560=LINE('',#16751,#3928);
#2561=LINE('',#16754,#3929);
#2562=LINE('',#16757,#3930);
#2563=LINE('',#16758,#3931);
#2564=LINE('',#16761,#3932);
#2565=LINE('',#16762,#3933);
#2566=LINE('',#16765,#3934);
#2567=LINE('',#16766,#3935);
#2568=LINE('',#16769,#3936);
#2569=LINE('',#16773,#3937);
#2570=LINE('',#16777,#3938);
#2571=LINE('',#16780,#3939);
#2572=LINE('',#16783,#3940);
#2573=LINE('',#16786,#3941);
#2574=LINE('',#16789,#3942);
#2575=LINE('',#16790,#3943);
#2576=LINE('',#16793,#3944);
#2577=LINE('',#16794,#3945);
#2578=LINE('',#16797,#3946);
#2579=LINE('',#16798,#3947);
#2580=LINE('',#16800,#3948);
#2581=LINE('',#16802,#3949);
#2582=LINE('',#16805,#3950);
#2583=LINE('',#16806,#3951);
#2584=LINE('',#16808,#3952);
#2585=LINE('',#16813,#3953);
#2586=LINE('',#16817,#3954);
#2587=LINE('',#16819,#3955);
#2588=LINE('',#16821,#3956);
#2589=LINE('',#16824,#3957);
#2590=LINE('',#16827,#3958);
#2591=LINE('',#16829,#3959);
#2592=LINE('',#16830,#3960);
#2593=LINE('',#16833,#3961);
#2594=LINE('',#16834,#3962);
#2595=LINE('',#16837,#3963);
#2596=LINE('',#16838,#3964);
#2597=LINE('',#16841,#3965);
#2598=LINE('',#16842,#3966);
#2599=LINE('',#16845,#3967);
#2600=LINE('',#16846,#3968);
#2601=LINE('',#16849,#3969);
#2602=LINE('',#16850,#3970);
#2603=LINE('',#16853,#3971);
#2604=LINE('',#16854,#3972);
#2605=LINE('',#16857,#3973);
#2606=LINE('',#16858,#3974);
#2607=LINE('',#16861,#3975);
#2608=LINE('',#16862,#3976);
#2609=LINE('',#16865,#3977);
#2610=LINE('',#16869,#3978);
#2611=LINE('',#16871,#3979);
#2612=LINE('',#16873,#3980);
#2613=LINE('',#16876,#3981);
#2614=LINE('',#16879,#3982);
#2615=LINE('',#16880,#3983);
#2616=LINE('',#16883,#3984);
#2617=LINE('',#16884,#3985);
#2618=LINE('',#16887,#3986);
#2619=LINE('',#16888,#3987);
#2620=LINE('',#16891,#3988);
#2621=LINE('',#16895,#3989);
#2622=LINE('',#16898,#3990);
#2623=LINE('',#16901,#3991);
#2624=LINE('',#16905,#3992);
#2625=LINE('',#16908,#3993);
#2626=LINE('',#16911,#3994);
#2627=LINE('',#16912,#3995);
#2628=LINE('',#16915,#3996);
#2629=LINE('',#16916,#3997);
#2630=LINE('',#16918,#3998);
#2631=LINE('',#16920,#3999);
#2632=LINE('',#16923,#4000);
#2633=LINE('',#16924,#4001);
#2634=LINE('',#16927,#4002);
#2635=LINE('',#16928,#4003);
#2636=LINE('',#16930,#4004);
#2637=LINE('',#16935,#4005);
#2638=LINE('',#16939,#4006);
#2639=LINE('',#16941,#4007);
#2640=LINE('',#16943,#4008);
#2641=LINE('',#16946,#4009);
#2642=LINE('',#16949,#4010);
#2643=LINE('',#16951,#4011);
#2644=LINE('',#16952,#4012);
#2645=LINE('',#16955,#4013);
#2646=LINE('',#16956,#4014);
#2647=LINE('',#16959,#4015);
#2648=LINE('',#16960,#4016);
#2649=LINE('',#16963,#4017);
#2650=LINE('',#16964,#4018);
#2651=LINE('',#16967,#4019);
#2652=LINE('',#16968,#4020);
#2653=LINE('',#16971,#4021);
#2654=LINE('',#16972,#4022);
#2655=LINE('',#16975,#4023);
#2656=LINE('',#16976,#4024);
#2657=LINE('',#16979,#4025);
#2658=LINE('',#16980,#4026);
#2659=LINE('',#16983,#4027);
#2660=LINE('',#16984,#4028);
#2661=LINE('',#16987,#4029);
#2662=LINE('',#16991,#4030);
#2663=LINE('',#16993,#4031);
#2664=LINE('',#16995,#4032);
#2665=LINE('',#16998,#4033);
#2666=LINE('',#17001,#4034);
#2667=LINE('',#17002,#4035);
#2668=LINE('',#17005,#4036);
#2669=LINE('',#17006,#4037);
#2670=LINE('',#17009,#4038);
#2671=LINE('',#17010,#4039);
#2672=LINE('',#17013,#4040);
#2673=LINE('',#17017,#4041);
#2674=LINE('',#17021,#4042);
#2675=LINE('',#17024,#4043);
#2676=LINE('',#17027,#4044);
#2677=LINE('',#17030,#4045);
#2678=LINE('',#17033,#4046);
#2679=LINE('',#17034,#4047);
#2680=LINE('',#17037,#4048);
#2681=LINE('',#17038,#4049);
#2682=LINE('',#17041,#4050);
#2683=LINE('',#17042,#4051);
#2684=LINE('',#17044,#4052);
#2685=LINE('',#17046,#4053);
#2686=LINE('',#17049,#4054);
#2687=LINE('',#17050,#4055);
#2688=LINE('',#17052,#4056);
#2689=LINE('',#17058,#4057);
#2690=LINE('',#17060,#4058);
#2691=LINE('',#17062,#4059);
#2692=LINE('',#17064,#4060);
#2693=LINE('',#17066,#4061);
#2694=LINE('',#17068,#4062);
#2695=LINE('',#17070,#4063);
#2696=LINE('',#17071,#4064);
#2697=LINE('',#17074,#4065);
#2698=LINE('',#17076,#4066);
#2699=LINE('',#17078,#4067);
#2700=LINE('',#17080,#4068);
#2701=LINE('',#17082,#4069);
#2702=LINE('',#17084,#4070);
#2703=LINE('',#17086,#4071);
#2704=LINE('',#17087,#4072);
#2705=LINE('',#17090,#4073);
#2706=LINE('',#17092,#4074);
#2707=LINE('',#17094,#4075);
#2708=LINE('',#17096,#4076);
#2709=LINE('',#17098,#4077);
#2710=LINE('',#17100,#4078);
#2711=LINE('',#17102,#4079);
#2712=LINE('',#17103,#4080);
#2713=LINE('',#17106,#4081);
#2714=LINE('',#17108,#4082);
#2715=LINE('',#17110,#4083);
#2716=LINE('',#17112,#4084);
#2717=LINE('',#17114,#4085);
#2718=LINE('',#17116,#4086);
#2719=LINE('',#17118,#4087);
#2720=LINE('',#17119,#4088);
#2721=LINE('',#17123,#4089);
#2722=LINE('',#17125,#4090);
#2723=LINE('',#17127,#4091);
#2724=LINE('',#17129,#4092);
#2725=LINE('',#17131,#4093);
#2726=LINE('',#17133,#4094);
#2727=LINE('',#17135,#4095);
#2728=LINE('',#17136,#4096);
#2729=LINE('',#17139,#4097);
#2730=LINE('',#17141,#4098);
#2731=LINE('',#17143,#4099);
#2732=LINE('',#17145,#4100);
#2733=LINE('',#17147,#4101);
#2734=LINE('',#17149,#4102);
#2735=LINE('',#17151,#4103);
#2736=LINE('',#17152,#4104);
#2737=LINE('',#17155,#4105);
#2738=LINE('',#17157,#4106);
#2739=LINE('',#17159,#4107);
#2740=LINE('',#17161,#4108);
#2741=LINE('',#17163,#4109);
#2742=LINE('',#17165,#4110);
#2743=LINE('',#17167,#4111);
#2744=LINE('',#17168,#4112);
#2745=LINE('',#17171,#4113);
#2746=LINE('',#17173,#4114);
#2747=LINE('',#17175,#4115);
#2748=LINE('',#17177,#4116);
#2749=LINE('',#17179,#4117);
#2750=LINE('',#17181,#4118);
#2751=LINE('',#17183,#4119);
#2752=LINE('',#17184,#4120);
#2753=LINE('',#17186,#4121);
#2754=LINE('',#17187,#4122);
#2755=LINE('',#17189,#4123);
#2756=LINE('',#17191,#4124);
#2757=LINE('',#17193,#4125);
#2758=LINE('',#17195,#4126);
#2759=LINE('',#17197,#4127);
#2760=LINE('',#17199,#4128);
#2761=LINE('',#17203,#4129);
#2762=LINE('',#17207,#4130);
#2763=LINE('',#17209,#4131);
#2764=LINE('',#17211,#4132);
#2765=LINE('',#17214,#4133);
#2766=LINE('',#17217,#4134);
#2767=LINE('',#17219,#4135);
#2768=LINE('',#17220,#4136);
#2769=LINE('',#17223,#4137);
#2770=LINE('',#17224,#4138);
#2771=LINE('',#17227,#4139);
#2772=LINE('',#17228,#4140);
#2773=LINE('',#17231,#4141);
#2774=LINE('',#17232,#4142);
#2775=LINE('',#17235,#4143);
#2776=LINE('',#17236,#4144);
#2777=LINE('',#17239,#4145);
#2778=LINE('',#17240,#4146);
#2779=LINE('',#17243,#4147);
#2780=LINE('',#17244,#4148);
#2781=LINE('',#17247,#4149);
#2782=LINE('',#17248,#4150);
#2783=LINE('',#17251,#4151);
#2784=LINE('',#17252,#4152);
#2785=LINE('',#17255,#4153);
#2786=LINE('',#17259,#4154);
#2787=LINE('',#17261,#4155);
#2788=LINE('',#17263,#4156);
#2789=LINE('',#17266,#4157);
#2790=LINE('',#17269,#4158);
#2791=LINE('',#17270,#4159);
#2792=LINE('',#17273,#4160);
#2793=LINE('',#17274,#4161);
#2794=LINE('',#17277,#4162);
#2795=LINE('',#17278,#4163);
#2796=LINE('',#17281,#4164);
#2797=LINE('',#17285,#4165);
#2798=LINE('',#17289,#4166);
#2799=LINE('',#17292,#4167);
#2800=LINE('',#17295,#4168);
#2801=LINE('',#17298,#4169);
#2802=LINE('',#17301,#4170);
#2803=LINE('',#17302,#4171);
#2804=LINE('',#17305,#4172);
#2805=LINE('',#17306,#4173);
#2806=LINE('',#17309,#4174);
#2807=LINE('',#17310,#4175);
#2808=LINE('',#17312,#4176);
#2809=LINE('',#17314,#4177);
#2810=LINE('',#17317,#4178);
#2811=LINE('',#17318,#4179);
#2812=LINE('',#17320,#4180);
#2813=LINE('',#17325,#4181);
#2814=LINE('',#17329,#4182);
#2815=LINE('',#17331,#4183);
#2816=LINE('',#17333,#4184);
#2817=LINE('',#17336,#4185);
#2818=LINE('',#17339,#4186);
#2819=LINE('',#17341,#4187);
#2820=LINE('',#17342,#4188);
#2821=LINE('',#17345,#4189);
#2822=LINE('',#17346,#4190);
#2823=LINE('',#17349,#4191);
#2824=LINE('',#17350,#4192);
#2825=LINE('',#17353,#4193);
#2826=LINE('',#17354,#4194);
#2827=LINE('',#17357,#4195);
#2828=LINE('',#17358,#4196);
#2829=LINE('',#17361,#4197);
#2830=LINE('',#17362,#4198);
#2831=LINE('',#17365,#4199);
#2832=LINE('',#17366,#4200);
#2833=LINE('',#17369,#4201);
#2834=LINE('',#17370,#4202);
#2835=LINE('',#17373,#4203);
#2836=LINE('',#17374,#4204);
#2837=LINE('',#17377,#4205);
#2838=LINE('',#17381,#4206);
#2839=LINE('',#17383,#4207);
#2840=LINE('',#17385,#4208);
#2841=LINE('',#17388,#4209);
#2842=LINE('',#17391,#4210);
#2843=LINE('',#17392,#4211);
#2844=LINE('',#17395,#4212);
#2845=LINE('',#17396,#4213);
#2846=LINE('',#17399,#4214);
#2847=LINE('',#17400,#4215);
#2848=LINE('',#17403,#4216);
#2849=LINE('',#17407,#4217);
#2850=LINE('',#17410,#4218);
#2851=LINE('',#17413,#4219);
#2852=LINE('',#17417,#4220);
#2853=LINE('',#17420,#4221);
#2854=LINE('',#17423,#4222);
#2855=LINE('',#17424,#4223);
#2856=LINE('',#17427,#4224);
#2857=LINE('',#17428,#4225);
#2858=LINE('',#17430,#4226);
#2859=LINE('',#17432,#4227);
#2860=LINE('',#17435,#4228);
#2861=LINE('',#17436,#4229);
#2862=LINE('',#17439,#4230);
#2863=LINE('',#17440,#4231);
#2864=LINE('',#17442,#4232);
#2865=LINE('',#17447,#4233);
#2866=LINE('',#17451,#4234);
#2867=LINE('',#17453,#4235);
#2868=LINE('',#17455,#4236);
#2869=LINE('',#17458,#4237);
#2870=LINE('',#17461,#4238);
#2871=LINE('',#17463,#4239);
#2872=LINE('',#17464,#4240);
#2873=LINE('',#17467,#4241);
#2874=LINE('',#17468,#4242);
#2875=LINE('',#17471,#4243);
#2876=LINE('',#17472,#4244);
#2877=LINE('',#17475,#4245);
#2878=LINE('',#17476,#4246);
#2879=LINE('',#17479,#4247);
#2880=LINE('',#17480,#4248);
#2881=LINE('',#17483,#4249);
#2882=LINE('',#17484,#4250);
#2883=LINE('',#17487,#4251);
#2884=LINE('',#17488,#4252);
#2885=LINE('',#17491,#4253);
#2886=LINE('',#17492,#4254);
#2887=LINE('',#17495,#4255);
#2888=LINE('',#17496,#4256);
#2889=LINE('',#17499,#4257);
#2890=LINE('',#17503,#4258);
#2891=LINE('',#17505,#4259);
#2892=LINE('',#17507,#4260);
#2893=LINE('',#17510,#4261);
#2894=LINE('',#17513,#4262);
#2895=LINE('',#17514,#4263);
#2896=LINE('',#17517,#4264);
#2897=LINE('',#17518,#4265);
#2898=LINE('',#17521,#4266);
#2899=LINE('',#17522,#4267);
#2900=LINE('',#17525,#4268);
#2901=LINE('',#17529,#4269);
#2902=LINE('',#17533,#4270);
#2903=LINE('',#17536,#4271);
#2904=LINE('',#17539,#4272);
#2905=LINE('',#17542,#4273);
#2906=LINE('',#17545,#4274);
#2907=LINE('',#17546,#4275);
#2908=LINE('',#17549,#4276);
#2909=LINE('',#17550,#4277);
#2910=LINE('',#17553,#4278);
#2911=LINE('',#17554,#4279);
#2912=LINE('',#17556,#4280);
#2913=LINE('',#17558,#4281);
#2914=LINE('',#17561,#4282);
#2915=LINE('',#17562,#4283);
#2916=LINE('',#17564,#4284);
#2917=VECTOR('',#11640,10.);
#2918=VECTOR('',#11641,10.);
#2919=VECTOR('',#11642,10.);
#2920=VECTOR('',#11643,10.);
#2921=VECTOR('',#11644,10.);
#2922=VECTOR('',#11645,10.);
#2923=VECTOR('',#11646,10.);
#2924=VECTOR('',#11647,10.);
#2925=VECTOR('',#11648,10.);
#2926=VECTOR('',#11649,10.);
#2927=VECTOR('',#11650,10.);
#2928=VECTOR('',#11651,10.);
#2929=VECTOR('',#11652,10.);
#2930=VECTOR('',#11653,10.);
#2931=VECTOR('',#11654,10.);
#2932=VECTOR('',#11655,10.);
#2933=VECTOR('',#11656,10.);
#2934=VECTOR('',#11657,10.);
#2935=VECTOR('',#11658,10.);
#2936=VECTOR('',#11659,10.);
#2937=VECTOR('',#11660,10.);
#2938=VECTOR('',#11661,10.);
#2939=VECTOR('',#11662,10.);
#2940=VECTOR('',#11663,10.);
#2941=VECTOR('',#11664,10.);
#2942=VECTOR('',#11665,10.);
#2943=VECTOR('',#11666,10.);
#2944=VECTOR('',#11667,10.);
#2945=VECTOR('',#11668,10.);
#2946=VECTOR('',#11669,10.);
#2947=VECTOR('',#11670,10.);
#2948=VECTOR('',#11671,10.);
#2949=VECTOR('',#11674,10.);
#2950=VECTOR('',#11675,10.);
#2951=VECTOR('',#11676,10.);
#2952=VECTOR('',#11677,10.);
#2953=VECTOR('',#11678,10.);
#2954=VECTOR('',#11679,10.);
#2955=VECTOR('',#11680,10.);
#2956=VECTOR('',#11681,10.);
#2957=VECTOR('',#11682,10.);
#2958=VECTOR('',#11683,10.);
#2959=VECTOR('',#11684,10.);
#2960=VECTOR('',#11685,10.);
#2961=VECTOR('',#11686,10.);
#2962=VECTOR('',#11687,10.);
#2963=VECTOR('',#11688,10.);
#2964=VECTOR('',#11689,10.);
#2965=VECTOR('',#11690,10.);
#2966=VECTOR('',#11691,10.);
#2967=VECTOR('',#11692,10.);
#2968=VECTOR('',#11693,10.);
#2969=VECTOR('',#11694,10.);
#2970=VECTOR('',#11695,10.);
#2971=VECTOR('',#11696,10.);
#2972=VECTOR('',#11697,10.);
#2973=VECTOR('',#11698,10.);
#2974=VECTOR('',#11699,10.);
#2975=VECTOR('',#11700,10.);
#2976=VECTOR('',#11701,10.);
#2977=VECTOR('',#11702,10.);
#2978=VECTOR('',#11703,10.);
#2979=VECTOR('',#11704,10.);
#2980=VECTOR('',#11705,10.);
#2981=VECTOR('',#11708,10.);
#2982=VECTOR('',#11709,10.);
#2983=VECTOR('',#11712,10.);
#2984=VECTOR('',#11715,10.);
#2985=VECTOR('',#11718,10.);
#2986=VECTOR('',#11721,10.);
#2987=VECTOR('',#11724,10.);
#2988=VECTOR('',#11727,10.);
#2989=VECTOR('',#11732,10.);
#2990=VECTOR('',#11735,10.);
#2991=VECTOR('',#11736,10.);
#2992=VECTOR('',#11737,10.);
#2993=VECTOR('',#11740,10.);
#2994=VECTOR('',#11743,10.);
#2995=VECTOR('',#11744,10.);
#2996=VECTOR('',#11745,10.);
#2997=VECTOR('',#11748,10.);
#2998=VECTOR('',#11749,10.);
#2999=VECTOR('',#11752,10.);
#3000=VECTOR('',#11753,10.);
#3001=VECTOR('',#11756,10.);
#3002=VECTOR('',#11757,10.);
#3003=VECTOR('',#11760,10.);
#3004=VECTOR('',#11761,10.);
#3005=VECTOR('',#11764,10.);
#3006=VECTOR('',#11765,10.);
#3007=VECTOR('',#11768,10.);
#3008=VECTOR('',#11769,10.);
#3009=VECTOR('',#11772,10.);
#3010=VECTOR('',#11773,10.);
#3011=VECTOR('',#11776,10.);
#3012=VECTOR('',#11777,10.);
#3013=VECTOR('',#11780,10.);
#3014=VECTOR('',#11783,10.);
#3015=VECTOR('',#11784,10.);
#3016=VECTOR('',#11785,10.);
#3017=VECTOR('',#11790,10.);
#3018=VECTOR('',#11793,10.);
#3019=VECTOR('',#11794,10.);
#3020=VECTOR('',#11797,10.);
#3021=VECTOR('',#11798,10.);
#3022=VECTOR('',#11801,10.);
#3023=VECTOR('',#11802,10.);
#3024=VECTOR('',#11805,10.);
#3025=VECTOR('',#11810,10.);
#3026=VECTOR('',#11815,10.);
#3027=VECTOR('',#11820,10.);
#3028=VECTOR('',#11823,10.);
#3029=VECTOR('',#11828,10.);
#3030=VECTOR('',#11831,10.);
#3031=VECTOR('',#11832,10.);
#3032=VECTOR('',#11835,10.);
#3033=VECTOR('',#11836,10.);
#3034=VECTOR('',#11839,10.);
#3035=VECTOR('',#11840,10.);
#3036=VECTOR('',#11843,10.);
#3037=VECTOR('',#11846,10.);
#3038=VECTOR('',#11849,10.);
#3039=VECTOR('',#11850,10.);
#3040=VECTOR('',#11853,10.);
#3041=VECTOR('',#11860,10.);
#3042=VECTOR('',#11863,10.);
#3043=VECTOR('',#11864,10.);
#3044=VECTOR('',#11865,10.);
#3045=VECTOR('',#11868,10.);
#3046=VECTOR('',#11871,10.);
#3047=VECTOR('',#11872,10.);
#3048=VECTOR('',#11873,10.);
#3049=VECTOR('',#11876,10.);
#3050=VECTOR('',#11877,10.);
#3051=VECTOR('',#11880,10.);
#3052=VECTOR('',#11881,10.);
#3053=VECTOR('',#11884,10.);
#3054=VECTOR('',#11885,10.);
#3055=VECTOR('',#11888,10.);
#3056=VECTOR('',#11889,10.);
#3057=VECTOR('',#11892,10.);
#3058=VECTOR('',#11893,10.);
#3059=VECTOR('',#11896,10.);
#3060=VECTOR('',#11897,10.);
#3061=VECTOR('',#11900,10.);
#3062=VECTOR('',#11901,10.);
#3063=VECTOR('',#11904,10.);
#3064=VECTOR('',#11905,10.);
#3065=VECTOR('',#11908,10.);
#3066=VECTOR('',#11911,10.);
#3067=VECTOR('',#11912,10.);
#3068=VECTOR('',#11913,10.);
#3069=VECTOR('',#11918,10.);
#3070=VECTOR('',#11921,10.);
#3071=VECTOR('',#11922,10.);
#3072=VECTOR('',#11925,10.);
#3073=VECTOR('',#11926,10.);
#3074=VECTOR('',#11929,10.);
#3075=VECTOR('',#11930,10.);
#3076=VECTOR('',#11933,10.);
#3077=VECTOR('',#11938,10.);
#3078=VECTOR('',#11943,10.);
#3079=VECTOR('',#11946,10.);
#3080=VECTOR('',#11951,10.);
#3081=VECTOR('',#11956,10.);
#3082=VECTOR('',#11959,10.);
#3083=VECTOR('',#11960,10.);
#3084=VECTOR('',#11963,10.);
#3085=VECTOR('',#11964,10.);
#3086=VECTOR('',#11967,10.);
#3087=VECTOR('',#11970,10.);
#3088=VECTOR('',#11973,10.);
#3089=VECTOR('',#11974,10.);
#3090=VECTOR('',#11977,10.);
#3091=VECTOR('',#11978,10.);
#3092=VECTOR('',#11981,10.);
#3093=VECTOR('',#11988,10.);
#3094=VECTOR('',#11991,10.);
#3095=VECTOR('',#11992,10.);
#3096=VECTOR('',#11993,10.);
#3097=VECTOR('',#11996,10.);
#3098=VECTOR('',#11999,10.);
#3099=VECTOR('',#12000,10.);
#3100=VECTOR('',#12001,10.);
#3101=VECTOR('',#12004,10.);
#3102=VECTOR('',#12005,10.);
#3103=VECTOR('',#12008,10.);
#3104=VECTOR('',#12009,10.);
#3105=VECTOR('',#12012,10.);
#3106=VECTOR('',#12013,10.);
#3107=VECTOR('',#12016,10.);
#3108=VECTOR('',#12017,10.);
#3109=VECTOR('',#12020,10.);
#3110=VECTOR('',#12021,10.);
#3111=VECTOR('',#12024,10.);
#3112=VECTOR('',#12025,10.);
#3113=VECTOR('',#12028,10.);
#3114=VECTOR('',#12029,10.);
#3115=VECTOR('',#12032,10.);
#3116=VECTOR('',#12033,10.);
#3117=VECTOR('',#12036,10.);
#3118=VECTOR('',#12039,10.);
#3119=VECTOR('',#12040,10.);
#3120=VECTOR('',#12041,10.);
#3121=VECTOR('',#12046,10.);
#3122=VECTOR('',#12049,10.);
#3123=VECTOR('',#12050,10.);
#3124=VECTOR('',#12053,10.);
#3125=VECTOR('',#12054,10.);
#3126=VECTOR('',#12057,10.);
#3127=VECTOR('',#12058,10.);
#3128=VECTOR('',#12061,10.);
#3129=VECTOR('',#12066,10.);
#3130=VECTOR('',#12071,10.);
#3131=VECTOR('',#12076,10.);
#3132=VECTOR('',#12079,10.);
#3133=VECTOR('',#12084,10.);
#3134=VECTOR('',#12087,10.);
#3135=VECTOR('',#12088,10.);
#3136=VECTOR('',#12091,10.);
#3137=VECTOR('',#12092,10.);
#3138=VECTOR('',#12095,10.);
#3139=VECTOR('',#12096,10.);
#3140=VECTOR('',#12099,10.);
#3141=VECTOR('',#12102,10.);
#3142=VECTOR('',#12105,10.);
#3143=VECTOR('',#12106,10.);
#3144=VECTOR('',#12109,10.);
#3145=VECTOR('',#12116,10.);
#3146=VECTOR('',#12117,10.);
#3147=VECTOR('',#12118,10.);
#3148=VECTOR('',#12119,10.);
#3149=VECTOR('',#12120,10.);
#3150=VECTOR('',#12121,10.);
#3151=VECTOR('',#12122,10.);
#3152=VECTOR('',#12123,10.);
#3153=VECTOR('',#12124,10.);
#3154=VECTOR('',#12125,10.);
#3155=VECTOR('',#12126,10.);
#3156=VECTOR('',#12127,10.);
#3157=VECTOR('',#12128,10.);
#3158=VECTOR('',#12129,10.);
#3159=VECTOR('',#12130,10.);
#3160=VECTOR('',#12131,10.);
#3161=VECTOR('',#12132,10.);
#3162=VECTOR('',#12133,10.);
#3163=VECTOR('',#12134,10.);
#3164=VECTOR('',#12135,10.);
#3165=VECTOR('',#12136,10.);
#3166=VECTOR('',#12137,10.);
#3167=VECTOR('',#12138,10.);
#3168=VECTOR('',#12139,10.);
#3169=VECTOR('',#12140,10.);
#3170=VECTOR('',#12141,10.);
#3171=VECTOR('',#12142,10.);
#3172=VECTOR('',#12143,10.);
#3173=VECTOR('',#12144,10.);
#3174=VECTOR('',#12145,10.);
#3175=VECTOR('',#12146,10.);
#3176=VECTOR('',#12147,10.);
#3177=VECTOR('',#12150,10.);
#3178=VECTOR('',#12151,10.);
#3179=VECTOR('',#12152,10.);
#3180=VECTOR('',#12153,10.);
#3181=VECTOR('',#12154,10.);
#3182=VECTOR('',#12155,10.);
#3183=VECTOR('',#12156,10.);
#3184=VECTOR('',#12157,10.);
#3185=VECTOR('',#12158,10.);
#3186=VECTOR('',#12159,10.);
#3187=VECTOR('',#12160,10.);
#3188=VECTOR('',#12161,10.);
#3189=VECTOR('',#12162,10.);
#3190=VECTOR('',#12163,10.);
#3191=VECTOR('',#12164,10.);
#3192=VECTOR('',#12165,10.);
#3193=VECTOR('',#12166,10.);
#3194=VECTOR('',#12167,10.);
#3195=VECTOR('',#12168,10.);
#3196=VECTOR('',#12169,10.);
#3197=VECTOR('',#12170,10.);
#3198=VECTOR('',#12171,10.);
#3199=VECTOR('',#12172,10.);
#3200=VECTOR('',#12173,10.);
#3201=VECTOR('',#12174,10.);
#3202=VECTOR('',#12175,10.);
#3203=VECTOR('',#12176,10.);
#3204=VECTOR('',#12177,10.);
#3205=VECTOR('',#12178,10.);
#3206=VECTOR('',#12179,10.);
#3207=VECTOR('',#12180,10.);
#3208=VECTOR('',#12181,10.);
#3209=VECTOR('',#12184,10.);
#3210=VECTOR('',#12185,10.);
#3211=VECTOR('',#12188,10.);
#3212=VECTOR('',#12191,10.);
#3213=VECTOR('',#12194,10.);
#3214=VECTOR('',#12197,10.);
#3215=VECTOR('',#12200,10.);
#3216=VECTOR('',#12203,10.);
#3217=VECTOR('',#12208,10.);
#3218=VECTOR('',#12211,10.);
#3219=VECTOR('',#12212,10.);
#3220=VECTOR('',#12213,10.);
#3221=VECTOR('',#12216,10.);
#3222=VECTOR('',#12219,10.);
#3223=VECTOR('',#12220,10.);
#3224=VECTOR('',#12221,10.);
#3225=VECTOR('',#12224,10.);
#3226=VECTOR('',#12225,10.);
#3227=VECTOR('',#12228,10.);
#3228=VECTOR('',#12229,10.);
#3229=VECTOR('',#12232,10.);
#3230=VECTOR('',#12233,10.);
#3231=VECTOR('',#12236,10.);
#3232=VECTOR('',#12237,10.);
#3233=VECTOR('',#12240,10.);
#3234=VECTOR('',#12241,10.);
#3235=VECTOR('',#12244,10.);
#3236=VECTOR('',#12245,10.);
#3237=VECTOR('',#12248,10.);
#3238=VECTOR('',#12249,10.);
#3239=VECTOR('',#12252,10.);
#3240=VECTOR('',#12253,10.);
#3241=VECTOR('',#12256,10.);
#3242=VECTOR('',#12259,10.);
#3243=VECTOR('',#12260,10.);
#3244=VECTOR('',#12261,10.);
#3245=VECTOR('',#12266,10.);
#3246=VECTOR('',#12269,10.);
#3247=VECTOR('',#12270,10.);
#3248=VECTOR('',#12273,10.);
#3249=VECTOR('',#12274,10.);
#3250=VECTOR('',#12277,10.);
#3251=VECTOR('',#12278,10.);
#3252=VECTOR('',#12281,10.);
#3253=VECTOR('',#12286,10.);
#3254=VECTOR('',#12291,10.);
#3255=VECTOR('',#12296,10.);
#3256=VECTOR('',#12299,10.);
#3257=VECTOR('',#12304,10.);
#3258=VECTOR('',#12307,10.);
#3259=VECTOR('',#12308,10.);
#3260=VECTOR('',#12311,10.);
#3261=VECTOR('',#12312,10.);
#3262=VECTOR('',#12315,10.);
#3263=VECTOR('',#12316,10.);
#3264=VECTOR('',#12319,10.);
#3265=VECTOR('',#12322,10.);
#3266=VECTOR('',#12325,10.);
#3267=VECTOR('',#12326,10.);
#3268=VECTOR('',#12329,10.);
#3269=VECTOR('',#12336,10.);
#3270=VECTOR('',#12339,10.);
#3271=VECTOR('',#12340,10.);
#3272=VECTOR('',#12341,10.);
#3273=VECTOR('',#12344,10.);
#3274=VECTOR('',#12347,10.);
#3275=VECTOR('',#12348,10.);
#3276=VECTOR('',#12349,10.);
#3277=VECTOR('',#12352,10.);
#3278=VECTOR('',#12353,10.);
#3279=VECTOR('',#12356,10.);
#3280=VECTOR('',#12357,10.);
#3281=VECTOR('',#12360,10.);
#3282=VECTOR('',#12361,10.);
#3283=VECTOR('',#12364,10.);
#3284=VECTOR('',#12365,10.);
#3285=VECTOR('',#12368,10.);
#3286=VECTOR('',#12369,10.);
#3287=VECTOR('',#12372,10.);
#3288=VECTOR('',#12373,10.);
#3289=VECTOR('',#12376,10.);
#3290=VECTOR('',#12377,10.);
#3291=VECTOR('',#12380,10.);
#3292=VECTOR('',#12381,10.);
#3293=VECTOR('',#12384,10.);
#3294=VECTOR('',#12387,10.);
#3295=VECTOR('',#12388,10.);
#3296=VECTOR('',#12389,10.);
#3297=VECTOR('',#12394,10.);
#3298=VECTOR('',#12397,10.);
#3299=VECTOR('',#12398,10.);
#3300=VECTOR('',#12401,10.);
#3301=VECTOR('',#12402,10.);
#3302=VECTOR('',#12405,10.);
#3303=VECTOR('',#12406,10.);
#3304=VECTOR('',#12409,10.);
#3305=VECTOR('',#12414,10.);
#3306=VECTOR('',#12419,10.);
#3307=VECTOR('',#12422,10.);
#3308=VECTOR('',#12427,10.);
#3309=VECTOR('',#12432,10.);
#3310=VECTOR('',#12435,10.);
#3311=VECTOR('',#12436,10.);
#3312=VECTOR('',#12439,10.);
#3313=VECTOR('',#12440,10.);
#3314=VECTOR('',#12443,10.);
#3315=VECTOR('',#12446,10.);
#3316=VECTOR('',#12449,10.);
#3317=VECTOR('',#12450,10.);
#3318=VECTOR('',#12453,10.);
#3319=VECTOR('',#12454,10.);
#3320=VECTOR('',#12457,10.);
#3321=VECTOR('',#12464,10.);
#3322=VECTOR('',#12467,10.);
#3323=VECTOR('',#12468,10.);
#3324=VECTOR('',#12469,10.);
#3325=VECTOR('',#12472,10.);
#3326=VECTOR('',#12475,10.);
#3327=VECTOR('',#12476,10.);
#3328=VECTOR('',#12477,10.);
#3329=VECTOR('',#12480,10.);
#3330=VECTOR('',#12481,10.);
#3331=VECTOR('',#12484,10.);
#3332=VECTOR('',#12485,10.);
#3333=VECTOR('',#12488,10.);
#3334=VECTOR('',#12489,10.);
#3335=VECTOR('',#12492,10.);
#3336=VECTOR('',#12493,10.);
#3337=VECTOR('',#12496,10.);
#3338=VECTOR('',#12497,10.);
#3339=VECTOR('',#12500,10.);
#3340=VECTOR('',#12501,10.);
#3341=VECTOR('',#12504,10.);
#3342=VECTOR('',#12505,10.);
#3343=VECTOR('',#12508,10.);
#3344=VECTOR('',#12509,10.);
#3345=VECTOR('',#12512,10.);
#3346=VECTOR('',#12515,10.);
#3347=VECTOR('',#12516,10.);
#3348=VECTOR('',#12517,10.);
#3349=VECTOR('',#12522,10.);
#3350=VECTOR('',#12525,10.);
#3351=VECTOR('',#12526,10.);
#3352=VECTOR('',#12529,10.);
#3353=VECTOR('',#12530,10.);
#3354=VECTOR('',#12533,10.);
#3355=VECTOR('',#12534,10.);
#3356=VECTOR('',#12537,10.);
#3357=VECTOR('',#12542,10.);
#3358=VECTOR('',#12547,10.);
#3359=VECTOR('',#12552,10.);
#3360=VECTOR('',#12555,10.);
#3361=VECTOR('',#12560,10.);
#3362=VECTOR('',#12563,10.);
#3363=VECTOR('',#12564,10.);
#3364=VECTOR('',#12567,10.);
#3365=VECTOR('',#12568,10.);
#3366=VECTOR('',#12571,10.);
#3367=VECTOR('',#12572,10.);
#3368=VECTOR('',#12575,10.);
#3369=VECTOR('',#12578,10.);
#3370=VECTOR('',#12581,10.);
#3371=VECTOR('',#12582,10.);
#3372=VECTOR('',#12585,10.);
#3373=VECTOR('',#12592,10.);
#3374=VECTOR('',#12593,10.);
#3375=VECTOR('',#12594,10.);
#3376=VECTOR('',#12595,10.);
#3377=VECTOR('',#12596,10.);
#3378=VECTOR('',#12597,10.);
#3379=VECTOR('',#12598,10.);
#3380=VECTOR('',#12599,10.);
#3381=VECTOR('',#12600,10.);
#3382=VECTOR('',#12601,10.);
#3383=VECTOR('',#12602,10.);
#3384=VECTOR('',#12603,10.);
#3385=VECTOR('',#12604,10.);
#3386=VECTOR('',#12605,10.);
#3387=VECTOR('',#12606,10.);
#3388=VECTOR('',#12607,10.);
#3389=VECTOR('',#12608,10.);
#3390=VECTOR('',#12609,10.);
#3391=VECTOR('',#12610,10.);
#3392=VECTOR('',#12611,10.);
#3393=VECTOR('',#12612,10.);
#3394=VECTOR('',#12613,10.);
#3395=VECTOR('',#12614,10.);
#3396=VECTOR('',#12615,10.);
#3397=VECTOR('',#12616,10.);
#3398=VECTOR('',#12617,10.);
#3399=VECTOR('',#12618,10.);
#3400=VECTOR('',#12619,10.);
#3401=VECTOR('',#12620,10.);
#3402=VECTOR('',#12621,10.);
#3403=VECTOR('',#12622,10.);
#3404=VECTOR('',#12623,10.);
#3405=VECTOR('',#12626,10.);
#3406=VECTOR('',#12627,10.);
#3407=VECTOR('',#12628,10.);
#3408=VECTOR('',#12629,10.);
#3409=VECTOR('',#12630,10.);
#3410=VECTOR('',#12631,10.);
#3411=VECTOR('',#12632,10.);
#3412=VECTOR('',#12633,10.);
#3413=VECTOR('',#12634,10.);
#3414=VECTOR('',#12635,10.);
#3415=VECTOR('',#12636,10.);
#3416=VECTOR('',#12637,10.);
#3417=VECTOR('',#12638,10.);
#3418=VECTOR('',#12639,10.);
#3419=VECTOR('',#12640,10.);
#3420=VECTOR('',#12641,10.);
#3421=VECTOR('',#12642,10.);
#3422=VECTOR('',#12643,10.);
#3423=VECTOR('',#12644,10.);
#3424=VECTOR('',#12645,10.);
#3425=VECTOR('',#12646,10.);
#3426=VECTOR('',#12647,10.);
#3427=VECTOR('',#12648,10.);
#3428=VECTOR('',#12649,10.);
#3429=VECTOR('',#12650,10.);
#3430=VECTOR('',#12651,10.);
#3431=VECTOR('',#12652,10.);
#3432=VECTOR('',#12653,10.);
#3433=VECTOR('',#12654,10.);
#3434=VECTOR('',#12655,10.);
#3435=VECTOR('',#12656,10.);
#3436=VECTOR('',#12657,10.);
#3437=VECTOR('',#12660,10.);
#3438=VECTOR('',#12661,10.);
#3439=VECTOR('',#12664,10.);
#3440=VECTOR('',#12667,10.);
#3441=VECTOR('',#12670,10.);
#3442=VECTOR('',#12673,10.);
#3443=VECTOR('',#12676,10.);
#3444=VECTOR('',#12679,10.);
#3445=VECTOR('',#12684,10.);
#3446=VECTOR('',#12687,10.);
#3447=VECTOR('',#12688,10.);
#3448=VECTOR('',#12689,10.);
#3449=VECTOR('',#12692,10.);
#3450=VECTOR('',#12695,10.);
#3451=VECTOR('',#12696,10.);
#3452=VECTOR('',#12697,10.);
#3453=VECTOR('',#12700,10.);
#3454=VECTOR('',#12701,10.);
#3455=VECTOR('',#12704,10.);
#3456=VECTOR('',#12705,10.);
#3457=VECTOR('',#12708,10.);
#3458=VECTOR('',#12709,10.);
#3459=VECTOR('',#12712,10.);
#3460=VECTOR('',#12713,10.);
#3461=VECTOR('',#12716,10.);
#3462=VECTOR('',#12717,10.);
#3463=VECTOR('',#12720,10.);
#3464=VECTOR('',#12721,10.);
#3465=VECTOR('',#12724,10.);
#3466=VECTOR('',#12725,10.);
#3467=VECTOR('',#12728,10.);
#3468=VECTOR('',#12729,10.);
#3469=VECTOR('',#12732,10.);
#3470=VECTOR('',#12735,10.);
#3471=VECTOR('',#12736,10.);
#3472=VECTOR('',#12737,10.);
#3473=VECTOR('',#12742,10.);
#3474=VECTOR('',#12745,10.);
#3475=VECTOR('',#12746,10.);
#3476=VECTOR('',#12749,10.);
#3477=VECTOR('',#12750,10.);
#3478=VECTOR('',#12753,10.);
#3479=VECTOR('',#12754,10.);
#3480=VECTOR('',#12757,10.);
#3481=VECTOR('',#12762,10.);
#3482=VECTOR('',#12767,10.);
#3483=VECTOR('',#12772,10.);
#3484=VECTOR('',#12775,10.);
#3485=VECTOR('',#12780,10.);
#3486=VECTOR('',#12783,10.);
#3487=VECTOR('',#12784,10.);
#3488=VECTOR('',#12787,10.);
#3489=VECTOR('',#12788,10.);
#3490=VECTOR('',#12791,10.);
#3491=VECTOR('',#12792,10.);
#3492=VECTOR('',#12795,10.);
#3493=VECTOR('',#12798,10.);
#3494=VECTOR('',#12801,10.);
#3495=VECTOR('',#12802,10.);
#3496=VECTOR('',#12805,10.);
#3497=VECTOR('',#12812,10.);
#3498=VECTOR('',#12815,10.);
#3499=VECTOR('',#12816,10.);
#3500=VECTOR('',#12817,10.);
#3501=VECTOR('',#12820,10.);
#3502=VECTOR('',#12823,10.);
#3503=VECTOR('',#12824,10.);
#3504=VECTOR('',#12825,10.);
#3505=VECTOR('',#12828,10.);
#3506=VECTOR('',#12829,10.);
#3507=VECTOR('',#12832,10.);
#3508=VECTOR('',#12833,10.);
#3509=VECTOR('',#12836,10.);
#3510=VECTOR('',#12837,10.);
#3511=VECTOR('',#12840,10.);
#3512=VECTOR('',#12841,10.);
#3513=VECTOR('',#12844,10.);
#3514=VECTOR('',#12845,10.);
#3515=VECTOR('',#12848,10.);
#3516=VECTOR('',#12849,10.);
#3517=VECTOR('',#12852,10.);
#3518=VECTOR('',#12853,10.);
#3519=VECTOR('',#12856,10.);
#3520=VECTOR('',#12857,10.);
#3521=VECTOR('',#12860,10.);
#3522=VECTOR('',#12863,10.);
#3523=VECTOR('',#12864,10.);
#3524=VECTOR('',#12865,10.);
#3525=VECTOR('',#12870,10.);
#3526=VECTOR('',#12873,10.);
#3527=VECTOR('',#12874,10.);
#3528=VECTOR('',#12877,10.);
#3529=VECTOR('',#12878,10.);
#3530=VECTOR('',#12881,10.);
#3531=VECTOR('',#12882,10.);
#3532=VECTOR('',#12885,10.);
#3533=VECTOR('',#12890,10.);
#3534=VECTOR('',#12895,10.);
#3535=VECTOR('',#12898,10.);
#3536=VECTOR('',#12903,10.);
#3537=VECTOR('',#12908,10.);
#3538=VECTOR('',#12911,10.);
#3539=VECTOR('',#12912,10.);
#3540=VECTOR('',#12915,10.);
#3541=VECTOR('',#12916,10.);
#3542=VECTOR('',#12919,10.);
#3543=VECTOR('',#12922,10.);
#3544=VECTOR('',#12925,10.);
#3545=VECTOR('',#12926,10.);
#3546=VECTOR('',#12929,10.);
#3547=VECTOR('',#12930,10.);
#3548=VECTOR('',#12933,10.);
#3549=VECTOR('',#12940,10.);
#3550=VECTOR('',#12943,10.);
#3551=VECTOR('',#12944,10.);
#3552=VECTOR('',#12945,10.);
#3553=VECTOR('',#12948,10.);
#3554=VECTOR('',#12951,10.);
#3555=VECTOR('',#12952,10.);
#3556=VECTOR('',#12953,10.);
#3557=VECTOR('',#12956,10.);
#3558=VECTOR('',#12957,10.);
#3559=VECTOR('',#12960,10.);
#3560=VECTOR('',#12961,10.);
#3561=VECTOR('',#12964,10.);
#3562=VECTOR('',#12965,10.);
#3563=VECTOR('',#12968,10.);
#3564=VECTOR('',#12969,10.);
#3565=VECTOR('',#12972,10.);
#3566=VECTOR('',#12973,10.);
#3567=VECTOR('',#12976,10.);
#3568=VECTOR('',#12977,10.);
#3569=VECTOR('',#12980,10.);
#3570=VECTOR('',#12981,10.);
#3571=VECTOR('',#12984,10.);
#3572=VECTOR('',#12985,10.);
#3573=VECTOR('',#12988,10.);
#3574=VECTOR('',#12991,10.);
#3575=VECTOR('',#12992,10.);
#3576=VECTOR('',#12993,10.);
#3577=VECTOR('',#12998,10.);
#3578=VECTOR('',#13001,10.);
#3579=VECTOR('',#13002,10.);
#3580=VECTOR('',#13005,10.);
#3581=VECTOR('',#13006,10.);
#3582=VECTOR('',#13009,10.);
#3583=VECTOR('',#13010,10.);
#3584=VECTOR('',#13013,10.);
#3585=VECTOR('',#13018,10.);
#3586=VECTOR('',#13023,10.);
#3587=VECTOR('',#13028,10.);
#3588=VECTOR('',#13031,10.);
#3589=VECTOR('',#13036,10.);
#3590=VECTOR('',#13039,10.);
#3591=VECTOR('',#13040,10.);
#3592=VECTOR('',#13043,10.);
#3593=VECTOR('',#13044,10.);
#3594=VECTOR('',#13047,10.);
#3595=VECTOR('',#13048,10.);
#3596=VECTOR('',#13051,10.);
#3597=VECTOR('',#13054,10.);
#3598=VECTOR('',#13057,10.);
#3599=VECTOR('',#13058,10.);
#3600=VECTOR('',#13061,10.);
#3601=VECTOR('',#13068,10.);
#3602=VECTOR('',#13069,10.);
#3603=VECTOR('',#13070,10.);
#3604=VECTOR('',#13071,10.);
#3605=VECTOR('',#13072,10.);
#3606=VECTOR('',#13073,10.);
#3607=VECTOR('',#13074,10.);
#3608=VECTOR('',#13075,10.);
#3609=VECTOR('',#13076,10.);
#3610=VECTOR('',#13077,10.);
#3611=VECTOR('',#13078,10.);
#3612=VECTOR('',#13079,10.);
#3613=VECTOR('',#13080,10.);
#3614=VECTOR('',#13081,10.);
#3615=VECTOR('',#13082,10.);
#3616=VECTOR('',#13083,10.);
#3617=VECTOR('',#13084,10.);
#3618=VECTOR('',#13085,10.);
#3619=VECTOR('',#13086,10.);
#3620=VECTOR('',#13087,10.);
#3621=VECTOR('',#13088,10.);
#3622=VECTOR('',#13089,10.);
#3623=VECTOR('',#13090,10.);
#3624=VECTOR('',#13091,10.);
#3625=VECTOR('',#13092,10.);
#3626=VECTOR('',#13093,10.);
#3627=VECTOR('',#13094,10.);
#3628=VECTOR('',#13095,10.);
#3629=VECTOR('',#13096,10.);
#3630=VECTOR('',#13097,10.);
#3631=VECTOR('',#13098,10.);
#3632=VECTOR('',#13099,10.);
#3633=VECTOR('',#13102,10.);
#3634=VECTOR('',#13103,10.);
#3635=VECTOR('',#13104,10.);
#3636=VECTOR('',#13105,10.);
#3637=VECTOR('',#13106,10.);
#3638=VECTOR('',#13107,10.);
#3639=VECTOR('',#13108,10.);
#3640=VECTOR('',#13109,10.);
#3641=VECTOR('',#13110,10.);
#3642=VECTOR('',#13111,10.);
#3643=VECTOR('',#13112,10.);
#3644=VECTOR('',#13113,10.);
#3645=VECTOR('',#13114,10.);
#3646=VECTOR('',#13115,10.);
#3647=VECTOR('',#13116,10.);
#3648=VECTOR('',#13117,10.);
#3649=VECTOR('',#13118,10.);
#3650=VECTOR('',#13119,10.);
#3651=VECTOR('',#13120,10.);
#3652=VECTOR('',#13121,10.);
#3653=VECTOR('',#13122,10.);
#3654=VECTOR('',#13123,10.);
#3655=VECTOR('',#13124,10.);
#3656=VECTOR('',#13125,10.);
#3657=VECTOR('',#13126,10.);
#3658=VECTOR('',#13127,10.);
#3659=VECTOR('',#13128,10.);
#3660=VECTOR('',#13129,10.);
#3661=VECTOR('',#13130,10.);
#3662=VECTOR('',#13131,10.);
#3663=VECTOR('',#13132,10.);
#3664=VECTOR('',#13133,10.);
#3665=VECTOR('',#13136,10.);
#3666=VECTOR('',#13137,10.);
#3667=VECTOR('',#13140,10.);
#3668=VECTOR('',#13143,10.);
#3669=VECTOR('',#13146,10.);
#3670=VECTOR('',#13149,10.);
#3671=VECTOR('',#13152,10.);
#3672=VECTOR('',#13155,10.);
#3673=VECTOR('',#13160,10.);
#3674=VECTOR('',#13163,10.);
#3675=VECTOR('',#13164,10.);
#3676=VECTOR('',#13165,10.);
#3677=VECTOR('',#13168,10.);
#3678=VECTOR('',#13171,10.);
#3679=VECTOR('',#13172,10.);
#3680=VECTOR('',#13173,10.);
#3681=VECTOR('',#13176,10.);
#3682=VECTOR('',#13177,10.);
#3683=VECTOR('',#13180,10.);
#3684=VECTOR('',#13181,10.);
#3685=VECTOR('',#13184,10.);
#3686=VECTOR('',#13185,10.);
#3687=VECTOR('',#13188,10.);
#3688=VECTOR('',#13189,10.);
#3689=VECTOR('',#13192,10.);
#3690=VECTOR('',#13193,10.);
#3691=VECTOR('',#13196,10.);
#3692=VECTOR('',#13197,10.);
#3693=VECTOR('',#13200,10.);
#3694=VECTOR('',#13201,10.);
#3695=VECTOR('',#13204,10.);
#3696=VECTOR('',#13205,10.);
#3697=VECTOR('',#13208,10.);
#3698=VECTOR('',#13211,10.);
#3699=VECTOR('',#13212,10.);
#3700=VECTOR('',#13213,10.);
#3701=VECTOR('',#13218,10.);
#3702=VECTOR('',#13221,10.);
#3703=VECTOR('',#13222,10.);
#3704=VECTOR('',#13225,10.);
#3705=VECTOR('',#13226,10.);
#3706=VECTOR('',#13229,10.);
#3707=VECTOR('',#13230,10.);
#3708=VECTOR('',#13233,10.);
#3709=VECTOR('',#13238,10.);
#3710=VECTOR('',#13243,10.);
#3711=VECTOR('',#13248,10.);
#3712=VECTOR('',#13251,10.);
#3713=VECTOR('',#13256,10.);
#3714=VECTOR('',#13259,10.);
#3715=VECTOR('',#13260,10.);
#3716=VECTOR('',#13263,10.);
#3717=VECTOR('',#13264,10.);
#3718=VECTOR('',#13267,10.);
#3719=VECTOR('',#13268,10.);
#3720=VECTOR('',#13271,10.);
#3721=VECTOR('',#13274,10.);
#3722=VECTOR('',#13277,10.);
#3723=VECTOR('',#13278,10.);
#3724=VECTOR('',#13281,10.);
#3725=VECTOR('',#13288,10.);
#3726=VECTOR('',#13291,10.);
#3727=VECTOR('',#13292,10.);
#3728=VECTOR('',#13293,10.);
#3729=VECTOR('',#13296,10.);
#3730=VECTOR('',#13299,10.);
#3731=VECTOR('',#13300,10.);
#3732=VECTOR('',#13301,10.);
#3733=VECTOR('',#13304,10.);
#3734=VECTOR('',#13305,10.);
#3735=VECTOR('',#13308,10.);
#3736=VECTOR('',#13309,10.);
#3737=VECTOR('',#13312,10.);
#3738=VECTOR('',#13313,10.);
#3739=VECTOR('',#13316,10.);
#3740=VECTOR('',#13317,10.);
#3741=VECTOR('',#13320,10.);
#3742=VECTOR('',#13321,10.);
#3743=VECTOR('',#13324,10.);
#3744=VECTOR('',#13325,10.);
#3745=VECTOR('',#13328,10.);
#3746=VECTOR('',#13329,10.);
#3747=VECTOR('',#13332,10.);
#3748=VECTOR('',#13333,10.);
#3749=VECTOR('',#13336,10.);
#3750=VECTOR('',#13339,10.);
#3751=VECTOR('',#13340,10.);
#3752=VECTOR('',#13341,10.);
#3753=VECTOR('',#13346,10.);
#3754=VECTOR('',#13349,10.);
#3755=VECTOR('',#13350,10.);
#3756=VECTOR('',#13353,10.);
#3757=VECTOR('',#13354,10.);
#3758=VECTOR('',#13357,10.);
#3759=VECTOR('',#13358,10.);
#3760=VECTOR('',#13361,10.);
#3761=VECTOR('',#13366,10.);
#3762=VECTOR('',#13371,10.);
#3763=VECTOR('',#13374,10.);
#3764=VECTOR('',#13379,10.);
#3765=VECTOR('',#13384,10.);
#3766=VECTOR('',#13387,10.);
#3767=VECTOR('',#13388,10.);
#3768=VECTOR('',#13391,10.);
#3769=VECTOR('',#13392,10.);
#3770=VECTOR('',#13395,10.);
#3771=VECTOR('',#13398,10.);
#3772=VECTOR('',#13401,10.);
#3773=VECTOR('',#13402,10.);
#3774=VECTOR('',#13405,10.);
#3775=VECTOR('',#13406,10.);
#3776=VECTOR('',#13409,10.);
#3777=VECTOR('',#13416,10.);
#3778=VECTOR('',#13419,10.);
#3779=VECTOR('',#13420,10.);
#3780=VECTOR('',#13421,10.);
#3781=VECTOR('',#13424,10.);
#3782=VECTOR('',#13427,10.);
#3783=VECTOR('',#13428,10.);
#3784=VECTOR('',#13429,10.);
#3785=VECTOR('',#13432,10.);
#3786=VECTOR('',#13433,10.);
#3787=VECTOR('',#13436,10.);
#3788=VECTOR('',#13437,10.);
#3789=VECTOR('',#13440,10.);
#3790=VECTOR('',#13441,10.);
#3791=VECTOR('',#13444,10.);
#3792=VECTOR('',#13445,10.);
#3793=VECTOR('',#13448,10.);
#3794=VECTOR('',#13449,10.);
#3795=VECTOR('',#13452,10.);
#3796=VECTOR('',#13453,10.);
#3797=VECTOR('',#13456,10.);
#3798=VECTOR('',#13457,10.);
#3799=VECTOR('',#13460,10.);
#3800=VECTOR('',#13461,10.);
#3801=VECTOR('',#13464,10.);
#3802=VECTOR('',#13467,10.);
#3803=VECTOR('',#13468,10.);
#3804=VECTOR('',#13469,10.);
#3805=VECTOR('',#13474,10.);
#3806=VECTOR('',#13477,10.);
#3807=VECTOR('',#13478,10.);
#3808=VECTOR('',#13481,10.);
#3809=VECTOR('',#13482,10.);
#3810=VECTOR('',#13485,10.);
#3811=VECTOR('',#13486,10.);
#3812=VECTOR('',#13489,10.);
#3813=VECTOR('',#13494,10.);
#3814=VECTOR('',#13499,10.);
#3815=VECTOR('',#13504,10.);
#3816=VECTOR('',#13507,10.);
#3817=VECTOR('',#13512,10.);
#3818=VECTOR('',#13515,10.);
#3819=VECTOR('',#13516,10.);
#3820=VECTOR('',#13519,10.);
#3821=VECTOR('',#13520,10.);
#3822=VECTOR('',#13523,10.);
#3823=VECTOR('',#13524,10.);
#3824=VECTOR('',#13527,10.);
#3825=VECTOR('',#13530,10.);
#3826=VECTOR('',#13533,10.);
#3827=VECTOR('',#13534,10.);
#3828=VECTOR('',#13537,10.);
#3829=VECTOR('',#13544,10.);
#3830=VECTOR('',#13545,10.);
#3831=VECTOR('',#13546,10.);
#3832=VECTOR('',#13547,10.);
#3833=VECTOR('',#13548,10.);
#3834=VECTOR('',#13549,10.);
#3835=VECTOR('',#13550,10.);
#3836=VECTOR('',#13551,10.);
#3837=VECTOR('',#13552,10.);
#3838=VECTOR('',#13553,10.);
#3839=VECTOR('',#13554,10.);
#3840=VECTOR('',#13555,10.);
#3841=VECTOR('',#13556,10.);
#3842=VECTOR('',#13557,10.);
#3843=VECTOR('',#13558,10.);
#3844=VECTOR('',#13559,10.);
#3845=VECTOR('',#13560,10.);
#3846=VECTOR('',#13561,10.);
#3847=VECTOR('',#13562,10.);
#3848=VECTOR('',#13563,10.);
#3849=VECTOR('',#13564,10.);
#3850=VECTOR('',#13565,10.);
#3851=VECTOR('',#13566,10.);
#3852=VECTOR('',#13567,10.);
#3853=VECTOR('',#13568,10.);
#3854=VECTOR('',#13569,10.);
#3855=VECTOR('',#13570,10.);
#3856=VECTOR('',#13571,10.);
#3857=VECTOR('',#13572,10.);
#3858=VECTOR('',#13573,10.);
#3859=VECTOR('',#13574,10.);
#3860=VECTOR('',#13575,10.);
#3861=VECTOR('',#13578,10.);
#3862=VECTOR('',#13579,10.);
#3863=VECTOR('',#13580,10.);
#3864=VECTOR('',#13581,10.);
#3865=VECTOR('',#13582,10.);
#3866=VECTOR('',#13583,10.);
#3867=VECTOR('',#13584,10.);
#3868=VECTOR('',#13585,10.);
#3869=VECTOR('',#13586,10.);
#3870=VECTOR('',#13587,10.);
#3871=VECTOR('',#13588,10.);
#3872=VECTOR('',#13589,10.);
#3873=VECTOR('',#13590,10.);
#3874=VECTOR('',#13591,10.);
#3875=VECTOR('',#13592,10.);
#3876=VECTOR('',#13593,10.);
#3877=VECTOR('',#13594,10.);
#3878=VECTOR('',#13595,10.);
#3879=VECTOR('',#13596,10.);
#3880=VECTOR('',#13597,10.);
#3881=VECTOR('',#13598,10.);
#3882=VECTOR('',#13599,10.);
#3883=VECTOR('',#13600,10.);
#3884=VECTOR('',#13601,10.);
#3885=VECTOR('',#13602,10.);
#3886=VECTOR('',#13603,10.);
#3887=VECTOR('',#13604,10.);
#3888=VECTOR('',#13605,10.);
#3889=VECTOR('',#13606,10.);
#3890=VECTOR('',#13607,10.);
#3891=VECTOR('',#13608,10.);
#3892=VECTOR('',#13609,10.);
#3893=VECTOR('',#13612,10.);
#3894=VECTOR('',#13613,10.);
#3895=VECTOR('',#13616,10.);
#3896=VECTOR('',#13619,10.);
#3897=VECTOR('',#13622,10.);
#3898=VECTOR('',#13625,10.);
#3899=VECTOR('',#13628,10.);
#3900=VECTOR('',#13631,10.);
#3901=VECTOR('',#13636,10.);
#3902=VECTOR('',#13639,10.);
#3903=VECTOR('',#13640,10.);
#3904=VECTOR('',#13641,10.);
#3905=VECTOR('',#13644,10.);
#3906=VECTOR('',#13647,10.);
#3907=VECTOR('',#13648,10.);
#3908=VECTOR('',#13649,10.);
#3909=VECTOR('',#13652,10.);
#3910=VECTOR('',#13653,10.);
#3911=VECTOR('',#13656,10.);
#3912=VECTOR('',#13657,10.);
#3913=VECTOR('',#13660,10.);
#3914=VECTOR('',#13661,10.);
#3915=VECTOR('',#13664,10.);
#3916=VECTOR('',#13665,10.);
#3917=VECTOR('',#13668,10.);
#3918=VECTOR('',#13669,10.);
#3919=VECTOR('',#13672,10.);
#3920=VECTOR('',#13673,10.);
#3921=VECTOR('',#13676,10.);
#3922=VECTOR('',#13677,10.);
#3923=VECTOR('',#13680,10.);
#3924=VECTOR('',#13681,10.);
#3925=VECTOR('',#13684,10.);
#3926=VECTOR('',#13687,10.);
#3927=VECTOR('',#13688,10.);
#3928=VECTOR('',#13689,10.);
#3929=VECTOR('',#13694,10.);
#3930=VECTOR('',#13697,10.);
#3931=VECTOR('',#13698,10.);
#3932=VECTOR('',#13701,10.);
#3933=VECTOR('',#13702,10.);
#3934=VECTOR('',#13705,10.);
#3935=VECTOR('',#13706,10.);
#3936=VECTOR('',#13709,10.);
#3937=VECTOR('',#13714,10.);
#3938=VECTOR('',#13719,10.);
#3939=VECTOR('',#13724,10.);
#3940=VECTOR('',#13727,10.);
#3941=VECTOR('',#13732,10.);
#3942=VECTOR('',#13735,10.);
#3943=VECTOR('',#13736,10.);
#3944=VECTOR('',#13739,10.);
#3945=VECTOR('',#13740,10.);
#3946=VECTOR('',#13743,10.);
#3947=VECTOR('',#13744,10.);
#3948=VECTOR('',#13747,10.);
#3949=VECTOR('',#13750,10.);
#3950=VECTOR('',#13753,10.);
#3951=VECTOR('',#13754,10.);
#3952=VECTOR('',#13757,10.);
#3953=VECTOR('',#13764,10.);
#3954=VECTOR('',#13767,10.);
#3955=VECTOR('',#13768,10.);
#3956=VECTOR('',#13769,10.);
#3957=VECTOR('',#13772,10.);
#3958=VECTOR('',#13775,10.);
#3959=VECTOR('',#13776,10.);
#3960=VECTOR('',#13777,10.);
#3961=VECTOR('',#13780,10.);
#3962=VECTOR('',#13781,10.);
#3963=VECTOR('',#13784,10.);
#3964=VECTOR('',#13785,10.);
#3965=VECTOR('',#13788,10.);
#3966=VECTOR('',#13789,10.);
#3967=VECTOR('',#13792,10.);
#3968=VECTOR('',#13793,10.);
#3969=VECTOR('',#13796,10.);
#3970=VECTOR('',#13797,10.);
#3971=VECTOR('',#13800,10.);
#3972=VECTOR('',#13801,10.);
#3973=VECTOR('',#13804,10.);
#3974=VECTOR('',#13805,10.);
#3975=VECTOR('',#13808,10.);
#3976=VECTOR('',#13809,10.);
#3977=VECTOR('',#13812,10.);
#3978=VECTOR('',#13815,10.);
#3979=VECTOR('',#13816,10.);
#3980=VECTOR('',#13817,10.);
#3981=VECTOR('',#13822,10.);
#3982=VECTOR('',#13825,10.);
#3983=VECTOR('',#13826,10.);
#3984=VECTOR('',#13829,10.);
#3985=VECTOR('',#13830,10.);
#3986=VECTOR('',#13833,10.);
#3987=VECTOR('',#13834,10.);
#3988=VECTOR('',#13837,10.);
#3989=VECTOR('',#13842,10.);
#3990=VECTOR('',#13847,10.);
#3991=VECTOR('',#13850,10.);
#3992=VECTOR('',#13855,10.);
#3993=VECTOR('',#13860,10.);
#3994=VECTOR('',#13863,10.);
#3995=VECTOR('',#13864,10.);
#3996=VECTOR('',#13867,10.);
#3997=VECTOR('',#13868,10.);
#3998=VECTOR('',#13871,10.);
#3999=VECTOR('',#13874,10.);
#4000=VECTOR('',#13877,10.);
#4001=VECTOR('',#13878,10.);
#4002=VECTOR('',#13881,10.);
#4003=VECTOR('',#13882,10.);
#4004=VECTOR('',#13885,10.);
#4005=VECTOR('',#13892,10.);
#4006=VECTOR('',#13895,10.);
#4007=VECTOR('',#13896,10.);
#4008=VECTOR('',#13897,10.);
#4009=VECTOR('',#13900,10.);
#4010=VECTOR('',#13903,10.);
#4011=VECTOR('',#13904,10.);
#4012=VECTOR('',#13905,10.);
#4013=VECTOR('',#13908,10.);
#4014=VECTOR('',#13909,10.);
#4015=VECTOR('',#13912,10.);
#4016=VECTOR('',#13913,10.);
#4017=VECTOR('',#13916,10.);
#4018=VECTOR('',#13917,10.);
#4019=VECTOR('',#13920,10.);
#4020=VECTOR('',#13921,10.);
#4021=VECTOR('',#13924,10.);
#4022=VECTOR('',#13925,10.);
#4023=VECTOR('',#13928,10.);
#4024=VECTOR('',#13929,10.);
#4025=VECTOR('',#13932,10.);
#4026=VECTOR('',#13933,10.);
#4027=VECTOR('',#13936,10.);
#4028=VECTOR('',#13937,10.);
#4029=VECTOR('',#13940,10.);
#4030=VECTOR('',#13943,10.);
#4031=VECTOR('',#13944,10.);
#4032=VECTOR('',#13945,10.);
#4033=VECTOR('',#13950,10.);
#4034=VECTOR('',#13953,10.);
#4035=VECTOR('',#13954,10.);
#4036=VECTOR('',#13957,10.);
#4037=VECTOR('',#13958,10.);
#4038=VECTOR('',#13961,10.);
#4039=VECTOR('',#13962,10.);
#4040=VECTOR('',#13965,10.);
#4041=VECTOR('',#13970,10.);
#4042=VECTOR('',#13975,10.);
#4043=VECTOR('',#13980,10.);
#4044=VECTOR('',#13983,10.);
#4045=VECTOR('',#13988,10.);
#4046=VECTOR('',#13991,10.);
#4047=VECTOR('',#13992,10.);
#4048=VECTOR('',#13995,10.);
#4049=VECTOR('',#13996,10.);
#4050=VECTOR('',#13999,10.);
#4051=VECTOR('',#14000,10.);
#4052=VECTOR('',#14003,10.);
#4053=VECTOR('',#14006,10.);
#4054=VECTOR('',#14009,10.);
#4055=VECTOR('',#14010,10.);
#4056=VECTOR('',#14013,10.);
#4057=VECTOR('',#14020,10.);
#4058=VECTOR('',#14021,10.);
#4059=VECTOR('',#14022,10.);
#4060=VECTOR('',#14023,10.);
#4061=VECTOR('',#14024,10.);
#4062=VECTOR('',#14025,10.);
#4063=VECTOR('',#14026,10.);
#4064=VECTOR('',#14027,10.);
#4065=VECTOR('',#14028,10.);
#4066=VECTOR('',#14029,10.);
#4067=VECTOR('',#14030,10.);
#4068=VECTOR('',#14031,10.);
#4069=VECTOR('',#14032,10.);
#4070=VECTOR('',#14033,10.);
#4071=VECTOR('',#14034,10.);
#4072=VECTOR('',#14035,10.);
#4073=VECTOR('',#14036,10.);
#4074=VECTOR('',#14037,10.);
#4075=VECTOR('',#14038,10.);
#4076=VECTOR('',#14039,10.);
#4077=VECTOR('',#14040,10.);
#4078=VECTOR('',#14041,10.);
#4079=VECTOR('',#14042,10.);
#4080=VECTOR('',#14043,10.);
#4081=VECTOR('',#14044,10.);
#4082=VECTOR('',#14045,10.);
#4083=VECTOR('',#14046,10.);
#4084=VECTOR('',#14047,10.);
#4085=VECTOR('',#14048,10.);
#4086=VECTOR('',#14049,10.);
#4087=VECTOR('',#14050,10.);
#4088=VECTOR('',#14051,10.);
#4089=VECTOR('',#14054,10.);
#4090=VECTOR('',#14055,10.);
#4091=VECTOR('',#14056,10.);
#4092=VECTOR('',#14057,10.);
#4093=VECTOR('',#14058,10.);
#4094=VECTOR('',#14059,10.);
#4095=VECTOR('',#14060,10.);
#4096=VECTOR('',#14061,10.);
#4097=VECTOR('',#14062,10.);
#4098=VECTOR('',#14063,10.);
#4099=VECTOR('',#14064,10.);
#4100=VECTOR('',#14065,10.);
#4101=VECTOR('',#14066,10.);
#4102=VECTOR('',#14067,10.);
#4103=VECTOR('',#14068,10.);
#4104=VECTOR('',#14069,10.);
#4105=VECTOR('',#14070,10.);
#4106=VECTOR('',#14071,10.);
#4107=VECTOR('',#14072,10.);
#4108=VECTOR('',#14073,10.);
#4109=VECTOR('',#14074,10.);
#4110=VECTOR('',#14075,10.);
#4111=VECTOR('',#14076,10.);
#4112=VECTOR('',#14077,10.);
#4113=VECTOR('',#14078,10.);
#4114=VECTOR('',#14079,10.);
#4115=VECTOR('',#14080,10.);
#4116=VECTOR('',#14081,10.);
#4117=VECTOR('',#14082,10.);
#4118=VECTOR('',#14083,10.);
#4119=VECTOR('',#14084,10.);
#4120=VECTOR('',#14085,10.);
#4121=VECTOR('',#14088,10.);
#4122=VECTOR('',#14089,10.);
#4123=VECTOR('',#14092,10.);
#4124=VECTOR('',#14095,10.);
#4125=VECTOR('',#14098,10.);
#4126=VECTOR('',#14101,10.);
#4127=VECTOR('',#14104,10.);
#4128=VECTOR('',#14107,10.);
#4129=VECTOR('',#14112,10.);
#4130=VECTOR('',#14115,10.);
#4131=VECTOR('',#14116,10.);
#4132=VECTOR('',#14117,10.);
#4133=VECTOR('',#14120,10.);
#4134=VECTOR('',#14123,10.);
#4135=VECTOR('',#14124,10.);
#4136=VECTOR('',#14125,10.);
#4137=VECTOR('',#14128,10.);
#4138=VECTOR('',#14129,10.);
#4139=VECTOR('',#14132,10.);
#4140=VECTOR('',#14133,10.);
#4141=VECTOR('',#14136,10.);
#4142=VECTOR('',#14137,10.);
#4143=VECTOR('',#14140,10.);
#4144=VECTOR('',#14141,10.);
#4145=VECTOR('',#14144,10.);
#4146=VECTOR('',#14145,10.);
#4147=VECTOR('',#14148,10.);
#4148=VECTOR('',#14149,10.);
#4149=VECTOR('',#14152,10.);
#4150=VECTOR('',#14153,10.);
#4151=VECTOR('',#14156,10.);
#4152=VECTOR('',#14157,10.);
#4153=VECTOR('',#14160,10.);
#4154=VECTOR('',#14163,10.);
#4155=VECTOR('',#14164,10.);
#4156=VECTOR('',#14165,10.);
#4157=VECTOR('',#14170,10.);
#4158=VECTOR('',#14173,10.);
#4159=VECTOR('',#14174,10.);
#4160=VECTOR('',#14177,10.);
#4161=VECTOR('',#14178,10.);
#4162=VECTOR('',#14181,10.);
#4163=VECTOR('',#14182,10.);
#4164=VECTOR('',#14185,10.);
#4165=VECTOR('',#14190,10.);
#4166=VECTOR('',#14195,10.);
#4167=VECTOR('',#14200,10.);
#4168=VECTOR('',#14203,10.);
#4169=VECTOR('',#14208,10.);
#4170=VECTOR('',#14211,10.);
#4171=VECTOR('',#14212,10.);
#4172=VECTOR('',#14215,10.);
#4173=VECTOR('',#14216,10.);
#4174=VECTOR('',#14219,10.);
#4175=VECTOR('',#14220,10.);
#4176=VECTOR('',#14223,10.);
#4177=VECTOR('',#14226,10.);
#4178=VECTOR('',#14229,10.);
#4179=VECTOR('',#14230,10.);
#4180=VECTOR('',#14233,10.);
#4181=VECTOR('',#14240,10.);
#4182=VECTOR('',#14243,10.);
#4183=VECTOR('',#14244,10.);
#4184=VECTOR('',#14245,10.);
#4185=VECTOR('',#14248,10.);
#4186=VECTOR('',#14251,10.);
#4187=VECTOR('',#14252,10.);
#4188=VECTOR('',#14253,10.);
#4189=VECTOR('',#14256,10.);
#4190=VECTOR('',#14257,10.);
#4191=VECTOR('',#14260,10.);
#4192=VECTOR('',#14261,10.);
#4193=VECTOR('',#14264,10.);
#4194=VECTOR('',#14265,10.);
#4195=VECTOR('',#14268,10.);
#4196=VECTOR('',#14269,10.);
#4197=VECTOR('',#14272,10.);
#4198=VECTOR('',#14273,10.);
#4199=VECTOR('',#14276,10.);
#4200=VECTOR('',#14277,10.);
#4201=VECTOR('',#14280,10.);
#4202=VECTOR('',#14281,10.);
#4203=VECTOR('',#14284,10.);
#4204=VECTOR('',#14285,10.);
#4205=VECTOR('',#14288,10.);
#4206=VECTOR('',#14291,10.);
#4207=VECTOR('',#14292,10.);
#4208=VECTOR('',#14293,10.);
#4209=VECTOR('',#14298,10.);
#4210=VECTOR('',#14301,10.);
#4211=VECTOR('',#14302,10.);
#4212=VECTOR('',#14305,10.);
#4213=VECTOR('',#14306,10.);
#4214=VECTOR('',#14309,10.);
#4215=VECTOR('',#14310,10.);
#4216=VECTOR('',#14313,10.);
#4217=VECTOR('',#14318,10.);
#4218=VECTOR('',#14323,10.);
#4219=VECTOR('',#14326,10.);
#4220=VECTOR('',#14331,10.);
#4221=VECTOR('',#14336,10.);
#4222=VECTOR('',#14339,10.);
#4223=VECTOR('',#14340,10.);
#4224=VECTOR('',#14343,10.);
#4225=VECTOR('',#14344,10.);
#4226=VECTOR('',#14347,10.);
#4227=VECTOR('',#14350,10.);
#4228=VECTOR('',#14353,10.);
#4229=VECTOR('',#14354,10.);
#4230=VECTOR('',#14357,10.);
#4231=VECTOR('',#14358,10.);
#4232=VECTOR('',#14361,10.);
#4233=VECTOR('',#14368,10.);
#4234=VECTOR('',#14371,10.);
#4235=VECTOR('',#14372,10.);
#4236=VECTOR('',#14373,10.);
#4237=VECTOR('',#14376,10.);
#4238=VECTOR('',#14379,10.);
#4239=VECTOR('',#14380,10.);
#4240=VECTOR('',#14381,10.);
#4241=VECTOR('',#14384,10.);
#4242=VECTOR('',#14385,10.);
#4243=VECTOR('',#14388,10.);
#4244=VECTOR('',#14389,10.);
#4245=VECTOR('',#14392,10.);
#4246=VECTOR('',#14393,10.);
#4247=VECTOR('',#14396,10.);
#4248=VECTOR('',#14397,10.);
#4249=VECTOR('',#14400,10.);
#4250=VECTOR('',#14401,10.);
#4251=VECTOR('',#14404,10.);
#4252=VECTOR('',#14405,10.);
#4253=VECTOR('',#14408,10.);
#4254=VECTOR('',#14409,10.);
#4255=VECTOR('',#14412,10.);
#4256=VECTOR('',#14413,10.);
#4257=VECTOR('',#14416,10.);
#4258=VECTOR('',#14419,10.);
#4259=VECTOR('',#14420,10.);
#4260=VECTOR('',#14421,10.);
#4261=VECTOR('',#14426,10.);
#4262=VECTOR('',#14429,10.);
#4263=VECTOR('',#14430,10.);
#4264=VECTOR('',#14433,10.);
#4265=VECTOR('',#14434,10.);
#4266=VECTOR('',#14437,10.);
#4267=VECTOR('',#14438,10.);
#4268=VECTOR('',#14441,10.);
#4269=VECTOR('',#14446,10.);
#4270=VECTOR('',#14451,10.);
#4271=VECTOR('',#14456,10.);
#4272=VECTOR('',#14459,10.);
#4273=VECTOR('',#14464,10.);
#4274=VECTOR('',#14467,10.);
#4275=VECTOR('',#14468,10.);
#4276=VECTOR('',#14471,10.);
#4277=VECTOR('',#14472,10.);
#4278=VECTOR('',#14475,10.);
#4279=VECTOR('',#14476,10.);
#4280=VECTOR('',#14479,10.);
#4281=VECTOR('',#14482,10.);
#4282=VECTOR('',#14485,10.);
#4283=VECTOR('',#14486,10.);
#4284=VECTOR('',#14489,10.);
#4285=VERTEX_POINT('',#14496);
#4286=VERTEX_POINT('',#14497);
#4287=VERTEX_POINT('',#14499);
#4288=VERTEX_POINT('',#14501);
#4289=VERTEX_POINT('',#14503);
#4290=VERTEX_POINT('',#14505);
#4291=VERTEX_POINT('',#14507);
#4292=VERTEX_POINT('',#14509);
#4293=VERTEX_POINT('',#14512);
#4294=VERTEX_POINT('',#14513);
#4295=VERTEX_POINT('',#14515);
#4296=VERTEX_POINT('',#14517);
#4297=VERTEX_POINT('',#14519);
#4298=VERTEX_POINT('',#14521);
#4299=VERTEX_POINT('',#14523);
#4300=VERTEX_POINT('',#14525);
#4301=VERTEX_POINT('',#14528);
#4302=VERTEX_POINT('',#14529);
#4303=VERTEX_POINT('',#14531);
#4304=VERTEX_POINT('',#14533);
#4305=VERTEX_POINT('',#14535);
#4306=VERTEX_POINT('',#14537);
#4307=VERTEX_POINT('',#14539);
#4308=VERTEX_POINT('',#14541);
#4309=VERTEX_POINT('',#14544);
#4310=VERTEX_POINT('',#14545);
#4311=VERTEX_POINT('',#14547);
#4312=VERTEX_POINT('',#14549);
#4313=VERTEX_POINT('',#14551);
#4314=VERTEX_POINT('',#14553);
#4315=VERTEX_POINT('',#14555);
#4316=VERTEX_POINT('',#14557);
#4317=VERTEX_POINT('',#14561);
#4318=VERTEX_POINT('',#14562);
#4319=VERTEX_POINT('',#14564);
#4320=VERTEX_POINT('',#14566);
#4321=VERTEX_POINT('',#14568);
#4322=VERTEX_POINT('',#14570);
#4323=VERTEX_POINT('',#14572);
#4324=VERTEX_POINT('',#14574);
#4325=VERTEX_POINT('',#14577);
#4326=VERTEX_POINT('',#14578);
#4327=VERTEX_POINT('',#14580);
#4328=VERTEX_POINT('',#14582);
#4329=VERTEX_POINT('',#14584);
#4330=VERTEX_POINT('',#14586);
#4331=VERTEX_POINT('',#14588);
#4332=VERTEX_POINT('',#14590);
#4333=VERTEX_POINT('',#14593);
#4334=VERTEX_POINT('',#14594);
#4335=VERTEX_POINT('',#14596);
#4336=VERTEX_POINT('',#14598);
#4337=VERTEX_POINT('',#14600);
#4338=VERTEX_POINT('',#14602);
#4339=VERTEX_POINT('',#14604);
#4340=VERTEX_POINT('',#14606);
#4341=VERTEX_POINT('',#14609);
#4342=VERTEX_POINT('',#14610);
#4343=VERTEX_POINT('',#14612);
#4344=VERTEX_POINT('',#14614);
#4345=VERTEX_POINT('',#14616);
#4346=VERTEX_POINT('',#14618);
#4347=VERTEX_POINT('',#14620);
#4348=VERTEX_POINT('',#14622);
#4349=VERTEX_POINT('',#14642);
#4350=VERTEX_POINT('',#14644);
#4351=VERTEX_POINT('',#14646);
#4352=VERTEX_POINT('',#14648);
#4353=VERTEX_POINT('',#14650);
#4354=VERTEX_POINT('',#14652);
#4355=VERTEX_POINT('',#14656);
#4356=VERTEX_POINT('',#14658);
#4357=VERTEX_POINT('',#14662);
#4358=VERTEX_POINT('',#14666);
#4359=VERTEX_POINT('',#14670);
#4360=VERTEX_POINT('',#14674);
#4361=VERTEX_POINT('',#14678);
#4362=VERTEX_POINT('',#14682);
#4363=VERTEX_POINT('',#14686);
#4364=VERTEX_POINT('',#14690);
#4365=VERTEX_POINT('',#14694);
#4366=VERTEX_POINT('',#14696);
#4367=VERTEX_POINT('',#14698);
#4368=VERTEX_POINT('',#14700);
#4369=VERTEX_POINT('',#14702);
#4370=VERTEX_POINT('',#14708);
#4371=VERTEX_POINT('',#14712);
#4372=VERTEX_POINT('',#14716);
#4373=VERTEX_POINT('',#14720);
#4374=VERTEX_POINT('',#14724);
#4375=VERTEX_POINT('',#14728);
#4376=VERTEX_POINT('',#14734);
#4377=VERTEX_POINT('',#14740);
#4378=VERTEX_POINT('',#14744);
#4379=VERTEX_POINT('',#14748);
#4380=VERTEX_POINT('',#14756);
#4381=VERTEX_POINT('',#14764);
#4382=VERTEX_POINT('',#14766);
#4383=VERTEX_POINT('',#14768);
#4384=VERTEX_POINT('',#14770);
#4385=VERTEX_POINT('',#14772);
#4386=VERTEX_POINT('',#14774);
#4387=VERTEX_POINT('',#14778);
#4388=VERTEX_POINT('',#14780);
#4389=VERTEX_POINT('',#14784);
#4390=VERTEX_POINT('',#14788);
#4391=VERTEX_POINT('',#14792);
#4392=VERTEX_POINT('',#14796);
#4393=VERTEX_POINT('',#14800);
#4394=VERTEX_POINT('',#14804);
#4395=VERTEX_POINT('',#14808);
#4396=VERTEX_POINT('',#14812);
#4397=VERTEX_POINT('',#14816);
#4398=VERTEX_POINT('',#14818);
#4399=VERTEX_POINT('',#14820);
#4400=VERTEX_POINT('',#14822);
#4401=VERTEX_POINT('',#14824);
#4402=VERTEX_POINT('',#14830);
#4403=VERTEX_POINT('',#14834);
#4404=VERTEX_POINT('',#14838);
#4405=VERTEX_POINT('',#14842);
#4406=VERTEX_POINT('',#14846);
#4407=VERTEX_POINT('',#14852);
#4408=VERTEX_POINT('',#14856);
#4409=VERTEX_POINT('',#14862);
#4410=VERTEX_POINT('',#14866);
#4411=VERTEX_POINT('',#14874);
#4412=VERTEX_POINT('',#14878);
#4413=VERTEX_POINT('',#14886);
#4414=VERTEX_POINT('',#14888);
#4415=VERTEX_POINT('',#14890);
#4416=VERTEX_POINT('',#14892);
#4417=VERTEX_POINT('',#14894);
#4418=VERTEX_POINT('',#14896);
#4419=VERTEX_POINT('',#14900);
#4420=VERTEX_POINT('',#14902);
#4421=VERTEX_POINT('',#14906);
#4422=VERTEX_POINT('',#14910);
#4423=VERTEX_POINT('',#14914);
#4424=VERTEX_POINT('',#14918);
#4425=VERTEX_POINT('',#14922);
#4426=VERTEX_POINT('',#14926);
#4427=VERTEX_POINT('',#14930);
#4428=VERTEX_POINT('',#14934);
#4429=VERTEX_POINT('',#14938);
#4430=VERTEX_POINT('',#14940);
#4431=VERTEX_POINT('',#14942);
#4432=VERTEX_POINT('',#14944);
#4433=VERTEX_POINT('',#14946);
#4434=VERTEX_POINT('',#14952);
#4435=VERTEX_POINT('',#14956);
#4436=VERTEX_POINT('',#14960);
#4437=VERTEX_POINT('',#14964);
#4438=VERTEX_POINT('',#14968);
#4439=VERTEX_POINT('',#14972);
#4440=VERTEX_POINT('',#14978);
#4441=VERTEX_POINT('',#14984);
#4442=VERTEX_POINT('',#14988);
#4443=VERTEX_POINT('',#14992);
#4444=VERTEX_POINT('',#15000);
#4445=VERTEX_POINT('',#15008);
#4446=VERTEX_POINT('',#15009);
#4447=VERTEX_POINT('',#15011);
#4448=VERTEX_POINT('',#15013);
#4449=VERTEX_POINT('',#15015);
#4450=VERTEX_POINT('',#15017);
#4451=VERTEX_POINT('',#15019);
#4452=VERTEX_POINT('',#15021);
#4453=VERTEX_POINT('',#15024);
#4454=VERTEX_POINT('',#15025);
#4455=VERTEX_POINT('',#15027);
#4456=VERTEX_POINT('',#15029);
#4457=VERTEX_POINT('',#15031);
#4458=VERTEX_POINT('',#15033);
#4459=VERTEX_POINT('',#15035);
#4460=VERTEX_POINT('',#15037);
#4461=VERTEX_POINT('',#15040);
#4462=VERTEX_POINT('',#15041);
#4463=VERTEX_POINT('',#15043);
#4464=VERTEX_POINT('',#15045);
#4465=VERTEX_POINT('',#15047);
#4466=VERTEX_POINT('',#15049);
#4467=VERTEX_POINT('',#15051);
#4468=VERTEX_POINT('',#15053);
#4469=VERTEX_POINT('',#15056);
#4470=VERTEX_POINT('',#15057);
#4471=VERTEX_POINT('',#15059);
#4472=VERTEX_POINT('',#15061);
#4473=VERTEX_POINT('',#15063);
#4474=VERTEX_POINT('',#15065);
#4475=VERTEX_POINT('',#15067);
#4476=VERTEX_POINT('',#15069);
#4477=VERTEX_POINT('',#15073);
#4478=VERTEX_POINT('',#15074);
#4479=VERTEX_POINT('',#15076);
#4480=VERTEX_POINT('',#15078);
#4481=VERTEX_POINT('',#15080);
#4482=VERTEX_POINT('',#15082);
#4483=VERTEX_POINT('',#15084);
#4484=VERTEX_POINT('',#15086);
#4485=VERTEX_POINT('',#15089);
#4486=VERTEX_POINT('',#15090);
#4487=VERTEX_POINT('',#15092);
#4488=VERTEX_POINT('',#15094);
#4489=VERTEX_POINT('',#15096);
#4490=VERTEX_POINT('',#15098);
#4491=VERTEX_POINT('',#15100);
#4492=VERTEX_POINT('',#15102);
#4493=VERTEX_POINT('',#15105);
#4494=VERTEX_POINT('',#15106);
#4495=VERTEX_POINT('',#15108);
#4496=VERTEX_POINT('',#15110);
#4497=VERTEX_POINT('',#15112);
#4498=VERTEX_POINT('',#15114);
#4499=VERTEX_POINT('',#15116);
#4500=VERTEX_POINT('',#15118);
#4501=VERTEX_POINT('',#15121);
#4502=VERTEX_POINT('',#15122);
#4503=VERTEX_POINT('',#15124);
#4504=VERTEX_POINT('',#15126);
#4505=VERTEX_POINT('',#15128);
#4506=VERTEX_POINT('',#15130);
#4507=VERTEX_POINT('',#15132);
#4508=VERTEX_POINT('',#15134);
#4509=VERTEX_POINT('',#15154);
#4510=VERTEX_POINT('',#15156);
#4511=VERTEX_POINT('',#15158);
#4512=VERTEX_POINT('',#15160);
#4513=VERTEX_POINT('',#15162);
#4514=VERTEX_POINT('',#15164);
#4515=VERTEX_POINT('',#15168);
#4516=VERTEX_POINT('',#15170);
#4517=VERTEX_POINT('',#15174);
#4518=VERTEX_POINT('',#15178);
#4519=VERTEX_POINT('',#15182);
#4520=VERTEX_POINT('',#15186);
#4521=VERTEX_POINT('',#15190);
#4522=VERTEX_POINT('',#15194);
#4523=VERTEX_POINT('',#15198);
#4524=VERTEX_POINT('',#15202);
#4525=VERTEX_POINT('',#15206);
#4526=VERTEX_POINT('',#15208);
#4527=VERTEX_POINT('',#15210);
#4528=VERTEX_POINT('',#15212);
#4529=VERTEX_POINT('',#15214);
#4530=VERTEX_POINT('',#15220);
#4531=VERTEX_POINT('',#15224);
#4532=VERTEX_POINT('',#15228);
#4533=VERTEX_POINT('',#15232);
#4534=VERTEX_POINT('',#15236);
#4535=VERTEX_POINT('',#15240);
#4536=VERTEX_POINT('',#15246);
#4537=VERTEX_POINT('',#15252);
#4538=VERTEX_POINT('',#15256);
#4539=VERTEX_POINT('',#15260);
#4540=VERTEX_POINT('',#15268);
#4541=VERTEX_POINT('',#15276);
#4542=VERTEX_POINT('',#15278);
#4543=VERTEX_POINT('',#15280);
#4544=VERTEX_POINT('',#15282);
#4545=VERTEX_POINT('',#15284);
#4546=VERTEX_POINT('',#15286);
#4547=VERTEX_POINT('',#15290);
#4548=VERTEX_POINT('',#15292);
#4549=VERTEX_POINT('',#15296);
#4550=VERTEX_POINT('',#15300);
#4551=VERTEX_POINT('',#15304);
#4552=VERTEX_POINT('',#15308);
#4553=VERTEX_POINT('',#15312);
#4554=VERTEX_POINT('',#15316);
#4555=VERTEX_POINT('',#15320);
#4556=VERTEX_POINT('',#15324);
#4557=VERTEX_POINT('',#15328);
#4558=VERTEX_POINT('',#15330);
#4559=VERTEX_POINT('',#15332);
#4560=VERTEX_POINT('',#15334);
#4561=VERTEX_POINT('',#15336);
#4562=VERTEX_POINT('',#15342);
#4563=VERTEX_POINT('',#15346);
#4564=VERTEX_POINT('',#15350);
#4565=VERTEX_POINT('',#15354);
#4566=VERTEX_POINT('',#15358);
#4567=VERTEX_POINT('',#15364);
#4568=VERTEX_POINT('',#15368);
#4569=VERTEX_POINT('',#15374);
#4570=VERTEX_POINT('',#15378);
#4571=VERTEX_POINT('',#15386);
#4572=VERTEX_POINT('',#15390);
#4573=VERTEX_POINT('',#15398);
#4574=VERTEX_POINT('',#15400);
#4575=VERTEX_POINT('',#15402);
#4576=VERTEX_POINT('',#15404);
#4577=VERTEX_POINT('',#15406);
#4578=VERTEX_POINT('',#15408);
#4579=VERTEX_POINT('',#15412);
#4580=VERTEX_POINT('',#15414);
#4581=VERTEX_POINT('',#15418);
#4582=VERTEX_POINT('',#15422);
#4583=VERTEX_POINT('',#15426);
#4584=VERTEX_POINT('',#15430);
#4585=VERTEX_POINT('',#15434);
#4586=VERTEX_POINT('',#15438);
#4587=VERTEX_POINT('',#15442);
#4588=VERTEX_POINT('',#15446);
#4589=VERTEX_POINT('',#15450);
#4590=VERTEX_POINT('',#15452);
#4591=VERTEX_POINT('',#15454);
#4592=VERTEX_POINT('',#15456);
#4593=VERTEX_POINT('',#15458);
#4594=VERTEX_POINT('',#15464);
#4595=VERTEX_POINT('',#15468);
#4596=VERTEX_POINT('',#15472);
#4597=VERTEX_POINT('',#15476);
#4598=VERTEX_POINT('',#15480);
#4599=VERTEX_POINT('',#15484);
#4600=VERTEX_POINT('',#15490);
#4601=VERTEX_POINT('',#15496);
#4602=VERTEX_POINT('',#15500);
#4603=VERTEX_POINT('',#15504);
#4604=VERTEX_POINT('',#15512);
#4605=VERTEX_POINT('',#15520);
#4606=VERTEX_POINT('',#15521);
#4607=VERTEX_POINT('',#15523);
#4608=VERTEX_POINT('',#15525);
#4609=VERTEX_POINT('',#15527);
#4610=VERTEX_POINT('',#15529);
#4611=VERTEX_POINT('',#15531);
#4612=VERTEX_POINT('',#15533);
#4613=VERTEX_POINT('',#15536);
#4614=VERTEX_POINT('',#15537);
#4615=VERTEX_POINT('',#15539);
#4616=VERTEX_POINT('',#15541);
#4617=VERTEX_POINT('',#15543);
#4618=VERTEX_POINT('',#15545);
#4619=VERTEX_POINT('',#15547);
#4620=VERTEX_POINT('',#15549);
#4621=VERTEX_POINT('',#15552);
#4622=VERTEX_POINT('',#15553);
#4623=VERTEX_POINT('',#15555);
#4624=VERTEX_POINT('',#15557);
#4625=VERTEX_POINT('',#15559);
#4626=VERTEX_POINT('',#15561);
#4627=VERTEX_POINT('',#15563);
#4628=VERTEX_POINT('',#15565);
#4629=VERTEX_POINT('',#15568);
#4630=VERTEX_POINT('',#15569);
#4631=VERTEX_POINT('',#15571);
#4632=VERTEX_POINT('',#15573);
#4633=VERTEX_POINT('',#15575);
#4634=VERTEX_POINT('',#15577);
#4635=VERTEX_POINT('',#15579);
#4636=VERTEX_POINT('',#15581);
#4637=VERTEX_POINT('',#15585);
#4638=VERTEX_POINT('',#15586);
#4639=VERTEX_POINT('',#15588);
#4640=VERTEX_POINT('',#15590);
#4641=VERTEX_POINT('',#15592);
#4642=VERTEX_POINT('',#15594);
#4643=VERTEX_POINT('',#15596);
#4644=VERTEX_POINT('',#15598);
#4645=VERTEX_POINT('',#15601);
#4646=VERTEX_POINT('',#15602);
#4647=VERTEX_POINT('',#15604);
#4648=VERTEX_POINT('',#15606);
#4649=VERTEX_POINT('',#15608);
#4650=VERTEX_POINT('',#15610);
#4651=VERTEX_POINT('',#15612);
#4652=VERTEX_POINT('',#15614);
#4653=VERTEX_POINT('',#15617);
#4654=VERTEX_POINT('',#15618);
#4655=VERTEX_POINT('',#15620);
#4656=VERTEX_POINT('',#15622);
#4657=VERTEX_POINT('',#15624);
#4658=VERTEX_POINT('',#15626);
#4659=VERTEX_POINT('',#15628);
#4660=VERTEX_POINT('',#15630);
#4661=VERTEX_POINT('',#15633);
#4662=VERTEX_POINT('',#15634);
#4663=VERTEX_POINT('',#15636);
#4664=VERTEX_POINT('',#15638);
#4665=VERTEX_POINT('',#15640);
#4666=VERTEX_POINT('',#15642);
#4667=VERTEX_POINT('',#15644);
#4668=VERTEX_POINT('',#15646);
#4669=VERTEX_POINT('',#15666);
#4670=VERTEX_POINT('',#15668);
#4671=VERTEX_POINT('',#15670);
#4672=VERTEX_POINT('',#15672);
#4673=VERTEX_POINT('',#15674);
#4674=VERTEX_POINT('',#15676);
#4675=VERTEX_POINT('',#15680);
#4676=VERTEX_POINT('',#15682);
#4677=VERTEX_POINT('',#15686);
#4678=VERTEX_POINT('',#15690);
#4679=VERTEX_POINT('',#15694);
#4680=VERTEX_POINT('',#15698);
#4681=VERTEX_POINT('',#15702);
#4682=VERTEX_POINT('',#15706);
#4683=VERTEX_POINT('',#15710);
#4684=VERTEX_POINT('',#15714);
#4685=VERTEX_POINT('',#15718);
#4686=VERTEX_POINT('',#15720);
#4687=VERTEX_POINT('',#15722);
#4688=VERTEX_POINT('',#15724);
#4689=VERTEX_POINT('',#15726);
#4690=VERTEX_POINT('',#15732);
#4691=VERTEX_POINT('',#15736);
#4692=VERTEX_POINT('',#15740);
#4693=VERTEX_POINT('',#15744);
#4694=VERTEX_POINT('',#15748);
#4695=VERTEX_POINT('',#15752);
#4696=VERTEX_POINT('',#15758);
#4697=VERTEX_POINT('',#15764);
#4698=VERTEX_POINT('',#15768);
#4699=VERTEX_POINT('',#15772);
#4700=VERTEX_POINT('',#15780);
#4701=VERTEX_POINT('',#15788);
#4702=VERTEX_POINT('',#15790);
#4703=VERTEX_POINT('',#15792);
#4704=VERTEX_POINT('',#15794);
#4705=VERTEX_POINT('',#15796);
#4706=VERTEX_POINT('',#15798);
#4707=VERTEX_POINT('',#15802);
#4708=VERTEX_POINT('',#15804);
#4709=VERTEX_POINT('',#15808);
#4710=VERTEX_POINT('',#15812);
#4711=VERTEX_POINT('',#15816);
#4712=VERTEX_POINT('',#15820);
#4713=VERTEX_POINT('',#15824);
#4714=VERTEX_POINT('',#15828);
#4715=VERTEX_POINT('',#15832);
#4716=VERTEX_POINT('',#15836);
#4717=VERTEX_POINT('',#15840);
#4718=VERTEX_POINT('',#15842);
#4719=VERTEX_POINT('',#15844);
#4720=VERTEX_POINT('',#15846);
#4721=VERTEX_POINT('',#15848);
#4722=VERTEX_POINT('',#15854);
#4723=VERTEX_POINT('',#15858);
#4724=VERTEX_POINT('',#15862);
#4725=VERTEX_POINT('',#15866);
#4726=VERTEX_POINT('',#15870);
#4727=VERTEX_POINT('',#15876);
#4728=VERTEX_POINT('',#15880);
#4729=VERTEX_POINT('',#15886);
#4730=VERTEX_POINT('',#15890);
#4731=VERTEX_POINT('',#15898);
#4732=VERTEX_POINT('',#15902);
#4733=VERTEX_POINT('',#15910);
#4734=VERTEX_POINT('',#15912);
#4735=VERTEX_POINT('',#15914);
#4736=VERTEX_POINT('',#15916);
#4737=VERTEX_POINT('',#15918);
#4738=VERTEX_POINT('',#15920);
#4739=VERTEX_POINT('',#15924);
#4740=VERTEX_POINT('',#15926);
#4741=VERTEX_POINT('',#15930);
#4742=VERTEX_POINT('',#15934);
#4743=VERTEX_POINT('',#15938);
#4744=VERTEX_POINT('',#15942);
#4745=VERTEX_POINT('',#15946);
#4746=VERTEX_POINT('',#15950);
#4747=VERTEX_POINT('',#15954);
#4748=VERTEX_POINT('',#15958);
#4749=VERTEX_POINT('',#15962);
#4750=VERTEX_POINT('',#15964);
#4751=VERTEX_POINT('',#15966);
#4752=VERTEX_POINT('',#15968);
#4753=VERTEX_POINT('',#15970);
#4754=VERTEX_POINT('',#15976);
#4755=VERTEX_POINT('',#15980);
#4756=VERTEX_POINT('',#15984);
#4757=VERTEX_POINT('',#15988);
#4758=VERTEX_POINT('',#15992);
#4759=VERTEX_POINT('',#15996);
#4760=VERTEX_POINT('',#16002);
#4761=VERTEX_POINT('',#16008);
#4762=VERTEX_POINT('',#16012);
#4763=VERTEX_POINT('',#16016);
#4764=VERTEX_POINT('',#16024);
#4765=VERTEX_POINT('',#16032);
#4766=VERTEX_POINT('',#16033);
#4767=VERTEX_POINT('',#16035);
#4768=VERTEX_POINT('',#16037);
#4769=VERTEX_POINT('',#16039);
#4770=VERTEX_POINT('',#16041);
#4771=VERTEX_POINT('',#16043);
#4772=VERTEX_POINT('',#16045);
#4773=VERTEX_POINT('',#16048);
#4774=VERTEX_POINT('',#16049);
#4775=VERTEX_POINT('',#16051);
#4776=VERTEX_POINT('',#16053);
#4777=VERTEX_POINT('',#16055);
#4778=VERTEX_POINT('',#16057);
#4779=VERTEX_POINT('',#16059);
#4780=VERTEX_POINT('',#16061);
#4781=VERTEX_POINT('',#16064);
#4782=VERTEX_POINT('',#16065);
#4783=VERTEX_POINT('',#16067);
#4784=VERTEX_POINT('',#16069);
#4785=VERTEX_POINT('',#16071);
#4786=VERTEX_POINT('',#16073);
#4787=VERTEX_POINT('',#16075);
#4788=VERTEX_POINT('',#16077);
#4789=VERTEX_POINT('',#16080);
#4790=VERTEX_POINT('',#16081);
#4791=VERTEX_POINT('',#16083);
#4792=VERTEX_POINT('',#16085);
#4793=VERTEX_POINT('',#16087);
#4794=VERTEX_POINT('',#16089);
#4795=VERTEX_POINT('',#16091);
#4796=VERTEX_POINT('',#16093);
#4797=VERTEX_POINT('',#16097);
#4798=VERTEX_POINT('',#16098);
#4799=VERTEX_POINT('',#16100);
#4800=VERTEX_POINT('',#16102);
#4801=VERTEX_POINT('',#16104);
#4802=VERTEX_POINT('',#16106);
#4803=VERTEX_POINT('',#16108);
#4804=VERTEX_POINT('',#16110);
#4805=VERTEX_POINT('',#16113);
#4806=VERTEX_POINT('',#16114);
#4807=VERTEX_POINT('',#16116);
#4808=VERTEX_POINT('',#16118);
#4809=VERTEX_POINT('',#16120);
#4810=VERTEX_POINT('',#16122);
#4811=VERTEX_POINT('',#16124);
#4812=VERTEX_POINT('',#16126);
#4813=VERTEX_POINT('',#16129);
#4814=VERTEX_POINT('',#16130);
#4815=VERTEX_POINT('',#16132);
#4816=VERTEX_POINT('',#16134);
#4817=VERTEX_POINT('',#16136);
#4818=VERTEX_POINT('',#16138);
#4819=VERTEX_POINT('',#16140);
#4820=VERTEX_POINT('',#16142);
#4821=VERTEX_POINT('',#16145);
#4822=VERTEX_POINT('',#16146);
#4823=VERTEX_POINT('',#16148);
#4824=VERTEX_POINT('',#16150);
#4825=VERTEX_POINT('',#16152);
#4826=VERTEX_POINT('',#16154);
#4827=VERTEX_POINT('',#16156);
#4828=VERTEX_POINT('',#16158);
#4829=VERTEX_POINT('',#16178);
#4830=VERTEX_POINT('',#16180);
#4831=VERTEX_POINT('',#16182);
#4832=VERTEX_POINT('',#16184);
#4833=VERTEX_POINT('',#16186);
#4834=VERTEX_POINT('',#16188);
#4835=VERTEX_POINT('',#16192);
#4836=VERTEX_POINT('',#16194);
#4837=VERTEX_POINT('',#16198);
#4838=VERTEX_POINT('',#16202);
#4839=VERTEX_POINT('',#16206);
#4840=VERTEX_POINT('',#16210);
#4841=VERTEX_POINT('',#16214);
#4842=VERTEX_POINT('',#16218);
#4843=VERTEX_POINT('',#16222);
#4844=VERTEX_POINT('',#16226);
#4845=VERTEX_POINT('',#16230);
#4846=VERTEX_POINT('',#16232);
#4847=VERTEX_POINT('',#16234);
#4848=VERTEX_POINT('',#16236);
#4849=VERTEX_POINT('',#16238);
#4850=VERTEX_POINT('',#16244);
#4851=VERTEX_POINT('',#16248);
#4852=VERTEX_POINT('',#16252);
#4853=VERTEX_POINT('',#16256);
#4854=VERTEX_POINT('',#16260);
#4855=VERTEX_POINT('',#16264);
#4856=VERTEX_POINT('',#16270);
#4857=VERTEX_POINT('',#16276);
#4858=VERTEX_POINT('',#16280);
#4859=VERTEX_POINT('',#16284);
#4860=VERTEX_POINT('',#16292);
#4861=VERTEX_POINT('',#16300);
#4862=VERTEX_POINT('',#16302);
#4863=VERTEX_POINT('',#16304);
#4864=VERTEX_POINT('',#16306);
#4865=VERTEX_POINT('',#16308);
#4866=VERTEX_POINT('',#16310);
#4867=VERTEX_POINT('',#16314);
#4868=VERTEX_POINT('',#16316);
#4869=VERTEX_POINT('',#16320);
#4870=VERTEX_POINT('',#16324);
#4871=VERTEX_POINT('',#16328);
#4872=VERTEX_POINT('',#16332);
#4873=VERTEX_POINT('',#16336);
#4874=VERTEX_POINT('',#16340);
#4875=VERTEX_POINT('',#16344);
#4876=VERTEX_POINT('',#16348);
#4877=VERTEX_POINT('',#16352);
#4878=VERTEX_POINT('',#16354);
#4879=VERTEX_POINT('',#16356);
#4880=VERTEX_POINT('',#16358);
#4881=VERTEX_POINT('',#16360);
#4882=VERTEX_POINT('',#16366);
#4883=VERTEX_POINT('',#16370);
#4884=VERTEX_POINT('',#16374);
#4885=VERTEX_POINT('',#16378);
#4886=VERTEX_POINT('',#16382);
#4887=VERTEX_POINT('',#16388);
#4888=VERTEX_POINT('',#16392);
#4889=VERTEX_POINT('',#16398);
#4890=VERTEX_POINT('',#16402);
#4891=VERTEX_POINT('',#16410);
#4892=VERTEX_POINT('',#16414);
#4893=VERTEX_POINT('',#16422);
#4894=VERTEX_POINT('',#16424);
#4895=VERTEX_POINT('',#16426);
#4896=VERTEX_POINT('',#16428);
#4897=VERTEX_POINT('',#16430);
#4898=VERTEX_POINT('',#16432);
#4899=VERTEX_POINT('',#16436);
#4900=VERTEX_POINT('',#16438);
#4901=VERTEX_POINT('',#16442);
#4902=VERTEX_POINT('',#16446);
#4903=VERTEX_POINT('',#16450);
#4904=VERTEX_POINT('',#16454);
#4905=VERTEX_POINT('',#16458);
#4906=VERTEX_POINT('',#16462);
#4907=VERTEX_POINT('',#16466);
#4908=VERTEX_POINT('',#16470);
#4909=VERTEX_POINT('',#16474);
#4910=VERTEX_POINT('',#16476);
#4911=VERTEX_POINT('',#16478);
#4912=VERTEX_POINT('',#16480);
#4913=VERTEX_POINT('',#16482);
#4914=VERTEX_POINT('',#16488);
#4915=VERTEX_POINT('',#16492);
#4916=VERTEX_POINT('',#16496);
#4917=VERTEX_POINT('',#16500);
#4918=VERTEX_POINT('',#16504);
#4919=VERTEX_POINT('',#16508);
#4920=VERTEX_POINT('',#16514);
#4921=VERTEX_POINT('',#16520);
#4922=VERTEX_POINT('',#16524);
#4923=VERTEX_POINT('',#16528);
#4924=VERTEX_POINT('',#16536);
#4925=VERTEX_POINT('',#16544);
#4926=VERTEX_POINT('',#16545);
#4927=VERTEX_POINT('',#16547);
#4928=VERTEX_POINT('',#16549);
#4929=VERTEX_POINT('',#16551);
#4930=VERTEX_POINT('',#16553);
#4931=VERTEX_POINT('',#16555);
#4932=VERTEX_POINT('',#16557);
#4933=VERTEX_POINT('',#16560);
#4934=VERTEX_POINT('',#16561);
#4935=VERTEX_POINT('',#16563);
#4936=VERTEX_POINT('',#16565);
#4937=VERTEX_POINT('',#16567);
#4938=VERTEX_POINT('',#16569);
#4939=VERTEX_POINT('',#16571);
#4940=VERTEX_POINT('',#16573);
#4941=VERTEX_POINT('',#16576);
#4942=VERTEX_POINT('',#16577);
#4943=VERTEX_POINT('',#16579);
#4944=VERTEX_POINT('',#16581);
#4945=VERTEX_POINT('',#16583);
#4946=VERTEX_POINT('',#16585);
#4947=VERTEX_POINT('',#16587);
#4948=VERTEX_POINT('',#16589);
#4949=VERTEX_POINT('',#16592);
#4950=VERTEX_POINT('',#16593);
#4951=VERTEX_POINT('',#16595);
#4952=VERTEX_POINT('',#16597);
#4953=VERTEX_POINT('',#16599);
#4954=VERTEX_POINT('',#16601);
#4955=VERTEX_POINT('',#16603);
#4956=VERTEX_POINT('',#16605);
#4957=VERTEX_POINT('',#16609);
#4958=VERTEX_POINT('',#16610);
#4959=VERTEX_POINT('',#16612);
#4960=VERTEX_POINT('',#16614);
#4961=VERTEX_POINT('',#16616);
#4962=VERTEX_POINT('',#16618);
#4963=VERTEX_POINT('',#16620);
#4964=VERTEX_POINT('',#16622);
#4965=VERTEX_POINT('',#16625);
#4966=VERTEX_POINT('',#16626);
#4967=VERTEX_POINT('',#16628);
#4968=VERTEX_POINT('',#16630);
#4969=VERTEX_POINT('',#16632);
#4970=VERTEX_POINT('',#16634);
#4971=VERTEX_POINT('',#16636);
#4972=VERTEX_POINT('',#16638);
#4973=VERTEX_POINT('',#16641);
#4974=VERTEX_POINT('',#16642);
#4975=VERTEX_POINT('',#16644);
#4976=VERTEX_POINT('',#16646);
#4977=VERTEX_POINT('',#16648);
#4978=VERTEX_POINT('',#16650);
#4979=VERTEX_POINT('',#16652);
#4980=VERTEX_POINT('',#16654);
#4981=VERTEX_POINT('',#16657);
#4982=VERTEX_POINT('',#16658);
#4983=VERTEX_POINT('',#16660);
#4984=VERTEX_POINT('',#16662);
#4985=VERTEX_POINT('',#16664);
#4986=VERTEX_POINT('',#16666);
#4987=VERTEX_POINT('',#16668);
#4988=VERTEX_POINT('',#16670);
#4989=VERTEX_POINT('',#16690);
#4990=VERTEX_POINT('',#16692);
#4991=VERTEX_POINT('',#16694);
#4992=VERTEX_POINT('',#16696);
#4993=VERTEX_POINT('',#16698);
#4994=VERTEX_POINT('',#16700);
#4995=VERTEX_POINT('',#16704);
#4996=VERTEX_POINT('',#16706);
#4997=VERTEX_POINT('',#16710);
#4998=VERTEX_POINT('',#16714);
#4999=VERTEX_POINT('',#16718);
#5000=VERTEX_POINT('',#16722);
#5001=VERTEX_POINT('',#16726);
#5002=VERTEX_POINT('',#16730);
#5003=VERTEX_POINT('',#16734);
#5004=VERTEX_POINT('',#16738);
#5005=VERTEX_POINT('',#16742);
#5006=VERTEX_POINT('',#16744);
#5007=VERTEX_POINT('',#16746);
#5008=VERTEX_POINT('',#16748);
#5009=VERTEX_POINT('',#16750);
#5010=VERTEX_POINT('',#16756);
#5011=VERTEX_POINT('',#16760);
#5012=VERTEX_POINT('',#16764);
#5013=VERTEX_POINT('',#16768);
#5014=VERTEX_POINT('',#16772);
#5015=VERTEX_POINT('',#16776);
#5016=VERTEX_POINT('',#16782);
#5017=VERTEX_POINT('',#16788);
#5018=VERTEX_POINT('',#16792);
#5019=VERTEX_POINT('',#16796);
#5020=VERTEX_POINT('',#16804);
#5021=VERTEX_POINT('',#16812);
#5022=VERTEX_POINT('',#16814);
#5023=VERTEX_POINT('',#16816);
#5024=VERTEX_POINT('',#16818);
#5025=VERTEX_POINT('',#16820);
#5026=VERTEX_POINT('',#16822);
#5027=VERTEX_POINT('',#16826);
#5028=VERTEX_POINT('',#16828);
#5029=VERTEX_POINT('',#16832);
#5030=VERTEX_POINT('',#16836);
#5031=VERTEX_POINT('',#16840);
#5032=VERTEX_POINT('',#16844);
#5033=VERTEX_POINT('',#16848);
#5034=VERTEX_POINT('',#16852);
#5035=VERTEX_POINT('',#16856);
#5036=VERTEX_POINT('',#16860);
#5037=VERTEX_POINT('',#16864);
#5038=VERTEX_POINT('',#16866);
#5039=VERTEX_POINT('',#16868);
#5040=VERTEX_POINT('',#16870);
#5041=VERTEX_POINT('',#16872);
#5042=VERTEX_POINT('',#16878);
#5043=VERTEX_POINT('',#16882);
#5044=VERTEX_POINT('',#16886);
#5045=VERTEX_POINT('',#16890);
#5046=VERTEX_POINT('',#16894);
#5047=VERTEX_POINT('',#16900);
#5048=VERTEX_POINT('',#16904);
#5049=VERTEX_POINT('',#16910);
#5050=VERTEX_POINT('',#16914);
#5051=VERTEX_POINT('',#16922);
#5052=VERTEX_POINT('',#16926);
#5053=VERTEX_POINT('',#16934);
#5054=VERTEX_POINT('',#16936);
#5055=VERTEX_POINT('',#16938);
#5056=VERTEX_POINT('',#16940);
#5057=VERTEX_POINT('',#16942);
#5058=VERTEX_POINT('',#16944);
#5059=VERTEX_POINT('',#16948);
#5060=VERTEX_POINT('',#16950);
#5061=VERTEX_POINT('',#16954);
#5062=VERTEX_POINT('',#16958);
#5063=VERTEX_POINT('',#16962);
#5064=VERTEX_POINT('',#16966);
#5065=VERTEX_POINT('',#16970);
#5066=VERTEX_POINT('',#16974);
#5067=VERTEX_POINT('',#16978);
#5068=VERTEX_POINT('',#16982);
#5069=VERTEX_POINT('',#16986);
#5070=VERTEX_POINT('',#16988);
#5071=VERTEX_POINT('',#16990);
#5072=VERTEX_POINT('',#16992);
#5073=VERTEX_POINT('',#16994);
#5074=VERTEX_POINT('',#17000);
#5075=VERTEX_POINT('',#17004);
#5076=VERTEX_POINT('',#17008);
#5077=VERTEX_POINT('',#17012);
#5078=VERTEX_POINT('',#17016);
#5079=VERTEX_POINT('',#17020);
#5080=VERTEX_POINT('',#17026);
#5081=VERTEX_POINT('',#17032);
#5082=VERTEX_POINT('',#17036);
#5083=VERTEX_POINT('',#17040);
#5084=VERTEX_POINT('',#17048);
#5085=VERTEX_POINT('',#17056);
#5086=VERTEX_POINT('',#17057);
#5087=VERTEX_POINT('',#17059);
#5088=VERTEX_POINT('',#17061);
#5089=VERTEX_POINT('',#17063);
#5090=VERTEX_POINT('',#17065);
#5091=VERTEX_POINT('',#17067);
#5092=VERTEX_POINT('',#17069);
#5093=VERTEX_POINT('',#17072);
#5094=VERTEX_POINT('',#17073);
#5095=VERTEX_POINT('',#17075);
#5096=VERTEX_POINT('',#17077);
#5097=VERTEX_POINT('',#17079);
#5098=VERTEX_POINT('',#17081);
#5099=VERTEX_POINT('',#17083);
#5100=VERTEX_POINT('',#17085);
#5101=VERTEX_POINT('',#17088);
#5102=VERTEX_POINT('',#17089);
#5103=VERTEX_POINT('',#17091);
#5104=VERTEX_POINT('',#17093);
#5105=VERTEX_POINT('',#17095);
#5106=VERTEX_POINT('',#17097);
#5107=VERTEX_POINT('',#17099);
#5108=VERTEX_POINT('',#17101);
#5109=VERTEX_POINT('',#17104);
#5110=VERTEX_POINT('',#17105);
#5111=VERTEX_POINT('',#17107);
#5112=VERTEX_POINT('',#17109);
#5113=VERTEX_POINT('',#17111);
#5114=VERTEX_POINT('',#17113);
#5115=VERTEX_POINT('',#17115);
#5116=VERTEX_POINT('',#17117);
#5117=VERTEX_POINT('',#17121);
#5118=VERTEX_POINT('',#17122);
#5119=VERTEX_POINT('',#17124);
#5120=VERTEX_POINT('',#17126);
#5121=VERTEX_POINT('',#17128);
#5122=VERTEX_POINT('',#17130);
#5123=VERTEX_POINT('',#17132);
#5124=VERTEX_POINT('',#17134);
#5125=VERTEX_POINT('',#17137);
#5126=VERTEX_POINT('',#17138);
#5127=VERTEX_POINT('',#17140);
#5128=VERTEX_POINT('',#17142);
#5129=VERTEX_POINT('',#17144);
#5130=VERTEX_POINT('',#17146);
#5131=VERTEX_POINT('',#17148);
#5132=VERTEX_POINT('',#17150);
#5133=VERTEX_POINT('',#17153);
#5134=VERTEX_POINT('',#17154);
#5135=VERTEX_POINT('',#17156);
#5136=VERTEX_POINT('',#17158);
#5137=VERTEX_POINT('',#17160);
#5138=VERTEX_POINT('',#17162);
#5139=VERTEX_POINT('',#17164);
#5140=VERTEX_POINT('',#17166);
#5141=VERTEX_POINT('',#17169);
#5142=VERTEX_POINT('',#17170);
#5143=VERTEX_POINT('',#17172);
#5144=VERTEX_POINT('',#17174);
#5145=VERTEX_POINT('',#17176);
#5146=VERTEX_POINT('',#17178);
#5147=VERTEX_POINT('',#17180);
#5148=VERTEX_POINT('',#17182);
#5149=VERTEX_POINT('',#17202);
#5150=VERTEX_POINT('',#17204);
#5151=VERTEX_POINT('',#17206);
#5152=VERTEX_POINT('',#17208);
#5153=VERTEX_POINT('',#17210);
#5154=VERTEX_POINT('',#17212);
#5155=VERTEX_POINT('',#17216);
#5156=VERTEX_POINT('',#17218);
#5157=VERTEX_POINT('',#17222);
#5158=VERTEX_POINT('',#17226);
#5159=VERTEX_POINT('',#17230);
#5160=VERTEX_POINT('',#17234);
#5161=VERTEX_POINT('',#17238);
#5162=VERTEX_POINT('',#17242);
#5163=VERTEX_POINT('',#17246);
#5164=VERTEX_POINT('',#17250);
#5165=VERTEX_POINT('',#17254);
#5166=VERTEX_POINT('',#17256);
#5167=VERTEX_POINT('',#17258);
#5168=VERTEX_POINT('',#17260);
#5169=VERTEX_POINT('',#17262);
#5170=VERTEX_POINT('',#17268);
#5171=VERTEX_POINT('',#17272);
#5172=VERTEX_POINT('',#17276);
#5173=VERTEX_POINT('',#17280);
#5174=VERTEX_POINT('',#17284);
#5175=VERTEX_POINT('',#17288);
#5176=VERTEX_POINT('',#17294);
#5177=VERTEX_POINT('',#17300);
#5178=VERTEX_POINT('',#17304);
#5179=VERTEX_POINT('',#17308);
#5180=VERTEX_POINT('',#17316);
#5181=VERTEX_POINT('',#17324);
#5182=VERTEX_POINT('',#17326);
#5183=VERTEX_POINT('',#17328);
#5184=VERTEX_POINT('',#17330);
#5185=VERTEX_POINT('',#17332);
#5186=VERTEX_POINT('',#17334);
#5187=VERTEX_POINT('',#17338);
#5188=VERTEX_POINT('',#17340);
#5189=VERTEX_POINT('',#17344);
#5190=VERTEX_POINT('',#17348);
#5191=VERTEX_POINT('',#17352);
#5192=VERTEX_POINT('',#17356);
#5193=VERTEX_POINT('',#17360);
#5194=VERTEX_POINT('',#17364);
#5195=VERTEX_POINT('',#17368);
#5196=VERTEX_POINT('',#17372);
#5197=VERTEX_POINT('',#17376);
#5198=VERTEX_POINT('',#17378);
#5199=VERTEX_POINT('',#17380);
#5200=VERTEX_POINT('',#17382);
#5201=VERTEX_POINT('',#17384);
#5202=VERTEX_POINT('',#17390);
#5203=VERTEX_POINT('',#17394);
#5204=VERTEX_POINT('',#17398);
#5205=VERTEX_POINT('',#17402);
#5206=VERTEX_POINT('',#17406);
#5207=VERTEX_POINT('',#17412);
#5208=VERTEX_POINT('',#17416);
#5209=VERTEX_POINT('',#17422);
#5210=VERTEX_POINT('',#17426);
#5211=VERTEX_POINT('',#17434);
#5212=VERTEX_POINT('',#17438);
#5213=VERTEX_POINT('',#17446);
#5214=VERTEX_POINT('',#17448);
#5215=VERTEX_POINT('',#17450);
#5216=VERTEX_POINT('',#17452);
#5217=VERTEX_POINT('',#17454);
#5218=VERTEX_POINT('',#17456);
#5219=VERTEX_POINT('',#17460);
#5220=VERTEX_POINT('',#17462);
#5221=VERTEX_POINT('',#17466);
#5222=VERTEX_POINT('',#17470);
#5223=VERTEX_POINT('',#17474);
#5224=VERTEX_POINT('',#17478);
#5225=VERTEX_POINT('',#17482);
#5226=VERTEX_POINT('',#17486);
#5227=VERTEX_POINT('',#17490);
#5228=VERTEX_POINT('',#17494);
#5229=VERTEX_POINT('',#17498);
#5230=VERTEX_POINT('',#17500);
#5231=VERTEX_POINT('',#17502);
#5232=VERTEX_POINT('',#17504);
#5233=VERTEX_POINT('',#17506);
#5234=VERTEX_POINT('',#17512);
#5235=VERTEX_POINT('',#17516);
#5236=VERTEX_POINT('',#17520);
#5237=VERTEX_POINT('',#17524);
#5238=VERTEX_POINT('',#17528);
#5239=VERTEX_POINT('',#17532);
#5240=VERTEX_POINT('',#17538);
#5241=VERTEX_POINT('',#17544);
#5242=VERTEX_POINT('',#17548);
#5243=VERTEX_POINT('',#17552);
#5244=VERTEX_POINT('',#17560);
#5245=EDGE_CURVE('',#4285,#4286,#1549,.T.);
#5246=EDGE_CURVE('',#4286,#4287,#1550,.T.);
#5247=EDGE_CURVE('',#4287,#4288,#1551,.T.);
#5248=EDGE_CURVE('',#4288,#4289,#1552,.T.);
#5249=EDGE_CURVE('',#4289,#4290,#1553,.T.);
#5250=EDGE_CURVE('',#4290,#4291,#1554,.T.);
#5251=EDGE_CURVE('',#4291,#4292,#1555,.T.);
#5252=EDGE_CURVE('',#4292,#4285,#1556,.T.);
#5253=EDGE_CURVE('',#4293,#4294,#1557,.T.);
#5254=EDGE_CURVE('',#4295,#4293,#1558,.T.);
#5255=EDGE_CURVE('',#4296,#4295,#1559,.T.);
#5256=EDGE_CURVE('',#4297,#4296,#1560,.T.);
#5257=EDGE_CURVE('',#4298,#4297,#1561,.T.);
#5258=EDGE_CURVE('',#4299,#4298,#1562,.T.);
#5259=EDGE_CURVE('',#4300,#4299,#1563,.T.);
#5260=EDGE_CURVE('',#4294,#4300,#1564,.T.);
#5261=EDGE_CURVE('',#4301,#4302,#1565,.T.);
#5262=EDGE_CURVE('',#4303,#4301,#1566,.T.);
#5263=EDGE_CURVE('',#4304,#4303,#1567,.T.);
#5264=EDGE_CURVE('',#4305,#4304,#1568,.T.);
#5265=EDGE_CURVE('',#4306,#4305,#1569,.T.);
#5266=EDGE_CURVE('',#4307,#4306,#1570,.T.);
#5267=EDGE_CURVE('',#4308,#4307,#1571,.T.);
#5268=EDGE_CURVE('',#4302,#4308,#1572,.T.);
#5269=EDGE_CURVE('',#4309,#4310,#1573,.T.);
#5270=EDGE_CURVE('',#4311,#4309,#1574,.T.);
#5271=EDGE_CURVE('',#4312,#4311,#1575,.T.);
#5272=EDGE_CURVE('',#4313,#4312,#1576,.T.);
#5273=EDGE_CURVE('',#4314,#4313,#1577,.T.);
#5274=EDGE_CURVE('',#4315,#4314,#1578,.T.);
#5275=EDGE_CURVE('',#4316,#4315,#1579,.T.);
#5276=EDGE_CURVE('',#4310,#4316,#1580,.T.);
#5277=EDGE_CURVE('',#4317,#4318,#1581,.T.);
#5278=EDGE_CURVE('',#4317,#4319,#1582,.T.);
#5279=EDGE_CURVE('',#4320,#4319,#1583,.T.);
#5280=EDGE_CURVE('',#4321,#4320,#1584,.T.);
#5281=EDGE_CURVE('',#4322,#4321,#1585,.T.);
#5282=EDGE_CURVE('',#4323,#4322,#1586,.T.);
#5283=EDGE_CURVE('',#4324,#4323,#1587,.T.);
#5284=EDGE_CURVE('',#4318,#4324,#1588,.T.);
#5285=EDGE_CURVE('',#4325,#4326,#1589,.T.);
#5286=EDGE_CURVE('',#4327,#4325,#1590,.T.);
#5287=EDGE_CURVE('',#4328,#4327,#1591,.T.);
#5288=EDGE_CURVE('',#4329,#4328,#1592,.T.);
#5289=EDGE_CURVE('',#4330,#4329,#1593,.T.);
#5290=EDGE_CURVE('',#4331,#4330,#1594,.T.);
#5291=EDGE_CURVE('',#4332,#4331,#1595,.T.);
#5292=EDGE_CURVE('',#4326,#4332,#1596,.T.);
#5293=EDGE_CURVE('',#4333,#4334,#1597,.T.);
#5294=EDGE_CURVE('',#4335,#4333,#1598,.T.);
#5295=EDGE_CURVE('',#4336,#4335,#1599,.T.);
#5296=EDGE_CURVE('',#4337,#4336,#1600,.T.);
#5297=EDGE_CURVE('',#4338,#4337,#1601,.T.);
#5298=EDGE_CURVE('',#4339,#4338,#1602,.T.);
#5299=EDGE_CURVE('',#4340,#4339,#1603,.T.);
#5300=EDGE_CURVE('',#4334,#4340,#1604,.T.);
#5301=EDGE_CURVE('',#4341,#4342,#1605,.T.);
#5302=EDGE_CURVE('',#4343,#4341,#1606,.T.);
#5303=EDGE_CURVE('',#4344,#4343,#1607,.T.);
#5304=EDGE_CURVE('',#4345,#4344,#1608,.T.);
#5305=EDGE_CURVE('',#4346,#4345,#1609,.T.);
#5306=EDGE_CURVE('',#4347,#4346,#1610,.T.);
#5307=EDGE_CURVE('',#4348,#4347,#1611,.T.);
#5308=EDGE_CURVE('',#4342,#4348,#1612,.T.);
#5309=EDGE_CURVE('',#4317,#4285,#1613,.T.);
#5310=EDGE_CURVE('',#4319,#4292,#1614,.T.);
#5311=EDGE_CURVE('',#4320,#4291,#1615,.T.);
#5312=EDGE_CURVE('',#4321,#4290,#1616,.T.);
#5313=EDGE_CURVE('',#4322,#4289,#1617,.T.);
#5314=EDGE_CURVE('',#4323,#4288,#1618,.T.);
#5315=EDGE_CURVE('',#4324,#4287,#1619,.T.);
#5316=EDGE_CURVE('',#4318,#4286,#1620,.T.);
#5317=EDGE_CURVE('',#4349,#4330,#1621,.T.);
#5318=EDGE_CURVE('',#4350,#4349,#133,.T.);
#5319=EDGE_CURVE('',#4351,#4350,#1622,.T.);
#5320=EDGE_CURVE('',#4352,#4351,#1623,.T.);
#5321=EDGE_CURVE('',#4352,#4353,#1624,.T.);
#5322=EDGE_CURVE('',#4353,#4354,#134,.T.);
#5323=EDGE_CURVE('',#4354,#4331,#1625,.T.);
#5324=EDGE_CURVE('',#4296,#4355,#1626,.T.);
#5325=EDGE_CURVE('',#4356,#4355,#1627,.T.);
#5326=EDGE_CURVE('',#4297,#4356,#1628,.T.);
#5327=EDGE_CURVE('',#4357,#4329,#1629,.T.);
#5328=EDGE_CURVE('',#4357,#4349,#1630,.T.);
#5329=EDGE_CURVE('',#4358,#4356,#1631,.T.);
#5330=EDGE_CURVE('',#4298,#4358,#1632,.T.);
#5331=EDGE_CURVE('',#4359,#4328,#1633,.T.);
#5332=EDGE_CURVE('',#4359,#4357,#1634,.T.);
#5333=EDGE_CURVE('',#4354,#4360,#1635,.T.);
#5334=EDGE_CURVE('',#4360,#4332,#1636,.T.);
#5335=EDGE_CURVE('',#4295,#4361,#1637,.T.);
#5336=EDGE_CURVE('',#4355,#4361,#1638,.T.);
#5337=EDGE_CURVE('',#4362,#4327,#1639,.T.);
#5338=EDGE_CURVE('',#4362,#4359,#1640,.T.);
#5339=EDGE_CURVE('',#4360,#4363,#1641,.T.);
#5340=EDGE_CURVE('',#4363,#4326,#1642,.T.);
#5341=EDGE_CURVE('',#4293,#4364,#1643,.T.);
#5342=EDGE_CURVE('',#4361,#4364,#1644,.T.);
#5343=EDGE_CURVE('',#4365,#4325,#1645,.T.);
#5344=EDGE_CURVE('',#4366,#4365,#135,.T.);
#5345=EDGE_CURVE('',#4367,#4366,#1646,.T.);
#5346=EDGE_CURVE('',#4368,#4367,#1647,.T.);
#5347=EDGE_CURVE('',#4368,#4369,#1648,.T.);
#5348=EDGE_CURVE('',#4369,#4362,#136,.T.);
#5349=EDGE_CURVE('',#4363,#4365,#1649,.T.);
#5350=EDGE_CURVE('',#4370,#4358,#1650,.T.);
#5351=EDGE_CURVE('',#4299,#4370,#1651,.T.);
#5352=EDGE_CURVE('',#4371,#4370,#1652,.T.);
#5353=EDGE_CURVE('',#4300,#4371,#1653,.T.);
#5354=EDGE_CURVE('',#4294,#4372,#1654,.T.);
#5355=EDGE_CURVE('',#4364,#4372,#1655,.T.);
#5356=EDGE_CURVE('',#4353,#4373,#1656,.T.);
#5357=EDGE_CURVE('',#4373,#4360,#137,.T.);
#5358=EDGE_CURVE('',#4374,#4350,#1657,.T.);
#5359=EDGE_CURVE('',#4374,#4357,#138,.T.);
#5360=EDGE_CURVE('',#4375,#4374,#1658,.T.);
#5361=EDGE_CURVE('',#4375,#4359,#139,.T.);
#5362=EDGE_CURVE('',#4369,#4375,#1659,.T.);
#5363=EDGE_CURVE('',#4376,#4366,#1660,.T.);
#5364=EDGE_CURVE('',#4376,#4363,#140,.T.);
#5365=EDGE_CURVE('',#4373,#4376,#1661,.T.);
#5366=EDGE_CURVE('',#4377,#4352,#1662,.T.);
#5367=EDGE_CURVE('',#4377,#4373,#1663,.T.);
#5368=EDGE_CURVE('',#4351,#4378,#1664,.T.);
#5369=EDGE_CURVE('',#4378,#4374,#1665,.T.);
#5370=EDGE_CURVE('',#4378,#4379,#1666,.T.);
#5371=EDGE_CURVE('',#4379,#4375,#1667,.T.);
#5372=EDGE_CURVE('',#4379,#4368,#1668,.T.);
#5373=EDGE_CURVE('',#4372,#4371,#1669,.T.);
#5374=EDGE_CURVE('',#4367,#4380,#1670,.T.);
#5375=EDGE_CURVE('',#4380,#4376,#1671,.T.);
#5376=EDGE_CURVE('',#4380,#4377,#1672,.T.);
#5377=EDGE_CURVE('',#4381,#4338,#1673,.T.);
#5378=EDGE_CURVE('',#4382,#4381,#141,.T.);
#5379=EDGE_CURVE('',#4383,#4382,#1674,.T.);
#5380=EDGE_CURVE('',#4384,#4383,#1675,.T.);
#5381=EDGE_CURVE('',#4384,#4385,#1676,.T.);
#5382=EDGE_CURVE('',#4385,#4386,#142,.T.);
#5383=EDGE_CURVE('',#4386,#4339,#1677,.T.);
#5384=EDGE_CURVE('',#4304,#4387,#1678,.T.);
#5385=EDGE_CURVE('',#4388,#4387,#1679,.T.);
#5386=EDGE_CURVE('',#4305,#4388,#1680,.T.);
#5387=EDGE_CURVE('',#4389,#4337,#1681,.T.);
#5388=EDGE_CURVE('',#4389,#4381,#1682,.T.);
#5389=EDGE_CURVE('',#4390,#4388,#1683,.T.);
#5390=EDGE_CURVE('',#4306,#4390,#1684,.T.);
#5391=EDGE_CURVE('',#4391,#4336,#1685,.T.);
#5392=EDGE_CURVE('',#4391,#4389,#1686,.T.);
#5393=EDGE_CURVE('',#4386,#4392,#1687,.T.);
#5394=EDGE_CURVE('',#4392,#4340,#1688,.T.);
#5395=EDGE_CURVE('',#4303,#4393,#1689,.T.);
#5396=EDGE_CURVE('',#4387,#4393,#1690,.T.);
#5397=EDGE_CURVE('',#4394,#4335,#1691,.T.);
#5398=EDGE_CURVE('',#4394,#4391,#1692,.T.);
#5399=EDGE_CURVE('',#4392,#4395,#1693,.T.);
#5400=EDGE_CURVE('',#4395,#4334,#1694,.T.);
#5401=EDGE_CURVE('',#4301,#4396,#1695,.T.);
#5402=EDGE_CURVE('',#4393,#4396,#1696,.T.);
#5403=EDGE_CURVE('',#4397,#4333,#1697,.T.);
#5404=EDGE_CURVE('',#4398,#4397,#143,.T.);
#5405=EDGE_CURVE('',#4399,#4398,#1698,.T.);
#5406=EDGE_CURVE('',#4400,#4399,#1699,.T.);
#5407=EDGE_CURVE('',#4400,#4401,#1700,.T.);
#5408=EDGE_CURVE('',#4401,#4394,#144,.T.);
#5409=EDGE_CURVE('',#4395,#4397,#1701,.T.);
#5410=EDGE_CURVE('',#4402,#4390,#1702,.T.);
#5411=EDGE_CURVE('',#4307,#4402,#1703,.T.);
#5412=EDGE_CURVE('',#4403,#4402,#1704,.T.);
#5413=EDGE_CURVE('',#4308,#4403,#1705,.T.);
#5414=EDGE_CURVE('',#4302,#4404,#1706,.T.);
#5415=EDGE_CURVE('',#4396,#4404,#1707,.T.);
#5416=EDGE_CURVE('',#4405,#4382,#1708,.T.);
#5417=EDGE_CURVE('',#4405,#4389,#145,.T.);
#5418=EDGE_CURVE('',#4406,#4405,#1709,.T.);
#5419=EDGE_CURVE('',#4406,#4391,#146,.T.);
#5420=EDGE_CURVE('',#4401,#4406,#1710,.T.);
#5421=EDGE_CURVE('',#4407,#4398,#1711,.T.);
#5422=EDGE_CURVE('',#4407,#4395,#147,.T.);
#5423=EDGE_CURVE('',#4408,#4407,#1712,.T.);
#5424=EDGE_CURVE('',#4408,#4392,#148,.T.);
#5425=EDGE_CURVE('',#4385,#4408,#1713,.T.);
#5426=EDGE_CURVE('',#4383,#4409,#1714,.T.);
#5427=EDGE_CURVE('',#4409,#4405,#1715,.T.);
#5428=EDGE_CURVE('',#4409,#4410,#1716,.T.);
#5429=EDGE_CURVE('',#4410,#4406,#1717,.T.);
#5430=EDGE_CURVE('',#4410,#4400,#1718,.T.);
#5431=EDGE_CURVE('',#4404,#4403,#1719,.T.);
#5432=EDGE_CURVE('',#4399,#4411,#1720,.T.);
#5433=EDGE_CURVE('',#4411,#4407,#1721,.T.);
#5434=EDGE_CURVE('',#4411,#4412,#1722,.T.);
#5435=EDGE_CURVE('',#4412,#4408,#1723,.T.);
#5436=EDGE_CURVE('',#4412,#4384,#1724,.T.);
#5437=EDGE_CURVE('',#4413,#4346,#1725,.T.);
#5438=EDGE_CURVE('',#4414,#4413,#149,.T.);
#5439=EDGE_CURVE('',#4415,#4414,#1726,.T.);
#5440=EDGE_CURVE('',#4416,#4415,#1727,.T.);
#5441=EDGE_CURVE('',#4416,#4417,#1728,.T.);
#5442=EDGE_CURVE('',#4417,#4418,#150,.T.);
#5443=EDGE_CURVE('',#4418,#4347,#1729,.T.);
#5444=EDGE_CURVE('',#4312,#4419,#1730,.T.);
#5445=EDGE_CURVE('',#4420,#4419,#1731,.T.);
#5446=EDGE_CURVE('',#4313,#4420,#1732,.T.);
#5447=EDGE_CURVE('',#4421,#4345,#1733,.T.);
#5448=EDGE_CURVE('',#4421,#4413,#1734,.T.);
#5449=EDGE_CURVE('',#4422,#4420,#1735,.T.);
#5450=EDGE_CURVE('',#4314,#4422,#1736,.T.);
#5451=EDGE_CURVE('',#4423,#4344,#1737,.T.);
#5452=EDGE_CURVE('',#4423,#4421,#1738,.T.);
#5453=EDGE_CURVE('',#4418,#4424,#1739,.T.);
#5454=EDGE_CURVE('',#4424,#4348,#1740,.T.);
#5455=EDGE_CURVE('',#4311,#4425,#1741,.T.);
#5456=EDGE_CURVE('',#4419,#4425,#1742,.T.);
#5457=EDGE_CURVE('',#4426,#4343,#1743,.T.);
#5458=EDGE_CURVE('',#4426,#4423,#1744,.T.);
#5459=EDGE_CURVE('',#4424,#4427,#1745,.T.);
#5460=EDGE_CURVE('',#4427,#4342,#1746,.T.);
#5461=EDGE_CURVE('',#4309,#4428,#1747,.T.);
#5462=EDGE_CURVE('',#4425,#4428,#1748,.T.);
#5463=EDGE_CURVE('',#4429,#4341,#1749,.T.);
#5464=EDGE_CURVE('',#4430,#4429,#151,.T.);
#5465=EDGE_CURVE('',#4431,#4430,#1750,.T.);
#5466=EDGE_CURVE('',#4432,#4431,#1751,.T.);
#5467=EDGE_CURVE('',#4432,#4433,#1752,.T.);
#5468=EDGE_CURVE('',#4433,#4426,#152,.T.);
#5469=EDGE_CURVE('',#4427,#4429,#1753,.T.);
#5470=EDGE_CURVE('',#4434,#4422,#1754,.T.);
#5471=EDGE_CURVE('',#4315,#4434,#1755,.T.);
#5472=EDGE_CURVE('',#4435,#4434,#1756,.T.);
#5473=EDGE_CURVE('',#4316,#4435,#1757,.T.);
#5474=EDGE_CURVE('',#4310,#4436,#1758,.T.);
#5475=EDGE_CURVE('',#4428,#4436,#1759,.T.);
#5476=EDGE_CURVE('',#4417,#4437,#1760,.T.);
#5477=EDGE_CURVE('',#4437,#4424,#153,.T.);
#5478=EDGE_CURVE('',#4438,#4414,#1761,.T.);
#5479=EDGE_CURVE('',#4438,#4421,#154,.T.);
#5480=EDGE_CURVE('',#4439,#4438,#1762,.T.);
#5481=EDGE_CURVE('',#4439,#4423,#155,.T.);
#5482=EDGE_CURVE('',#4433,#4439,#1763,.T.);
#5483=EDGE_CURVE('',#4440,#4430,#1764,.T.);
#5484=EDGE_CURVE('',#4440,#4427,#156,.T.);
#5485=EDGE_CURVE('',#4437,#4440,#1765,.T.);
#5486=EDGE_CURVE('',#4441,#4416,#1766,.T.);
#5487=EDGE_CURVE('',#4441,#4437,#1767,.T.);
#5488=EDGE_CURVE('',#4415,#4442,#1768,.T.);
#5489=EDGE_CURVE('',#4442,#4438,#1769,.T.);
#5490=EDGE_CURVE('',#4442,#4443,#1770,.T.);
#5491=EDGE_CURVE('',#4443,#4439,#1771,.T.);
#5492=EDGE_CURVE('',#4443,#4432,#1772,.T.);
#5493=EDGE_CURVE('',#4436,#4435,#1773,.T.);
#5494=EDGE_CURVE('',#4431,#4444,#1774,.T.);
#5495=EDGE_CURVE('',#4444,#4440,#1775,.T.);
#5496=EDGE_CURVE('',#4444,#4441,#1776,.T.);
#5497=EDGE_CURVE('',#4445,#4446,#1777,.T.);
#5498=EDGE_CURVE('',#4446,#4447,#1778,.T.);
#5499=EDGE_CURVE('',#4447,#4448,#1779,.T.);
#5500=EDGE_CURVE('',#4448,#4449,#1780,.T.);
#5501=EDGE_CURVE('',#4449,#4450,#1781,.T.);
#5502=EDGE_CURVE('',#4450,#4451,#1782,.T.);
#5503=EDGE_CURVE('',#4451,#4452,#1783,.T.);
#5504=EDGE_CURVE('',#4452,#4445,#1784,.T.);
#5505=EDGE_CURVE('',#4453,#4454,#1785,.T.);
#5506=EDGE_CURVE('',#4455,#4453,#1786,.T.);
#5507=EDGE_CURVE('',#4456,#4455,#1787,.T.);
#5508=EDGE_CURVE('',#4457,#4456,#1788,.T.);
#5509=EDGE_CURVE('',#4458,#4457,#1789,.T.);
#5510=EDGE_CURVE('',#4459,#4458,#1790,.T.);
#5511=EDGE_CURVE('',#4460,#4459,#1791,.T.);
#5512=EDGE_CURVE('',#4454,#4460,#1792,.T.);
#5513=EDGE_CURVE('',#4461,#4462,#1793,.T.);
#5514=EDGE_CURVE('',#4463,#4461,#1794,.T.);
#5515=EDGE_CURVE('',#4464,#4463,#1795,.T.);
#5516=EDGE_CURVE('',#4465,#4464,#1796,.T.);
#5517=EDGE_CURVE('',#4466,#4465,#1797,.T.);
#5518=EDGE_CURVE('',#4467,#4466,#1798,.T.);
#5519=EDGE_CURVE('',#4468,#4467,#1799,.T.);
#5520=EDGE_CURVE('',#4462,#4468,#1800,.T.);
#5521=EDGE_CURVE('',#4469,#4470,#1801,.T.);
#5522=EDGE_CURVE('',#4471,#4469,#1802,.T.);
#5523=EDGE_CURVE('',#4472,#4471,#1803,.T.);
#5524=EDGE_CURVE('',#4473,#4472,#1804,.T.);
#5525=EDGE_CURVE('',#4474,#4473,#1805,.T.);
#5526=EDGE_CURVE('',#4475,#4474,#1806,.T.);
#5527=EDGE_CURVE('',#4476,#4475,#1807,.T.);
#5528=EDGE_CURVE('',#4470,#4476,#1808,.T.);
#5529=EDGE_CURVE('',#4477,#4478,#1809,.T.);
#5530=EDGE_CURVE('',#4477,#4479,#1810,.T.);
#5531=EDGE_CURVE('',#4480,#4479,#1811,.T.);
#5532=EDGE_CURVE('',#4481,#4480,#1812,.T.);
#5533=EDGE_CURVE('',#4482,#4481,#1813,.T.);
#5534=EDGE_CURVE('',#4483,#4482,#1814,.T.);
#5535=EDGE_CURVE('',#4484,#4483,#1815,.T.);
#5536=EDGE_CURVE('',#4478,#4484,#1816,.T.);
#5537=EDGE_CURVE('',#4485,#4486,#1817,.T.);
#5538=EDGE_CURVE('',#4487,#4485,#1818,.T.);
#5539=EDGE_CURVE('',#4488,#4487,#1819,.T.);
#5540=EDGE_CURVE('',#4489,#4488,#1820,.T.);
#5541=EDGE_CURVE('',#4490,#4489,#1821,.T.);
#5542=EDGE_CURVE('',#4491,#4490,#1822,.T.);
#5543=EDGE_CURVE('',#4492,#4491,#1823,.T.);
#5544=EDGE_CURVE('',#4486,#4492,#1824,.T.);
#5545=EDGE_CURVE('',#4493,#4494,#1825,.T.);
#5546=EDGE_CURVE('',#4495,#4493,#1826,.T.);
#5547=EDGE_CURVE('',#4496,#4495,#1827,.T.);
#5548=EDGE_CURVE('',#4497,#4496,#1828,.T.);
#5549=EDGE_CURVE('',#4498,#4497,#1829,.T.);
#5550=EDGE_CURVE('',#4499,#4498,#1830,.T.);
#5551=EDGE_CURVE('',#4500,#4499,#1831,.T.);
#5552=EDGE_CURVE('',#4494,#4500,#1832,.T.);
#5553=EDGE_CURVE('',#4501,#4502,#1833,.T.);
#5554=EDGE_CURVE('',#4503,#4501,#1834,.T.);
#5555=EDGE_CURVE('',#4504,#4503,#1835,.T.);
#5556=EDGE_CURVE('',#4505,#4504,#1836,.T.);
#5557=EDGE_CURVE('',#4506,#4505,#1837,.T.);
#5558=EDGE_CURVE('',#4507,#4506,#1838,.T.);
#5559=EDGE_CURVE('',#4508,#4507,#1839,.T.);
#5560=EDGE_CURVE('',#4502,#4508,#1840,.T.);
#5561=EDGE_CURVE('',#4477,#4445,#1841,.T.);
#5562=EDGE_CURVE('',#4479,#4452,#1842,.T.);
#5563=EDGE_CURVE('',#4480,#4451,#1843,.T.);
#5564=EDGE_CURVE('',#4481,#4450,#1844,.T.);
#5565=EDGE_CURVE('',#4482,#4449,#1845,.T.);
#5566=EDGE_CURVE('',#4483,#4448,#1846,.T.);
#5567=EDGE_CURVE('',#4484,#4447,#1847,.T.);
#5568=EDGE_CURVE('',#4478,#4446,#1848,.T.);
#5569=EDGE_CURVE('',#4509,#4490,#1849,.T.);
#5570=EDGE_CURVE('',#4510,#4509,#157,.T.);
#5571=EDGE_CURVE('',#4511,#4510,#1850,.T.);
#5572=EDGE_CURVE('',#4512,#4511,#1851,.T.);
#5573=EDGE_CURVE('',#4512,#4513,#1852,.T.);
#5574=EDGE_CURVE('',#4513,#4514,#158,.T.);
#5575=EDGE_CURVE('',#4514,#4491,#1853,.T.);
#5576=EDGE_CURVE('',#4456,#4515,#1854,.T.);
#5577=EDGE_CURVE('',#4516,#4515,#1855,.T.);
#5578=EDGE_CURVE('',#4457,#4516,#1856,.T.);
#5579=EDGE_CURVE('',#4517,#4489,#1857,.T.);
#5580=EDGE_CURVE('',#4517,#4509,#1858,.T.);
#5581=EDGE_CURVE('',#4518,#4516,#1859,.T.);
#5582=EDGE_CURVE('',#4458,#4518,#1860,.T.);
#5583=EDGE_CURVE('',#4519,#4488,#1861,.T.);
#5584=EDGE_CURVE('',#4519,#4517,#1862,.T.);
#5585=EDGE_CURVE('',#4514,#4520,#1863,.T.);
#5586=EDGE_CURVE('',#4520,#4492,#1864,.T.);
#5587=EDGE_CURVE('',#4455,#4521,#1865,.T.);
#5588=EDGE_CURVE('',#4515,#4521,#1866,.T.);
#5589=EDGE_CURVE('',#4522,#4487,#1867,.T.);
#5590=EDGE_CURVE('',#4522,#4519,#1868,.T.);
#5591=EDGE_CURVE('',#4520,#4523,#1869,.T.);
#5592=EDGE_CURVE('',#4523,#4486,#1870,.T.);
#5593=EDGE_CURVE('',#4453,#4524,#1871,.T.);
#5594=EDGE_CURVE('',#4521,#4524,#1872,.T.);
#5595=EDGE_CURVE('',#4525,#4485,#1873,.T.);
#5596=EDGE_CURVE('',#4526,#4525,#159,.T.);
#5597=EDGE_CURVE('',#4527,#4526,#1874,.T.);
#5598=EDGE_CURVE('',#4528,#4527,#1875,.T.);
#5599=EDGE_CURVE('',#4528,#4529,#1876,.T.);
#5600=EDGE_CURVE('',#4529,#4522,#160,.T.);
#5601=EDGE_CURVE('',#4523,#4525,#1877,.T.);
#5602=EDGE_CURVE('',#4530,#4518,#1878,.T.);
#5603=EDGE_CURVE('',#4459,#4530,#1879,.T.);
#5604=EDGE_CURVE('',#4531,#4530,#1880,.T.);
#5605=EDGE_CURVE('',#4460,#4531,#1881,.T.);
#5606=EDGE_CURVE('',#4454,#4532,#1882,.T.);
#5607=EDGE_CURVE('',#4524,#4532,#1883,.T.);
#5608=EDGE_CURVE('',#4513,#4533,#1884,.T.);
#5609=EDGE_CURVE('',#4533,#4520,#161,.T.);
#5610=EDGE_CURVE('',#4534,#4510,#1885,.T.);
#5611=EDGE_CURVE('',#4534,#4517,#162,.T.);
#5612=EDGE_CURVE('',#4535,#4534,#1886,.T.);
#5613=EDGE_CURVE('',#4535,#4519,#163,.T.);
#5614=EDGE_CURVE('',#4529,#4535,#1887,.T.);
#5615=EDGE_CURVE('',#4536,#4526,#1888,.T.);
#5616=EDGE_CURVE('',#4536,#4523,#164,.T.);
#5617=EDGE_CURVE('',#4533,#4536,#1889,.T.);
#5618=EDGE_CURVE('',#4537,#4512,#1890,.T.);
#5619=EDGE_CURVE('',#4537,#4533,#1891,.T.);
#5620=EDGE_CURVE('',#4511,#4538,#1892,.T.);
#5621=EDGE_CURVE('',#4538,#4534,#1893,.T.);
#5622=EDGE_CURVE('',#4538,#4539,#1894,.T.);
#5623=EDGE_CURVE('',#4539,#4535,#1895,.T.);
#5624=EDGE_CURVE('',#4539,#4528,#1896,.T.);
#5625=EDGE_CURVE('',#4532,#4531,#1897,.T.);
#5626=EDGE_CURVE('',#4527,#4540,#1898,.T.);
#5627=EDGE_CURVE('',#4540,#4536,#1899,.T.);
#5628=EDGE_CURVE('',#4540,#4537,#1900,.T.);
#5629=EDGE_CURVE('',#4541,#4498,#1901,.T.);
#5630=EDGE_CURVE('',#4542,#4541,#165,.T.);
#5631=EDGE_CURVE('',#4543,#4542,#1902,.T.);
#5632=EDGE_CURVE('',#4544,#4543,#1903,.T.);
#5633=EDGE_CURVE('',#4544,#4545,#1904,.T.);
#5634=EDGE_CURVE('',#4545,#4546,#166,.T.);
#5635=EDGE_CURVE('',#4546,#4499,#1905,.T.);
#5636=EDGE_CURVE('',#4464,#4547,#1906,.T.);
#5637=EDGE_CURVE('',#4548,#4547,#1907,.T.);
#5638=EDGE_CURVE('',#4465,#4548,#1908,.T.);
#5639=EDGE_CURVE('',#4549,#4497,#1909,.T.);
#5640=EDGE_CURVE('',#4549,#4541,#1910,.T.);
#5641=EDGE_CURVE('',#4550,#4548,#1911,.T.);
#5642=EDGE_CURVE('',#4466,#4550,#1912,.T.);
#5643=EDGE_CURVE('',#4551,#4496,#1913,.T.);
#5644=EDGE_CURVE('',#4551,#4549,#1914,.T.);
#5645=EDGE_CURVE('',#4546,#4552,#1915,.T.);
#5646=EDGE_CURVE('',#4552,#4500,#1916,.T.);
#5647=EDGE_CURVE('',#4463,#4553,#1917,.T.);
#5648=EDGE_CURVE('',#4547,#4553,#1918,.T.);
#5649=EDGE_CURVE('',#4554,#4495,#1919,.T.);
#5650=EDGE_CURVE('',#4554,#4551,#1920,.T.);
#5651=EDGE_CURVE('',#4552,#4555,#1921,.T.);
#5652=EDGE_CURVE('',#4555,#4494,#1922,.T.);
#5653=EDGE_CURVE('',#4461,#4556,#1923,.T.);
#5654=EDGE_CURVE('',#4553,#4556,#1924,.T.);
#5655=EDGE_CURVE('',#4557,#4493,#1925,.T.);
#5656=EDGE_CURVE('',#4558,#4557,#167,.T.);
#5657=EDGE_CURVE('',#4559,#4558,#1926,.T.);
#5658=EDGE_CURVE('',#4560,#4559,#1927,.T.);
#5659=EDGE_CURVE('',#4560,#4561,#1928,.T.);
#5660=EDGE_CURVE('',#4561,#4554,#168,.T.);
#5661=EDGE_CURVE('',#4555,#4557,#1929,.T.);
#5662=EDGE_CURVE('',#4562,#4550,#1930,.T.);
#5663=EDGE_CURVE('',#4467,#4562,#1931,.T.);
#5664=EDGE_CURVE('',#4563,#4562,#1932,.T.);
#5665=EDGE_CURVE('',#4468,#4563,#1933,.T.);
#5666=EDGE_CURVE('',#4462,#4564,#1934,.T.);
#5667=EDGE_CURVE('',#4556,#4564,#1935,.T.);
#5668=EDGE_CURVE('',#4565,#4542,#1936,.T.);
#5669=EDGE_CURVE('',#4565,#4549,#169,.T.);
#5670=EDGE_CURVE('',#4566,#4565,#1937,.T.);
#5671=EDGE_CURVE('',#4566,#4551,#170,.T.);
#5672=EDGE_CURVE('',#4561,#4566,#1938,.T.);
#5673=EDGE_CURVE('',#4567,#4558,#1939,.T.);
#5674=EDGE_CURVE('',#4567,#4555,#171,.T.);
#5675=EDGE_CURVE('',#4568,#4567,#1940,.T.);
#5676=EDGE_CURVE('',#4568,#4552,#172,.T.);
#5677=EDGE_CURVE('',#4545,#4568,#1941,.T.);
#5678=EDGE_CURVE('',#4543,#4569,#1942,.T.);
#5679=EDGE_CURVE('',#4569,#4565,#1943,.T.);
#5680=EDGE_CURVE('',#4569,#4570,#1944,.T.);
#5681=EDGE_CURVE('',#4570,#4566,#1945,.T.);
#5682=EDGE_CURVE('',#4570,#4560,#1946,.T.);
#5683=EDGE_CURVE('',#4564,#4563,#1947,.T.);
#5684=EDGE_CURVE('',#4559,#4571,#1948,.T.);
#5685=EDGE_CURVE('',#4571,#4567,#1949,.T.);
#5686=EDGE_CURVE('',#4571,#4572,#1950,.T.);
#5687=EDGE_CURVE('',#4572,#4568,#1951,.T.);
#5688=EDGE_CURVE('',#4572,#4544,#1952,.T.);
#5689=EDGE_CURVE('',#4573,#4506,#1953,.T.);
#5690=EDGE_CURVE('',#4574,#4573,#173,.T.);
#5691=EDGE_CURVE('',#4575,#4574,#1954,.T.);
#5692=EDGE_CURVE('',#4576,#4575,#1955,.T.);
#5693=EDGE_CURVE('',#4576,#4577,#1956,.T.);
#5694=EDGE_CURVE('',#4577,#4578,#174,.T.);
#5695=EDGE_CURVE('',#4578,#4507,#1957,.T.);
#5696=EDGE_CURVE('',#4472,#4579,#1958,.T.);
#5697=EDGE_CURVE('',#4580,#4579,#1959,.T.);
#5698=EDGE_CURVE('',#4473,#4580,#1960,.T.);
#5699=EDGE_CURVE('',#4581,#4505,#1961,.T.);
#5700=EDGE_CURVE('',#4581,#4573,#1962,.T.);
#5701=EDGE_CURVE('',#4582,#4580,#1963,.T.);
#5702=EDGE_CURVE('',#4474,#4582,#1964,.T.);
#5703=EDGE_CURVE('',#4583,#4504,#1965,.T.);
#5704=EDGE_CURVE('',#4583,#4581,#1966,.T.);
#5705=EDGE_CURVE('',#4578,#4584,#1967,.T.);
#5706=EDGE_CURVE('',#4584,#4508,#1968,.T.);
#5707=EDGE_CURVE('',#4471,#4585,#1969,.T.);
#5708=EDGE_CURVE('',#4579,#4585,#1970,.T.);
#5709=EDGE_CURVE('',#4586,#4503,#1971,.T.);
#5710=EDGE_CURVE('',#4586,#4583,#1972,.T.);
#5711=EDGE_CURVE('',#4584,#4587,#1973,.T.);
#5712=EDGE_CURVE('',#4587,#4502,#1974,.T.);
#5713=EDGE_CURVE('',#4469,#4588,#1975,.T.);
#5714=EDGE_CURVE('',#4585,#4588,#1976,.T.);
#5715=EDGE_CURVE('',#4589,#4501,#1977,.T.);
#5716=EDGE_CURVE('',#4590,#4589,#175,.T.);
#5717=EDGE_CURVE('',#4591,#4590,#1978,.T.);
#5718=EDGE_CURVE('',#4592,#4591,#1979,.T.);
#5719=EDGE_CURVE('',#4592,#4593,#1980,.T.);
#5720=EDGE_CURVE('',#4593,#4586,#176,.T.);
#5721=EDGE_CURVE('',#4587,#4589,#1981,.T.);
#5722=EDGE_CURVE('',#4594,#4582,#1982,.T.);
#5723=EDGE_CURVE('',#4475,#4594,#1983,.T.);
#5724=EDGE_CURVE('',#4595,#4594,#1984,.T.);
#5725=EDGE_CURVE('',#4476,#4595,#1985,.T.);
#5726=EDGE_CURVE('',#4470,#4596,#1986,.T.);
#5727=EDGE_CURVE('',#4588,#4596,#1987,.T.);
#5728=EDGE_CURVE('',#4577,#4597,#1988,.T.);
#5729=EDGE_CURVE('',#4597,#4584,#177,.T.);
#5730=EDGE_CURVE('',#4598,#4574,#1989,.T.);
#5731=EDGE_CURVE('',#4598,#4581,#178,.T.);
#5732=EDGE_CURVE('',#4599,#4598,#1990,.T.);
#5733=EDGE_CURVE('',#4599,#4583,#179,.T.);
#5734=EDGE_CURVE('',#4593,#4599,#1991,.T.);
#5735=EDGE_CURVE('',#4600,#4590,#1992,.T.);
#5736=EDGE_CURVE('',#4600,#4587,#180,.T.);
#5737=EDGE_CURVE('',#4597,#4600,#1993,.T.);
#5738=EDGE_CURVE('',#4601,#4576,#1994,.T.);
#5739=EDGE_CURVE('',#4601,#4597,#1995,.T.);
#5740=EDGE_CURVE('',#4575,#4602,#1996,.T.);
#5741=EDGE_CURVE('',#4602,#4598,#1997,.T.);
#5742=EDGE_CURVE('',#4602,#4603,#1998,.T.);
#5743=EDGE_CURVE('',#4603,#4599,#1999,.T.);
#5744=EDGE_CURVE('',#4603,#4592,#2000,.T.);
#5745=EDGE_CURVE('',#4596,#4595,#2001,.T.);
#5746=EDGE_CURVE('',#4591,#4604,#2002,.T.);
#5747=EDGE_CURVE('',#4604,#4600,#2003,.T.);
#5748=EDGE_CURVE('',#4604,#4601,#2004,.T.);
#5749=EDGE_CURVE('',#4605,#4606,#2005,.T.);
#5750=EDGE_CURVE('',#4606,#4607,#2006,.T.);
#5751=EDGE_CURVE('',#4607,#4608,#2007,.T.);
#5752=EDGE_CURVE('',#4608,#4609,#2008,.T.);
#5753=EDGE_CURVE('',#4609,#4610,#2009,.T.);
#5754=EDGE_CURVE('',#4610,#4611,#2010,.T.);
#5755=EDGE_CURVE('',#4611,#4612,#2011,.T.);
#5756=EDGE_CURVE('',#4612,#4605,#2012,.T.);
#5757=EDGE_CURVE('',#4613,#4614,#2013,.T.);
#5758=EDGE_CURVE('',#4615,#4613,#2014,.T.);
#5759=EDGE_CURVE('',#4616,#4615,#2015,.T.);
#5760=EDGE_CURVE('',#4617,#4616,#2016,.T.);
#5761=EDGE_CURVE('',#4618,#4617,#2017,.T.);
#5762=EDGE_CURVE('',#4619,#4618,#2018,.T.);
#5763=EDGE_CURVE('',#4620,#4619,#2019,.T.);
#5764=EDGE_CURVE('',#4614,#4620,#2020,.T.);
#5765=EDGE_CURVE('',#4621,#4622,#2021,.T.);
#5766=EDGE_CURVE('',#4623,#4621,#2022,.T.);
#5767=EDGE_CURVE('',#4624,#4623,#2023,.T.);
#5768=EDGE_CURVE('',#4625,#4624,#2024,.T.);
#5769=EDGE_CURVE('',#4626,#4625,#2025,.T.);
#5770=EDGE_CURVE('',#4627,#4626,#2026,.T.);
#5771=EDGE_CURVE('',#4628,#4627,#2027,.T.);
#5772=EDGE_CURVE('',#4622,#4628,#2028,.T.);
#5773=EDGE_CURVE('',#4629,#4630,#2029,.T.);
#5774=EDGE_CURVE('',#4631,#4629,#2030,.T.);
#5775=EDGE_CURVE('',#4632,#4631,#2031,.T.);
#5776=EDGE_CURVE('',#4633,#4632,#2032,.T.);
#5777=EDGE_CURVE('',#4634,#4633,#2033,.T.);
#5778=EDGE_CURVE('',#4635,#4634,#2034,.T.);
#5779=EDGE_CURVE('',#4636,#4635,#2035,.T.);
#5780=EDGE_CURVE('',#4630,#4636,#2036,.T.);
#5781=EDGE_CURVE('',#4637,#4638,#2037,.T.);
#5782=EDGE_CURVE('',#4637,#4639,#2038,.T.);
#5783=EDGE_CURVE('',#4640,#4639,#2039,.T.);
#5784=EDGE_CURVE('',#4641,#4640,#2040,.T.);
#5785=EDGE_CURVE('',#4642,#4641,#2041,.T.);
#5786=EDGE_CURVE('',#4643,#4642,#2042,.T.);
#5787=EDGE_CURVE('',#4644,#4643,#2043,.T.);
#5788=EDGE_CURVE('',#4638,#4644,#2044,.T.);
#5789=EDGE_CURVE('',#4645,#4646,#2045,.T.);
#5790=EDGE_CURVE('',#4647,#4645,#2046,.T.);
#5791=EDGE_CURVE('',#4648,#4647,#2047,.T.);
#5792=EDGE_CURVE('',#4649,#4648,#2048,.T.);
#5793=EDGE_CURVE('',#4650,#4649,#2049,.T.);
#5794=EDGE_CURVE('',#4651,#4650,#2050,.T.);
#5795=EDGE_CURVE('',#4652,#4651,#2051,.T.);
#5796=EDGE_CURVE('',#4646,#4652,#2052,.T.);
#5797=EDGE_CURVE('',#4653,#4654,#2053,.T.);
#5798=EDGE_CURVE('',#4655,#4653,#2054,.T.);
#5799=EDGE_CURVE('',#4656,#4655,#2055,.T.);
#5800=EDGE_CURVE('',#4657,#4656,#2056,.T.);
#5801=EDGE_CURVE('',#4658,#4657,#2057,.T.);
#5802=EDGE_CURVE('',#4659,#4658,#2058,.T.);
#5803=EDGE_CURVE('',#4660,#4659,#2059,.T.);
#5804=EDGE_CURVE('',#4654,#4660,#2060,.T.);
#5805=EDGE_CURVE('',#4661,#4662,#2061,.T.);
#5806=EDGE_CURVE('',#4663,#4661,#2062,.T.);
#5807=EDGE_CURVE('',#4664,#4663,#2063,.T.);
#5808=EDGE_CURVE('',#4665,#4664,#2064,.T.);
#5809=EDGE_CURVE('',#4666,#4665,#2065,.T.);
#5810=EDGE_CURVE('',#4667,#4666,#2066,.T.);
#5811=EDGE_CURVE('',#4668,#4667,#2067,.T.);
#5812=EDGE_CURVE('',#4662,#4668,#2068,.T.);
#5813=EDGE_CURVE('',#4637,#4605,#2069,.T.);
#5814=EDGE_CURVE('',#4639,#4612,#2070,.T.);
#5815=EDGE_CURVE('',#4640,#4611,#2071,.T.);
#5816=EDGE_CURVE('',#4641,#4610,#2072,.T.);
#5817=EDGE_CURVE('',#4642,#4609,#2073,.T.);
#5818=EDGE_CURVE('',#4643,#4608,#2074,.T.);
#5819=EDGE_CURVE('',#4644,#4607,#2075,.T.);
#5820=EDGE_CURVE('',#4638,#4606,#2076,.T.);
#5821=EDGE_CURVE('',#4669,#4650,#2077,.T.);
#5822=EDGE_CURVE('',#4670,#4669,#181,.T.);
#5823=EDGE_CURVE('',#4671,#4670,#2078,.T.);
#5824=EDGE_CURVE('',#4672,#4671,#2079,.T.);
#5825=EDGE_CURVE('',#4672,#4673,#2080,.T.);
#5826=EDGE_CURVE('',#4673,#4674,#182,.T.);
#5827=EDGE_CURVE('',#4674,#4651,#2081,.T.);
#5828=EDGE_CURVE('',#4616,#4675,#2082,.T.);
#5829=EDGE_CURVE('',#4676,#4675,#2083,.T.);
#5830=EDGE_CURVE('',#4617,#4676,#2084,.T.);
#5831=EDGE_CURVE('',#4677,#4649,#2085,.T.);
#5832=EDGE_CURVE('',#4677,#4669,#2086,.T.);
#5833=EDGE_CURVE('',#4678,#4676,#2087,.T.);
#5834=EDGE_CURVE('',#4618,#4678,#2088,.T.);
#5835=EDGE_CURVE('',#4679,#4648,#2089,.T.);
#5836=EDGE_CURVE('',#4679,#4677,#2090,.T.);
#5837=EDGE_CURVE('',#4674,#4680,#2091,.T.);
#5838=EDGE_CURVE('',#4680,#4652,#2092,.T.);
#5839=EDGE_CURVE('',#4615,#4681,#2093,.T.);
#5840=EDGE_CURVE('',#4675,#4681,#2094,.T.);
#5841=EDGE_CURVE('',#4682,#4647,#2095,.T.);
#5842=EDGE_CURVE('',#4682,#4679,#2096,.T.);
#5843=EDGE_CURVE('',#4680,#4683,#2097,.T.);
#5844=EDGE_CURVE('',#4683,#4646,#2098,.T.);
#5845=EDGE_CURVE('',#4613,#4684,#2099,.T.);
#5846=EDGE_CURVE('',#4681,#4684,#2100,.T.);
#5847=EDGE_CURVE('',#4685,#4645,#2101,.T.);
#5848=EDGE_CURVE('',#4686,#4685,#183,.T.);
#5849=EDGE_CURVE('',#4687,#4686,#2102,.T.);
#5850=EDGE_CURVE('',#4688,#4687,#2103,.T.);
#5851=EDGE_CURVE('',#4688,#4689,#2104,.T.);
#5852=EDGE_CURVE('',#4689,#4682,#184,.T.);
#5853=EDGE_CURVE('',#4683,#4685,#2105,.T.);
#5854=EDGE_CURVE('',#4690,#4678,#2106,.T.);
#5855=EDGE_CURVE('',#4619,#4690,#2107,.T.);
#5856=EDGE_CURVE('',#4691,#4690,#2108,.T.);
#5857=EDGE_CURVE('',#4620,#4691,#2109,.T.);
#5858=EDGE_CURVE('',#4614,#4692,#2110,.T.);
#5859=EDGE_CURVE('',#4684,#4692,#2111,.T.);
#5860=EDGE_CURVE('',#4673,#4693,#2112,.T.);
#5861=EDGE_CURVE('',#4693,#4680,#185,.T.);
#5862=EDGE_CURVE('',#4694,#4670,#2113,.T.);
#5863=EDGE_CURVE('',#4694,#4677,#186,.T.);
#5864=EDGE_CURVE('',#4695,#4694,#2114,.T.);
#5865=EDGE_CURVE('',#4695,#4679,#187,.T.);
#5866=EDGE_CURVE('',#4689,#4695,#2115,.T.);
#5867=EDGE_CURVE('',#4696,#4686,#2116,.T.);
#5868=EDGE_CURVE('',#4696,#4683,#188,.T.);
#5869=EDGE_CURVE('',#4693,#4696,#2117,.T.);
#5870=EDGE_CURVE('',#4697,#4672,#2118,.T.);
#5871=EDGE_CURVE('',#4697,#4693,#2119,.T.);
#5872=EDGE_CURVE('',#4671,#4698,#2120,.T.);
#5873=EDGE_CURVE('',#4698,#4694,#2121,.T.);
#5874=EDGE_CURVE('',#4698,#4699,#2122,.T.);
#5875=EDGE_CURVE('',#4699,#4695,#2123,.T.);
#5876=EDGE_CURVE('',#4699,#4688,#2124,.T.);
#5877=EDGE_CURVE('',#4692,#4691,#2125,.T.);
#5878=EDGE_CURVE('',#4687,#4700,#2126,.T.);
#5879=EDGE_CURVE('',#4700,#4696,#2127,.T.);
#5880=EDGE_CURVE('',#4700,#4697,#2128,.T.);
#5881=EDGE_CURVE('',#4701,#4658,#2129,.T.);
#5882=EDGE_CURVE('',#4702,#4701,#189,.T.);
#5883=EDGE_CURVE('',#4703,#4702,#2130,.T.);
#5884=EDGE_CURVE('',#4704,#4703,#2131,.T.);
#5885=EDGE_CURVE('',#4704,#4705,#2132,.T.);
#5886=EDGE_CURVE('',#4705,#4706,#190,.T.);
#5887=EDGE_CURVE('',#4706,#4659,#2133,.T.);
#5888=EDGE_CURVE('',#4624,#4707,#2134,.T.);
#5889=EDGE_CURVE('',#4708,#4707,#2135,.T.);
#5890=EDGE_CURVE('',#4625,#4708,#2136,.T.);
#5891=EDGE_CURVE('',#4709,#4657,#2137,.T.);
#5892=EDGE_CURVE('',#4709,#4701,#2138,.T.);
#5893=EDGE_CURVE('',#4710,#4708,#2139,.T.);
#5894=EDGE_CURVE('',#4626,#4710,#2140,.T.);
#5895=EDGE_CURVE('',#4711,#4656,#2141,.T.);
#5896=EDGE_CURVE('',#4711,#4709,#2142,.T.);
#5897=EDGE_CURVE('',#4706,#4712,#2143,.T.);
#5898=EDGE_CURVE('',#4712,#4660,#2144,.T.);
#5899=EDGE_CURVE('',#4623,#4713,#2145,.T.);
#5900=EDGE_CURVE('',#4707,#4713,#2146,.T.);
#5901=EDGE_CURVE('',#4714,#4655,#2147,.T.);
#5902=EDGE_CURVE('',#4714,#4711,#2148,.T.);
#5903=EDGE_CURVE('',#4712,#4715,#2149,.T.);
#5904=EDGE_CURVE('',#4715,#4654,#2150,.T.);
#5905=EDGE_CURVE('',#4621,#4716,#2151,.T.);
#5906=EDGE_CURVE('',#4713,#4716,#2152,.T.);
#5907=EDGE_CURVE('',#4717,#4653,#2153,.T.);
#5908=EDGE_CURVE('',#4718,#4717,#191,.T.);
#5909=EDGE_CURVE('',#4719,#4718,#2154,.T.);
#5910=EDGE_CURVE('',#4720,#4719,#2155,.T.);
#5911=EDGE_CURVE('',#4720,#4721,#2156,.T.);
#5912=EDGE_CURVE('',#4721,#4714,#192,.T.);
#5913=EDGE_CURVE('',#4715,#4717,#2157,.T.);
#5914=EDGE_CURVE('',#4722,#4710,#2158,.T.);
#5915=EDGE_CURVE('',#4627,#4722,#2159,.T.);
#5916=EDGE_CURVE('',#4723,#4722,#2160,.T.);
#5917=EDGE_CURVE('',#4628,#4723,#2161,.T.);
#5918=EDGE_CURVE('',#4622,#4724,#2162,.T.);
#5919=EDGE_CURVE('',#4716,#4724,#2163,.T.);
#5920=EDGE_CURVE('',#4725,#4702,#2164,.T.);
#5921=EDGE_CURVE('',#4725,#4709,#193,.T.);
#5922=EDGE_CURVE('',#4726,#4725,#2165,.T.);
#5923=EDGE_CURVE('',#4726,#4711,#194,.T.);
#5924=EDGE_CURVE('',#4721,#4726,#2166,.T.);
#5925=EDGE_CURVE('',#4727,#4718,#2167,.T.);
#5926=EDGE_CURVE('',#4727,#4715,#195,.T.);
#5927=EDGE_CURVE('',#4728,#4727,#2168,.T.);
#5928=EDGE_CURVE('',#4728,#4712,#196,.T.);
#5929=EDGE_CURVE('',#4705,#4728,#2169,.T.);
#5930=EDGE_CURVE('',#4703,#4729,#2170,.T.);
#5931=EDGE_CURVE('',#4729,#4725,#2171,.T.);
#5932=EDGE_CURVE('',#4729,#4730,#2172,.T.);
#5933=EDGE_CURVE('',#4730,#4726,#2173,.T.);
#5934=EDGE_CURVE('',#4730,#4720,#2174,.T.);
#5935=EDGE_CURVE('',#4724,#4723,#2175,.T.);
#5936=EDGE_CURVE('',#4719,#4731,#2176,.T.);
#5937=EDGE_CURVE('',#4731,#4727,#2177,.T.);
#5938=EDGE_CURVE('',#4731,#4732,#2178,.T.);
#5939=EDGE_CURVE('',#4732,#4728,#2179,.T.);
#5940=EDGE_CURVE('',#4732,#4704,#2180,.T.);
#5941=EDGE_CURVE('',#4733,#4666,#2181,.T.);
#5942=EDGE_CURVE('',#4734,#4733,#197,.T.);
#5943=EDGE_CURVE('',#4735,#4734,#2182,.T.);
#5944=EDGE_CURVE('',#4736,#4735,#2183,.T.);
#5945=EDGE_CURVE('',#4736,#4737,#2184,.T.);
#5946=EDGE_CURVE('',#4737,#4738,#198,.T.);
#5947=EDGE_CURVE('',#4738,#4667,#2185,.T.);
#5948=EDGE_CURVE('',#4632,#4739,#2186,.T.);
#5949=EDGE_CURVE('',#4740,#4739,#2187,.T.);
#5950=EDGE_CURVE('',#4633,#4740,#2188,.T.);
#5951=EDGE_CURVE('',#4741,#4665,#2189,.T.);
#5952=EDGE_CURVE('',#4741,#4733,#2190,.T.);
#5953=EDGE_CURVE('',#4742,#4740,#2191,.T.);
#5954=EDGE_CURVE('',#4634,#4742,#2192,.T.);
#5955=EDGE_CURVE('',#4743,#4664,#2193,.T.);
#5956=EDGE_CURVE('',#4743,#4741,#2194,.T.);
#5957=EDGE_CURVE('',#4738,#4744,#2195,.T.);
#5958=EDGE_CURVE('',#4744,#4668,#2196,.T.);
#5959=EDGE_CURVE('',#4631,#4745,#2197,.T.);
#5960=EDGE_CURVE('',#4739,#4745,#2198,.T.);
#5961=EDGE_CURVE('',#4746,#4663,#2199,.T.);
#5962=EDGE_CURVE('',#4746,#4743,#2200,.T.);
#5963=EDGE_CURVE('',#4744,#4747,#2201,.T.);
#5964=EDGE_CURVE('',#4747,#4662,#2202,.T.);
#5965=EDGE_CURVE('',#4629,#4748,#2203,.T.);
#5966=EDGE_CURVE('',#4745,#4748,#2204,.T.);
#5967=EDGE_CURVE('',#4749,#4661,#2205,.T.);
#5968=EDGE_CURVE('',#4750,#4749,#199,.T.);
#5969=EDGE_CURVE('',#4751,#4750,#2206,.T.);
#5970=EDGE_CURVE('',#4752,#4751,#2207,.T.);
#5971=EDGE_CURVE('',#4752,#4753,#2208,.T.);
#5972=EDGE_CURVE('',#4753,#4746,#200,.T.);
#5973=EDGE_CURVE('',#4747,#4749,#2209,.T.);
#5974=EDGE_CURVE('',#4754,#4742,#2210,.T.);
#5975=EDGE_CURVE('',#4635,#4754,#2211,.T.);
#5976=EDGE_CURVE('',#4755,#4754,#2212,.T.);
#5977=EDGE_CURVE('',#4636,#4755,#2213,.T.);
#5978=EDGE_CURVE('',#4630,#4756,#2214,.T.);
#5979=EDGE_CURVE('',#4748,#4756,#2215,.T.);
#5980=EDGE_CURVE('',#4737,#4757,#2216,.T.);
#5981=EDGE_CURVE('',#4757,#4744,#201,.T.);
#5982=EDGE_CURVE('',#4758,#4734,#2217,.T.);
#5983=EDGE_CURVE('',#4758,#4741,#202,.T.);
#5984=EDGE_CURVE('',#4759,#4758,#2218,.T.);
#5985=EDGE_CURVE('',#4759,#4743,#203,.T.);
#5986=EDGE_CURVE('',#4753,#4759,#2219,.T.);
#5987=EDGE_CURVE('',#4760,#4750,#2220,.T.);
#5988=EDGE_CURVE('',#4760,#4747,#204,.T.);
#5989=EDGE_CURVE('',#4757,#4760,#2221,.T.);
#5990=EDGE_CURVE('',#4761,#4736,#2222,.T.);
#5991=EDGE_CURVE('',#4761,#4757,#2223,.T.);
#5992=EDGE_CURVE('',#4735,#4762,#2224,.T.);
#5993=EDGE_CURVE('',#4762,#4758,#2225,.T.);
#5994=EDGE_CURVE('',#4762,#4763,#2226,.T.);
#5995=EDGE_CURVE('',#4763,#4759,#2227,.T.);
#5996=EDGE_CURVE('',#4763,#4752,#2228,.T.);
#5997=EDGE_CURVE('',#4756,#4755,#2229,.T.);
#5998=EDGE_CURVE('',#4751,#4764,#2230,.T.);
#5999=EDGE_CURVE('',#4764,#4760,#2231,.T.);
#6000=EDGE_CURVE('',#4764,#4761,#2232,.T.);
#6001=EDGE_CURVE('',#4765,#4766,#2233,.T.);
#6002=EDGE_CURVE('',#4766,#4767,#2234,.T.);
#6003=EDGE_CURVE('',#4767,#4768,#2235,.T.);
#6004=EDGE_CURVE('',#4768,#4769,#2236,.T.);
#6005=EDGE_CURVE('',#4769,#4770,#2237,.T.);
#6006=EDGE_CURVE('',#4770,#4771,#2238,.T.);
#6007=EDGE_CURVE('',#4771,#4772,#2239,.T.);
#6008=EDGE_CURVE('',#4772,#4765,#2240,.T.);
#6009=EDGE_CURVE('',#4773,#4774,#2241,.T.);
#6010=EDGE_CURVE('',#4775,#4773,#2242,.T.);
#6011=EDGE_CURVE('',#4776,#4775,#2243,.T.);
#6012=EDGE_CURVE('',#4777,#4776,#2244,.T.);
#6013=EDGE_CURVE('',#4778,#4777,#2245,.T.);
#6014=EDGE_CURVE('',#4779,#4778,#2246,.T.);
#6015=EDGE_CURVE('',#4780,#4779,#2247,.T.);
#6016=EDGE_CURVE('',#4774,#4780,#2248,.T.);
#6017=EDGE_CURVE('',#4781,#4782,#2249,.T.);
#6018=EDGE_CURVE('',#4783,#4781,#2250,.T.);
#6019=EDGE_CURVE('',#4784,#4783,#2251,.T.);
#6020=EDGE_CURVE('',#4785,#4784,#2252,.T.);
#6021=EDGE_CURVE('',#4786,#4785,#2253,.T.);
#6022=EDGE_CURVE('',#4787,#4786,#2254,.T.);
#6023=EDGE_CURVE('',#4788,#4787,#2255,.T.);
#6024=EDGE_CURVE('',#4782,#4788,#2256,.T.);
#6025=EDGE_CURVE('',#4789,#4790,#2257,.T.);
#6026=EDGE_CURVE('',#4791,#4789,#2258,.T.);
#6027=EDGE_CURVE('',#4792,#4791,#2259,.T.);
#6028=EDGE_CURVE('',#4793,#4792,#2260,.T.);
#6029=EDGE_CURVE('',#4794,#4793,#2261,.T.);
#6030=EDGE_CURVE('',#4795,#4794,#2262,.T.);
#6031=EDGE_CURVE('',#4796,#4795,#2263,.T.);
#6032=EDGE_CURVE('',#4790,#4796,#2264,.T.);
#6033=EDGE_CURVE('',#4797,#4798,#2265,.T.);
#6034=EDGE_CURVE('',#4797,#4799,#2266,.T.);
#6035=EDGE_CURVE('',#4800,#4799,#2267,.T.);
#6036=EDGE_CURVE('',#4801,#4800,#2268,.T.);
#6037=EDGE_CURVE('',#4802,#4801,#2269,.T.);
#6038=EDGE_CURVE('',#4803,#4802,#2270,.T.);
#6039=EDGE_CURVE('',#4804,#4803,#2271,.T.);
#6040=EDGE_CURVE('',#4798,#4804,#2272,.T.);
#6041=EDGE_CURVE('',#4805,#4806,#2273,.T.);
#6042=EDGE_CURVE('',#4807,#4805,#2274,.T.);
#6043=EDGE_CURVE('',#4808,#4807,#2275,.T.);
#6044=EDGE_CURVE('',#4809,#4808,#2276,.T.);
#6045=EDGE_CURVE('',#4810,#4809,#2277,.T.);
#6046=EDGE_CURVE('',#4811,#4810,#2278,.T.);
#6047=EDGE_CURVE('',#4812,#4811,#2279,.T.);
#6048=EDGE_CURVE('',#4806,#4812,#2280,.T.);
#6049=EDGE_CURVE('',#4813,#4814,#2281,.T.);
#6050=EDGE_CURVE('',#4815,#4813,#2282,.T.);
#6051=EDGE_CURVE('',#4816,#4815,#2283,.T.);
#6052=EDGE_CURVE('',#4817,#4816,#2284,.T.);
#6053=EDGE_CURVE('',#4818,#4817,#2285,.T.);
#6054=EDGE_CURVE('',#4819,#4818,#2286,.T.);
#6055=EDGE_CURVE('',#4820,#4819,#2287,.T.);
#6056=EDGE_CURVE('',#4814,#4820,#2288,.T.);
#6057=EDGE_CURVE('',#4821,#4822,#2289,.T.);
#6058=EDGE_CURVE('',#4823,#4821,#2290,.T.);
#6059=EDGE_CURVE('',#4824,#4823,#2291,.T.);
#6060=EDGE_CURVE('',#4825,#4824,#2292,.T.);
#6061=EDGE_CURVE('',#4826,#4825,#2293,.T.);
#6062=EDGE_CURVE('',#4827,#4826,#2294,.T.);
#6063=EDGE_CURVE('',#4828,#4827,#2295,.T.);
#6064=EDGE_CURVE('',#4822,#4828,#2296,.T.);
#6065=EDGE_CURVE('',#4797,#4765,#2297,.T.);
#6066=EDGE_CURVE('',#4799,#4772,#2298,.T.);
#6067=EDGE_CURVE('',#4800,#4771,#2299,.T.);
#6068=EDGE_CURVE('',#4801,#4770,#2300,.T.);
#6069=EDGE_CURVE('',#4802,#4769,#2301,.T.);
#6070=EDGE_CURVE('',#4803,#4768,#2302,.T.);
#6071=EDGE_CURVE('',#4804,#4767,#2303,.T.);
#6072=EDGE_CURVE('',#4798,#4766,#2304,.T.);
#6073=EDGE_CURVE('',#4829,#4810,#2305,.T.);
#6074=EDGE_CURVE('',#4830,#4829,#205,.T.);
#6075=EDGE_CURVE('',#4831,#4830,#2306,.T.);
#6076=EDGE_CURVE('',#4832,#4831,#2307,.T.);
#6077=EDGE_CURVE('',#4832,#4833,#2308,.T.);
#6078=EDGE_CURVE('',#4833,#4834,#206,.T.);
#6079=EDGE_CURVE('',#4834,#4811,#2309,.T.);
#6080=EDGE_CURVE('',#4776,#4835,#2310,.T.);
#6081=EDGE_CURVE('',#4836,#4835,#2311,.T.);
#6082=EDGE_CURVE('',#4777,#4836,#2312,.T.);
#6083=EDGE_CURVE('',#4837,#4809,#2313,.T.);
#6084=EDGE_CURVE('',#4837,#4829,#2314,.T.);
#6085=EDGE_CURVE('',#4838,#4836,#2315,.T.);
#6086=EDGE_CURVE('',#4778,#4838,#2316,.T.);
#6087=EDGE_CURVE('',#4839,#4808,#2317,.T.);
#6088=EDGE_CURVE('',#4839,#4837,#2318,.T.);
#6089=EDGE_CURVE('',#4834,#4840,#2319,.T.);
#6090=EDGE_CURVE('',#4840,#4812,#2320,.T.);
#6091=EDGE_CURVE('',#4775,#4841,#2321,.T.);
#6092=EDGE_CURVE('',#4835,#4841,#2322,.T.);
#6093=EDGE_CURVE('',#4842,#4807,#2323,.T.);
#6094=EDGE_CURVE('',#4842,#4839,#2324,.T.);
#6095=EDGE_CURVE('',#4840,#4843,#2325,.T.);
#6096=EDGE_CURVE('',#4843,#4806,#2326,.T.);
#6097=EDGE_CURVE('',#4773,#4844,#2327,.T.);
#6098=EDGE_CURVE('',#4841,#4844,#2328,.T.);
#6099=EDGE_CURVE('',#4845,#4805,#2329,.T.);
#6100=EDGE_CURVE('',#4846,#4845,#207,.T.);
#6101=EDGE_CURVE('',#4847,#4846,#2330,.T.);
#6102=EDGE_CURVE('',#4848,#4847,#2331,.T.);
#6103=EDGE_CURVE('',#4848,#4849,#2332,.T.);
#6104=EDGE_CURVE('',#4849,#4842,#208,.T.);
#6105=EDGE_CURVE('',#4843,#4845,#2333,.T.);
#6106=EDGE_CURVE('',#4850,#4838,#2334,.T.);
#6107=EDGE_CURVE('',#4779,#4850,#2335,.T.);
#6108=EDGE_CURVE('',#4851,#4850,#2336,.T.);
#6109=EDGE_CURVE('',#4780,#4851,#2337,.T.);
#6110=EDGE_CURVE('',#4774,#4852,#2338,.T.);
#6111=EDGE_CURVE('',#4844,#4852,#2339,.T.);
#6112=EDGE_CURVE('',#4833,#4853,#2340,.T.);
#6113=EDGE_CURVE('',#4853,#4840,#209,.T.);
#6114=EDGE_CURVE('',#4854,#4830,#2341,.T.);
#6115=EDGE_CURVE('',#4854,#4837,#210,.T.);
#6116=EDGE_CURVE('',#4855,#4854,#2342,.T.);
#6117=EDGE_CURVE('',#4855,#4839,#211,.T.);
#6118=EDGE_CURVE('',#4849,#4855,#2343,.T.);
#6119=EDGE_CURVE('',#4856,#4846,#2344,.T.);
#6120=EDGE_CURVE('',#4856,#4843,#212,.T.);
#6121=EDGE_CURVE('',#4853,#4856,#2345,.T.);
#6122=EDGE_CURVE('',#4857,#4832,#2346,.T.);
#6123=EDGE_CURVE('',#4857,#4853,#2347,.T.);
#6124=EDGE_CURVE('',#4831,#4858,#2348,.T.);
#6125=EDGE_CURVE('',#4858,#4854,#2349,.T.);
#6126=EDGE_CURVE('',#4858,#4859,#2350,.T.);
#6127=EDGE_CURVE('',#4859,#4855,#2351,.T.);
#6128=EDGE_CURVE('',#4859,#4848,#2352,.T.);
#6129=EDGE_CURVE('',#4852,#4851,#2353,.T.);
#6130=EDGE_CURVE('',#4847,#4860,#2354,.T.);
#6131=EDGE_CURVE('',#4860,#4856,#2355,.T.);
#6132=EDGE_CURVE('',#4860,#4857,#2356,.T.);
#6133=EDGE_CURVE('',#4861,#4818,#2357,.T.);
#6134=EDGE_CURVE('',#4862,#4861,#213,.T.);
#6135=EDGE_CURVE('',#4863,#4862,#2358,.T.);
#6136=EDGE_CURVE('',#4864,#4863,#2359,.T.);
#6137=EDGE_CURVE('',#4864,#4865,#2360,.T.);
#6138=EDGE_CURVE('',#4865,#4866,#214,.T.);
#6139=EDGE_CURVE('',#4866,#4819,#2361,.T.);
#6140=EDGE_CURVE('',#4784,#4867,#2362,.T.);
#6141=EDGE_CURVE('',#4868,#4867,#2363,.T.);
#6142=EDGE_CURVE('',#4785,#4868,#2364,.T.);
#6143=EDGE_CURVE('',#4869,#4817,#2365,.T.);
#6144=EDGE_CURVE('',#4869,#4861,#2366,.T.);
#6145=EDGE_CURVE('',#4870,#4868,#2367,.T.);
#6146=EDGE_CURVE('',#4786,#4870,#2368,.T.);
#6147=EDGE_CURVE('',#4871,#4816,#2369,.T.);
#6148=EDGE_CURVE('',#4871,#4869,#2370,.T.);
#6149=EDGE_CURVE('',#4866,#4872,#2371,.T.);
#6150=EDGE_CURVE('',#4872,#4820,#2372,.T.);
#6151=EDGE_CURVE('',#4783,#4873,#2373,.T.);
#6152=EDGE_CURVE('',#4867,#4873,#2374,.T.);
#6153=EDGE_CURVE('',#4874,#4815,#2375,.T.);
#6154=EDGE_CURVE('',#4874,#4871,#2376,.T.);
#6155=EDGE_CURVE('',#4872,#4875,#2377,.T.);
#6156=EDGE_CURVE('',#4875,#4814,#2378,.T.);
#6157=EDGE_CURVE('',#4781,#4876,#2379,.T.);
#6158=EDGE_CURVE('',#4873,#4876,#2380,.T.);
#6159=EDGE_CURVE('',#4877,#4813,#2381,.T.);
#6160=EDGE_CURVE('',#4878,#4877,#215,.T.);
#6161=EDGE_CURVE('',#4879,#4878,#2382,.T.);
#6162=EDGE_CURVE('',#4880,#4879,#2383,.T.);
#6163=EDGE_CURVE('',#4880,#4881,#2384,.T.);
#6164=EDGE_CURVE('',#4881,#4874,#216,.T.);
#6165=EDGE_CURVE('',#4875,#4877,#2385,.T.);
#6166=EDGE_CURVE('',#4882,#4870,#2386,.T.);
#6167=EDGE_CURVE('',#4787,#4882,#2387,.T.);
#6168=EDGE_CURVE('',#4883,#4882,#2388,.T.);
#6169=EDGE_CURVE('',#4788,#4883,#2389,.T.);
#6170=EDGE_CURVE('',#4782,#4884,#2390,.T.);
#6171=EDGE_CURVE('',#4876,#4884,#2391,.T.);
#6172=EDGE_CURVE('',#4885,#4862,#2392,.T.);
#6173=EDGE_CURVE('',#4885,#4869,#217,.T.);
#6174=EDGE_CURVE('',#4886,#4885,#2393,.T.);
#6175=EDGE_CURVE('',#4886,#4871,#218,.T.);
#6176=EDGE_CURVE('',#4881,#4886,#2394,.T.);
#6177=EDGE_CURVE('',#4887,#4878,#2395,.T.);
#6178=EDGE_CURVE('',#4887,#4875,#219,.T.);
#6179=EDGE_CURVE('',#4888,#4887,#2396,.T.);
#6180=EDGE_CURVE('',#4888,#4872,#220,.T.);
#6181=EDGE_CURVE('',#4865,#4888,#2397,.T.);
#6182=EDGE_CURVE('',#4863,#4889,#2398,.T.);
#6183=EDGE_CURVE('',#4889,#4885,#2399,.T.);
#6184=EDGE_CURVE('',#4889,#4890,#2400,.T.);
#6185=EDGE_CURVE('',#4890,#4886,#2401,.T.);
#6186=EDGE_CURVE('',#4890,#4880,#2402,.T.);
#6187=EDGE_CURVE('',#4884,#4883,#2403,.T.);
#6188=EDGE_CURVE('',#4879,#4891,#2404,.T.);
#6189=EDGE_CURVE('',#4891,#4887,#2405,.T.);
#6190=EDGE_CURVE('',#4891,#4892,#2406,.T.);
#6191=EDGE_CURVE('',#4892,#4888,#2407,.T.);
#6192=EDGE_CURVE('',#4892,#4864,#2408,.T.);
#6193=EDGE_CURVE('',#4893,#4826,#2409,.T.);
#6194=EDGE_CURVE('',#4894,#4893,#221,.T.);
#6195=EDGE_CURVE('',#4895,#4894,#2410,.T.);
#6196=EDGE_CURVE('',#4896,#4895,#2411,.T.);
#6197=EDGE_CURVE('',#4896,#4897,#2412,.T.);
#6198=EDGE_CURVE('',#4897,#4898,#222,.T.);
#6199=EDGE_CURVE('',#4898,#4827,#2413,.T.);
#6200=EDGE_CURVE('',#4792,#4899,#2414,.T.);
#6201=EDGE_CURVE('',#4900,#4899,#2415,.T.);
#6202=EDGE_CURVE('',#4793,#4900,#2416,.T.);
#6203=EDGE_CURVE('',#4901,#4825,#2417,.T.);
#6204=EDGE_CURVE('',#4901,#4893,#2418,.T.);
#6205=EDGE_CURVE('',#4902,#4900,#2419,.T.);
#6206=EDGE_CURVE('',#4794,#4902,#2420,.T.);
#6207=EDGE_CURVE('',#4903,#4824,#2421,.T.);
#6208=EDGE_CURVE('',#4903,#4901,#2422,.T.);
#6209=EDGE_CURVE('',#4898,#4904,#2423,.T.);
#6210=EDGE_CURVE('',#4904,#4828,#2424,.T.);
#6211=EDGE_CURVE('',#4791,#4905,#2425,.T.);
#6212=EDGE_CURVE('',#4899,#4905,#2426,.T.);
#6213=EDGE_CURVE('',#4906,#4823,#2427,.T.);
#6214=EDGE_CURVE('',#4906,#4903,#2428,.T.);
#6215=EDGE_CURVE('',#4904,#4907,#2429,.T.);
#6216=EDGE_CURVE('',#4907,#4822,#2430,.T.);
#6217=EDGE_CURVE('',#4789,#4908,#2431,.T.);
#6218=EDGE_CURVE('',#4905,#4908,#2432,.T.);
#6219=EDGE_CURVE('',#4909,#4821,#2433,.T.);
#6220=EDGE_CURVE('',#4910,#4909,#223,.T.);
#6221=EDGE_CURVE('',#4911,#4910,#2434,.T.);
#6222=EDGE_CURVE('',#4912,#4911,#2435,.T.);
#6223=EDGE_CURVE('',#4912,#4913,#2436,.T.);
#6224=EDGE_CURVE('',#4913,#4906,#224,.T.);
#6225=EDGE_CURVE('',#4907,#4909,#2437,.T.);
#6226=EDGE_CURVE('',#4914,#4902,#2438,.T.);
#6227=EDGE_CURVE('',#4795,#4914,#2439,.T.);
#6228=EDGE_CURVE('',#4915,#4914,#2440,.T.);
#6229=EDGE_CURVE('',#4796,#4915,#2441,.T.);
#6230=EDGE_CURVE('',#4790,#4916,#2442,.T.);
#6231=EDGE_CURVE('',#4908,#4916,#2443,.T.);
#6232=EDGE_CURVE('',#4897,#4917,#2444,.T.);
#6233=EDGE_CURVE('',#4917,#4904,#225,.T.);
#6234=EDGE_CURVE('',#4918,#4894,#2445,.T.);
#6235=EDGE_CURVE('',#4918,#4901,#226,.T.);
#6236=EDGE_CURVE('',#4919,#4918,#2446,.T.);
#6237=EDGE_CURVE('',#4919,#4903,#227,.T.);
#6238=EDGE_CURVE('',#4913,#4919,#2447,.T.);
#6239=EDGE_CURVE('',#4920,#4910,#2448,.T.);
#6240=EDGE_CURVE('',#4920,#4907,#228,.T.);
#6241=EDGE_CURVE('',#4917,#4920,#2449,.T.);
#6242=EDGE_CURVE('',#4921,#4896,#2450,.T.);
#6243=EDGE_CURVE('',#4921,#4917,#2451,.T.);
#6244=EDGE_CURVE('',#4895,#4922,#2452,.T.);
#6245=EDGE_CURVE('',#4922,#4918,#2453,.T.);
#6246=EDGE_CURVE('',#4922,#4923,#2454,.T.);
#6247=EDGE_CURVE('',#4923,#4919,#2455,.T.);
#6248=EDGE_CURVE('',#4923,#4912,#2456,.T.);
#6249=EDGE_CURVE('',#4916,#4915,#2457,.T.);
#6250=EDGE_CURVE('',#4911,#4924,#2458,.T.);
#6251=EDGE_CURVE('',#4924,#4920,#2459,.T.);
#6252=EDGE_CURVE('',#4924,#4921,#2460,.T.);
#6253=EDGE_CURVE('',#4925,#4926,#2461,.T.);
#6254=EDGE_CURVE('',#4926,#4927,#2462,.T.);
#6255=EDGE_CURVE('',#4927,#4928,#2463,.T.);
#6256=EDGE_CURVE('',#4928,#4929,#2464,.T.);
#6257=EDGE_CURVE('',#4929,#4930,#2465,.T.);
#6258=EDGE_CURVE('',#4930,#4931,#2466,.T.);
#6259=EDGE_CURVE('',#4931,#4932,#2467,.T.);
#6260=EDGE_CURVE('',#4932,#4925,#2468,.T.);
#6261=EDGE_CURVE('',#4933,#4934,#2469,.T.);
#6262=EDGE_CURVE('',#4935,#4933,#2470,.T.);
#6263=EDGE_CURVE('',#4936,#4935,#2471,.T.);
#6264=EDGE_CURVE('',#4937,#4936,#2472,.T.);
#6265=EDGE_CURVE('',#4938,#4937,#2473,.T.);
#6266=EDGE_CURVE('',#4939,#4938,#2474,.T.);
#6267=EDGE_CURVE('',#4940,#4939,#2475,.T.);
#6268=EDGE_CURVE('',#4934,#4940,#2476,.T.);
#6269=EDGE_CURVE('',#4941,#4942,#2477,.T.);
#6270=EDGE_CURVE('',#4943,#4941,#2478,.T.);
#6271=EDGE_CURVE('',#4944,#4943,#2479,.T.);
#6272=EDGE_CURVE('',#4945,#4944,#2480,.T.);
#6273=EDGE_CURVE('',#4946,#4945,#2481,.T.);
#6274=EDGE_CURVE('',#4947,#4946,#2482,.T.);
#6275=EDGE_CURVE('',#4948,#4947,#2483,.T.);
#6276=EDGE_CURVE('',#4942,#4948,#2484,.T.);
#6277=EDGE_CURVE('',#4949,#4950,#2485,.T.);
#6278=EDGE_CURVE('',#4951,#4949,#2486,.T.);
#6279=EDGE_CURVE('',#4952,#4951,#2487,.T.);
#6280=EDGE_CURVE('',#4953,#4952,#2488,.T.);
#6281=EDGE_CURVE('',#4954,#4953,#2489,.T.);
#6282=EDGE_CURVE('',#4955,#4954,#2490,.T.);
#6283=EDGE_CURVE('',#4956,#4955,#2491,.T.);
#6284=EDGE_CURVE('',#4950,#4956,#2492,.T.);
#6285=EDGE_CURVE('',#4957,#4958,#2493,.T.);
#6286=EDGE_CURVE('',#4957,#4959,#2494,.T.);
#6287=EDGE_CURVE('',#4960,#4959,#2495,.T.);
#6288=EDGE_CURVE('',#4961,#4960,#2496,.T.);
#6289=EDGE_CURVE('',#4962,#4961,#2497,.T.);
#6290=EDGE_CURVE('',#4963,#4962,#2498,.T.);
#6291=EDGE_CURVE('',#4964,#4963,#2499,.T.);
#6292=EDGE_CURVE('',#4958,#4964,#2500,.T.);
#6293=EDGE_CURVE('',#4965,#4966,#2501,.T.);
#6294=EDGE_CURVE('',#4967,#4965,#2502,.T.);
#6295=EDGE_CURVE('',#4968,#4967,#2503,.T.);
#6296=EDGE_CURVE('',#4969,#4968,#2504,.T.);
#6297=EDGE_CURVE('',#4970,#4969,#2505,.T.);
#6298=EDGE_CURVE('',#4971,#4970,#2506,.T.);
#6299=EDGE_CURVE('',#4972,#4971,#2507,.T.);
#6300=EDGE_CURVE('',#4966,#4972,#2508,.T.);
#6301=EDGE_CURVE('',#4973,#4974,#2509,.T.);
#6302=EDGE_CURVE('',#4975,#4973,#2510,.T.);
#6303=EDGE_CURVE('',#4976,#4975,#2511,.T.);
#6304=EDGE_CURVE('',#4977,#4976,#2512,.T.);
#6305=EDGE_CURVE('',#4978,#4977,#2513,.T.);
#6306=EDGE_CURVE('',#4979,#4978,#2514,.T.);
#6307=EDGE_CURVE('',#4980,#4979,#2515,.T.);
#6308=EDGE_CURVE('',#4974,#4980,#2516,.T.);
#6309=EDGE_CURVE('',#4981,#4982,#2517,.T.);
#6310=EDGE_CURVE('',#4983,#4981,#2518,.T.);
#6311=EDGE_CURVE('',#4984,#4983,#2519,.T.);
#6312=EDGE_CURVE('',#4985,#4984,#2520,.T.);
#6313=EDGE_CURVE('',#4986,#4985,#2521,.T.);
#6314=EDGE_CURVE('',#4987,#4986,#2522,.T.);
#6315=EDGE_CURVE('',#4988,#4987,#2523,.T.);
#6316=EDGE_CURVE('',#4982,#4988,#2524,.T.);
#6317=EDGE_CURVE('',#4957,#4925,#2525,.T.);
#6318=EDGE_CURVE('',#4959,#4932,#2526,.T.);
#6319=EDGE_CURVE('',#4960,#4931,#2527,.T.);
#6320=EDGE_CURVE('',#4961,#4930,#2528,.T.);
#6321=EDGE_CURVE('',#4962,#4929,#2529,.T.);
#6322=EDGE_CURVE('',#4963,#4928,#2530,.T.);
#6323=EDGE_CURVE('',#4964,#4927,#2531,.T.);
#6324=EDGE_CURVE('',#4958,#4926,#2532,.T.);
#6325=EDGE_CURVE('',#4989,#4970,#2533,.T.);
#6326=EDGE_CURVE('',#4990,#4989,#229,.T.);
#6327=EDGE_CURVE('',#4991,#4990,#2534,.T.);
#6328=EDGE_CURVE('',#4992,#4991,#2535,.T.);
#6329=EDGE_CURVE('',#4992,#4993,#2536,.T.);
#6330=EDGE_CURVE('',#4993,#4994,#230,.T.);
#6331=EDGE_CURVE('',#4994,#4971,#2537,.T.);
#6332=EDGE_CURVE('',#4936,#4995,#2538,.T.);
#6333=EDGE_CURVE('',#4996,#4995,#2539,.T.);
#6334=EDGE_CURVE('',#4937,#4996,#2540,.T.);
#6335=EDGE_CURVE('',#4997,#4969,#2541,.T.);
#6336=EDGE_CURVE('',#4997,#4989,#2542,.T.);
#6337=EDGE_CURVE('',#4998,#4996,#2543,.T.);
#6338=EDGE_CURVE('',#4938,#4998,#2544,.T.);
#6339=EDGE_CURVE('',#4999,#4968,#2545,.T.);
#6340=EDGE_CURVE('',#4999,#4997,#2546,.T.);
#6341=EDGE_CURVE('',#4994,#5000,#2547,.T.);
#6342=EDGE_CURVE('',#5000,#4972,#2548,.T.);
#6343=EDGE_CURVE('',#4935,#5001,#2549,.T.);
#6344=EDGE_CURVE('',#4995,#5001,#2550,.T.);
#6345=EDGE_CURVE('',#5002,#4967,#2551,.T.);
#6346=EDGE_CURVE('',#5002,#4999,#2552,.T.);
#6347=EDGE_CURVE('',#5000,#5003,#2553,.T.);
#6348=EDGE_CURVE('',#5003,#4966,#2554,.T.);
#6349=EDGE_CURVE('',#4933,#5004,#2555,.T.);
#6350=EDGE_CURVE('',#5001,#5004,#2556,.T.);
#6351=EDGE_CURVE('',#5005,#4965,#2557,.T.);
#6352=EDGE_CURVE('',#5006,#5005,#231,.T.);
#6353=EDGE_CURVE('',#5007,#5006,#2558,.T.);
#6354=EDGE_CURVE('',#5008,#5007,#2559,.T.);
#6355=EDGE_CURVE('',#5008,#5009,#2560,.T.);
#6356=EDGE_CURVE('',#5009,#5002,#232,.T.);
#6357=EDGE_CURVE('',#5003,#5005,#2561,.T.);
#6358=EDGE_CURVE('',#5010,#4998,#2562,.T.);
#6359=EDGE_CURVE('',#4939,#5010,#2563,.T.);
#6360=EDGE_CURVE('',#5011,#5010,#2564,.T.);
#6361=EDGE_CURVE('',#4940,#5011,#2565,.T.);
#6362=EDGE_CURVE('',#4934,#5012,#2566,.T.);
#6363=EDGE_CURVE('',#5004,#5012,#2567,.T.);
#6364=EDGE_CURVE('',#4993,#5013,#2568,.T.);
#6365=EDGE_CURVE('',#5013,#5000,#233,.T.);
#6366=EDGE_CURVE('',#5014,#4990,#2569,.T.);
#6367=EDGE_CURVE('',#5014,#4997,#234,.T.);
#6368=EDGE_CURVE('',#5015,#5014,#2570,.T.);
#6369=EDGE_CURVE('',#5015,#4999,#235,.T.);
#6370=EDGE_CURVE('',#5009,#5015,#2571,.T.);
#6371=EDGE_CURVE('',#5016,#5006,#2572,.T.);
#6372=EDGE_CURVE('',#5016,#5003,#236,.T.);
#6373=EDGE_CURVE('',#5013,#5016,#2573,.T.);
#6374=EDGE_CURVE('',#5017,#4992,#2574,.T.);
#6375=EDGE_CURVE('',#5017,#5013,#2575,.T.);
#6376=EDGE_CURVE('',#4991,#5018,#2576,.T.);
#6377=EDGE_CURVE('',#5018,#5014,#2577,.T.);
#6378=EDGE_CURVE('',#5018,#5019,#2578,.T.);
#6379=EDGE_CURVE('',#5019,#5015,#2579,.T.);
#6380=EDGE_CURVE('',#5019,#5008,#2580,.T.);
#6381=EDGE_CURVE('',#5012,#5011,#2581,.T.);
#6382=EDGE_CURVE('',#5007,#5020,#2582,.T.);
#6383=EDGE_CURVE('',#5020,#5016,#2583,.T.);
#6384=EDGE_CURVE('',#5020,#5017,#2584,.T.);
#6385=EDGE_CURVE('',#5021,#4978,#2585,.T.);
#6386=EDGE_CURVE('',#5022,#5021,#237,.T.);
#6387=EDGE_CURVE('',#5023,#5022,#2586,.T.);
#6388=EDGE_CURVE('',#5024,#5023,#2587,.T.);
#6389=EDGE_CURVE('',#5024,#5025,#2588,.T.);
#6390=EDGE_CURVE('',#5025,#5026,#238,.T.);
#6391=EDGE_CURVE('',#5026,#4979,#2589,.T.);
#6392=EDGE_CURVE('',#4944,#5027,#2590,.T.);
#6393=EDGE_CURVE('',#5028,#5027,#2591,.T.);
#6394=EDGE_CURVE('',#4945,#5028,#2592,.T.);
#6395=EDGE_CURVE('',#5029,#4977,#2593,.T.);
#6396=EDGE_CURVE('',#5029,#5021,#2594,.T.);
#6397=EDGE_CURVE('',#5030,#5028,#2595,.T.);
#6398=EDGE_CURVE('',#4946,#5030,#2596,.T.);
#6399=EDGE_CURVE('',#5031,#4976,#2597,.T.);
#6400=EDGE_CURVE('',#5031,#5029,#2598,.T.);
#6401=EDGE_CURVE('',#5026,#5032,#2599,.T.);
#6402=EDGE_CURVE('',#5032,#4980,#2600,.T.);
#6403=EDGE_CURVE('',#4943,#5033,#2601,.T.);
#6404=EDGE_CURVE('',#5027,#5033,#2602,.T.);
#6405=EDGE_CURVE('',#5034,#4975,#2603,.T.);
#6406=EDGE_CURVE('',#5034,#5031,#2604,.T.);
#6407=EDGE_CURVE('',#5032,#5035,#2605,.T.);
#6408=EDGE_CURVE('',#5035,#4974,#2606,.T.);
#6409=EDGE_CURVE('',#4941,#5036,#2607,.T.);
#6410=EDGE_CURVE('',#5033,#5036,#2608,.T.);
#6411=EDGE_CURVE('',#5037,#4973,#2609,.T.);
#6412=EDGE_CURVE('',#5038,#5037,#239,.T.);
#6413=EDGE_CURVE('',#5039,#5038,#2610,.T.);
#6414=EDGE_CURVE('',#5040,#5039,#2611,.T.);
#6415=EDGE_CURVE('',#5040,#5041,#2612,.T.);
#6416=EDGE_CURVE('',#5041,#5034,#240,.T.);
#6417=EDGE_CURVE('',#5035,#5037,#2613,.T.);
#6418=EDGE_CURVE('',#5042,#5030,#2614,.T.);
#6419=EDGE_CURVE('',#4947,#5042,#2615,.T.);
#6420=EDGE_CURVE('',#5043,#5042,#2616,.T.);
#6421=EDGE_CURVE('',#4948,#5043,#2617,.T.);
#6422=EDGE_CURVE('',#4942,#5044,#2618,.T.);
#6423=EDGE_CURVE('',#5036,#5044,#2619,.T.);
#6424=EDGE_CURVE('',#5045,#5022,#2620,.T.);
#6425=EDGE_CURVE('',#5045,#5029,#241,.T.);
#6426=EDGE_CURVE('',#5046,#5045,#2621,.T.);
#6427=EDGE_CURVE('',#5046,#5031,#242,.T.);
#6428=EDGE_CURVE('',#5041,#5046,#2622,.T.);
#6429=EDGE_CURVE('',#5047,#5038,#2623,.T.);
#6430=EDGE_CURVE('',#5047,#5035,#243,.T.);
#6431=EDGE_CURVE('',#5048,#5047,#2624,.T.);
#6432=EDGE_CURVE('',#5048,#5032,#244,.T.);
#6433=EDGE_CURVE('',#5025,#5048,#2625,.T.);
#6434=EDGE_CURVE('',#5023,#5049,#2626,.T.);
#6435=EDGE_CURVE('',#5049,#5045,#2627,.T.);
#6436=EDGE_CURVE('',#5049,#5050,#2628,.T.);
#6437=EDGE_CURVE('',#5050,#5046,#2629,.T.);
#6438=EDGE_CURVE('',#5050,#5040,#2630,.T.);
#6439=EDGE_CURVE('',#5044,#5043,#2631,.T.);
#6440=EDGE_CURVE('',#5039,#5051,#2632,.T.);
#6441=EDGE_CURVE('',#5051,#5047,#2633,.T.);
#6442=EDGE_CURVE('',#5051,#5052,#2634,.T.);
#6443=EDGE_CURVE('',#5052,#5048,#2635,.T.);
#6444=EDGE_CURVE('',#5052,#5024,#2636,.T.);
#6445=EDGE_CURVE('',#5053,#4986,#2637,.T.);
#6446=EDGE_CURVE('',#5054,#5053,#245,.T.);
#6447=EDGE_CURVE('',#5055,#5054,#2638,.T.);
#6448=EDGE_CURVE('',#5056,#5055,#2639,.T.);
#6449=EDGE_CURVE('',#5056,#5057,#2640,.T.);
#6450=EDGE_CURVE('',#5057,#5058,#246,.T.);
#6451=EDGE_CURVE('',#5058,#4987,#2641,.T.);
#6452=EDGE_CURVE('',#4952,#5059,#2642,.T.);
#6453=EDGE_CURVE('',#5060,#5059,#2643,.T.);
#6454=EDGE_CURVE('',#4953,#5060,#2644,.T.);
#6455=EDGE_CURVE('',#5061,#4985,#2645,.T.);
#6456=EDGE_CURVE('',#5061,#5053,#2646,.T.);
#6457=EDGE_CURVE('',#5062,#5060,#2647,.T.);
#6458=EDGE_CURVE('',#4954,#5062,#2648,.T.);
#6459=EDGE_CURVE('',#5063,#4984,#2649,.T.);
#6460=EDGE_CURVE('',#5063,#5061,#2650,.T.);
#6461=EDGE_CURVE('',#5058,#5064,#2651,.T.);
#6462=EDGE_CURVE('',#5064,#4988,#2652,.T.);
#6463=EDGE_CURVE('',#4951,#5065,#2653,.T.);
#6464=EDGE_CURVE('',#5059,#5065,#2654,.T.);
#6465=EDGE_CURVE('',#5066,#4983,#2655,.T.);
#6466=EDGE_CURVE('',#5066,#5063,#2656,.T.);
#6467=EDGE_CURVE('',#5064,#5067,#2657,.T.);
#6468=EDGE_CURVE('',#5067,#4982,#2658,.T.);
#6469=EDGE_CURVE('',#4949,#5068,#2659,.T.);
#6470=EDGE_CURVE('',#5065,#5068,#2660,.T.);
#6471=EDGE_CURVE('',#5069,#4981,#2661,.T.);
#6472=EDGE_CURVE('',#5070,#5069,#247,.T.);
#6473=EDGE_CURVE('',#5071,#5070,#2662,.T.);
#6474=EDGE_CURVE('',#5072,#5071,#2663,.T.);
#6475=EDGE_CURVE('',#5072,#5073,#2664,.T.);
#6476=EDGE_CURVE('',#5073,#5066,#248,.T.);
#6477=EDGE_CURVE('',#5067,#5069,#2665,.T.);
#6478=EDGE_CURVE('',#5074,#5062,#2666,.T.);
#6479=EDGE_CURVE('',#4955,#5074,#2667,.T.);
#6480=EDGE_CURVE('',#5075,#5074,#2668,.T.);
#6481=EDGE_CURVE('',#4956,#5075,#2669,.T.);
#6482=EDGE_CURVE('',#4950,#5076,#2670,.T.);
#6483=EDGE_CURVE('',#5068,#5076,#2671,.T.);
#6484=EDGE_CURVE('',#5057,#5077,#2672,.T.);
#6485=EDGE_CURVE('',#5077,#5064,#249,.T.);
#6486=EDGE_CURVE('',#5078,#5054,#2673,.T.);
#6487=EDGE_CURVE('',#5078,#5061,#250,.T.);
#6488=EDGE_CURVE('',#5079,#5078,#2674,.T.);
#6489=EDGE_CURVE('',#5079,#5063,#251,.T.);
#6490=EDGE_CURVE('',#5073,#5079,#2675,.T.);
#6491=EDGE_CURVE('',#5080,#5070,#2676,.T.);
#6492=EDGE_CURVE('',#5080,#5067,#252,.T.);
#6493=EDGE_CURVE('',#5077,#5080,#2677,.T.);
#6494=EDGE_CURVE('',#5081,#5056,#2678,.T.);
#6495=EDGE_CURVE('',#5081,#5077,#2679,.T.);
#6496=EDGE_CURVE('',#5055,#5082,#2680,.T.);
#6497=EDGE_CURVE('',#5082,#5078,#2681,.T.);
#6498=EDGE_CURVE('',#5082,#5083,#2682,.T.);
#6499=EDGE_CURVE('',#5083,#5079,#2683,.T.);
#6500=EDGE_CURVE('',#5083,#5072,#2684,.T.);
#6501=EDGE_CURVE('',#5076,#5075,#2685,.T.);
#6502=EDGE_CURVE('',#5071,#5084,#2686,.T.);
#6503=EDGE_CURVE('',#5084,#5080,#2687,.T.);
#6504=EDGE_CURVE('',#5084,#5081,#2688,.T.);
#6505=EDGE_CURVE('',#5085,#5086,#2689,.T.);
#6506=EDGE_CURVE('',#5086,#5087,#2690,.T.);
#6507=EDGE_CURVE('',#5087,#5088,#2691,.T.);
#6508=EDGE_CURVE('',#5088,#5089,#2692,.T.);
#6509=EDGE_CURVE('',#5089,#5090,#2693,.T.);
#6510=EDGE_CURVE('',#5090,#5091,#2694,.T.);
#6511=EDGE_CURVE('',#5091,#5092,#2695,.T.);
#6512=EDGE_CURVE('',#5092,#5085,#2696,.T.);
#6513=EDGE_CURVE('',#5093,#5094,#2697,.T.);
#6514=EDGE_CURVE('',#5095,#5093,#2698,.T.);
#6515=EDGE_CURVE('',#5096,#5095,#2699,.T.);
#6516=EDGE_CURVE('',#5097,#5096,#2700,.T.);
#6517=EDGE_CURVE('',#5098,#5097,#2701,.T.);
#6518=EDGE_CURVE('',#5099,#5098,#2702,.T.);
#6519=EDGE_CURVE('',#5100,#5099,#2703,.T.);
#6520=EDGE_CURVE('',#5094,#5100,#2704,.T.);
#6521=EDGE_CURVE('',#5101,#5102,#2705,.T.);
#6522=EDGE_CURVE('',#5103,#5101,#2706,.T.);
#6523=EDGE_CURVE('',#5104,#5103,#2707,.T.);
#6524=EDGE_CURVE('',#5105,#5104,#2708,.T.);
#6525=EDGE_CURVE('',#5106,#5105,#2709,.T.);
#6526=EDGE_CURVE('',#5107,#5106,#2710,.T.);
#6527=EDGE_CURVE('',#5108,#5107,#2711,.T.);
#6528=EDGE_CURVE('',#5102,#5108,#2712,.T.);
#6529=EDGE_CURVE('',#5109,#5110,#2713,.T.);
#6530=EDGE_CURVE('',#5111,#5109,#2714,.T.);
#6531=EDGE_CURVE('',#5112,#5111,#2715,.T.);
#6532=EDGE_CURVE('',#5113,#5112,#2716,.T.);
#6533=EDGE_CURVE('',#5114,#5113,#2717,.T.);
#6534=EDGE_CURVE('',#5115,#5114,#2718,.T.);
#6535=EDGE_CURVE('',#5116,#5115,#2719,.T.);
#6536=EDGE_CURVE('',#5110,#5116,#2720,.T.);
#6537=EDGE_CURVE('',#5117,#5118,#2721,.T.);
#6538=EDGE_CURVE('',#5117,#5119,#2722,.T.);
#6539=EDGE_CURVE('',#5120,#5119,#2723,.T.);
#6540=EDGE_CURVE('',#5121,#5120,#2724,.T.);
#6541=EDGE_CURVE('',#5122,#5121,#2725,.T.);
#6542=EDGE_CURVE('',#5123,#5122,#2726,.T.);
#6543=EDGE_CURVE('',#5124,#5123,#2727,.T.);
#6544=EDGE_CURVE('',#5118,#5124,#2728,.T.);
#6545=EDGE_CURVE('',#5125,#5126,#2729,.T.);
#6546=EDGE_CURVE('',#5127,#5125,#2730,.T.);
#6547=EDGE_CURVE('',#5128,#5127,#2731,.T.);
#6548=EDGE_CURVE('',#5129,#5128,#2732,.T.);
#6549=EDGE_CURVE('',#5130,#5129,#2733,.T.);
#6550=EDGE_CURVE('',#5131,#5130,#2734,.T.);
#6551=EDGE_CURVE('',#5132,#5131,#2735,.T.);
#6552=EDGE_CURVE('',#5126,#5132,#2736,.T.);
#6553=EDGE_CURVE('',#5133,#5134,#2737,.T.);
#6554=EDGE_CURVE('',#5135,#5133,#2738,.T.);
#6555=EDGE_CURVE('',#5136,#5135,#2739,.T.);
#6556=EDGE_CURVE('',#5137,#5136,#2740,.T.);
#6557=EDGE_CURVE('',#5138,#5137,#2741,.T.);
#6558=EDGE_CURVE('',#5139,#5138,#2742,.T.);
#6559=EDGE_CURVE('',#5140,#5139,#2743,.T.);
#6560=EDGE_CURVE('',#5134,#5140,#2744,.T.);
#6561=EDGE_CURVE('',#5141,#5142,#2745,.T.);
#6562=EDGE_CURVE('',#5143,#5141,#2746,.T.);
#6563=EDGE_CURVE('',#5144,#5143,#2747,.T.);
#6564=EDGE_CURVE('',#5145,#5144,#2748,.T.);
#6565=EDGE_CURVE('',#5146,#5145,#2749,.T.);
#6566=EDGE_CURVE('',#5147,#5146,#2750,.T.);
#6567=EDGE_CURVE('',#5148,#5147,#2751,.T.);
#6568=EDGE_CURVE('',#5142,#5148,#2752,.T.);
#6569=EDGE_CURVE('',#5117,#5085,#2753,.T.);
#6570=EDGE_CURVE('',#5119,#5092,#2754,.T.);
#6571=EDGE_CURVE('',#5120,#5091,#2755,.T.);
#6572=EDGE_CURVE('',#5121,#5090,#2756,.T.);
#6573=EDGE_CURVE('',#5122,#5089,#2757,.T.);
#6574=EDGE_CURVE('',#5123,#5088,#2758,.T.);
#6575=EDGE_CURVE('',#5124,#5087,#2759,.T.);
#6576=EDGE_CURVE('',#5118,#5086,#2760,.T.);
#6577=EDGE_CURVE('',#5149,#5130,#2761,.T.);
#6578=EDGE_CURVE('',#5150,#5149,#253,.T.);
#6579=EDGE_CURVE('',#5151,#5150,#2762,.T.);
#6580=EDGE_CURVE('',#5152,#5151,#2763,.T.);
#6581=EDGE_CURVE('',#5152,#5153,#2764,.T.);
#6582=EDGE_CURVE('',#5153,#5154,#254,.T.);
#6583=EDGE_CURVE('',#5154,#5131,#2765,.T.);
#6584=EDGE_CURVE('',#5096,#5155,#2766,.T.);
#6585=EDGE_CURVE('',#5156,#5155,#2767,.T.);
#6586=EDGE_CURVE('',#5097,#5156,#2768,.T.);
#6587=EDGE_CURVE('',#5157,#5129,#2769,.T.);
#6588=EDGE_CURVE('',#5157,#5149,#2770,.T.);
#6589=EDGE_CURVE('',#5158,#5156,#2771,.T.);
#6590=EDGE_CURVE('',#5098,#5158,#2772,.T.);
#6591=EDGE_CURVE('',#5159,#5128,#2773,.T.);
#6592=EDGE_CURVE('',#5159,#5157,#2774,.T.);
#6593=EDGE_CURVE('',#5154,#5160,#2775,.T.);
#6594=EDGE_CURVE('',#5160,#5132,#2776,.T.);
#6595=EDGE_CURVE('',#5095,#5161,#2777,.T.);
#6596=EDGE_CURVE('',#5155,#5161,#2778,.T.);
#6597=EDGE_CURVE('',#5162,#5127,#2779,.T.);
#6598=EDGE_CURVE('',#5162,#5159,#2780,.T.);
#6599=EDGE_CURVE('',#5160,#5163,#2781,.T.);
#6600=EDGE_CURVE('',#5163,#5126,#2782,.T.);
#6601=EDGE_CURVE('',#5093,#5164,#2783,.T.);
#6602=EDGE_CURVE('',#5161,#5164,#2784,.T.);
#6603=EDGE_CURVE('',#5165,#5125,#2785,.T.);
#6604=EDGE_CURVE('',#5166,#5165,#255,.T.);
#6605=EDGE_CURVE('',#5167,#5166,#2786,.T.);
#6606=EDGE_CURVE('',#5168,#5167,#2787,.T.);
#6607=EDGE_CURVE('',#5168,#5169,#2788,.T.);
#6608=EDGE_CURVE('',#5169,#5162,#256,.T.);
#6609=EDGE_CURVE('',#5163,#5165,#2789,.T.);
#6610=EDGE_CURVE('',#5170,#5158,#2790,.T.);
#6611=EDGE_CURVE('',#5099,#5170,#2791,.T.);
#6612=EDGE_CURVE('',#5171,#5170,#2792,.T.);
#6613=EDGE_CURVE('',#5100,#5171,#2793,.T.);
#6614=EDGE_CURVE('',#5094,#5172,#2794,.T.);
#6615=EDGE_CURVE('',#5164,#5172,#2795,.T.);
#6616=EDGE_CURVE('',#5153,#5173,#2796,.T.);
#6617=EDGE_CURVE('',#5173,#5160,#257,.T.);
#6618=EDGE_CURVE('',#5174,#5150,#2797,.T.);
#6619=EDGE_CURVE('',#5174,#5157,#258,.T.);
#6620=EDGE_CURVE('',#5175,#5174,#2798,.T.);
#6621=EDGE_CURVE('',#5175,#5159,#259,.T.);
#6622=EDGE_CURVE('',#5169,#5175,#2799,.T.);
#6623=EDGE_CURVE('',#5176,#5166,#2800,.T.);
#6624=EDGE_CURVE('',#5176,#5163,#260,.T.);
#6625=EDGE_CURVE('',#5173,#5176,#2801,.T.);
#6626=EDGE_CURVE('',#5177,#5152,#2802,.T.);
#6627=EDGE_CURVE('',#5177,#5173,#2803,.T.);
#6628=EDGE_CURVE('',#5151,#5178,#2804,.T.);
#6629=EDGE_CURVE('',#5178,#5174,#2805,.T.);
#6630=EDGE_CURVE('',#5178,#5179,#2806,.T.);
#6631=EDGE_CURVE('',#5179,#5175,#2807,.T.);
#6632=EDGE_CURVE('',#5179,#5168,#2808,.T.);
#6633=EDGE_CURVE('',#5172,#5171,#2809,.T.);
#6634=EDGE_CURVE('',#5167,#5180,#2810,.T.);
#6635=EDGE_CURVE('',#5180,#5176,#2811,.T.);
#6636=EDGE_CURVE('',#5180,#5177,#2812,.T.);
#6637=EDGE_CURVE('',#5181,#5138,#2813,.T.);
#6638=EDGE_CURVE('',#5182,#5181,#261,.T.);
#6639=EDGE_CURVE('',#5183,#5182,#2814,.T.);
#6640=EDGE_CURVE('',#5184,#5183,#2815,.T.);
#6641=EDGE_CURVE('',#5184,#5185,#2816,.T.);
#6642=EDGE_CURVE('',#5185,#5186,#262,.T.);
#6643=EDGE_CURVE('',#5186,#5139,#2817,.T.);
#6644=EDGE_CURVE('',#5104,#5187,#2818,.T.);
#6645=EDGE_CURVE('',#5188,#5187,#2819,.T.);
#6646=EDGE_CURVE('',#5105,#5188,#2820,.T.);
#6647=EDGE_CURVE('',#5189,#5137,#2821,.T.);
#6648=EDGE_CURVE('',#5189,#5181,#2822,.T.);
#6649=EDGE_CURVE('',#5190,#5188,#2823,.T.);
#6650=EDGE_CURVE('',#5106,#5190,#2824,.T.);
#6651=EDGE_CURVE('',#5191,#5136,#2825,.T.);
#6652=EDGE_CURVE('',#5191,#5189,#2826,.T.);
#6653=EDGE_CURVE('',#5186,#5192,#2827,.T.);
#6654=EDGE_CURVE('',#5192,#5140,#2828,.T.);
#6655=EDGE_CURVE('',#5103,#5193,#2829,.T.);
#6656=EDGE_CURVE('',#5187,#5193,#2830,.T.);
#6657=EDGE_CURVE('',#5194,#5135,#2831,.T.);
#6658=EDGE_CURVE('',#5194,#5191,#2832,.T.);
#6659=EDGE_CURVE('',#5192,#5195,#2833,.T.);
#6660=EDGE_CURVE('',#5195,#5134,#2834,.T.);
#6661=EDGE_CURVE('',#5101,#5196,#2835,.T.);
#6662=EDGE_CURVE('',#5193,#5196,#2836,.T.);
#6663=EDGE_CURVE('',#5197,#5133,#2837,.T.);
#6664=EDGE_CURVE('',#5198,#5197,#263,.T.);
#6665=EDGE_CURVE('',#5199,#5198,#2838,.T.);
#6666=EDGE_CURVE('',#5200,#5199,#2839,.T.);
#6667=EDGE_CURVE('',#5200,#5201,#2840,.T.);
#6668=EDGE_CURVE('',#5201,#5194,#264,.T.);
#6669=EDGE_CURVE('',#5195,#5197,#2841,.T.);
#6670=EDGE_CURVE('',#5202,#5190,#2842,.T.);
#6671=EDGE_CURVE('',#5107,#5202,#2843,.T.);
#6672=EDGE_CURVE('',#5203,#5202,#2844,.T.);
#6673=EDGE_CURVE('',#5108,#5203,#2845,.T.);
#6674=EDGE_CURVE('',#5102,#5204,#2846,.T.);
#6675=EDGE_CURVE('',#5196,#5204,#2847,.T.);
#6676=EDGE_CURVE('',#5205,#5182,#2848,.T.);
#6677=EDGE_CURVE('',#5205,#5189,#265,.T.);
#6678=EDGE_CURVE('',#5206,#5205,#2849,.T.);
#6679=EDGE_CURVE('',#5206,#5191,#266,.T.);
#6680=EDGE_CURVE('',#5201,#5206,#2850,.T.);
#6681=EDGE_CURVE('',#5207,#5198,#2851,.T.);
#6682=EDGE_CURVE('',#5207,#5195,#267,.T.);
#6683=EDGE_CURVE('',#5208,#5207,#2852,.T.);
#6684=EDGE_CURVE('',#5208,#5192,#268,.T.);
#6685=EDGE_CURVE('',#5185,#5208,#2853,.T.);
#6686=EDGE_CURVE('',#5183,#5209,#2854,.T.);
#6687=EDGE_CURVE('',#5209,#5205,#2855,.T.);
#6688=EDGE_CURVE('',#5209,#5210,#2856,.T.);
#6689=EDGE_CURVE('',#5210,#5206,#2857,.T.);
#6690=EDGE_CURVE('',#5210,#5200,#2858,.T.);
#6691=EDGE_CURVE('',#5204,#5203,#2859,.T.);
#6692=EDGE_CURVE('',#5199,#5211,#2860,.T.);
#6693=EDGE_CURVE('',#5211,#5207,#2861,.T.);
#6694=EDGE_CURVE('',#5211,#5212,#2862,.T.);
#6695=EDGE_CURVE('',#5212,#5208,#2863,.T.);
#6696=EDGE_CURVE('',#5212,#5184,#2864,.T.);
#6697=EDGE_CURVE('',#5213,#5146,#2865,.T.);
#6698=EDGE_CURVE('',#5214,#5213,#269,.T.);
#6699=EDGE_CURVE('',#5215,#5214,#2866,.T.);
#6700=EDGE_CURVE('',#5216,#5215,#2867,.T.);
#6701=EDGE_CURVE('',#5216,#5217,#2868,.T.);
#6702=EDGE_CURVE('',#5217,#5218,#270,.T.);
#6703=EDGE_CURVE('',#5218,#5147,#2869,.T.);
#6704=EDGE_CURVE('',#5112,#5219,#2870,.T.);
#6705=EDGE_CURVE('',#5220,#5219,#2871,.T.);
#6706=EDGE_CURVE('',#5113,#5220,#2872,.T.);
#6707=EDGE_CURVE('',#5221,#5145,#2873,.T.);
#6708=EDGE_CURVE('',#5221,#5213,#2874,.T.);
#6709=EDGE_CURVE('',#5222,#5220,#2875,.T.);
#6710=EDGE_CURVE('',#5114,#5222,#2876,.T.);
#6711=EDGE_CURVE('',#5223,#5144,#2877,.T.);
#6712=EDGE_CURVE('',#5223,#5221,#2878,.T.);
#6713=EDGE_CURVE('',#5218,#5224,#2879,.T.);
#6714=EDGE_CURVE('',#5224,#5148,#2880,.T.);
#6715=EDGE_CURVE('',#5111,#5225,#2881,.T.);
#6716=EDGE_CURVE('',#5219,#5225,#2882,.T.);
#6717=EDGE_CURVE('',#5226,#5143,#2883,.T.);
#6718=EDGE_CURVE('',#5226,#5223,#2884,.T.);
#6719=EDGE_CURVE('',#5224,#5227,#2885,.T.);
#6720=EDGE_CURVE('',#5227,#5142,#2886,.T.);
#6721=EDGE_CURVE('',#5109,#5228,#2887,.T.);
#6722=EDGE_CURVE('',#5225,#5228,#2888,.T.);
#6723=EDGE_CURVE('',#5229,#5141,#2889,.T.);
#6724=EDGE_CURVE('',#5230,#5229,#271,.T.);
#6725=EDGE_CURVE('',#5231,#5230,#2890,.T.);
#6726=EDGE_CURVE('',#5232,#5231,#2891,.T.);
#6727=EDGE_CURVE('',#5232,#5233,#2892,.T.);
#6728=EDGE_CURVE('',#5233,#5226,#272,.T.);
#6729=EDGE_CURVE('',#5227,#5229,#2893,.T.);
#6730=EDGE_CURVE('',#5234,#5222,#2894,.T.);
#6731=EDGE_CURVE('',#5115,#5234,#2895,.T.);
#6732=EDGE_CURVE('',#5235,#5234,#2896,.T.);
#6733=EDGE_CURVE('',#5116,#5235,#2897,.T.);
#6734=EDGE_CURVE('',#5110,#5236,#2898,.T.);
#6735=EDGE_CURVE('',#5228,#5236,#2899,.T.);
#6736=EDGE_CURVE('',#5217,#5237,#2900,.T.);
#6737=EDGE_CURVE('',#5237,#5224,#273,.T.);
#6738=EDGE_CURVE('',#5238,#5214,#2901,.T.);
#6739=EDGE_CURVE('',#5238,#5221,#274,.T.);
#6740=EDGE_CURVE('',#5239,#5238,#2902,.T.);
#6741=EDGE_CURVE('',#5239,#5223,#275,.T.);
#6742=EDGE_CURVE('',#5233,#5239,#2903,.T.);
#6743=EDGE_CURVE('',#5240,#5230,#2904,.T.);
#6744=EDGE_CURVE('',#5240,#5227,#276,.T.);
#6745=EDGE_CURVE('',#5237,#5240,#2905,.T.);
#6746=EDGE_CURVE('',#5241,#5216,#2906,.T.);
#6747=EDGE_CURVE('',#5241,#5237,#2907,.T.);
#6748=EDGE_CURVE('',#5215,#5242,#2908,.T.);
#6749=EDGE_CURVE('',#5242,#5238,#2909,.T.);
#6750=EDGE_CURVE('',#5242,#5243,#2910,.T.);
#6751=EDGE_CURVE('',#5243,#5239,#2911,.T.);
#6752=EDGE_CURVE('',#5243,#5232,#2912,.T.);
#6753=EDGE_CURVE('',#5236,#5235,#2913,.T.);
#6754=EDGE_CURVE('',#5231,#5244,#2914,.T.);
#6755=EDGE_CURVE('',#5244,#5240,#2915,.T.);
#6756=EDGE_CURVE('',#5244,#5241,#2916,.T.);
#6757=ORIENTED_EDGE('',*,*,#5245,.T.);
#6758=ORIENTED_EDGE('',*,*,#5246,.T.);
#6759=ORIENTED_EDGE('',*,*,#5247,.T.);
#6760=ORIENTED_EDGE('',*,*,#5248,.T.);
#6761=ORIENTED_EDGE('',*,*,#5249,.T.);
#6762=ORIENTED_EDGE('',*,*,#5250,.T.);
#6763=ORIENTED_EDGE('',*,*,#5251,.T.);
#6764=ORIENTED_EDGE('',*,*,#5252,.T.);
#6765=ORIENTED_EDGE('',*,*,#5253,.F.);
#6766=ORIENTED_EDGE('',*,*,#5254,.F.);
#6767=ORIENTED_EDGE('',*,*,#5255,.F.);
#6768=ORIENTED_EDGE('',*,*,#5256,.F.);
#6769=ORIENTED_EDGE('',*,*,#5257,.F.);
#6770=ORIENTED_EDGE('',*,*,#5258,.F.);
#6771=ORIENTED_EDGE('',*,*,#5259,.F.);
#6772=ORIENTED_EDGE('',*,*,#5260,.F.);
#6773=ORIENTED_EDGE('',*,*,#5261,.F.);
#6774=ORIENTED_EDGE('',*,*,#5262,.F.);
#6775=ORIENTED_EDGE('',*,*,#5263,.F.);
#6776=ORIENTED_EDGE('',*,*,#5264,.F.);
#6777=ORIENTED_EDGE('',*,*,#5265,.F.);
#6778=ORIENTED_EDGE('',*,*,#5266,.F.);
#6779=ORIENTED_EDGE('',*,*,#5267,.F.);
#6780=ORIENTED_EDGE('',*,*,#5268,.F.);
#6781=ORIENTED_EDGE('',*,*,#5269,.F.);
#6782=ORIENTED_EDGE('',*,*,#5270,.F.);
#6783=ORIENTED_EDGE('',*,*,#5271,.F.);
#6784=ORIENTED_EDGE('',*,*,#5272,.F.);
#6785=ORIENTED_EDGE('',*,*,#5273,.F.);
#6786=ORIENTED_EDGE('',*,*,#5274,.F.);
#6787=ORIENTED_EDGE('',*,*,#5275,.F.);
#6788=ORIENTED_EDGE('',*,*,#5276,.F.);
#6789=ORIENTED_EDGE('',*,*,#5277,.F.);
#6790=ORIENTED_EDGE('',*,*,#5278,.T.);
#6791=ORIENTED_EDGE('',*,*,#5279,.F.);
#6792=ORIENTED_EDGE('',*,*,#5280,.F.);
#6793=ORIENTED_EDGE('',*,*,#5281,.F.);
#6794=ORIENTED_EDGE('',*,*,#5282,.F.);
#6795=ORIENTED_EDGE('',*,*,#5283,.F.);
#6796=ORIENTED_EDGE('',*,*,#5284,.F.);
#6797=ORIENTED_EDGE('',*,*,#5285,.F.);
#6798=ORIENTED_EDGE('',*,*,#5286,.F.);
#6799=ORIENTED_EDGE('',*,*,#5287,.F.);
#6800=ORIENTED_EDGE('',*,*,#5288,.F.);
#6801=ORIENTED_EDGE('',*,*,#5289,.F.);
#6802=ORIENTED_EDGE('',*,*,#5290,.F.);
#6803=ORIENTED_EDGE('',*,*,#5291,.F.);
#6804=ORIENTED_EDGE('',*,*,#5292,.F.);
#6805=ORIENTED_EDGE('',*,*,#5293,.F.);
#6806=ORIENTED_EDGE('',*,*,#5294,.F.);
#6807=ORIENTED_EDGE('',*,*,#5295,.F.);
#6808=ORIENTED_EDGE('',*,*,#5296,.F.);
#6809=ORIENTED_EDGE('',*,*,#5297,.F.);
#6810=ORIENTED_EDGE('',*,*,#5298,.F.);
#6811=ORIENTED_EDGE('',*,*,#5299,.F.);
#6812=ORIENTED_EDGE('',*,*,#5300,.F.);
#6813=ORIENTED_EDGE('',*,*,#5301,.F.);
#6814=ORIENTED_EDGE('',*,*,#5302,.F.);
#6815=ORIENTED_EDGE('',*,*,#5303,.F.);
#6816=ORIENTED_EDGE('',*,*,#5304,.F.);
#6817=ORIENTED_EDGE('',*,*,#5305,.F.);
#6818=ORIENTED_EDGE('',*,*,#5306,.F.);
#6819=ORIENTED_EDGE('',*,*,#5307,.F.);
#6820=ORIENTED_EDGE('',*,*,#5308,.F.);
#6821=ORIENTED_EDGE('',*,*,#5278,.F.);
#6822=ORIENTED_EDGE('',*,*,#5309,.T.);
#6823=ORIENTED_EDGE('',*,*,#5252,.F.);
#6824=ORIENTED_EDGE('',*,*,#5310,.F.);
#6825=ORIENTED_EDGE('',*,*,#5279,.T.);
#6826=ORIENTED_EDGE('',*,*,#5310,.T.);
#6827=ORIENTED_EDGE('',*,*,#5251,.F.);
#6828=ORIENTED_EDGE('',*,*,#5311,.F.);
#6829=ORIENTED_EDGE('',*,*,#5280,.T.);
#6830=ORIENTED_EDGE('',*,*,#5311,.T.);
#6831=ORIENTED_EDGE('',*,*,#5250,.F.);
#6832=ORIENTED_EDGE('',*,*,#5312,.F.);
#6833=ORIENTED_EDGE('',*,*,#5281,.T.);
#6834=ORIENTED_EDGE('',*,*,#5312,.T.);
#6835=ORIENTED_EDGE('',*,*,#5249,.F.);
#6836=ORIENTED_EDGE('',*,*,#5313,.F.);
#6837=ORIENTED_EDGE('',*,*,#5282,.T.);
#6838=ORIENTED_EDGE('',*,*,#5313,.T.);
#6839=ORIENTED_EDGE('',*,*,#5248,.F.);
#6840=ORIENTED_EDGE('',*,*,#5314,.F.);
#6841=ORIENTED_EDGE('',*,*,#5283,.T.);
#6842=ORIENTED_EDGE('',*,*,#5314,.T.);
#6843=ORIENTED_EDGE('',*,*,#5247,.F.);
#6844=ORIENTED_EDGE('',*,*,#5315,.F.);
#6845=ORIENTED_EDGE('',*,*,#5284,.T.);
#6846=ORIENTED_EDGE('',*,*,#5315,.T.);
#6847=ORIENTED_EDGE('',*,*,#5246,.F.);
#6848=ORIENTED_EDGE('',*,*,#5316,.F.);
#6849=ORIENTED_EDGE('',*,*,#5277,.T.);
#6850=ORIENTED_EDGE('',*,*,#5316,.T.);
#6851=ORIENTED_EDGE('',*,*,#5245,.F.);
#6852=ORIENTED_EDGE('',*,*,#5309,.F.);
#6853=ORIENTED_EDGE('',*,*,#5290,.T.);
#6854=ORIENTED_EDGE('',*,*,#5317,.F.);
#6855=ORIENTED_EDGE('',*,*,#5318,.F.);
#6856=ORIENTED_EDGE('',*,*,#5319,.F.);
#6857=ORIENTED_EDGE('',*,*,#5320,.F.);
#6858=ORIENTED_EDGE('',*,*,#5321,.T.);
#6859=ORIENTED_EDGE('',*,*,#5322,.T.);
#6860=ORIENTED_EDGE('',*,*,#5323,.T.);
#6861=ORIENTED_EDGE('',*,*,#5256,.T.);
#6862=ORIENTED_EDGE('',*,*,#5324,.T.);
#6863=ORIENTED_EDGE('',*,*,#5325,.F.);
#6864=ORIENTED_EDGE('',*,*,#5326,.F.);
#6865=ORIENTED_EDGE('',*,*,#5289,.T.);
#6866=ORIENTED_EDGE('',*,*,#5327,.F.);
#6867=ORIENTED_EDGE('',*,*,#5328,.T.);
#6868=ORIENTED_EDGE('',*,*,#5317,.T.);
#6869=ORIENTED_EDGE('',*,*,#5257,.T.);
#6870=ORIENTED_EDGE('',*,*,#5326,.T.);
#6871=ORIENTED_EDGE('',*,*,#5329,.F.);
#6872=ORIENTED_EDGE('',*,*,#5330,.F.);
#6873=ORIENTED_EDGE('',*,*,#5288,.T.);
#6874=ORIENTED_EDGE('',*,*,#5331,.F.);
#6875=ORIENTED_EDGE('',*,*,#5332,.T.);
#6876=ORIENTED_EDGE('',*,*,#5327,.T.);
#6877=ORIENTED_EDGE('',*,*,#5291,.T.);
#6878=ORIENTED_EDGE('',*,*,#5323,.F.);
#6879=ORIENTED_EDGE('',*,*,#5333,.T.);
#6880=ORIENTED_EDGE('',*,*,#5334,.T.);
#6881=ORIENTED_EDGE('',*,*,#5255,.T.);
#6882=ORIENTED_EDGE('',*,*,#5335,.T.);
#6883=ORIENTED_EDGE('',*,*,#5336,.F.);
#6884=ORIENTED_EDGE('',*,*,#5324,.F.);
#6885=ORIENTED_EDGE('',*,*,#5287,.T.);
#6886=ORIENTED_EDGE('',*,*,#5337,.F.);
#6887=ORIENTED_EDGE('',*,*,#5338,.T.);
#6888=ORIENTED_EDGE('',*,*,#5331,.T.);
#6889=ORIENTED_EDGE('',*,*,#5292,.T.);
#6890=ORIENTED_EDGE('',*,*,#5334,.F.);
#6891=ORIENTED_EDGE('',*,*,#5339,.T.);
#6892=ORIENTED_EDGE('',*,*,#5340,.T.);
#6893=ORIENTED_EDGE('',*,*,#5254,.T.);
#6894=ORIENTED_EDGE('',*,*,#5341,.T.);
#6895=ORIENTED_EDGE('',*,*,#5342,.F.);
#6896=ORIENTED_EDGE('',*,*,#5335,.F.);
#6897=ORIENTED_EDGE('',*,*,#5286,.T.);
#6898=ORIENTED_EDGE('',*,*,#5343,.F.);
#6899=ORIENTED_EDGE('',*,*,#5344,.F.);
#6900=ORIENTED_EDGE('',*,*,#5345,.F.);
#6901=ORIENTED_EDGE('',*,*,#5346,.F.);
#6902=ORIENTED_EDGE('',*,*,#5347,.T.);
#6903=ORIENTED_EDGE('',*,*,#5348,.T.);
#6904=ORIENTED_EDGE('',*,*,#5337,.T.);
#6905=ORIENTED_EDGE('',*,*,#5285,.T.);
#6906=ORIENTED_EDGE('',*,*,#5340,.F.);
#6907=ORIENTED_EDGE('',*,*,#5349,.T.);
#6908=ORIENTED_EDGE('',*,*,#5343,.T.);
#6909=ORIENTED_EDGE('',*,*,#5258,.T.);
#6910=ORIENTED_EDGE('',*,*,#5330,.T.);
#6911=ORIENTED_EDGE('',*,*,#5350,.F.);
#6912=ORIENTED_EDGE('',*,*,#5351,.F.);
#6913=ORIENTED_EDGE('',*,*,#5259,.T.);
#6914=ORIENTED_EDGE('',*,*,#5351,.T.);
#6915=ORIENTED_EDGE('',*,*,#5352,.F.);
#6916=ORIENTED_EDGE('',*,*,#5353,.F.);
#6917=ORIENTED_EDGE('',*,*,#5253,.T.);
#6918=ORIENTED_EDGE('',*,*,#5354,.T.);
#6919=ORIENTED_EDGE('',*,*,#5355,.F.);
#6920=ORIENTED_EDGE('',*,*,#5341,.F.);
#6921=ORIENTED_EDGE('',*,*,#5356,.T.);
#6922=ORIENTED_EDGE('',*,*,#5357,.T.);
#6923=ORIENTED_EDGE('',*,*,#5333,.F.);
#6924=ORIENTED_EDGE('',*,*,#5322,.F.);
#6925=ORIENTED_EDGE('',*,*,#5358,.T.);
#6926=ORIENTED_EDGE('',*,*,#5318,.T.);
#6927=ORIENTED_EDGE('',*,*,#5328,.F.);
#6928=ORIENTED_EDGE('',*,*,#5359,.F.);
#6929=ORIENTED_EDGE('',*,*,#5360,.T.);
#6930=ORIENTED_EDGE('',*,*,#5359,.T.);
#6931=ORIENTED_EDGE('',*,*,#5332,.F.);
#6932=ORIENTED_EDGE('',*,*,#5361,.F.);
#6933=ORIENTED_EDGE('',*,*,#5362,.T.);
#6934=ORIENTED_EDGE('',*,*,#5361,.T.);
#6935=ORIENTED_EDGE('',*,*,#5338,.F.);
#6936=ORIENTED_EDGE('',*,*,#5348,.F.);
#6937=ORIENTED_EDGE('',*,*,#5363,.T.);
#6938=ORIENTED_EDGE('',*,*,#5344,.T.);
#6939=ORIENTED_EDGE('',*,*,#5349,.F.);
#6940=ORIENTED_EDGE('',*,*,#5364,.F.);
#6941=ORIENTED_EDGE('',*,*,#5365,.T.);
#6942=ORIENTED_EDGE('',*,*,#5364,.T.);
#6943=ORIENTED_EDGE('',*,*,#5339,.F.);
#6944=ORIENTED_EDGE('',*,*,#5357,.F.);
#6945=ORIENTED_EDGE('',*,*,#5366,.F.);
#6946=ORIENTED_EDGE('',*,*,#5367,.T.);
#6947=ORIENTED_EDGE('',*,*,#5356,.F.);
#6948=ORIENTED_EDGE('',*,*,#5321,.F.);
#6949=ORIENTED_EDGE('',*,*,#5368,.F.);
#6950=ORIENTED_EDGE('',*,*,#5319,.T.);
#6951=ORIENTED_EDGE('',*,*,#5358,.F.);
#6952=ORIENTED_EDGE('',*,*,#5369,.F.);
#6953=ORIENTED_EDGE('',*,*,#5370,.F.);
#6954=ORIENTED_EDGE('',*,*,#5369,.T.);
#6955=ORIENTED_EDGE('',*,*,#5360,.F.);
#6956=ORIENTED_EDGE('',*,*,#5371,.F.);
#6957=ORIENTED_EDGE('',*,*,#5372,.F.);
#6958=ORIENTED_EDGE('',*,*,#5371,.T.);
#6959=ORIENTED_EDGE('',*,*,#5362,.F.);
#6960=ORIENTED_EDGE('',*,*,#5347,.F.);
#6961=ORIENTED_EDGE('',*,*,#5260,.T.);
#6962=ORIENTED_EDGE('',*,*,#5353,.T.);
#6963=ORIENTED_EDGE('',*,*,#5373,.F.);
#6964=ORIENTED_EDGE('',*,*,#5354,.F.);
#6965=ORIENTED_EDGE('',*,*,#5374,.F.);
#6966=ORIENTED_EDGE('',*,*,#5345,.T.);
#6967=ORIENTED_EDGE('',*,*,#5363,.F.);
#6968=ORIENTED_EDGE('',*,*,#5375,.F.);
#6969=ORIENTED_EDGE('',*,*,#5376,.F.);
#6970=ORIENTED_EDGE('',*,*,#5375,.T.);
#6971=ORIENTED_EDGE('',*,*,#5365,.F.);
#6972=ORIENTED_EDGE('',*,*,#5367,.F.);
#6973=ORIENTED_EDGE('',*,*,#5342,.T.);
#6974=ORIENTED_EDGE('',*,*,#5355,.T.);
#6975=ORIENTED_EDGE('',*,*,#5373,.T.);
#6976=ORIENTED_EDGE('',*,*,#5352,.T.);
#6977=ORIENTED_EDGE('',*,*,#5350,.T.);
#6978=ORIENTED_EDGE('',*,*,#5329,.T.);
#6979=ORIENTED_EDGE('',*,*,#5325,.T.);
#6980=ORIENTED_EDGE('',*,*,#5336,.T.);
#6981=ORIENTED_EDGE('',*,*,#5376,.T.);
#6982=ORIENTED_EDGE('',*,*,#5366,.T.);
#6983=ORIENTED_EDGE('',*,*,#5320,.T.);
#6984=ORIENTED_EDGE('',*,*,#5368,.T.);
#6985=ORIENTED_EDGE('',*,*,#5370,.T.);
#6986=ORIENTED_EDGE('',*,*,#5372,.T.);
#6987=ORIENTED_EDGE('',*,*,#5346,.T.);
#6988=ORIENTED_EDGE('',*,*,#5374,.T.);
#6989=ORIENTED_EDGE('',*,*,#5298,.T.);
#6990=ORIENTED_EDGE('',*,*,#5377,.F.);
#6991=ORIENTED_EDGE('',*,*,#5378,.F.);
#6992=ORIENTED_EDGE('',*,*,#5379,.F.);
#6993=ORIENTED_EDGE('',*,*,#5380,.F.);
#6994=ORIENTED_EDGE('',*,*,#5381,.T.);
#6995=ORIENTED_EDGE('',*,*,#5382,.T.);
#6996=ORIENTED_EDGE('',*,*,#5383,.T.);
#6997=ORIENTED_EDGE('',*,*,#5264,.T.);
#6998=ORIENTED_EDGE('',*,*,#5384,.T.);
#6999=ORIENTED_EDGE('',*,*,#5385,.F.);
#7000=ORIENTED_EDGE('',*,*,#5386,.F.);
#7001=ORIENTED_EDGE('',*,*,#5297,.T.);
#7002=ORIENTED_EDGE('',*,*,#5387,.F.);
#7003=ORIENTED_EDGE('',*,*,#5388,.T.);
#7004=ORIENTED_EDGE('',*,*,#5377,.T.);
#7005=ORIENTED_EDGE('',*,*,#5265,.T.);
#7006=ORIENTED_EDGE('',*,*,#5386,.T.);
#7007=ORIENTED_EDGE('',*,*,#5389,.F.);
#7008=ORIENTED_EDGE('',*,*,#5390,.F.);
#7009=ORIENTED_EDGE('',*,*,#5296,.T.);
#7010=ORIENTED_EDGE('',*,*,#5391,.F.);
#7011=ORIENTED_EDGE('',*,*,#5392,.T.);
#7012=ORIENTED_EDGE('',*,*,#5387,.T.);
#7013=ORIENTED_EDGE('',*,*,#5299,.T.);
#7014=ORIENTED_EDGE('',*,*,#5383,.F.);
#7015=ORIENTED_EDGE('',*,*,#5393,.T.);
#7016=ORIENTED_EDGE('',*,*,#5394,.T.);
#7017=ORIENTED_EDGE('',*,*,#5263,.T.);
#7018=ORIENTED_EDGE('',*,*,#5395,.T.);
#7019=ORIENTED_EDGE('',*,*,#5396,.F.);
#7020=ORIENTED_EDGE('',*,*,#5384,.F.);
#7021=ORIENTED_EDGE('',*,*,#5295,.T.);
#7022=ORIENTED_EDGE('',*,*,#5397,.F.);
#7023=ORIENTED_EDGE('',*,*,#5398,.T.);
#7024=ORIENTED_EDGE('',*,*,#5391,.T.);
#7025=ORIENTED_EDGE('',*,*,#5300,.T.);
#7026=ORIENTED_EDGE('',*,*,#5394,.F.);
#7027=ORIENTED_EDGE('',*,*,#5399,.T.);
#7028=ORIENTED_EDGE('',*,*,#5400,.T.);
#7029=ORIENTED_EDGE('',*,*,#5262,.T.);
#7030=ORIENTED_EDGE('',*,*,#5401,.T.);
#7031=ORIENTED_EDGE('',*,*,#5402,.F.);
#7032=ORIENTED_EDGE('',*,*,#5395,.F.);
#7033=ORIENTED_EDGE('',*,*,#5294,.T.);
#7034=ORIENTED_EDGE('',*,*,#5403,.F.);
#7035=ORIENTED_EDGE('',*,*,#5404,.F.);
#7036=ORIENTED_EDGE('',*,*,#5405,.F.);
#7037=ORIENTED_EDGE('',*,*,#5406,.F.);
#7038=ORIENTED_EDGE('',*,*,#5407,.T.);
#7039=ORIENTED_EDGE('',*,*,#5408,.T.);
#7040=ORIENTED_EDGE('',*,*,#5397,.T.);
#7041=ORIENTED_EDGE('',*,*,#5293,.T.);
#7042=ORIENTED_EDGE('',*,*,#5400,.F.);
#7043=ORIENTED_EDGE('',*,*,#5409,.T.);
#7044=ORIENTED_EDGE('',*,*,#5403,.T.);
#7045=ORIENTED_EDGE('',*,*,#5266,.T.);
#7046=ORIENTED_EDGE('',*,*,#5390,.T.);
#7047=ORIENTED_EDGE('',*,*,#5410,.F.);
#7048=ORIENTED_EDGE('',*,*,#5411,.F.);
#7049=ORIENTED_EDGE('',*,*,#5267,.T.);
#7050=ORIENTED_EDGE('',*,*,#5411,.T.);
#7051=ORIENTED_EDGE('',*,*,#5412,.F.);
#7052=ORIENTED_EDGE('',*,*,#5413,.F.);
#7053=ORIENTED_EDGE('',*,*,#5261,.T.);
#7054=ORIENTED_EDGE('',*,*,#5414,.T.);
#7055=ORIENTED_EDGE('',*,*,#5415,.F.);
#7056=ORIENTED_EDGE('',*,*,#5401,.F.);
#7057=ORIENTED_EDGE('',*,*,#5416,.T.);
#7058=ORIENTED_EDGE('',*,*,#5378,.T.);
#7059=ORIENTED_EDGE('',*,*,#5388,.F.);
#7060=ORIENTED_EDGE('',*,*,#5417,.F.);
#7061=ORIENTED_EDGE('',*,*,#5418,.T.);
#7062=ORIENTED_EDGE('',*,*,#5417,.T.);
#7063=ORIENTED_EDGE('',*,*,#5392,.F.);
#7064=ORIENTED_EDGE('',*,*,#5419,.F.);
#7065=ORIENTED_EDGE('',*,*,#5420,.T.);
#7066=ORIENTED_EDGE('',*,*,#5419,.T.);
#7067=ORIENTED_EDGE('',*,*,#5398,.F.);
#7068=ORIENTED_EDGE('',*,*,#5408,.F.);
#7069=ORIENTED_EDGE('',*,*,#5421,.T.);
#7070=ORIENTED_EDGE('',*,*,#5404,.T.);
#7071=ORIENTED_EDGE('',*,*,#5409,.F.);
#7072=ORIENTED_EDGE('',*,*,#5422,.F.);
#7073=ORIENTED_EDGE('',*,*,#5423,.T.);
#7074=ORIENTED_EDGE('',*,*,#5422,.T.);
#7075=ORIENTED_EDGE('',*,*,#5399,.F.);
#7076=ORIENTED_EDGE('',*,*,#5424,.F.);
#7077=ORIENTED_EDGE('',*,*,#5425,.T.);
#7078=ORIENTED_EDGE('',*,*,#5424,.T.);
#7079=ORIENTED_EDGE('',*,*,#5393,.F.);
#7080=ORIENTED_EDGE('',*,*,#5382,.F.);
#7081=ORIENTED_EDGE('',*,*,#5426,.F.);
#7082=ORIENTED_EDGE('',*,*,#5379,.T.);
#7083=ORIENTED_EDGE('',*,*,#5416,.F.);
#7084=ORIENTED_EDGE('',*,*,#5427,.F.);
#7085=ORIENTED_EDGE('',*,*,#5428,.F.);
#7086=ORIENTED_EDGE('',*,*,#5427,.T.);
#7087=ORIENTED_EDGE('',*,*,#5418,.F.);
#7088=ORIENTED_EDGE('',*,*,#5429,.F.);
#7089=ORIENTED_EDGE('',*,*,#5430,.F.);
#7090=ORIENTED_EDGE('',*,*,#5429,.T.);
#7091=ORIENTED_EDGE('',*,*,#5420,.F.);
#7092=ORIENTED_EDGE('',*,*,#5407,.F.);
#7093=ORIENTED_EDGE('',*,*,#5268,.T.);
#7094=ORIENTED_EDGE('',*,*,#5413,.T.);
#7095=ORIENTED_EDGE('',*,*,#5431,.F.);
#7096=ORIENTED_EDGE('',*,*,#5414,.F.);
#7097=ORIENTED_EDGE('',*,*,#5432,.F.);
#7098=ORIENTED_EDGE('',*,*,#5405,.T.);
#7099=ORIENTED_EDGE('',*,*,#5421,.F.);
#7100=ORIENTED_EDGE('',*,*,#5433,.F.);
#7101=ORIENTED_EDGE('',*,*,#5434,.F.);
#7102=ORIENTED_EDGE('',*,*,#5433,.T.);
#7103=ORIENTED_EDGE('',*,*,#5423,.F.);
#7104=ORIENTED_EDGE('',*,*,#5435,.F.);
#7105=ORIENTED_EDGE('',*,*,#5436,.F.);
#7106=ORIENTED_EDGE('',*,*,#5435,.T.);
#7107=ORIENTED_EDGE('',*,*,#5425,.F.);
#7108=ORIENTED_EDGE('',*,*,#5381,.F.);
#7109=ORIENTED_EDGE('',*,*,#5385,.T.);
#7110=ORIENTED_EDGE('',*,*,#5396,.T.);
#7111=ORIENTED_EDGE('',*,*,#5402,.T.);
#7112=ORIENTED_EDGE('',*,*,#5415,.T.);
#7113=ORIENTED_EDGE('',*,*,#5431,.T.);
#7114=ORIENTED_EDGE('',*,*,#5412,.T.);
#7115=ORIENTED_EDGE('',*,*,#5410,.T.);
#7116=ORIENTED_EDGE('',*,*,#5389,.T.);
#7117=ORIENTED_EDGE('',*,*,#5380,.T.);
#7118=ORIENTED_EDGE('',*,*,#5426,.T.);
#7119=ORIENTED_EDGE('',*,*,#5428,.T.);
#7120=ORIENTED_EDGE('',*,*,#5430,.T.);
#7121=ORIENTED_EDGE('',*,*,#5406,.T.);
#7122=ORIENTED_EDGE('',*,*,#5432,.T.);
#7123=ORIENTED_EDGE('',*,*,#5434,.T.);
#7124=ORIENTED_EDGE('',*,*,#5436,.T.);
#7125=ORIENTED_EDGE('',*,*,#5306,.T.);
#7126=ORIENTED_EDGE('',*,*,#5437,.F.);
#7127=ORIENTED_EDGE('',*,*,#5438,.F.);
#7128=ORIENTED_EDGE('',*,*,#5439,.F.);
#7129=ORIENTED_EDGE('',*,*,#5440,.F.);
#7130=ORIENTED_EDGE('',*,*,#5441,.T.);
#7131=ORIENTED_EDGE('',*,*,#5442,.T.);
#7132=ORIENTED_EDGE('',*,*,#5443,.T.);
#7133=ORIENTED_EDGE('',*,*,#5272,.T.);
#7134=ORIENTED_EDGE('',*,*,#5444,.T.);
#7135=ORIENTED_EDGE('',*,*,#5445,.F.);
#7136=ORIENTED_EDGE('',*,*,#5446,.F.);
#7137=ORIENTED_EDGE('',*,*,#5305,.T.);
#7138=ORIENTED_EDGE('',*,*,#5447,.F.);
#7139=ORIENTED_EDGE('',*,*,#5448,.T.);
#7140=ORIENTED_EDGE('',*,*,#5437,.T.);
#7141=ORIENTED_EDGE('',*,*,#5273,.T.);
#7142=ORIENTED_EDGE('',*,*,#5446,.T.);
#7143=ORIENTED_EDGE('',*,*,#5449,.F.);
#7144=ORIENTED_EDGE('',*,*,#5450,.F.);
#7145=ORIENTED_EDGE('',*,*,#5304,.T.);
#7146=ORIENTED_EDGE('',*,*,#5451,.F.);
#7147=ORIENTED_EDGE('',*,*,#5452,.T.);
#7148=ORIENTED_EDGE('',*,*,#5447,.T.);
#7149=ORIENTED_EDGE('',*,*,#5307,.T.);
#7150=ORIENTED_EDGE('',*,*,#5443,.F.);
#7151=ORIENTED_EDGE('',*,*,#5453,.T.);
#7152=ORIENTED_EDGE('',*,*,#5454,.T.);
#7153=ORIENTED_EDGE('',*,*,#5271,.T.);
#7154=ORIENTED_EDGE('',*,*,#5455,.T.);
#7155=ORIENTED_EDGE('',*,*,#5456,.F.);
#7156=ORIENTED_EDGE('',*,*,#5444,.F.);
#7157=ORIENTED_EDGE('',*,*,#5303,.T.);
#7158=ORIENTED_EDGE('',*,*,#5457,.F.);
#7159=ORIENTED_EDGE('',*,*,#5458,.T.);
#7160=ORIENTED_EDGE('',*,*,#5451,.T.);
#7161=ORIENTED_EDGE('',*,*,#5308,.T.);
#7162=ORIENTED_EDGE('',*,*,#5454,.F.);
#7163=ORIENTED_EDGE('',*,*,#5459,.T.);
#7164=ORIENTED_EDGE('',*,*,#5460,.T.);
#7165=ORIENTED_EDGE('',*,*,#5270,.T.);
#7166=ORIENTED_EDGE('',*,*,#5461,.T.);
#7167=ORIENTED_EDGE('',*,*,#5462,.F.);
#7168=ORIENTED_EDGE('',*,*,#5455,.F.);
#7169=ORIENTED_EDGE('',*,*,#5302,.T.);
#7170=ORIENTED_EDGE('',*,*,#5463,.F.);
#7171=ORIENTED_EDGE('',*,*,#5464,.F.);
#7172=ORIENTED_EDGE('',*,*,#5465,.F.);
#7173=ORIENTED_EDGE('',*,*,#5466,.F.);
#7174=ORIENTED_EDGE('',*,*,#5467,.T.);
#7175=ORIENTED_EDGE('',*,*,#5468,.T.);
#7176=ORIENTED_EDGE('',*,*,#5457,.T.);
#7177=ORIENTED_EDGE('',*,*,#5301,.T.);
#7178=ORIENTED_EDGE('',*,*,#5460,.F.);
#7179=ORIENTED_EDGE('',*,*,#5469,.T.);
#7180=ORIENTED_EDGE('',*,*,#5463,.T.);
#7181=ORIENTED_EDGE('',*,*,#5274,.T.);
#7182=ORIENTED_EDGE('',*,*,#5450,.T.);
#7183=ORIENTED_EDGE('',*,*,#5470,.F.);
#7184=ORIENTED_EDGE('',*,*,#5471,.F.);
#7185=ORIENTED_EDGE('',*,*,#5275,.T.);
#7186=ORIENTED_EDGE('',*,*,#5471,.T.);
#7187=ORIENTED_EDGE('',*,*,#5472,.F.);
#7188=ORIENTED_EDGE('',*,*,#5473,.F.);
#7189=ORIENTED_EDGE('',*,*,#5269,.T.);
#7190=ORIENTED_EDGE('',*,*,#5474,.T.);
#7191=ORIENTED_EDGE('',*,*,#5475,.F.);
#7192=ORIENTED_EDGE('',*,*,#5461,.F.);
#7193=ORIENTED_EDGE('',*,*,#5476,.T.);
#7194=ORIENTED_EDGE('',*,*,#5477,.T.);
#7195=ORIENTED_EDGE('',*,*,#5453,.F.);
#7196=ORIENTED_EDGE('',*,*,#5442,.F.);
#7197=ORIENTED_EDGE('',*,*,#5478,.T.);
#7198=ORIENTED_EDGE('',*,*,#5438,.T.);
#7199=ORIENTED_EDGE('',*,*,#5448,.F.);
#7200=ORIENTED_EDGE('',*,*,#5479,.F.);
#7201=ORIENTED_EDGE('',*,*,#5480,.T.);
#7202=ORIENTED_EDGE('',*,*,#5479,.T.);
#7203=ORIENTED_EDGE('',*,*,#5452,.F.);
#7204=ORIENTED_EDGE('',*,*,#5481,.F.);
#7205=ORIENTED_EDGE('',*,*,#5482,.T.);
#7206=ORIENTED_EDGE('',*,*,#5481,.T.);
#7207=ORIENTED_EDGE('',*,*,#5458,.F.);
#7208=ORIENTED_EDGE('',*,*,#5468,.F.);
#7209=ORIENTED_EDGE('',*,*,#5483,.T.);
#7210=ORIENTED_EDGE('',*,*,#5464,.T.);
#7211=ORIENTED_EDGE('',*,*,#5469,.F.);
#7212=ORIENTED_EDGE('',*,*,#5484,.F.);
#7213=ORIENTED_EDGE('',*,*,#5485,.T.);
#7214=ORIENTED_EDGE('',*,*,#5484,.T.);
#7215=ORIENTED_EDGE('',*,*,#5459,.F.);
#7216=ORIENTED_EDGE('',*,*,#5477,.F.);
#7217=ORIENTED_EDGE('',*,*,#5486,.F.);
#7218=ORIENTED_EDGE('',*,*,#5487,.T.);
#7219=ORIENTED_EDGE('',*,*,#5476,.F.);
#7220=ORIENTED_EDGE('',*,*,#5441,.F.);
#7221=ORIENTED_EDGE('',*,*,#5488,.F.);
#7222=ORIENTED_EDGE('',*,*,#5439,.T.);
#7223=ORIENTED_EDGE('',*,*,#5478,.F.);
#7224=ORIENTED_EDGE('',*,*,#5489,.F.);
#7225=ORIENTED_EDGE('',*,*,#5490,.F.);
#7226=ORIENTED_EDGE('',*,*,#5489,.T.);
#7227=ORIENTED_EDGE('',*,*,#5480,.F.);
#7228=ORIENTED_EDGE('',*,*,#5491,.F.);
#7229=ORIENTED_EDGE('',*,*,#5492,.F.);
#7230=ORIENTED_EDGE('',*,*,#5491,.T.);
#7231=ORIENTED_EDGE('',*,*,#5482,.F.);
#7232=ORIENTED_EDGE('',*,*,#5467,.F.);
#7233=ORIENTED_EDGE('',*,*,#5276,.T.);
#7234=ORIENTED_EDGE('',*,*,#5473,.T.);
#7235=ORIENTED_EDGE('',*,*,#5493,.F.);
#7236=ORIENTED_EDGE('',*,*,#5474,.F.);
#7237=ORIENTED_EDGE('',*,*,#5494,.F.);
#7238=ORIENTED_EDGE('',*,*,#5465,.T.);
#7239=ORIENTED_EDGE('',*,*,#5483,.F.);
#7240=ORIENTED_EDGE('',*,*,#5495,.F.);
#7241=ORIENTED_EDGE('',*,*,#5496,.F.);
#7242=ORIENTED_EDGE('',*,*,#5495,.T.);
#7243=ORIENTED_EDGE('',*,*,#5485,.F.);
#7244=ORIENTED_EDGE('',*,*,#5487,.F.);
#7245=ORIENTED_EDGE('',*,*,#5462,.T.);
#7246=ORIENTED_EDGE('',*,*,#5475,.T.);
#7247=ORIENTED_EDGE('',*,*,#5493,.T.);
#7248=ORIENTED_EDGE('',*,*,#5472,.T.);
#7249=ORIENTED_EDGE('',*,*,#5470,.T.);
#7250=ORIENTED_EDGE('',*,*,#5449,.T.);
#7251=ORIENTED_EDGE('',*,*,#5445,.T.);
#7252=ORIENTED_EDGE('',*,*,#5456,.T.);
#7253=ORIENTED_EDGE('',*,*,#5496,.T.);
#7254=ORIENTED_EDGE('',*,*,#5486,.T.);
#7255=ORIENTED_EDGE('',*,*,#5440,.T.);
#7256=ORIENTED_EDGE('',*,*,#5488,.T.);
#7257=ORIENTED_EDGE('',*,*,#5490,.T.);
#7258=ORIENTED_EDGE('',*,*,#5492,.T.);
#7259=ORIENTED_EDGE('',*,*,#5466,.T.);
#7260=ORIENTED_EDGE('',*,*,#5494,.T.);
#7261=ORIENTED_EDGE('',*,*,#5497,.T.);
#7262=ORIENTED_EDGE('',*,*,#5498,.T.);
#7263=ORIENTED_EDGE('',*,*,#5499,.T.);
#7264=ORIENTED_EDGE('',*,*,#5500,.T.);
#7265=ORIENTED_EDGE('',*,*,#5501,.T.);
#7266=ORIENTED_EDGE('',*,*,#5502,.T.);
#7267=ORIENTED_EDGE('',*,*,#5503,.T.);
#7268=ORIENTED_EDGE('',*,*,#5504,.T.);
#7269=ORIENTED_EDGE('',*,*,#5505,.F.);
#7270=ORIENTED_EDGE('',*,*,#5506,.F.);
#7271=ORIENTED_EDGE('',*,*,#5507,.F.);
#7272=ORIENTED_EDGE('',*,*,#5508,.F.);
#7273=ORIENTED_EDGE('',*,*,#5509,.F.);
#7274=ORIENTED_EDGE('',*,*,#5510,.F.);
#7275=ORIENTED_EDGE('',*,*,#5511,.F.);
#7276=ORIENTED_EDGE('',*,*,#5512,.F.);
#7277=ORIENTED_EDGE('',*,*,#5513,.F.);
#7278=ORIENTED_EDGE('',*,*,#5514,.F.);
#7279=ORIENTED_EDGE('',*,*,#5515,.F.);
#7280=ORIENTED_EDGE('',*,*,#5516,.F.);
#7281=ORIENTED_EDGE('',*,*,#5517,.F.);
#7282=ORIENTED_EDGE('',*,*,#5518,.F.);
#7283=ORIENTED_EDGE('',*,*,#5519,.F.);
#7284=ORIENTED_EDGE('',*,*,#5520,.F.);
#7285=ORIENTED_EDGE('',*,*,#5521,.F.);
#7286=ORIENTED_EDGE('',*,*,#5522,.F.);
#7287=ORIENTED_EDGE('',*,*,#5523,.F.);
#7288=ORIENTED_EDGE('',*,*,#5524,.F.);
#7289=ORIENTED_EDGE('',*,*,#5525,.F.);
#7290=ORIENTED_EDGE('',*,*,#5526,.F.);
#7291=ORIENTED_EDGE('',*,*,#5527,.F.);
#7292=ORIENTED_EDGE('',*,*,#5528,.F.);
#7293=ORIENTED_EDGE('',*,*,#5529,.F.);
#7294=ORIENTED_EDGE('',*,*,#5530,.T.);
#7295=ORIENTED_EDGE('',*,*,#5531,.F.);
#7296=ORIENTED_EDGE('',*,*,#5532,.F.);
#7297=ORIENTED_EDGE('',*,*,#5533,.F.);
#7298=ORIENTED_EDGE('',*,*,#5534,.F.);
#7299=ORIENTED_EDGE('',*,*,#5535,.F.);
#7300=ORIENTED_EDGE('',*,*,#5536,.F.);
#7301=ORIENTED_EDGE('',*,*,#5537,.F.);
#7302=ORIENTED_EDGE('',*,*,#5538,.F.);
#7303=ORIENTED_EDGE('',*,*,#5539,.F.);
#7304=ORIENTED_EDGE('',*,*,#5540,.F.);
#7305=ORIENTED_EDGE('',*,*,#5541,.F.);
#7306=ORIENTED_EDGE('',*,*,#5542,.F.);
#7307=ORIENTED_EDGE('',*,*,#5543,.F.);
#7308=ORIENTED_EDGE('',*,*,#5544,.F.);
#7309=ORIENTED_EDGE('',*,*,#5545,.F.);
#7310=ORIENTED_EDGE('',*,*,#5546,.F.);
#7311=ORIENTED_EDGE('',*,*,#5547,.F.);
#7312=ORIENTED_EDGE('',*,*,#5548,.F.);
#7313=ORIENTED_EDGE('',*,*,#5549,.F.);
#7314=ORIENTED_EDGE('',*,*,#5550,.F.);
#7315=ORIENTED_EDGE('',*,*,#5551,.F.);
#7316=ORIENTED_EDGE('',*,*,#5552,.F.);
#7317=ORIENTED_EDGE('',*,*,#5553,.F.);
#7318=ORIENTED_EDGE('',*,*,#5554,.F.);
#7319=ORIENTED_EDGE('',*,*,#5555,.F.);
#7320=ORIENTED_EDGE('',*,*,#5556,.F.);
#7321=ORIENTED_EDGE('',*,*,#5557,.F.);
#7322=ORIENTED_EDGE('',*,*,#5558,.F.);
#7323=ORIENTED_EDGE('',*,*,#5559,.F.);
#7324=ORIENTED_EDGE('',*,*,#5560,.F.);
#7325=ORIENTED_EDGE('',*,*,#5530,.F.);
#7326=ORIENTED_EDGE('',*,*,#5561,.T.);
#7327=ORIENTED_EDGE('',*,*,#5504,.F.);
#7328=ORIENTED_EDGE('',*,*,#5562,.F.);
#7329=ORIENTED_EDGE('',*,*,#5531,.T.);
#7330=ORIENTED_EDGE('',*,*,#5562,.T.);
#7331=ORIENTED_EDGE('',*,*,#5503,.F.);
#7332=ORIENTED_EDGE('',*,*,#5563,.F.);
#7333=ORIENTED_EDGE('',*,*,#5532,.T.);
#7334=ORIENTED_EDGE('',*,*,#5563,.T.);
#7335=ORIENTED_EDGE('',*,*,#5502,.F.);
#7336=ORIENTED_EDGE('',*,*,#5564,.F.);
#7337=ORIENTED_EDGE('',*,*,#5533,.T.);
#7338=ORIENTED_EDGE('',*,*,#5564,.T.);
#7339=ORIENTED_EDGE('',*,*,#5501,.F.);
#7340=ORIENTED_EDGE('',*,*,#5565,.F.);
#7341=ORIENTED_EDGE('',*,*,#5534,.T.);
#7342=ORIENTED_EDGE('',*,*,#5565,.T.);
#7343=ORIENTED_EDGE('',*,*,#5500,.F.);
#7344=ORIENTED_EDGE('',*,*,#5566,.F.);
#7345=ORIENTED_EDGE('',*,*,#5535,.T.);
#7346=ORIENTED_EDGE('',*,*,#5566,.T.);
#7347=ORIENTED_EDGE('',*,*,#5499,.F.);
#7348=ORIENTED_EDGE('',*,*,#5567,.F.);
#7349=ORIENTED_EDGE('',*,*,#5536,.T.);
#7350=ORIENTED_EDGE('',*,*,#5567,.T.);
#7351=ORIENTED_EDGE('',*,*,#5498,.F.);
#7352=ORIENTED_EDGE('',*,*,#5568,.F.);
#7353=ORIENTED_EDGE('',*,*,#5529,.T.);
#7354=ORIENTED_EDGE('',*,*,#5568,.T.);
#7355=ORIENTED_EDGE('',*,*,#5497,.F.);
#7356=ORIENTED_EDGE('',*,*,#5561,.F.);
#7357=ORIENTED_EDGE('',*,*,#5542,.T.);
#7358=ORIENTED_EDGE('',*,*,#5569,.F.);
#7359=ORIENTED_EDGE('',*,*,#5570,.F.);
#7360=ORIENTED_EDGE('',*,*,#5571,.F.);
#7361=ORIENTED_EDGE('',*,*,#5572,.F.);
#7362=ORIENTED_EDGE('',*,*,#5573,.T.);
#7363=ORIENTED_EDGE('',*,*,#5574,.T.);
#7364=ORIENTED_EDGE('',*,*,#5575,.T.);
#7365=ORIENTED_EDGE('',*,*,#5508,.T.);
#7366=ORIENTED_EDGE('',*,*,#5576,.T.);
#7367=ORIENTED_EDGE('',*,*,#5577,.F.);
#7368=ORIENTED_EDGE('',*,*,#5578,.F.);
#7369=ORIENTED_EDGE('',*,*,#5541,.T.);
#7370=ORIENTED_EDGE('',*,*,#5579,.F.);
#7371=ORIENTED_EDGE('',*,*,#5580,.T.);
#7372=ORIENTED_EDGE('',*,*,#5569,.T.);
#7373=ORIENTED_EDGE('',*,*,#5509,.T.);
#7374=ORIENTED_EDGE('',*,*,#5578,.T.);
#7375=ORIENTED_EDGE('',*,*,#5581,.F.);
#7376=ORIENTED_EDGE('',*,*,#5582,.F.);
#7377=ORIENTED_EDGE('',*,*,#5540,.T.);
#7378=ORIENTED_EDGE('',*,*,#5583,.F.);
#7379=ORIENTED_EDGE('',*,*,#5584,.T.);
#7380=ORIENTED_EDGE('',*,*,#5579,.T.);
#7381=ORIENTED_EDGE('',*,*,#5543,.T.);
#7382=ORIENTED_EDGE('',*,*,#5575,.F.);
#7383=ORIENTED_EDGE('',*,*,#5585,.T.);
#7384=ORIENTED_EDGE('',*,*,#5586,.T.);
#7385=ORIENTED_EDGE('',*,*,#5507,.T.);
#7386=ORIENTED_EDGE('',*,*,#5587,.T.);
#7387=ORIENTED_EDGE('',*,*,#5588,.F.);
#7388=ORIENTED_EDGE('',*,*,#5576,.F.);
#7389=ORIENTED_EDGE('',*,*,#5539,.T.);
#7390=ORIENTED_EDGE('',*,*,#5589,.F.);
#7391=ORIENTED_EDGE('',*,*,#5590,.T.);
#7392=ORIENTED_EDGE('',*,*,#5583,.T.);
#7393=ORIENTED_EDGE('',*,*,#5544,.T.);
#7394=ORIENTED_EDGE('',*,*,#5586,.F.);
#7395=ORIENTED_EDGE('',*,*,#5591,.T.);
#7396=ORIENTED_EDGE('',*,*,#5592,.T.);
#7397=ORIENTED_EDGE('',*,*,#5506,.T.);
#7398=ORIENTED_EDGE('',*,*,#5593,.T.);
#7399=ORIENTED_EDGE('',*,*,#5594,.F.);
#7400=ORIENTED_EDGE('',*,*,#5587,.F.);
#7401=ORIENTED_EDGE('',*,*,#5538,.T.);
#7402=ORIENTED_EDGE('',*,*,#5595,.F.);
#7403=ORIENTED_EDGE('',*,*,#5596,.F.);
#7404=ORIENTED_EDGE('',*,*,#5597,.F.);
#7405=ORIENTED_EDGE('',*,*,#5598,.F.);
#7406=ORIENTED_EDGE('',*,*,#5599,.T.);
#7407=ORIENTED_EDGE('',*,*,#5600,.T.);
#7408=ORIENTED_EDGE('',*,*,#5589,.T.);
#7409=ORIENTED_EDGE('',*,*,#5537,.T.);
#7410=ORIENTED_EDGE('',*,*,#5592,.F.);
#7411=ORIENTED_EDGE('',*,*,#5601,.T.);
#7412=ORIENTED_EDGE('',*,*,#5595,.T.);
#7413=ORIENTED_EDGE('',*,*,#5510,.T.);
#7414=ORIENTED_EDGE('',*,*,#5582,.T.);
#7415=ORIENTED_EDGE('',*,*,#5602,.F.);
#7416=ORIENTED_EDGE('',*,*,#5603,.F.);
#7417=ORIENTED_EDGE('',*,*,#5511,.T.);
#7418=ORIENTED_EDGE('',*,*,#5603,.T.);
#7419=ORIENTED_EDGE('',*,*,#5604,.F.);
#7420=ORIENTED_EDGE('',*,*,#5605,.F.);
#7421=ORIENTED_EDGE('',*,*,#5505,.T.);
#7422=ORIENTED_EDGE('',*,*,#5606,.T.);
#7423=ORIENTED_EDGE('',*,*,#5607,.F.);
#7424=ORIENTED_EDGE('',*,*,#5593,.F.);
#7425=ORIENTED_EDGE('',*,*,#5608,.T.);
#7426=ORIENTED_EDGE('',*,*,#5609,.T.);
#7427=ORIENTED_EDGE('',*,*,#5585,.F.);
#7428=ORIENTED_EDGE('',*,*,#5574,.F.);
#7429=ORIENTED_EDGE('',*,*,#5610,.T.);
#7430=ORIENTED_EDGE('',*,*,#5570,.T.);
#7431=ORIENTED_EDGE('',*,*,#5580,.F.);
#7432=ORIENTED_EDGE('',*,*,#5611,.F.);
#7433=ORIENTED_EDGE('',*,*,#5612,.T.);
#7434=ORIENTED_EDGE('',*,*,#5611,.T.);
#7435=ORIENTED_EDGE('',*,*,#5584,.F.);
#7436=ORIENTED_EDGE('',*,*,#5613,.F.);
#7437=ORIENTED_EDGE('',*,*,#5614,.T.);
#7438=ORIENTED_EDGE('',*,*,#5613,.T.);
#7439=ORIENTED_EDGE('',*,*,#5590,.F.);
#7440=ORIENTED_EDGE('',*,*,#5600,.F.);
#7441=ORIENTED_EDGE('',*,*,#5615,.T.);
#7442=ORIENTED_EDGE('',*,*,#5596,.T.);
#7443=ORIENTED_EDGE('',*,*,#5601,.F.);
#7444=ORIENTED_EDGE('',*,*,#5616,.F.);
#7445=ORIENTED_EDGE('',*,*,#5617,.T.);
#7446=ORIENTED_EDGE('',*,*,#5616,.T.);
#7447=ORIENTED_EDGE('',*,*,#5591,.F.);
#7448=ORIENTED_EDGE('',*,*,#5609,.F.);
#7449=ORIENTED_EDGE('',*,*,#5618,.F.);
#7450=ORIENTED_EDGE('',*,*,#5619,.T.);
#7451=ORIENTED_EDGE('',*,*,#5608,.F.);
#7452=ORIENTED_EDGE('',*,*,#5573,.F.);
#7453=ORIENTED_EDGE('',*,*,#5620,.F.);
#7454=ORIENTED_EDGE('',*,*,#5571,.T.);
#7455=ORIENTED_EDGE('',*,*,#5610,.F.);
#7456=ORIENTED_EDGE('',*,*,#5621,.F.);
#7457=ORIENTED_EDGE('',*,*,#5622,.F.);
#7458=ORIENTED_EDGE('',*,*,#5621,.T.);
#7459=ORIENTED_EDGE('',*,*,#5612,.F.);
#7460=ORIENTED_EDGE('',*,*,#5623,.F.);
#7461=ORIENTED_EDGE('',*,*,#5624,.F.);
#7462=ORIENTED_EDGE('',*,*,#5623,.T.);
#7463=ORIENTED_EDGE('',*,*,#5614,.F.);
#7464=ORIENTED_EDGE('',*,*,#5599,.F.);
#7465=ORIENTED_EDGE('',*,*,#5512,.T.);
#7466=ORIENTED_EDGE('',*,*,#5605,.T.);
#7467=ORIENTED_EDGE('',*,*,#5625,.F.);
#7468=ORIENTED_EDGE('',*,*,#5606,.F.);
#7469=ORIENTED_EDGE('',*,*,#5626,.F.);
#7470=ORIENTED_EDGE('',*,*,#5597,.T.);
#7471=ORIENTED_EDGE('',*,*,#5615,.F.);
#7472=ORIENTED_EDGE('',*,*,#5627,.F.);
#7473=ORIENTED_EDGE('',*,*,#5628,.F.);
#7474=ORIENTED_EDGE('',*,*,#5627,.T.);
#7475=ORIENTED_EDGE('',*,*,#5617,.F.);
#7476=ORIENTED_EDGE('',*,*,#5619,.F.);
#7477=ORIENTED_EDGE('',*,*,#5594,.T.);
#7478=ORIENTED_EDGE('',*,*,#5607,.T.);
#7479=ORIENTED_EDGE('',*,*,#5625,.T.);
#7480=ORIENTED_EDGE('',*,*,#5604,.T.);
#7481=ORIENTED_EDGE('',*,*,#5602,.T.);
#7482=ORIENTED_EDGE('',*,*,#5581,.T.);
#7483=ORIENTED_EDGE('',*,*,#5577,.T.);
#7484=ORIENTED_EDGE('',*,*,#5588,.T.);
#7485=ORIENTED_EDGE('',*,*,#5628,.T.);
#7486=ORIENTED_EDGE('',*,*,#5618,.T.);
#7487=ORIENTED_EDGE('',*,*,#5572,.T.);
#7488=ORIENTED_EDGE('',*,*,#5620,.T.);
#7489=ORIENTED_EDGE('',*,*,#5622,.T.);
#7490=ORIENTED_EDGE('',*,*,#5624,.T.);
#7491=ORIENTED_EDGE('',*,*,#5598,.T.);
#7492=ORIENTED_EDGE('',*,*,#5626,.T.);
#7493=ORIENTED_EDGE('',*,*,#5550,.T.);
#7494=ORIENTED_EDGE('',*,*,#5629,.F.);
#7495=ORIENTED_EDGE('',*,*,#5630,.F.);
#7496=ORIENTED_EDGE('',*,*,#5631,.F.);
#7497=ORIENTED_EDGE('',*,*,#5632,.F.);
#7498=ORIENTED_EDGE('',*,*,#5633,.T.);
#7499=ORIENTED_EDGE('',*,*,#5634,.T.);
#7500=ORIENTED_EDGE('',*,*,#5635,.T.);
#7501=ORIENTED_EDGE('',*,*,#5516,.T.);
#7502=ORIENTED_EDGE('',*,*,#5636,.T.);
#7503=ORIENTED_EDGE('',*,*,#5637,.F.);
#7504=ORIENTED_EDGE('',*,*,#5638,.F.);
#7505=ORIENTED_EDGE('',*,*,#5549,.T.);
#7506=ORIENTED_EDGE('',*,*,#5639,.F.);
#7507=ORIENTED_EDGE('',*,*,#5640,.T.);
#7508=ORIENTED_EDGE('',*,*,#5629,.T.);
#7509=ORIENTED_EDGE('',*,*,#5517,.T.);
#7510=ORIENTED_EDGE('',*,*,#5638,.T.);
#7511=ORIENTED_EDGE('',*,*,#5641,.F.);
#7512=ORIENTED_EDGE('',*,*,#5642,.F.);
#7513=ORIENTED_EDGE('',*,*,#5548,.T.);
#7514=ORIENTED_EDGE('',*,*,#5643,.F.);
#7515=ORIENTED_EDGE('',*,*,#5644,.T.);
#7516=ORIENTED_EDGE('',*,*,#5639,.T.);
#7517=ORIENTED_EDGE('',*,*,#5551,.T.);
#7518=ORIENTED_EDGE('',*,*,#5635,.F.);
#7519=ORIENTED_EDGE('',*,*,#5645,.T.);
#7520=ORIENTED_EDGE('',*,*,#5646,.T.);
#7521=ORIENTED_EDGE('',*,*,#5515,.T.);
#7522=ORIENTED_EDGE('',*,*,#5647,.T.);
#7523=ORIENTED_EDGE('',*,*,#5648,.F.);
#7524=ORIENTED_EDGE('',*,*,#5636,.F.);
#7525=ORIENTED_EDGE('',*,*,#5547,.T.);
#7526=ORIENTED_EDGE('',*,*,#5649,.F.);
#7527=ORIENTED_EDGE('',*,*,#5650,.T.);
#7528=ORIENTED_EDGE('',*,*,#5643,.T.);
#7529=ORIENTED_EDGE('',*,*,#5552,.T.);
#7530=ORIENTED_EDGE('',*,*,#5646,.F.);
#7531=ORIENTED_EDGE('',*,*,#5651,.T.);
#7532=ORIENTED_EDGE('',*,*,#5652,.T.);
#7533=ORIENTED_EDGE('',*,*,#5514,.T.);
#7534=ORIENTED_EDGE('',*,*,#5653,.T.);
#7535=ORIENTED_EDGE('',*,*,#5654,.F.);
#7536=ORIENTED_EDGE('',*,*,#5647,.F.);
#7537=ORIENTED_EDGE('',*,*,#5546,.T.);
#7538=ORIENTED_EDGE('',*,*,#5655,.F.);
#7539=ORIENTED_EDGE('',*,*,#5656,.F.);
#7540=ORIENTED_EDGE('',*,*,#5657,.F.);
#7541=ORIENTED_EDGE('',*,*,#5658,.F.);
#7542=ORIENTED_EDGE('',*,*,#5659,.T.);
#7543=ORIENTED_EDGE('',*,*,#5660,.T.);
#7544=ORIENTED_EDGE('',*,*,#5649,.T.);
#7545=ORIENTED_EDGE('',*,*,#5545,.T.);
#7546=ORIENTED_EDGE('',*,*,#5652,.F.);
#7547=ORIENTED_EDGE('',*,*,#5661,.T.);
#7548=ORIENTED_EDGE('',*,*,#5655,.T.);
#7549=ORIENTED_EDGE('',*,*,#5518,.T.);
#7550=ORIENTED_EDGE('',*,*,#5642,.T.);
#7551=ORIENTED_EDGE('',*,*,#5662,.F.);
#7552=ORIENTED_EDGE('',*,*,#5663,.F.);
#7553=ORIENTED_EDGE('',*,*,#5519,.T.);
#7554=ORIENTED_EDGE('',*,*,#5663,.T.);
#7555=ORIENTED_EDGE('',*,*,#5664,.F.);
#7556=ORIENTED_EDGE('',*,*,#5665,.F.);
#7557=ORIENTED_EDGE('',*,*,#5513,.T.);
#7558=ORIENTED_EDGE('',*,*,#5666,.T.);
#7559=ORIENTED_EDGE('',*,*,#5667,.F.);
#7560=ORIENTED_EDGE('',*,*,#5653,.F.);
#7561=ORIENTED_EDGE('',*,*,#5668,.T.);
#7562=ORIENTED_EDGE('',*,*,#5630,.T.);
#7563=ORIENTED_EDGE('',*,*,#5640,.F.);
#7564=ORIENTED_EDGE('',*,*,#5669,.F.);
#7565=ORIENTED_EDGE('',*,*,#5670,.T.);
#7566=ORIENTED_EDGE('',*,*,#5669,.T.);
#7567=ORIENTED_EDGE('',*,*,#5644,.F.);
#7568=ORIENTED_EDGE('',*,*,#5671,.F.);
#7569=ORIENTED_EDGE('',*,*,#5672,.T.);
#7570=ORIENTED_EDGE('',*,*,#5671,.T.);
#7571=ORIENTED_EDGE('',*,*,#5650,.F.);
#7572=ORIENTED_EDGE('',*,*,#5660,.F.);
#7573=ORIENTED_EDGE('',*,*,#5673,.T.);
#7574=ORIENTED_EDGE('',*,*,#5656,.T.);
#7575=ORIENTED_EDGE('',*,*,#5661,.F.);
#7576=ORIENTED_EDGE('',*,*,#5674,.F.);
#7577=ORIENTED_EDGE('',*,*,#5675,.T.);
#7578=ORIENTED_EDGE('',*,*,#5674,.T.);
#7579=ORIENTED_EDGE('',*,*,#5651,.F.);
#7580=ORIENTED_EDGE('',*,*,#5676,.F.);
#7581=ORIENTED_EDGE('',*,*,#5677,.T.);
#7582=ORIENTED_EDGE('',*,*,#5676,.T.);
#7583=ORIENTED_EDGE('',*,*,#5645,.F.);
#7584=ORIENTED_EDGE('',*,*,#5634,.F.);
#7585=ORIENTED_EDGE('',*,*,#5678,.F.);
#7586=ORIENTED_EDGE('',*,*,#5631,.T.);
#7587=ORIENTED_EDGE('',*,*,#5668,.F.);
#7588=ORIENTED_EDGE('',*,*,#5679,.F.);
#7589=ORIENTED_EDGE('',*,*,#5680,.F.);
#7590=ORIENTED_EDGE('',*,*,#5679,.T.);
#7591=ORIENTED_EDGE('',*,*,#5670,.F.);
#7592=ORIENTED_EDGE('',*,*,#5681,.F.);
#7593=ORIENTED_EDGE('',*,*,#5682,.F.);
#7594=ORIENTED_EDGE('',*,*,#5681,.T.);
#7595=ORIENTED_EDGE('',*,*,#5672,.F.);
#7596=ORIENTED_EDGE('',*,*,#5659,.F.);
#7597=ORIENTED_EDGE('',*,*,#5520,.T.);
#7598=ORIENTED_EDGE('',*,*,#5665,.T.);
#7599=ORIENTED_EDGE('',*,*,#5683,.F.);
#7600=ORIENTED_EDGE('',*,*,#5666,.F.);
#7601=ORIENTED_EDGE('',*,*,#5684,.F.);
#7602=ORIENTED_EDGE('',*,*,#5657,.T.);
#7603=ORIENTED_EDGE('',*,*,#5673,.F.);
#7604=ORIENTED_EDGE('',*,*,#5685,.F.);
#7605=ORIENTED_EDGE('',*,*,#5686,.F.);
#7606=ORIENTED_EDGE('',*,*,#5685,.T.);
#7607=ORIENTED_EDGE('',*,*,#5675,.F.);
#7608=ORIENTED_EDGE('',*,*,#5687,.F.);
#7609=ORIENTED_EDGE('',*,*,#5688,.F.);
#7610=ORIENTED_EDGE('',*,*,#5687,.T.);
#7611=ORIENTED_EDGE('',*,*,#5677,.F.);
#7612=ORIENTED_EDGE('',*,*,#5633,.F.);
#7613=ORIENTED_EDGE('',*,*,#5637,.T.);
#7614=ORIENTED_EDGE('',*,*,#5648,.T.);
#7615=ORIENTED_EDGE('',*,*,#5654,.T.);
#7616=ORIENTED_EDGE('',*,*,#5667,.T.);
#7617=ORIENTED_EDGE('',*,*,#5683,.T.);
#7618=ORIENTED_EDGE('',*,*,#5664,.T.);
#7619=ORIENTED_EDGE('',*,*,#5662,.T.);
#7620=ORIENTED_EDGE('',*,*,#5641,.T.);
#7621=ORIENTED_EDGE('',*,*,#5632,.T.);
#7622=ORIENTED_EDGE('',*,*,#5678,.T.);
#7623=ORIENTED_EDGE('',*,*,#5680,.T.);
#7624=ORIENTED_EDGE('',*,*,#5682,.T.);
#7625=ORIENTED_EDGE('',*,*,#5658,.T.);
#7626=ORIENTED_EDGE('',*,*,#5684,.T.);
#7627=ORIENTED_EDGE('',*,*,#5686,.T.);
#7628=ORIENTED_EDGE('',*,*,#5688,.T.);
#7629=ORIENTED_EDGE('',*,*,#5558,.T.);
#7630=ORIENTED_EDGE('',*,*,#5689,.F.);
#7631=ORIENTED_EDGE('',*,*,#5690,.F.);
#7632=ORIENTED_EDGE('',*,*,#5691,.F.);
#7633=ORIENTED_EDGE('',*,*,#5692,.F.);
#7634=ORIENTED_EDGE('',*,*,#5693,.T.);
#7635=ORIENTED_EDGE('',*,*,#5694,.T.);
#7636=ORIENTED_EDGE('',*,*,#5695,.T.);
#7637=ORIENTED_EDGE('',*,*,#5524,.T.);
#7638=ORIENTED_EDGE('',*,*,#5696,.T.);
#7639=ORIENTED_EDGE('',*,*,#5697,.F.);
#7640=ORIENTED_EDGE('',*,*,#5698,.F.);
#7641=ORIENTED_EDGE('',*,*,#5557,.T.);
#7642=ORIENTED_EDGE('',*,*,#5699,.F.);
#7643=ORIENTED_EDGE('',*,*,#5700,.T.);
#7644=ORIENTED_EDGE('',*,*,#5689,.T.);
#7645=ORIENTED_EDGE('',*,*,#5525,.T.);
#7646=ORIENTED_EDGE('',*,*,#5698,.T.);
#7647=ORIENTED_EDGE('',*,*,#5701,.F.);
#7648=ORIENTED_EDGE('',*,*,#5702,.F.);
#7649=ORIENTED_EDGE('',*,*,#5556,.T.);
#7650=ORIENTED_EDGE('',*,*,#5703,.F.);
#7651=ORIENTED_EDGE('',*,*,#5704,.T.);
#7652=ORIENTED_EDGE('',*,*,#5699,.T.);
#7653=ORIENTED_EDGE('',*,*,#5559,.T.);
#7654=ORIENTED_EDGE('',*,*,#5695,.F.);
#7655=ORIENTED_EDGE('',*,*,#5705,.T.);
#7656=ORIENTED_EDGE('',*,*,#5706,.T.);
#7657=ORIENTED_EDGE('',*,*,#5523,.T.);
#7658=ORIENTED_EDGE('',*,*,#5707,.T.);
#7659=ORIENTED_EDGE('',*,*,#5708,.F.);
#7660=ORIENTED_EDGE('',*,*,#5696,.F.);
#7661=ORIENTED_EDGE('',*,*,#5555,.T.);
#7662=ORIENTED_EDGE('',*,*,#5709,.F.);
#7663=ORIENTED_EDGE('',*,*,#5710,.T.);
#7664=ORIENTED_EDGE('',*,*,#5703,.T.);
#7665=ORIENTED_EDGE('',*,*,#5560,.T.);
#7666=ORIENTED_EDGE('',*,*,#5706,.F.);
#7667=ORIENTED_EDGE('',*,*,#5711,.T.);
#7668=ORIENTED_EDGE('',*,*,#5712,.T.);
#7669=ORIENTED_EDGE('',*,*,#5522,.T.);
#7670=ORIENTED_EDGE('',*,*,#5713,.T.);
#7671=ORIENTED_EDGE('',*,*,#5714,.F.);
#7672=ORIENTED_EDGE('',*,*,#5707,.F.);
#7673=ORIENTED_EDGE('',*,*,#5554,.T.);
#7674=ORIENTED_EDGE('',*,*,#5715,.F.);
#7675=ORIENTED_EDGE('',*,*,#5716,.F.);
#7676=ORIENTED_EDGE('',*,*,#5717,.F.);
#7677=ORIENTED_EDGE('',*,*,#5718,.F.);
#7678=ORIENTED_EDGE('',*,*,#5719,.T.);
#7679=ORIENTED_EDGE('',*,*,#5720,.T.);
#7680=ORIENTED_EDGE('',*,*,#5709,.T.);
#7681=ORIENTED_EDGE('',*,*,#5553,.T.);
#7682=ORIENTED_EDGE('',*,*,#5712,.F.);
#7683=ORIENTED_EDGE('',*,*,#5721,.T.);
#7684=ORIENTED_EDGE('',*,*,#5715,.T.);
#7685=ORIENTED_EDGE('',*,*,#5526,.T.);
#7686=ORIENTED_EDGE('',*,*,#5702,.T.);
#7687=ORIENTED_EDGE('',*,*,#5722,.F.);
#7688=ORIENTED_EDGE('',*,*,#5723,.F.);
#7689=ORIENTED_EDGE('',*,*,#5527,.T.);
#7690=ORIENTED_EDGE('',*,*,#5723,.T.);
#7691=ORIENTED_EDGE('',*,*,#5724,.F.);
#7692=ORIENTED_EDGE('',*,*,#5725,.F.);
#7693=ORIENTED_EDGE('',*,*,#5521,.T.);
#7694=ORIENTED_EDGE('',*,*,#5726,.T.);
#7695=ORIENTED_EDGE('',*,*,#5727,.F.);
#7696=ORIENTED_EDGE('',*,*,#5713,.F.);
#7697=ORIENTED_EDGE('',*,*,#5728,.T.);
#7698=ORIENTED_EDGE('',*,*,#5729,.T.);
#7699=ORIENTED_EDGE('',*,*,#5705,.F.);
#7700=ORIENTED_EDGE('',*,*,#5694,.F.);
#7701=ORIENTED_EDGE('',*,*,#5730,.T.);
#7702=ORIENTED_EDGE('',*,*,#5690,.T.);
#7703=ORIENTED_EDGE('',*,*,#5700,.F.);
#7704=ORIENTED_EDGE('',*,*,#5731,.F.);
#7705=ORIENTED_EDGE('',*,*,#5732,.T.);
#7706=ORIENTED_EDGE('',*,*,#5731,.T.);
#7707=ORIENTED_EDGE('',*,*,#5704,.F.);
#7708=ORIENTED_EDGE('',*,*,#5733,.F.);
#7709=ORIENTED_EDGE('',*,*,#5734,.T.);
#7710=ORIENTED_EDGE('',*,*,#5733,.T.);
#7711=ORIENTED_EDGE('',*,*,#5710,.F.);
#7712=ORIENTED_EDGE('',*,*,#5720,.F.);
#7713=ORIENTED_EDGE('',*,*,#5735,.T.);
#7714=ORIENTED_EDGE('',*,*,#5716,.T.);
#7715=ORIENTED_EDGE('',*,*,#5721,.F.);
#7716=ORIENTED_EDGE('',*,*,#5736,.F.);
#7717=ORIENTED_EDGE('',*,*,#5737,.T.);
#7718=ORIENTED_EDGE('',*,*,#5736,.T.);
#7719=ORIENTED_EDGE('',*,*,#5711,.F.);
#7720=ORIENTED_EDGE('',*,*,#5729,.F.);
#7721=ORIENTED_EDGE('',*,*,#5738,.F.);
#7722=ORIENTED_EDGE('',*,*,#5739,.T.);
#7723=ORIENTED_EDGE('',*,*,#5728,.F.);
#7724=ORIENTED_EDGE('',*,*,#5693,.F.);
#7725=ORIENTED_EDGE('',*,*,#5740,.F.);
#7726=ORIENTED_EDGE('',*,*,#5691,.T.);
#7727=ORIENTED_EDGE('',*,*,#5730,.F.);
#7728=ORIENTED_EDGE('',*,*,#5741,.F.);
#7729=ORIENTED_EDGE('',*,*,#5742,.F.);
#7730=ORIENTED_EDGE('',*,*,#5741,.T.);
#7731=ORIENTED_EDGE('',*,*,#5732,.F.);
#7732=ORIENTED_EDGE('',*,*,#5743,.F.);
#7733=ORIENTED_EDGE('',*,*,#5744,.F.);
#7734=ORIENTED_EDGE('',*,*,#5743,.T.);
#7735=ORIENTED_EDGE('',*,*,#5734,.F.);
#7736=ORIENTED_EDGE('',*,*,#5719,.F.);
#7737=ORIENTED_EDGE('',*,*,#5528,.T.);
#7738=ORIENTED_EDGE('',*,*,#5725,.T.);
#7739=ORIENTED_EDGE('',*,*,#5745,.F.);
#7740=ORIENTED_EDGE('',*,*,#5726,.F.);
#7741=ORIENTED_EDGE('',*,*,#5746,.F.);
#7742=ORIENTED_EDGE('',*,*,#5717,.T.);
#7743=ORIENTED_EDGE('',*,*,#5735,.F.);
#7744=ORIENTED_EDGE('',*,*,#5747,.F.);
#7745=ORIENTED_EDGE('',*,*,#5748,.F.);
#7746=ORIENTED_EDGE('',*,*,#5747,.T.);
#7747=ORIENTED_EDGE('',*,*,#5737,.F.);
#7748=ORIENTED_EDGE('',*,*,#5739,.F.);
#7749=ORIENTED_EDGE('',*,*,#5714,.T.);
#7750=ORIENTED_EDGE('',*,*,#5727,.T.);
#7751=ORIENTED_EDGE('',*,*,#5745,.T.);
#7752=ORIENTED_EDGE('',*,*,#5724,.T.);
#7753=ORIENTED_EDGE('',*,*,#5722,.T.);
#7754=ORIENTED_EDGE('',*,*,#5701,.T.);
#7755=ORIENTED_EDGE('',*,*,#5697,.T.);
#7756=ORIENTED_EDGE('',*,*,#5708,.T.);
#7757=ORIENTED_EDGE('',*,*,#5748,.T.);
#7758=ORIENTED_EDGE('',*,*,#5738,.T.);
#7759=ORIENTED_EDGE('',*,*,#5692,.T.);
#7760=ORIENTED_EDGE('',*,*,#5740,.T.);
#7761=ORIENTED_EDGE('',*,*,#5742,.T.);
#7762=ORIENTED_EDGE('',*,*,#5744,.T.);
#7763=ORIENTED_EDGE('',*,*,#5718,.T.);
#7764=ORIENTED_EDGE('',*,*,#5746,.T.);
#7765=ORIENTED_EDGE('',*,*,#5749,.T.);
#7766=ORIENTED_EDGE('',*,*,#5750,.T.);
#7767=ORIENTED_EDGE('',*,*,#5751,.T.);
#7768=ORIENTED_EDGE('',*,*,#5752,.T.);
#7769=ORIENTED_EDGE('',*,*,#5753,.T.);
#7770=ORIENTED_EDGE('',*,*,#5754,.T.);
#7771=ORIENTED_EDGE('',*,*,#5755,.T.);
#7772=ORIENTED_EDGE('',*,*,#5756,.T.);
#7773=ORIENTED_EDGE('',*,*,#5757,.F.);
#7774=ORIENTED_EDGE('',*,*,#5758,.F.);
#7775=ORIENTED_EDGE('',*,*,#5759,.F.);
#7776=ORIENTED_EDGE('',*,*,#5760,.F.);
#7777=ORIENTED_EDGE('',*,*,#5761,.F.);
#7778=ORIENTED_EDGE('',*,*,#5762,.F.);
#7779=ORIENTED_EDGE('',*,*,#5763,.F.);
#7780=ORIENTED_EDGE('',*,*,#5764,.F.);
#7781=ORIENTED_EDGE('',*,*,#5765,.F.);
#7782=ORIENTED_EDGE('',*,*,#5766,.F.);
#7783=ORIENTED_EDGE('',*,*,#5767,.F.);
#7784=ORIENTED_EDGE('',*,*,#5768,.F.);
#7785=ORIENTED_EDGE('',*,*,#5769,.F.);
#7786=ORIENTED_EDGE('',*,*,#5770,.F.);
#7787=ORIENTED_EDGE('',*,*,#5771,.F.);
#7788=ORIENTED_EDGE('',*,*,#5772,.F.);
#7789=ORIENTED_EDGE('',*,*,#5773,.F.);
#7790=ORIENTED_EDGE('',*,*,#5774,.F.);
#7791=ORIENTED_EDGE('',*,*,#5775,.F.);
#7792=ORIENTED_EDGE('',*,*,#5776,.F.);
#7793=ORIENTED_EDGE('',*,*,#5777,.F.);
#7794=ORIENTED_EDGE('',*,*,#5778,.F.);
#7795=ORIENTED_EDGE('',*,*,#5779,.F.);
#7796=ORIENTED_EDGE('',*,*,#5780,.F.);
#7797=ORIENTED_EDGE('',*,*,#5781,.F.);
#7798=ORIENTED_EDGE('',*,*,#5782,.T.);
#7799=ORIENTED_EDGE('',*,*,#5783,.F.);
#7800=ORIENTED_EDGE('',*,*,#5784,.F.);
#7801=ORIENTED_EDGE('',*,*,#5785,.F.);
#7802=ORIENTED_EDGE('',*,*,#5786,.F.);
#7803=ORIENTED_EDGE('',*,*,#5787,.F.);
#7804=ORIENTED_EDGE('',*,*,#5788,.F.);
#7805=ORIENTED_EDGE('',*,*,#5789,.F.);
#7806=ORIENTED_EDGE('',*,*,#5790,.F.);
#7807=ORIENTED_EDGE('',*,*,#5791,.F.);
#7808=ORIENTED_EDGE('',*,*,#5792,.F.);
#7809=ORIENTED_EDGE('',*,*,#5793,.F.);
#7810=ORIENTED_EDGE('',*,*,#5794,.F.);
#7811=ORIENTED_EDGE('',*,*,#5795,.F.);
#7812=ORIENTED_EDGE('',*,*,#5796,.F.);
#7813=ORIENTED_EDGE('',*,*,#5797,.F.);
#7814=ORIENTED_EDGE('',*,*,#5798,.F.);
#7815=ORIENTED_EDGE('',*,*,#5799,.F.);
#7816=ORIENTED_EDGE('',*,*,#5800,.F.);
#7817=ORIENTED_EDGE('',*,*,#5801,.F.);
#7818=ORIENTED_EDGE('',*,*,#5802,.F.);
#7819=ORIENTED_EDGE('',*,*,#5803,.F.);
#7820=ORIENTED_EDGE('',*,*,#5804,.F.);
#7821=ORIENTED_EDGE('',*,*,#5805,.F.);
#7822=ORIENTED_EDGE('',*,*,#5806,.F.);
#7823=ORIENTED_EDGE('',*,*,#5807,.F.);
#7824=ORIENTED_EDGE('',*,*,#5808,.F.);
#7825=ORIENTED_EDGE('',*,*,#5809,.F.);
#7826=ORIENTED_EDGE('',*,*,#5810,.F.);
#7827=ORIENTED_EDGE('',*,*,#5811,.F.);
#7828=ORIENTED_EDGE('',*,*,#5812,.F.);
#7829=ORIENTED_EDGE('',*,*,#5782,.F.);
#7830=ORIENTED_EDGE('',*,*,#5813,.T.);
#7831=ORIENTED_EDGE('',*,*,#5756,.F.);
#7832=ORIENTED_EDGE('',*,*,#5814,.F.);
#7833=ORIENTED_EDGE('',*,*,#5783,.T.);
#7834=ORIENTED_EDGE('',*,*,#5814,.T.);
#7835=ORIENTED_EDGE('',*,*,#5755,.F.);
#7836=ORIENTED_EDGE('',*,*,#5815,.F.);
#7837=ORIENTED_EDGE('',*,*,#5784,.T.);
#7838=ORIENTED_EDGE('',*,*,#5815,.T.);
#7839=ORIENTED_EDGE('',*,*,#5754,.F.);
#7840=ORIENTED_EDGE('',*,*,#5816,.F.);
#7841=ORIENTED_EDGE('',*,*,#5785,.T.);
#7842=ORIENTED_EDGE('',*,*,#5816,.T.);
#7843=ORIENTED_EDGE('',*,*,#5753,.F.);
#7844=ORIENTED_EDGE('',*,*,#5817,.F.);
#7845=ORIENTED_EDGE('',*,*,#5786,.T.);
#7846=ORIENTED_EDGE('',*,*,#5817,.T.);
#7847=ORIENTED_EDGE('',*,*,#5752,.F.);
#7848=ORIENTED_EDGE('',*,*,#5818,.F.);
#7849=ORIENTED_EDGE('',*,*,#5787,.T.);
#7850=ORIENTED_EDGE('',*,*,#5818,.T.);
#7851=ORIENTED_EDGE('',*,*,#5751,.F.);
#7852=ORIENTED_EDGE('',*,*,#5819,.F.);
#7853=ORIENTED_EDGE('',*,*,#5788,.T.);
#7854=ORIENTED_EDGE('',*,*,#5819,.T.);
#7855=ORIENTED_EDGE('',*,*,#5750,.F.);
#7856=ORIENTED_EDGE('',*,*,#5820,.F.);
#7857=ORIENTED_EDGE('',*,*,#5781,.T.);
#7858=ORIENTED_EDGE('',*,*,#5820,.T.);
#7859=ORIENTED_EDGE('',*,*,#5749,.F.);
#7860=ORIENTED_EDGE('',*,*,#5813,.F.);
#7861=ORIENTED_EDGE('',*,*,#5794,.T.);
#7862=ORIENTED_EDGE('',*,*,#5821,.F.);
#7863=ORIENTED_EDGE('',*,*,#5822,.F.);
#7864=ORIENTED_EDGE('',*,*,#5823,.F.);
#7865=ORIENTED_EDGE('',*,*,#5824,.F.);
#7866=ORIENTED_EDGE('',*,*,#5825,.T.);
#7867=ORIENTED_EDGE('',*,*,#5826,.T.);
#7868=ORIENTED_EDGE('',*,*,#5827,.T.);
#7869=ORIENTED_EDGE('',*,*,#5760,.T.);
#7870=ORIENTED_EDGE('',*,*,#5828,.T.);
#7871=ORIENTED_EDGE('',*,*,#5829,.F.);
#7872=ORIENTED_EDGE('',*,*,#5830,.F.);
#7873=ORIENTED_EDGE('',*,*,#5793,.T.);
#7874=ORIENTED_EDGE('',*,*,#5831,.F.);
#7875=ORIENTED_EDGE('',*,*,#5832,.T.);
#7876=ORIENTED_EDGE('',*,*,#5821,.T.);
#7877=ORIENTED_EDGE('',*,*,#5761,.T.);
#7878=ORIENTED_EDGE('',*,*,#5830,.T.);
#7879=ORIENTED_EDGE('',*,*,#5833,.F.);
#7880=ORIENTED_EDGE('',*,*,#5834,.F.);
#7881=ORIENTED_EDGE('',*,*,#5792,.T.);
#7882=ORIENTED_EDGE('',*,*,#5835,.F.);
#7883=ORIENTED_EDGE('',*,*,#5836,.T.);
#7884=ORIENTED_EDGE('',*,*,#5831,.T.);
#7885=ORIENTED_EDGE('',*,*,#5795,.T.);
#7886=ORIENTED_EDGE('',*,*,#5827,.F.);
#7887=ORIENTED_EDGE('',*,*,#5837,.T.);
#7888=ORIENTED_EDGE('',*,*,#5838,.T.);
#7889=ORIENTED_EDGE('',*,*,#5759,.T.);
#7890=ORIENTED_EDGE('',*,*,#5839,.T.);
#7891=ORIENTED_EDGE('',*,*,#5840,.F.);
#7892=ORIENTED_EDGE('',*,*,#5828,.F.);
#7893=ORIENTED_EDGE('',*,*,#5791,.T.);
#7894=ORIENTED_EDGE('',*,*,#5841,.F.);
#7895=ORIENTED_EDGE('',*,*,#5842,.T.);
#7896=ORIENTED_EDGE('',*,*,#5835,.T.);
#7897=ORIENTED_EDGE('',*,*,#5796,.T.);
#7898=ORIENTED_EDGE('',*,*,#5838,.F.);
#7899=ORIENTED_EDGE('',*,*,#5843,.T.);
#7900=ORIENTED_EDGE('',*,*,#5844,.T.);
#7901=ORIENTED_EDGE('',*,*,#5758,.T.);
#7902=ORIENTED_EDGE('',*,*,#5845,.T.);
#7903=ORIENTED_EDGE('',*,*,#5846,.F.);
#7904=ORIENTED_EDGE('',*,*,#5839,.F.);
#7905=ORIENTED_EDGE('',*,*,#5790,.T.);
#7906=ORIENTED_EDGE('',*,*,#5847,.F.);
#7907=ORIENTED_EDGE('',*,*,#5848,.F.);
#7908=ORIENTED_EDGE('',*,*,#5849,.F.);
#7909=ORIENTED_EDGE('',*,*,#5850,.F.);
#7910=ORIENTED_EDGE('',*,*,#5851,.T.);
#7911=ORIENTED_EDGE('',*,*,#5852,.T.);
#7912=ORIENTED_EDGE('',*,*,#5841,.T.);
#7913=ORIENTED_EDGE('',*,*,#5789,.T.);
#7914=ORIENTED_EDGE('',*,*,#5844,.F.);
#7915=ORIENTED_EDGE('',*,*,#5853,.T.);
#7916=ORIENTED_EDGE('',*,*,#5847,.T.);
#7917=ORIENTED_EDGE('',*,*,#5762,.T.);
#7918=ORIENTED_EDGE('',*,*,#5834,.T.);
#7919=ORIENTED_EDGE('',*,*,#5854,.F.);
#7920=ORIENTED_EDGE('',*,*,#5855,.F.);
#7921=ORIENTED_EDGE('',*,*,#5763,.T.);
#7922=ORIENTED_EDGE('',*,*,#5855,.T.);
#7923=ORIENTED_EDGE('',*,*,#5856,.F.);
#7924=ORIENTED_EDGE('',*,*,#5857,.F.);
#7925=ORIENTED_EDGE('',*,*,#5757,.T.);
#7926=ORIENTED_EDGE('',*,*,#5858,.T.);
#7927=ORIENTED_EDGE('',*,*,#5859,.F.);
#7928=ORIENTED_EDGE('',*,*,#5845,.F.);
#7929=ORIENTED_EDGE('',*,*,#5860,.T.);
#7930=ORIENTED_EDGE('',*,*,#5861,.T.);
#7931=ORIENTED_EDGE('',*,*,#5837,.F.);
#7932=ORIENTED_EDGE('',*,*,#5826,.F.);
#7933=ORIENTED_EDGE('',*,*,#5862,.T.);
#7934=ORIENTED_EDGE('',*,*,#5822,.T.);
#7935=ORIENTED_EDGE('',*,*,#5832,.F.);
#7936=ORIENTED_EDGE('',*,*,#5863,.F.);
#7937=ORIENTED_EDGE('',*,*,#5864,.T.);
#7938=ORIENTED_EDGE('',*,*,#5863,.T.);
#7939=ORIENTED_EDGE('',*,*,#5836,.F.);
#7940=ORIENTED_EDGE('',*,*,#5865,.F.);
#7941=ORIENTED_EDGE('',*,*,#5866,.T.);
#7942=ORIENTED_EDGE('',*,*,#5865,.T.);
#7943=ORIENTED_EDGE('',*,*,#5842,.F.);
#7944=ORIENTED_EDGE('',*,*,#5852,.F.);
#7945=ORIENTED_EDGE('',*,*,#5867,.T.);
#7946=ORIENTED_EDGE('',*,*,#5848,.T.);
#7947=ORIENTED_EDGE('',*,*,#5853,.F.);
#7948=ORIENTED_EDGE('',*,*,#5868,.F.);
#7949=ORIENTED_EDGE('',*,*,#5869,.T.);
#7950=ORIENTED_EDGE('',*,*,#5868,.T.);
#7951=ORIENTED_EDGE('',*,*,#5843,.F.);
#7952=ORIENTED_EDGE('',*,*,#5861,.F.);
#7953=ORIENTED_EDGE('',*,*,#5870,.F.);
#7954=ORIENTED_EDGE('',*,*,#5871,.T.);
#7955=ORIENTED_EDGE('',*,*,#5860,.F.);
#7956=ORIENTED_EDGE('',*,*,#5825,.F.);
#7957=ORIENTED_EDGE('',*,*,#5872,.F.);
#7958=ORIENTED_EDGE('',*,*,#5823,.T.);
#7959=ORIENTED_EDGE('',*,*,#5862,.F.);
#7960=ORIENTED_EDGE('',*,*,#5873,.F.);
#7961=ORIENTED_EDGE('',*,*,#5874,.F.);
#7962=ORIENTED_EDGE('',*,*,#5873,.T.);
#7963=ORIENTED_EDGE('',*,*,#5864,.F.);
#7964=ORIENTED_EDGE('',*,*,#5875,.F.);
#7965=ORIENTED_EDGE('',*,*,#5876,.F.);
#7966=ORIENTED_EDGE('',*,*,#5875,.T.);
#7967=ORIENTED_EDGE('',*,*,#5866,.F.);
#7968=ORIENTED_EDGE('',*,*,#5851,.F.);
#7969=ORIENTED_EDGE('',*,*,#5764,.T.);
#7970=ORIENTED_EDGE('',*,*,#5857,.T.);
#7971=ORIENTED_EDGE('',*,*,#5877,.F.);
#7972=ORIENTED_EDGE('',*,*,#5858,.F.);
#7973=ORIENTED_EDGE('',*,*,#5878,.F.);
#7974=ORIENTED_EDGE('',*,*,#5849,.T.);
#7975=ORIENTED_EDGE('',*,*,#5867,.F.);
#7976=ORIENTED_EDGE('',*,*,#5879,.F.);
#7977=ORIENTED_EDGE('',*,*,#5880,.F.);
#7978=ORIENTED_EDGE('',*,*,#5879,.T.);
#7979=ORIENTED_EDGE('',*,*,#5869,.F.);
#7980=ORIENTED_EDGE('',*,*,#5871,.F.);
#7981=ORIENTED_EDGE('',*,*,#5846,.T.);
#7982=ORIENTED_EDGE('',*,*,#5859,.T.);
#7983=ORIENTED_EDGE('',*,*,#5877,.T.);
#7984=ORIENTED_EDGE('',*,*,#5856,.T.);
#7985=ORIENTED_EDGE('',*,*,#5854,.T.);
#7986=ORIENTED_EDGE('',*,*,#5833,.T.);
#7987=ORIENTED_EDGE('',*,*,#5829,.T.);
#7988=ORIENTED_EDGE('',*,*,#5840,.T.);
#7989=ORIENTED_EDGE('',*,*,#5880,.T.);
#7990=ORIENTED_EDGE('',*,*,#5870,.T.);
#7991=ORIENTED_EDGE('',*,*,#5824,.T.);
#7992=ORIENTED_EDGE('',*,*,#5872,.T.);
#7993=ORIENTED_EDGE('',*,*,#5874,.T.);
#7994=ORIENTED_EDGE('',*,*,#5876,.T.);
#7995=ORIENTED_EDGE('',*,*,#5850,.T.);
#7996=ORIENTED_EDGE('',*,*,#5878,.T.);
#7997=ORIENTED_EDGE('',*,*,#5802,.T.);
#7998=ORIENTED_EDGE('',*,*,#5881,.F.);
#7999=ORIENTED_EDGE('',*,*,#5882,.F.);
#8000=ORIENTED_EDGE('',*,*,#5883,.F.);
#8001=ORIENTED_EDGE('',*,*,#5884,.F.);
#8002=ORIENTED_EDGE('',*,*,#5885,.T.);
#8003=ORIENTED_EDGE('',*,*,#5886,.T.);
#8004=ORIENTED_EDGE('',*,*,#5887,.T.);
#8005=ORIENTED_EDGE('',*,*,#5768,.T.);
#8006=ORIENTED_EDGE('',*,*,#5888,.T.);
#8007=ORIENTED_EDGE('',*,*,#5889,.F.);
#8008=ORIENTED_EDGE('',*,*,#5890,.F.);
#8009=ORIENTED_EDGE('',*,*,#5801,.T.);
#8010=ORIENTED_EDGE('',*,*,#5891,.F.);
#8011=ORIENTED_EDGE('',*,*,#5892,.T.);
#8012=ORIENTED_EDGE('',*,*,#5881,.T.);
#8013=ORIENTED_EDGE('',*,*,#5769,.T.);
#8014=ORIENTED_EDGE('',*,*,#5890,.T.);
#8015=ORIENTED_EDGE('',*,*,#5893,.F.);
#8016=ORIENTED_EDGE('',*,*,#5894,.F.);
#8017=ORIENTED_EDGE('',*,*,#5800,.T.);
#8018=ORIENTED_EDGE('',*,*,#5895,.F.);
#8019=ORIENTED_EDGE('',*,*,#5896,.T.);
#8020=ORIENTED_EDGE('',*,*,#5891,.T.);
#8021=ORIENTED_EDGE('',*,*,#5803,.T.);
#8022=ORIENTED_EDGE('',*,*,#5887,.F.);
#8023=ORIENTED_EDGE('',*,*,#5897,.T.);
#8024=ORIENTED_EDGE('',*,*,#5898,.T.);
#8025=ORIENTED_EDGE('',*,*,#5767,.T.);
#8026=ORIENTED_EDGE('',*,*,#5899,.T.);
#8027=ORIENTED_EDGE('',*,*,#5900,.F.);
#8028=ORIENTED_EDGE('',*,*,#5888,.F.);
#8029=ORIENTED_EDGE('',*,*,#5799,.T.);
#8030=ORIENTED_EDGE('',*,*,#5901,.F.);
#8031=ORIENTED_EDGE('',*,*,#5902,.T.);
#8032=ORIENTED_EDGE('',*,*,#5895,.T.);
#8033=ORIENTED_EDGE('',*,*,#5804,.T.);
#8034=ORIENTED_EDGE('',*,*,#5898,.F.);
#8035=ORIENTED_EDGE('',*,*,#5903,.T.);
#8036=ORIENTED_EDGE('',*,*,#5904,.T.);
#8037=ORIENTED_EDGE('',*,*,#5766,.T.);
#8038=ORIENTED_EDGE('',*,*,#5905,.T.);
#8039=ORIENTED_EDGE('',*,*,#5906,.F.);
#8040=ORIENTED_EDGE('',*,*,#5899,.F.);
#8041=ORIENTED_EDGE('',*,*,#5798,.T.);
#8042=ORIENTED_EDGE('',*,*,#5907,.F.);
#8043=ORIENTED_EDGE('',*,*,#5908,.F.);
#8044=ORIENTED_EDGE('',*,*,#5909,.F.);
#8045=ORIENTED_EDGE('',*,*,#5910,.F.);
#8046=ORIENTED_EDGE('',*,*,#5911,.T.);
#8047=ORIENTED_EDGE('',*,*,#5912,.T.);
#8048=ORIENTED_EDGE('',*,*,#5901,.T.);
#8049=ORIENTED_EDGE('',*,*,#5797,.T.);
#8050=ORIENTED_EDGE('',*,*,#5904,.F.);
#8051=ORIENTED_EDGE('',*,*,#5913,.T.);
#8052=ORIENTED_EDGE('',*,*,#5907,.T.);
#8053=ORIENTED_EDGE('',*,*,#5770,.T.);
#8054=ORIENTED_EDGE('',*,*,#5894,.T.);
#8055=ORIENTED_EDGE('',*,*,#5914,.F.);
#8056=ORIENTED_EDGE('',*,*,#5915,.F.);
#8057=ORIENTED_EDGE('',*,*,#5771,.T.);
#8058=ORIENTED_EDGE('',*,*,#5915,.T.);
#8059=ORIENTED_EDGE('',*,*,#5916,.F.);
#8060=ORIENTED_EDGE('',*,*,#5917,.F.);
#8061=ORIENTED_EDGE('',*,*,#5765,.T.);
#8062=ORIENTED_EDGE('',*,*,#5918,.T.);
#8063=ORIENTED_EDGE('',*,*,#5919,.F.);
#8064=ORIENTED_EDGE('',*,*,#5905,.F.);
#8065=ORIENTED_EDGE('',*,*,#5920,.T.);
#8066=ORIENTED_EDGE('',*,*,#5882,.T.);
#8067=ORIENTED_EDGE('',*,*,#5892,.F.);
#8068=ORIENTED_EDGE('',*,*,#5921,.F.);
#8069=ORIENTED_EDGE('',*,*,#5922,.T.);
#8070=ORIENTED_EDGE('',*,*,#5921,.T.);
#8071=ORIENTED_EDGE('',*,*,#5896,.F.);
#8072=ORIENTED_EDGE('',*,*,#5923,.F.);
#8073=ORIENTED_EDGE('',*,*,#5924,.T.);
#8074=ORIENTED_EDGE('',*,*,#5923,.T.);
#8075=ORIENTED_EDGE('',*,*,#5902,.F.);
#8076=ORIENTED_EDGE('',*,*,#5912,.F.);
#8077=ORIENTED_EDGE('',*,*,#5925,.T.);
#8078=ORIENTED_EDGE('',*,*,#5908,.T.);
#8079=ORIENTED_EDGE('',*,*,#5913,.F.);
#8080=ORIENTED_EDGE('',*,*,#5926,.F.);
#8081=ORIENTED_EDGE('',*,*,#5927,.T.);
#8082=ORIENTED_EDGE('',*,*,#5926,.T.);
#8083=ORIENTED_EDGE('',*,*,#5903,.F.);
#8084=ORIENTED_EDGE('',*,*,#5928,.F.);
#8085=ORIENTED_EDGE('',*,*,#5929,.T.);
#8086=ORIENTED_EDGE('',*,*,#5928,.T.);
#8087=ORIENTED_EDGE('',*,*,#5897,.F.);
#8088=ORIENTED_EDGE('',*,*,#5886,.F.);
#8089=ORIENTED_EDGE('',*,*,#5930,.F.);
#8090=ORIENTED_EDGE('',*,*,#5883,.T.);
#8091=ORIENTED_EDGE('',*,*,#5920,.F.);
#8092=ORIENTED_EDGE('',*,*,#5931,.F.);
#8093=ORIENTED_EDGE('',*,*,#5932,.F.);
#8094=ORIENTED_EDGE('',*,*,#5931,.T.);
#8095=ORIENTED_EDGE('',*,*,#5922,.F.);
#8096=ORIENTED_EDGE('',*,*,#5933,.F.);
#8097=ORIENTED_EDGE('',*,*,#5934,.F.);
#8098=ORIENTED_EDGE('',*,*,#5933,.T.);
#8099=ORIENTED_EDGE('',*,*,#5924,.F.);
#8100=ORIENTED_EDGE('',*,*,#5911,.F.);
#8101=ORIENTED_EDGE('',*,*,#5772,.T.);
#8102=ORIENTED_EDGE('',*,*,#5917,.T.);
#8103=ORIENTED_EDGE('',*,*,#5935,.F.);
#8104=ORIENTED_EDGE('',*,*,#5918,.F.);
#8105=ORIENTED_EDGE('',*,*,#5936,.F.);
#8106=ORIENTED_EDGE('',*,*,#5909,.T.);
#8107=ORIENTED_EDGE('',*,*,#5925,.F.);
#8108=ORIENTED_EDGE('',*,*,#5937,.F.);
#8109=ORIENTED_EDGE('',*,*,#5938,.F.);
#8110=ORIENTED_EDGE('',*,*,#5937,.T.);
#8111=ORIENTED_EDGE('',*,*,#5927,.F.);
#8112=ORIENTED_EDGE('',*,*,#5939,.F.);
#8113=ORIENTED_EDGE('',*,*,#5940,.F.);
#8114=ORIENTED_EDGE('',*,*,#5939,.T.);
#8115=ORIENTED_EDGE('',*,*,#5929,.F.);
#8116=ORIENTED_EDGE('',*,*,#5885,.F.);
#8117=ORIENTED_EDGE('',*,*,#5889,.T.);
#8118=ORIENTED_EDGE('',*,*,#5900,.T.);
#8119=ORIENTED_EDGE('',*,*,#5906,.T.);
#8120=ORIENTED_EDGE('',*,*,#5919,.T.);
#8121=ORIENTED_EDGE('',*,*,#5935,.T.);
#8122=ORIENTED_EDGE('',*,*,#5916,.T.);
#8123=ORIENTED_EDGE('',*,*,#5914,.T.);
#8124=ORIENTED_EDGE('',*,*,#5893,.T.);
#8125=ORIENTED_EDGE('',*,*,#5884,.T.);
#8126=ORIENTED_EDGE('',*,*,#5930,.T.);
#8127=ORIENTED_EDGE('',*,*,#5932,.T.);
#8128=ORIENTED_EDGE('',*,*,#5934,.T.);
#8129=ORIENTED_EDGE('',*,*,#5910,.T.);
#8130=ORIENTED_EDGE('',*,*,#5936,.T.);
#8131=ORIENTED_EDGE('',*,*,#5938,.T.);
#8132=ORIENTED_EDGE('',*,*,#5940,.T.);
#8133=ORIENTED_EDGE('',*,*,#5810,.T.);
#8134=ORIENTED_EDGE('',*,*,#5941,.F.);
#8135=ORIENTED_EDGE('',*,*,#5942,.F.);
#8136=ORIENTED_EDGE('',*,*,#5943,.F.);
#8137=ORIENTED_EDGE('',*,*,#5944,.F.);
#8138=ORIENTED_EDGE('',*,*,#5945,.T.);
#8139=ORIENTED_EDGE('',*,*,#5946,.T.);
#8140=ORIENTED_EDGE('',*,*,#5947,.T.);
#8141=ORIENTED_EDGE('',*,*,#5776,.T.);
#8142=ORIENTED_EDGE('',*,*,#5948,.T.);
#8143=ORIENTED_EDGE('',*,*,#5949,.F.);
#8144=ORIENTED_EDGE('',*,*,#5950,.F.);
#8145=ORIENTED_EDGE('',*,*,#5809,.T.);
#8146=ORIENTED_EDGE('',*,*,#5951,.F.);
#8147=ORIENTED_EDGE('',*,*,#5952,.T.);
#8148=ORIENTED_EDGE('',*,*,#5941,.T.);
#8149=ORIENTED_EDGE('',*,*,#5777,.T.);
#8150=ORIENTED_EDGE('',*,*,#5950,.T.);
#8151=ORIENTED_EDGE('',*,*,#5953,.F.);
#8152=ORIENTED_EDGE('',*,*,#5954,.F.);
#8153=ORIENTED_EDGE('',*,*,#5808,.T.);
#8154=ORIENTED_EDGE('',*,*,#5955,.F.);
#8155=ORIENTED_EDGE('',*,*,#5956,.T.);
#8156=ORIENTED_EDGE('',*,*,#5951,.T.);
#8157=ORIENTED_EDGE('',*,*,#5811,.T.);
#8158=ORIENTED_EDGE('',*,*,#5947,.F.);
#8159=ORIENTED_EDGE('',*,*,#5957,.T.);
#8160=ORIENTED_EDGE('',*,*,#5958,.T.);
#8161=ORIENTED_EDGE('',*,*,#5775,.T.);
#8162=ORIENTED_EDGE('',*,*,#5959,.T.);
#8163=ORIENTED_EDGE('',*,*,#5960,.F.);
#8164=ORIENTED_EDGE('',*,*,#5948,.F.);
#8165=ORIENTED_EDGE('',*,*,#5807,.T.);
#8166=ORIENTED_EDGE('',*,*,#5961,.F.);
#8167=ORIENTED_EDGE('',*,*,#5962,.T.);
#8168=ORIENTED_EDGE('',*,*,#5955,.T.);
#8169=ORIENTED_EDGE('',*,*,#5812,.T.);
#8170=ORIENTED_EDGE('',*,*,#5958,.F.);
#8171=ORIENTED_EDGE('',*,*,#5963,.T.);
#8172=ORIENTED_EDGE('',*,*,#5964,.T.);
#8173=ORIENTED_EDGE('',*,*,#5774,.T.);
#8174=ORIENTED_EDGE('',*,*,#5965,.T.);
#8175=ORIENTED_EDGE('',*,*,#5966,.F.);
#8176=ORIENTED_EDGE('',*,*,#5959,.F.);
#8177=ORIENTED_EDGE('',*,*,#5806,.T.);
#8178=ORIENTED_EDGE('',*,*,#5967,.F.);
#8179=ORIENTED_EDGE('',*,*,#5968,.F.);
#8180=ORIENTED_EDGE('',*,*,#5969,.F.);
#8181=ORIENTED_EDGE('',*,*,#5970,.F.);
#8182=ORIENTED_EDGE('',*,*,#5971,.T.);
#8183=ORIENTED_EDGE('',*,*,#5972,.T.);
#8184=ORIENTED_EDGE('',*,*,#5961,.T.);
#8185=ORIENTED_EDGE('',*,*,#5805,.T.);
#8186=ORIENTED_EDGE('',*,*,#5964,.F.);
#8187=ORIENTED_EDGE('',*,*,#5973,.T.);
#8188=ORIENTED_EDGE('',*,*,#5967,.T.);
#8189=ORIENTED_EDGE('',*,*,#5778,.T.);
#8190=ORIENTED_EDGE('',*,*,#5954,.T.);
#8191=ORIENTED_EDGE('',*,*,#5974,.F.);
#8192=ORIENTED_EDGE('',*,*,#5975,.F.);
#8193=ORIENTED_EDGE('',*,*,#5779,.T.);
#8194=ORIENTED_EDGE('',*,*,#5975,.T.);
#8195=ORIENTED_EDGE('',*,*,#5976,.F.);
#8196=ORIENTED_EDGE('',*,*,#5977,.F.);
#8197=ORIENTED_EDGE('',*,*,#5773,.T.);
#8198=ORIENTED_EDGE('',*,*,#5978,.T.);
#8199=ORIENTED_EDGE('',*,*,#5979,.F.);
#8200=ORIENTED_EDGE('',*,*,#5965,.F.);
#8201=ORIENTED_EDGE('',*,*,#5980,.T.);
#8202=ORIENTED_EDGE('',*,*,#5981,.T.);
#8203=ORIENTED_EDGE('',*,*,#5957,.F.);
#8204=ORIENTED_EDGE('',*,*,#5946,.F.);
#8205=ORIENTED_EDGE('',*,*,#5982,.T.);
#8206=ORIENTED_EDGE('',*,*,#5942,.T.);
#8207=ORIENTED_EDGE('',*,*,#5952,.F.);
#8208=ORIENTED_EDGE('',*,*,#5983,.F.);
#8209=ORIENTED_EDGE('',*,*,#5984,.T.);
#8210=ORIENTED_EDGE('',*,*,#5983,.T.);
#8211=ORIENTED_EDGE('',*,*,#5956,.F.);
#8212=ORIENTED_EDGE('',*,*,#5985,.F.);
#8213=ORIENTED_EDGE('',*,*,#5986,.T.);
#8214=ORIENTED_EDGE('',*,*,#5985,.T.);
#8215=ORIENTED_EDGE('',*,*,#5962,.F.);
#8216=ORIENTED_EDGE('',*,*,#5972,.F.);
#8217=ORIENTED_EDGE('',*,*,#5987,.T.);
#8218=ORIENTED_EDGE('',*,*,#5968,.T.);
#8219=ORIENTED_EDGE('',*,*,#5973,.F.);
#8220=ORIENTED_EDGE('',*,*,#5988,.F.);
#8221=ORIENTED_EDGE('',*,*,#5989,.T.);
#8222=ORIENTED_EDGE('',*,*,#5988,.T.);
#8223=ORIENTED_EDGE('',*,*,#5963,.F.);
#8224=ORIENTED_EDGE('',*,*,#5981,.F.);
#8225=ORIENTED_EDGE('',*,*,#5990,.F.);
#8226=ORIENTED_EDGE('',*,*,#5991,.T.);
#8227=ORIENTED_EDGE('',*,*,#5980,.F.);
#8228=ORIENTED_EDGE('',*,*,#5945,.F.);
#8229=ORIENTED_EDGE('',*,*,#5992,.F.);
#8230=ORIENTED_EDGE('',*,*,#5943,.T.);
#8231=ORIENTED_EDGE('',*,*,#5982,.F.);
#8232=ORIENTED_EDGE('',*,*,#5993,.F.);
#8233=ORIENTED_EDGE('',*,*,#5994,.F.);
#8234=ORIENTED_EDGE('',*,*,#5993,.T.);
#8235=ORIENTED_EDGE('',*,*,#5984,.F.);
#8236=ORIENTED_EDGE('',*,*,#5995,.F.);
#8237=ORIENTED_EDGE('',*,*,#5996,.F.);
#8238=ORIENTED_EDGE('',*,*,#5995,.T.);
#8239=ORIENTED_EDGE('',*,*,#5986,.F.);
#8240=ORIENTED_EDGE('',*,*,#5971,.F.);
#8241=ORIENTED_EDGE('',*,*,#5780,.T.);
#8242=ORIENTED_EDGE('',*,*,#5977,.T.);
#8243=ORIENTED_EDGE('',*,*,#5997,.F.);
#8244=ORIENTED_EDGE('',*,*,#5978,.F.);
#8245=ORIENTED_EDGE('',*,*,#5998,.F.);
#8246=ORIENTED_EDGE('',*,*,#5969,.T.);
#8247=ORIENTED_EDGE('',*,*,#5987,.F.);
#8248=ORIENTED_EDGE('',*,*,#5999,.F.);
#8249=ORIENTED_EDGE('',*,*,#6000,.F.);
#8250=ORIENTED_EDGE('',*,*,#5999,.T.);
#8251=ORIENTED_EDGE('',*,*,#5989,.F.);
#8252=ORIENTED_EDGE('',*,*,#5991,.F.);
#8253=ORIENTED_EDGE('',*,*,#5966,.T.);
#8254=ORIENTED_EDGE('',*,*,#5979,.T.);
#8255=ORIENTED_EDGE('',*,*,#5997,.T.);
#8256=ORIENTED_EDGE('',*,*,#5976,.T.);
#8257=ORIENTED_EDGE('',*,*,#5974,.T.);
#8258=ORIENTED_EDGE('',*,*,#5953,.T.);
#8259=ORIENTED_EDGE('',*,*,#5949,.T.);
#8260=ORIENTED_EDGE('',*,*,#5960,.T.);
#8261=ORIENTED_EDGE('',*,*,#6000,.T.);
#8262=ORIENTED_EDGE('',*,*,#5990,.T.);
#8263=ORIENTED_EDGE('',*,*,#5944,.T.);
#8264=ORIENTED_EDGE('',*,*,#5992,.T.);
#8265=ORIENTED_EDGE('',*,*,#5994,.T.);
#8266=ORIENTED_EDGE('',*,*,#5996,.T.);
#8267=ORIENTED_EDGE('',*,*,#5970,.T.);
#8268=ORIENTED_EDGE('',*,*,#5998,.T.);
#8269=ORIENTED_EDGE('',*,*,#6001,.T.);
#8270=ORIENTED_EDGE('',*,*,#6002,.T.);
#8271=ORIENTED_EDGE('',*,*,#6003,.T.);
#8272=ORIENTED_EDGE('',*,*,#6004,.T.);
#8273=ORIENTED_EDGE('',*,*,#6005,.T.);
#8274=ORIENTED_EDGE('',*,*,#6006,.T.);
#8275=ORIENTED_EDGE('',*,*,#6007,.T.);
#8276=ORIENTED_EDGE('',*,*,#6008,.T.);
#8277=ORIENTED_EDGE('',*,*,#6009,.F.);
#8278=ORIENTED_EDGE('',*,*,#6010,.F.);
#8279=ORIENTED_EDGE('',*,*,#6011,.F.);
#8280=ORIENTED_EDGE('',*,*,#6012,.F.);
#8281=ORIENTED_EDGE('',*,*,#6013,.F.);
#8282=ORIENTED_EDGE('',*,*,#6014,.F.);
#8283=ORIENTED_EDGE('',*,*,#6015,.F.);
#8284=ORIENTED_EDGE('',*,*,#6016,.F.);
#8285=ORIENTED_EDGE('',*,*,#6017,.F.);
#8286=ORIENTED_EDGE('',*,*,#6018,.F.);
#8287=ORIENTED_EDGE('',*,*,#6019,.F.);
#8288=ORIENTED_EDGE('',*,*,#6020,.F.);
#8289=ORIENTED_EDGE('',*,*,#6021,.F.);
#8290=ORIENTED_EDGE('',*,*,#6022,.F.);
#8291=ORIENTED_EDGE('',*,*,#6023,.F.);
#8292=ORIENTED_EDGE('',*,*,#6024,.F.);
#8293=ORIENTED_EDGE('',*,*,#6025,.F.);
#8294=ORIENTED_EDGE('',*,*,#6026,.F.);
#8295=ORIENTED_EDGE('',*,*,#6027,.F.);
#8296=ORIENTED_EDGE('',*,*,#6028,.F.);
#8297=ORIENTED_EDGE('',*,*,#6029,.F.);
#8298=ORIENTED_EDGE('',*,*,#6030,.F.);
#8299=ORIENTED_EDGE('',*,*,#6031,.F.);
#8300=ORIENTED_EDGE('',*,*,#6032,.F.);
#8301=ORIENTED_EDGE('',*,*,#6033,.F.);
#8302=ORIENTED_EDGE('',*,*,#6034,.T.);
#8303=ORIENTED_EDGE('',*,*,#6035,.F.);
#8304=ORIENTED_EDGE('',*,*,#6036,.F.);
#8305=ORIENTED_EDGE('',*,*,#6037,.F.);
#8306=ORIENTED_EDGE('',*,*,#6038,.F.);
#8307=ORIENTED_EDGE('',*,*,#6039,.F.);
#8308=ORIENTED_EDGE('',*,*,#6040,.F.);
#8309=ORIENTED_EDGE('',*,*,#6041,.F.);
#8310=ORIENTED_EDGE('',*,*,#6042,.F.);
#8311=ORIENTED_EDGE('',*,*,#6043,.F.);
#8312=ORIENTED_EDGE('',*,*,#6044,.F.);
#8313=ORIENTED_EDGE('',*,*,#6045,.F.);
#8314=ORIENTED_EDGE('',*,*,#6046,.F.);
#8315=ORIENTED_EDGE('',*,*,#6047,.F.);
#8316=ORIENTED_EDGE('',*,*,#6048,.F.);
#8317=ORIENTED_EDGE('',*,*,#6049,.F.);
#8318=ORIENTED_EDGE('',*,*,#6050,.F.);
#8319=ORIENTED_EDGE('',*,*,#6051,.F.);
#8320=ORIENTED_EDGE('',*,*,#6052,.F.);
#8321=ORIENTED_EDGE('',*,*,#6053,.F.);
#8322=ORIENTED_EDGE('',*,*,#6054,.F.);
#8323=ORIENTED_EDGE('',*,*,#6055,.F.);
#8324=ORIENTED_EDGE('',*,*,#6056,.F.);
#8325=ORIENTED_EDGE('',*,*,#6057,.F.);
#8326=ORIENTED_EDGE('',*,*,#6058,.F.);
#8327=ORIENTED_EDGE('',*,*,#6059,.F.);
#8328=ORIENTED_EDGE('',*,*,#6060,.F.);
#8329=ORIENTED_EDGE('',*,*,#6061,.F.);
#8330=ORIENTED_EDGE('',*,*,#6062,.F.);
#8331=ORIENTED_EDGE('',*,*,#6063,.F.);
#8332=ORIENTED_EDGE('',*,*,#6064,.F.);
#8333=ORIENTED_EDGE('',*,*,#6034,.F.);
#8334=ORIENTED_EDGE('',*,*,#6065,.T.);
#8335=ORIENTED_EDGE('',*,*,#6008,.F.);
#8336=ORIENTED_EDGE('',*,*,#6066,.F.);
#8337=ORIENTED_EDGE('',*,*,#6035,.T.);
#8338=ORIENTED_EDGE('',*,*,#6066,.T.);
#8339=ORIENTED_EDGE('',*,*,#6007,.F.);
#8340=ORIENTED_EDGE('',*,*,#6067,.F.);
#8341=ORIENTED_EDGE('',*,*,#6036,.T.);
#8342=ORIENTED_EDGE('',*,*,#6067,.T.);
#8343=ORIENTED_EDGE('',*,*,#6006,.F.);
#8344=ORIENTED_EDGE('',*,*,#6068,.F.);
#8345=ORIENTED_EDGE('',*,*,#6037,.T.);
#8346=ORIENTED_EDGE('',*,*,#6068,.T.);
#8347=ORIENTED_EDGE('',*,*,#6005,.F.);
#8348=ORIENTED_EDGE('',*,*,#6069,.F.);
#8349=ORIENTED_EDGE('',*,*,#6038,.T.);
#8350=ORIENTED_EDGE('',*,*,#6069,.T.);
#8351=ORIENTED_EDGE('',*,*,#6004,.F.);
#8352=ORIENTED_EDGE('',*,*,#6070,.F.);
#8353=ORIENTED_EDGE('',*,*,#6039,.T.);
#8354=ORIENTED_EDGE('',*,*,#6070,.T.);
#8355=ORIENTED_EDGE('',*,*,#6003,.F.);
#8356=ORIENTED_EDGE('',*,*,#6071,.F.);
#8357=ORIENTED_EDGE('',*,*,#6040,.T.);
#8358=ORIENTED_EDGE('',*,*,#6071,.T.);
#8359=ORIENTED_EDGE('',*,*,#6002,.F.);
#8360=ORIENTED_EDGE('',*,*,#6072,.F.);
#8361=ORIENTED_EDGE('',*,*,#6033,.T.);
#8362=ORIENTED_EDGE('',*,*,#6072,.T.);
#8363=ORIENTED_EDGE('',*,*,#6001,.F.);
#8364=ORIENTED_EDGE('',*,*,#6065,.F.);
#8365=ORIENTED_EDGE('',*,*,#6046,.T.);
#8366=ORIENTED_EDGE('',*,*,#6073,.F.);
#8367=ORIENTED_EDGE('',*,*,#6074,.F.);
#8368=ORIENTED_EDGE('',*,*,#6075,.F.);
#8369=ORIENTED_EDGE('',*,*,#6076,.F.);
#8370=ORIENTED_EDGE('',*,*,#6077,.T.);
#8371=ORIENTED_EDGE('',*,*,#6078,.T.);
#8372=ORIENTED_EDGE('',*,*,#6079,.T.);
#8373=ORIENTED_EDGE('',*,*,#6012,.T.);
#8374=ORIENTED_EDGE('',*,*,#6080,.T.);
#8375=ORIENTED_EDGE('',*,*,#6081,.F.);
#8376=ORIENTED_EDGE('',*,*,#6082,.F.);
#8377=ORIENTED_EDGE('',*,*,#6045,.T.);
#8378=ORIENTED_EDGE('',*,*,#6083,.F.);
#8379=ORIENTED_EDGE('',*,*,#6084,.T.);
#8380=ORIENTED_EDGE('',*,*,#6073,.T.);
#8381=ORIENTED_EDGE('',*,*,#6013,.T.);
#8382=ORIENTED_EDGE('',*,*,#6082,.T.);
#8383=ORIENTED_EDGE('',*,*,#6085,.F.);
#8384=ORIENTED_EDGE('',*,*,#6086,.F.);
#8385=ORIENTED_EDGE('',*,*,#6044,.T.);
#8386=ORIENTED_EDGE('',*,*,#6087,.F.);
#8387=ORIENTED_EDGE('',*,*,#6088,.T.);
#8388=ORIENTED_EDGE('',*,*,#6083,.T.);
#8389=ORIENTED_EDGE('',*,*,#6047,.T.);
#8390=ORIENTED_EDGE('',*,*,#6079,.F.);
#8391=ORIENTED_EDGE('',*,*,#6089,.T.);
#8392=ORIENTED_EDGE('',*,*,#6090,.T.);
#8393=ORIENTED_EDGE('',*,*,#6011,.T.);
#8394=ORIENTED_EDGE('',*,*,#6091,.T.);
#8395=ORIENTED_EDGE('',*,*,#6092,.F.);
#8396=ORIENTED_EDGE('',*,*,#6080,.F.);
#8397=ORIENTED_EDGE('',*,*,#6043,.T.);
#8398=ORIENTED_EDGE('',*,*,#6093,.F.);
#8399=ORIENTED_EDGE('',*,*,#6094,.T.);
#8400=ORIENTED_EDGE('',*,*,#6087,.T.);
#8401=ORIENTED_EDGE('',*,*,#6048,.T.);
#8402=ORIENTED_EDGE('',*,*,#6090,.F.);
#8403=ORIENTED_EDGE('',*,*,#6095,.T.);
#8404=ORIENTED_EDGE('',*,*,#6096,.T.);
#8405=ORIENTED_EDGE('',*,*,#6010,.T.);
#8406=ORIENTED_EDGE('',*,*,#6097,.T.);
#8407=ORIENTED_EDGE('',*,*,#6098,.F.);
#8408=ORIENTED_EDGE('',*,*,#6091,.F.);
#8409=ORIENTED_EDGE('',*,*,#6042,.T.);
#8410=ORIENTED_EDGE('',*,*,#6099,.F.);
#8411=ORIENTED_EDGE('',*,*,#6100,.F.);
#8412=ORIENTED_EDGE('',*,*,#6101,.F.);
#8413=ORIENTED_EDGE('',*,*,#6102,.F.);
#8414=ORIENTED_EDGE('',*,*,#6103,.T.);
#8415=ORIENTED_EDGE('',*,*,#6104,.T.);
#8416=ORIENTED_EDGE('',*,*,#6093,.T.);
#8417=ORIENTED_EDGE('',*,*,#6041,.T.);
#8418=ORIENTED_EDGE('',*,*,#6096,.F.);
#8419=ORIENTED_EDGE('',*,*,#6105,.T.);
#8420=ORIENTED_EDGE('',*,*,#6099,.T.);
#8421=ORIENTED_EDGE('',*,*,#6014,.T.);
#8422=ORIENTED_EDGE('',*,*,#6086,.T.);
#8423=ORIENTED_EDGE('',*,*,#6106,.F.);
#8424=ORIENTED_EDGE('',*,*,#6107,.F.);
#8425=ORIENTED_EDGE('',*,*,#6015,.T.);
#8426=ORIENTED_EDGE('',*,*,#6107,.T.);
#8427=ORIENTED_EDGE('',*,*,#6108,.F.);
#8428=ORIENTED_EDGE('',*,*,#6109,.F.);
#8429=ORIENTED_EDGE('',*,*,#6009,.T.);
#8430=ORIENTED_EDGE('',*,*,#6110,.T.);
#8431=ORIENTED_EDGE('',*,*,#6111,.F.);
#8432=ORIENTED_EDGE('',*,*,#6097,.F.);
#8433=ORIENTED_EDGE('',*,*,#6112,.T.);
#8434=ORIENTED_EDGE('',*,*,#6113,.T.);
#8435=ORIENTED_EDGE('',*,*,#6089,.F.);
#8436=ORIENTED_EDGE('',*,*,#6078,.F.);
#8437=ORIENTED_EDGE('',*,*,#6114,.T.);
#8438=ORIENTED_EDGE('',*,*,#6074,.T.);
#8439=ORIENTED_EDGE('',*,*,#6084,.F.);
#8440=ORIENTED_EDGE('',*,*,#6115,.F.);
#8441=ORIENTED_EDGE('',*,*,#6116,.T.);
#8442=ORIENTED_EDGE('',*,*,#6115,.T.);
#8443=ORIENTED_EDGE('',*,*,#6088,.F.);
#8444=ORIENTED_EDGE('',*,*,#6117,.F.);
#8445=ORIENTED_EDGE('',*,*,#6118,.T.);
#8446=ORIENTED_EDGE('',*,*,#6117,.T.);
#8447=ORIENTED_EDGE('',*,*,#6094,.F.);
#8448=ORIENTED_EDGE('',*,*,#6104,.F.);
#8449=ORIENTED_EDGE('',*,*,#6119,.T.);
#8450=ORIENTED_EDGE('',*,*,#6100,.T.);
#8451=ORIENTED_EDGE('',*,*,#6105,.F.);
#8452=ORIENTED_EDGE('',*,*,#6120,.F.);
#8453=ORIENTED_EDGE('',*,*,#6121,.T.);
#8454=ORIENTED_EDGE('',*,*,#6120,.T.);
#8455=ORIENTED_EDGE('',*,*,#6095,.F.);
#8456=ORIENTED_EDGE('',*,*,#6113,.F.);
#8457=ORIENTED_EDGE('',*,*,#6122,.F.);
#8458=ORIENTED_EDGE('',*,*,#6123,.T.);
#8459=ORIENTED_EDGE('',*,*,#6112,.F.);
#8460=ORIENTED_EDGE('',*,*,#6077,.F.);
#8461=ORIENTED_EDGE('',*,*,#6124,.F.);
#8462=ORIENTED_EDGE('',*,*,#6075,.T.);
#8463=ORIENTED_EDGE('',*,*,#6114,.F.);
#8464=ORIENTED_EDGE('',*,*,#6125,.F.);
#8465=ORIENTED_EDGE('',*,*,#6126,.F.);
#8466=ORIENTED_EDGE('',*,*,#6125,.T.);
#8467=ORIENTED_EDGE('',*,*,#6116,.F.);
#8468=ORIENTED_EDGE('',*,*,#6127,.F.);
#8469=ORIENTED_EDGE('',*,*,#6128,.F.);
#8470=ORIENTED_EDGE('',*,*,#6127,.T.);
#8471=ORIENTED_EDGE('',*,*,#6118,.F.);
#8472=ORIENTED_EDGE('',*,*,#6103,.F.);
#8473=ORIENTED_EDGE('',*,*,#6016,.T.);
#8474=ORIENTED_EDGE('',*,*,#6109,.T.);
#8475=ORIENTED_EDGE('',*,*,#6129,.F.);
#8476=ORIENTED_EDGE('',*,*,#6110,.F.);
#8477=ORIENTED_EDGE('',*,*,#6130,.F.);
#8478=ORIENTED_EDGE('',*,*,#6101,.T.);
#8479=ORIENTED_EDGE('',*,*,#6119,.F.);
#8480=ORIENTED_EDGE('',*,*,#6131,.F.);
#8481=ORIENTED_EDGE('',*,*,#6132,.F.);
#8482=ORIENTED_EDGE('',*,*,#6131,.T.);
#8483=ORIENTED_EDGE('',*,*,#6121,.F.);
#8484=ORIENTED_EDGE('',*,*,#6123,.F.);
#8485=ORIENTED_EDGE('',*,*,#6098,.T.);
#8486=ORIENTED_EDGE('',*,*,#6111,.T.);
#8487=ORIENTED_EDGE('',*,*,#6129,.T.);
#8488=ORIENTED_EDGE('',*,*,#6108,.T.);
#8489=ORIENTED_EDGE('',*,*,#6106,.T.);
#8490=ORIENTED_EDGE('',*,*,#6085,.T.);
#8491=ORIENTED_EDGE('',*,*,#6081,.T.);
#8492=ORIENTED_EDGE('',*,*,#6092,.T.);
#8493=ORIENTED_EDGE('',*,*,#6132,.T.);
#8494=ORIENTED_EDGE('',*,*,#6122,.T.);
#8495=ORIENTED_EDGE('',*,*,#6076,.T.);
#8496=ORIENTED_EDGE('',*,*,#6124,.T.);
#8497=ORIENTED_EDGE('',*,*,#6126,.T.);
#8498=ORIENTED_EDGE('',*,*,#6128,.T.);
#8499=ORIENTED_EDGE('',*,*,#6102,.T.);
#8500=ORIENTED_EDGE('',*,*,#6130,.T.);
#8501=ORIENTED_EDGE('',*,*,#6054,.T.);
#8502=ORIENTED_EDGE('',*,*,#6133,.F.);
#8503=ORIENTED_EDGE('',*,*,#6134,.F.);
#8504=ORIENTED_EDGE('',*,*,#6135,.F.);
#8505=ORIENTED_EDGE('',*,*,#6136,.F.);
#8506=ORIENTED_EDGE('',*,*,#6137,.T.);
#8507=ORIENTED_EDGE('',*,*,#6138,.T.);
#8508=ORIENTED_EDGE('',*,*,#6139,.T.);
#8509=ORIENTED_EDGE('',*,*,#6020,.T.);
#8510=ORIENTED_EDGE('',*,*,#6140,.T.);
#8511=ORIENTED_EDGE('',*,*,#6141,.F.);
#8512=ORIENTED_EDGE('',*,*,#6142,.F.);
#8513=ORIENTED_EDGE('',*,*,#6053,.T.);
#8514=ORIENTED_EDGE('',*,*,#6143,.F.);
#8515=ORIENTED_EDGE('',*,*,#6144,.T.);
#8516=ORIENTED_EDGE('',*,*,#6133,.T.);
#8517=ORIENTED_EDGE('',*,*,#6021,.T.);
#8518=ORIENTED_EDGE('',*,*,#6142,.T.);
#8519=ORIENTED_EDGE('',*,*,#6145,.F.);
#8520=ORIENTED_EDGE('',*,*,#6146,.F.);
#8521=ORIENTED_EDGE('',*,*,#6052,.T.);
#8522=ORIENTED_EDGE('',*,*,#6147,.F.);
#8523=ORIENTED_EDGE('',*,*,#6148,.T.);
#8524=ORIENTED_EDGE('',*,*,#6143,.T.);
#8525=ORIENTED_EDGE('',*,*,#6055,.T.);
#8526=ORIENTED_EDGE('',*,*,#6139,.F.);
#8527=ORIENTED_EDGE('',*,*,#6149,.T.);
#8528=ORIENTED_EDGE('',*,*,#6150,.T.);
#8529=ORIENTED_EDGE('',*,*,#6019,.T.);
#8530=ORIENTED_EDGE('',*,*,#6151,.T.);
#8531=ORIENTED_EDGE('',*,*,#6152,.F.);
#8532=ORIENTED_EDGE('',*,*,#6140,.F.);
#8533=ORIENTED_EDGE('',*,*,#6051,.T.);
#8534=ORIENTED_EDGE('',*,*,#6153,.F.);
#8535=ORIENTED_EDGE('',*,*,#6154,.T.);
#8536=ORIENTED_EDGE('',*,*,#6147,.T.);
#8537=ORIENTED_EDGE('',*,*,#6056,.T.);
#8538=ORIENTED_EDGE('',*,*,#6150,.F.);
#8539=ORIENTED_EDGE('',*,*,#6155,.T.);
#8540=ORIENTED_EDGE('',*,*,#6156,.T.);
#8541=ORIENTED_EDGE('',*,*,#6018,.T.);
#8542=ORIENTED_EDGE('',*,*,#6157,.T.);
#8543=ORIENTED_EDGE('',*,*,#6158,.F.);
#8544=ORIENTED_EDGE('',*,*,#6151,.F.);
#8545=ORIENTED_EDGE('',*,*,#6050,.T.);
#8546=ORIENTED_EDGE('',*,*,#6159,.F.);
#8547=ORIENTED_EDGE('',*,*,#6160,.F.);
#8548=ORIENTED_EDGE('',*,*,#6161,.F.);
#8549=ORIENTED_EDGE('',*,*,#6162,.F.);
#8550=ORIENTED_EDGE('',*,*,#6163,.T.);
#8551=ORIENTED_EDGE('',*,*,#6164,.T.);
#8552=ORIENTED_EDGE('',*,*,#6153,.T.);
#8553=ORIENTED_EDGE('',*,*,#6049,.T.);
#8554=ORIENTED_EDGE('',*,*,#6156,.F.);
#8555=ORIENTED_EDGE('',*,*,#6165,.T.);
#8556=ORIENTED_EDGE('',*,*,#6159,.T.);
#8557=ORIENTED_EDGE('',*,*,#6022,.T.);
#8558=ORIENTED_EDGE('',*,*,#6146,.T.);
#8559=ORIENTED_EDGE('',*,*,#6166,.F.);
#8560=ORIENTED_EDGE('',*,*,#6167,.F.);
#8561=ORIENTED_EDGE('',*,*,#6023,.T.);
#8562=ORIENTED_EDGE('',*,*,#6167,.T.);
#8563=ORIENTED_EDGE('',*,*,#6168,.F.);
#8564=ORIENTED_EDGE('',*,*,#6169,.F.);
#8565=ORIENTED_EDGE('',*,*,#6017,.T.);
#8566=ORIENTED_EDGE('',*,*,#6170,.T.);
#8567=ORIENTED_EDGE('',*,*,#6171,.F.);
#8568=ORIENTED_EDGE('',*,*,#6157,.F.);
#8569=ORIENTED_EDGE('',*,*,#6172,.T.);
#8570=ORIENTED_EDGE('',*,*,#6134,.T.);
#8571=ORIENTED_EDGE('',*,*,#6144,.F.);
#8572=ORIENTED_EDGE('',*,*,#6173,.F.);
#8573=ORIENTED_EDGE('',*,*,#6174,.T.);
#8574=ORIENTED_EDGE('',*,*,#6173,.T.);
#8575=ORIENTED_EDGE('',*,*,#6148,.F.);
#8576=ORIENTED_EDGE('',*,*,#6175,.F.);
#8577=ORIENTED_EDGE('',*,*,#6176,.T.);
#8578=ORIENTED_EDGE('',*,*,#6175,.T.);
#8579=ORIENTED_EDGE('',*,*,#6154,.F.);
#8580=ORIENTED_EDGE('',*,*,#6164,.F.);
#8581=ORIENTED_EDGE('',*,*,#6177,.T.);
#8582=ORIENTED_EDGE('',*,*,#6160,.T.);
#8583=ORIENTED_EDGE('',*,*,#6165,.F.);
#8584=ORIENTED_EDGE('',*,*,#6178,.F.);
#8585=ORIENTED_EDGE('',*,*,#6179,.T.);
#8586=ORIENTED_EDGE('',*,*,#6178,.T.);
#8587=ORIENTED_EDGE('',*,*,#6155,.F.);
#8588=ORIENTED_EDGE('',*,*,#6180,.F.);
#8589=ORIENTED_EDGE('',*,*,#6181,.T.);
#8590=ORIENTED_EDGE('',*,*,#6180,.T.);
#8591=ORIENTED_EDGE('',*,*,#6149,.F.);
#8592=ORIENTED_EDGE('',*,*,#6138,.F.);
#8593=ORIENTED_EDGE('',*,*,#6182,.F.);
#8594=ORIENTED_EDGE('',*,*,#6135,.T.);
#8595=ORIENTED_EDGE('',*,*,#6172,.F.);
#8596=ORIENTED_EDGE('',*,*,#6183,.F.);
#8597=ORIENTED_EDGE('',*,*,#6184,.F.);
#8598=ORIENTED_EDGE('',*,*,#6183,.T.);
#8599=ORIENTED_EDGE('',*,*,#6174,.F.);
#8600=ORIENTED_EDGE('',*,*,#6185,.F.);
#8601=ORIENTED_EDGE('',*,*,#6186,.F.);
#8602=ORIENTED_EDGE('',*,*,#6185,.T.);
#8603=ORIENTED_EDGE('',*,*,#6176,.F.);
#8604=ORIENTED_EDGE('',*,*,#6163,.F.);
#8605=ORIENTED_EDGE('',*,*,#6024,.T.);
#8606=ORIENTED_EDGE('',*,*,#6169,.T.);
#8607=ORIENTED_EDGE('',*,*,#6187,.F.);
#8608=ORIENTED_EDGE('',*,*,#6170,.F.);
#8609=ORIENTED_EDGE('',*,*,#6188,.F.);
#8610=ORIENTED_EDGE('',*,*,#6161,.T.);
#8611=ORIENTED_EDGE('',*,*,#6177,.F.);
#8612=ORIENTED_EDGE('',*,*,#6189,.F.);
#8613=ORIENTED_EDGE('',*,*,#6190,.F.);
#8614=ORIENTED_EDGE('',*,*,#6189,.T.);
#8615=ORIENTED_EDGE('',*,*,#6179,.F.);
#8616=ORIENTED_EDGE('',*,*,#6191,.F.);
#8617=ORIENTED_EDGE('',*,*,#6192,.F.);
#8618=ORIENTED_EDGE('',*,*,#6191,.T.);
#8619=ORIENTED_EDGE('',*,*,#6181,.F.);
#8620=ORIENTED_EDGE('',*,*,#6137,.F.);
#8621=ORIENTED_EDGE('',*,*,#6141,.T.);
#8622=ORIENTED_EDGE('',*,*,#6152,.T.);
#8623=ORIENTED_EDGE('',*,*,#6158,.T.);
#8624=ORIENTED_EDGE('',*,*,#6171,.T.);
#8625=ORIENTED_EDGE('',*,*,#6187,.T.);
#8626=ORIENTED_EDGE('',*,*,#6168,.T.);
#8627=ORIENTED_EDGE('',*,*,#6166,.T.);
#8628=ORIENTED_EDGE('',*,*,#6145,.T.);
#8629=ORIENTED_EDGE('',*,*,#6136,.T.);
#8630=ORIENTED_EDGE('',*,*,#6182,.T.);
#8631=ORIENTED_EDGE('',*,*,#6184,.T.);
#8632=ORIENTED_EDGE('',*,*,#6186,.T.);
#8633=ORIENTED_EDGE('',*,*,#6162,.T.);
#8634=ORIENTED_EDGE('',*,*,#6188,.T.);
#8635=ORIENTED_EDGE('',*,*,#6190,.T.);
#8636=ORIENTED_EDGE('',*,*,#6192,.T.);
#8637=ORIENTED_EDGE('',*,*,#6062,.T.);
#8638=ORIENTED_EDGE('',*,*,#6193,.F.);
#8639=ORIENTED_EDGE('',*,*,#6194,.F.);
#8640=ORIENTED_EDGE('',*,*,#6195,.F.);
#8641=ORIENTED_EDGE('',*,*,#6196,.F.);
#8642=ORIENTED_EDGE('',*,*,#6197,.T.);
#8643=ORIENTED_EDGE('',*,*,#6198,.T.);
#8644=ORIENTED_EDGE('',*,*,#6199,.T.);
#8645=ORIENTED_EDGE('',*,*,#6028,.T.);
#8646=ORIENTED_EDGE('',*,*,#6200,.T.);
#8647=ORIENTED_EDGE('',*,*,#6201,.F.);
#8648=ORIENTED_EDGE('',*,*,#6202,.F.);
#8649=ORIENTED_EDGE('',*,*,#6061,.T.);
#8650=ORIENTED_EDGE('',*,*,#6203,.F.);
#8651=ORIENTED_EDGE('',*,*,#6204,.T.);
#8652=ORIENTED_EDGE('',*,*,#6193,.T.);
#8653=ORIENTED_EDGE('',*,*,#6029,.T.);
#8654=ORIENTED_EDGE('',*,*,#6202,.T.);
#8655=ORIENTED_EDGE('',*,*,#6205,.F.);
#8656=ORIENTED_EDGE('',*,*,#6206,.F.);
#8657=ORIENTED_EDGE('',*,*,#6060,.T.);
#8658=ORIENTED_EDGE('',*,*,#6207,.F.);
#8659=ORIENTED_EDGE('',*,*,#6208,.T.);
#8660=ORIENTED_EDGE('',*,*,#6203,.T.);
#8661=ORIENTED_EDGE('',*,*,#6063,.T.);
#8662=ORIENTED_EDGE('',*,*,#6199,.F.);
#8663=ORIENTED_EDGE('',*,*,#6209,.T.);
#8664=ORIENTED_EDGE('',*,*,#6210,.T.);
#8665=ORIENTED_EDGE('',*,*,#6027,.T.);
#8666=ORIENTED_EDGE('',*,*,#6211,.T.);
#8667=ORIENTED_EDGE('',*,*,#6212,.F.);
#8668=ORIENTED_EDGE('',*,*,#6200,.F.);
#8669=ORIENTED_EDGE('',*,*,#6059,.T.);
#8670=ORIENTED_EDGE('',*,*,#6213,.F.);
#8671=ORIENTED_EDGE('',*,*,#6214,.T.);
#8672=ORIENTED_EDGE('',*,*,#6207,.T.);
#8673=ORIENTED_EDGE('',*,*,#6064,.T.);
#8674=ORIENTED_EDGE('',*,*,#6210,.F.);
#8675=ORIENTED_EDGE('',*,*,#6215,.T.);
#8676=ORIENTED_EDGE('',*,*,#6216,.T.);
#8677=ORIENTED_EDGE('',*,*,#6026,.T.);
#8678=ORIENTED_EDGE('',*,*,#6217,.T.);
#8679=ORIENTED_EDGE('',*,*,#6218,.F.);
#8680=ORIENTED_EDGE('',*,*,#6211,.F.);
#8681=ORIENTED_EDGE('',*,*,#6058,.T.);
#8682=ORIENTED_EDGE('',*,*,#6219,.F.);
#8683=ORIENTED_EDGE('',*,*,#6220,.F.);
#8684=ORIENTED_EDGE('',*,*,#6221,.F.);
#8685=ORIENTED_EDGE('',*,*,#6222,.F.);
#8686=ORIENTED_EDGE('',*,*,#6223,.T.);
#8687=ORIENTED_EDGE('',*,*,#6224,.T.);
#8688=ORIENTED_EDGE('',*,*,#6213,.T.);
#8689=ORIENTED_EDGE('',*,*,#6057,.T.);
#8690=ORIENTED_EDGE('',*,*,#6216,.F.);
#8691=ORIENTED_EDGE('',*,*,#6225,.T.);
#8692=ORIENTED_EDGE('',*,*,#6219,.T.);
#8693=ORIENTED_EDGE('',*,*,#6030,.T.);
#8694=ORIENTED_EDGE('',*,*,#6206,.T.);
#8695=ORIENTED_EDGE('',*,*,#6226,.F.);
#8696=ORIENTED_EDGE('',*,*,#6227,.F.);
#8697=ORIENTED_EDGE('',*,*,#6031,.T.);
#8698=ORIENTED_EDGE('',*,*,#6227,.T.);
#8699=ORIENTED_EDGE('',*,*,#6228,.F.);
#8700=ORIENTED_EDGE('',*,*,#6229,.F.);
#8701=ORIENTED_EDGE('',*,*,#6025,.T.);
#8702=ORIENTED_EDGE('',*,*,#6230,.T.);
#8703=ORIENTED_EDGE('',*,*,#6231,.F.);
#8704=ORIENTED_EDGE('',*,*,#6217,.F.);
#8705=ORIENTED_EDGE('',*,*,#6232,.T.);
#8706=ORIENTED_EDGE('',*,*,#6233,.T.);
#8707=ORIENTED_EDGE('',*,*,#6209,.F.);
#8708=ORIENTED_EDGE('',*,*,#6198,.F.);
#8709=ORIENTED_EDGE('',*,*,#6234,.T.);
#8710=ORIENTED_EDGE('',*,*,#6194,.T.);
#8711=ORIENTED_EDGE('',*,*,#6204,.F.);
#8712=ORIENTED_EDGE('',*,*,#6235,.F.);
#8713=ORIENTED_EDGE('',*,*,#6236,.T.);
#8714=ORIENTED_EDGE('',*,*,#6235,.T.);
#8715=ORIENTED_EDGE('',*,*,#6208,.F.);
#8716=ORIENTED_EDGE('',*,*,#6237,.F.);
#8717=ORIENTED_EDGE('',*,*,#6238,.T.);
#8718=ORIENTED_EDGE('',*,*,#6237,.T.);
#8719=ORIENTED_EDGE('',*,*,#6214,.F.);
#8720=ORIENTED_EDGE('',*,*,#6224,.F.);
#8721=ORIENTED_EDGE('',*,*,#6239,.T.);
#8722=ORIENTED_EDGE('',*,*,#6220,.T.);
#8723=ORIENTED_EDGE('',*,*,#6225,.F.);
#8724=ORIENTED_EDGE('',*,*,#6240,.F.);
#8725=ORIENTED_EDGE('',*,*,#6241,.T.);
#8726=ORIENTED_EDGE('',*,*,#6240,.T.);
#8727=ORIENTED_EDGE('',*,*,#6215,.F.);
#8728=ORIENTED_EDGE('',*,*,#6233,.F.);
#8729=ORIENTED_EDGE('',*,*,#6242,.F.);
#8730=ORIENTED_EDGE('',*,*,#6243,.T.);
#8731=ORIENTED_EDGE('',*,*,#6232,.F.);
#8732=ORIENTED_EDGE('',*,*,#6197,.F.);
#8733=ORIENTED_EDGE('',*,*,#6244,.F.);
#8734=ORIENTED_EDGE('',*,*,#6195,.T.);
#8735=ORIENTED_EDGE('',*,*,#6234,.F.);
#8736=ORIENTED_EDGE('',*,*,#6245,.F.);
#8737=ORIENTED_EDGE('',*,*,#6246,.F.);
#8738=ORIENTED_EDGE('',*,*,#6245,.T.);
#8739=ORIENTED_EDGE('',*,*,#6236,.F.);
#8740=ORIENTED_EDGE('',*,*,#6247,.F.);
#8741=ORIENTED_EDGE('',*,*,#6248,.F.);
#8742=ORIENTED_EDGE('',*,*,#6247,.T.);
#8743=ORIENTED_EDGE('',*,*,#6238,.F.);
#8744=ORIENTED_EDGE('',*,*,#6223,.F.);
#8745=ORIENTED_EDGE('',*,*,#6032,.T.);
#8746=ORIENTED_EDGE('',*,*,#6229,.T.);
#8747=ORIENTED_EDGE('',*,*,#6249,.F.);
#8748=ORIENTED_EDGE('',*,*,#6230,.F.);
#8749=ORIENTED_EDGE('',*,*,#6250,.F.);
#8750=ORIENTED_EDGE('',*,*,#6221,.T.);
#8751=ORIENTED_EDGE('',*,*,#6239,.F.);
#8752=ORIENTED_EDGE('',*,*,#6251,.F.);
#8753=ORIENTED_EDGE('',*,*,#6252,.F.);
#8754=ORIENTED_EDGE('',*,*,#6251,.T.);
#8755=ORIENTED_EDGE('',*,*,#6241,.F.);
#8756=ORIENTED_EDGE('',*,*,#6243,.F.);
#8757=ORIENTED_EDGE('',*,*,#6218,.T.);
#8758=ORIENTED_EDGE('',*,*,#6231,.T.);
#8759=ORIENTED_EDGE('',*,*,#6249,.T.);
#8760=ORIENTED_EDGE('',*,*,#6228,.T.);
#8761=ORIENTED_EDGE('',*,*,#6226,.T.);
#8762=ORIENTED_EDGE('',*,*,#6205,.T.);
#8763=ORIENTED_EDGE('',*,*,#6201,.T.);
#8764=ORIENTED_EDGE('',*,*,#6212,.T.);
#8765=ORIENTED_EDGE('',*,*,#6252,.T.);
#8766=ORIENTED_EDGE('',*,*,#6242,.T.);
#8767=ORIENTED_EDGE('',*,*,#6196,.T.);
#8768=ORIENTED_EDGE('',*,*,#6244,.T.);
#8769=ORIENTED_EDGE('',*,*,#6246,.T.);
#8770=ORIENTED_EDGE('',*,*,#6248,.T.);
#8771=ORIENTED_EDGE('',*,*,#6222,.T.);
#8772=ORIENTED_EDGE('',*,*,#6250,.T.);
#8773=ORIENTED_EDGE('',*,*,#6253,.T.);
#8774=ORIENTED_EDGE('',*,*,#6254,.T.);
#8775=ORIENTED_EDGE('',*,*,#6255,.T.);
#8776=ORIENTED_EDGE('',*,*,#6256,.T.);
#8777=ORIENTED_EDGE('',*,*,#6257,.T.);
#8778=ORIENTED_EDGE('',*,*,#6258,.T.);
#8779=ORIENTED_EDGE('',*,*,#6259,.T.);
#8780=ORIENTED_EDGE('',*,*,#6260,.T.);
#8781=ORIENTED_EDGE('',*,*,#6261,.F.);
#8782=ORIENTED_EDGE('',*,*,#6262,.F.);
#8783=ORIENTED_EDGE('',*,*,#6263,.F.);
#8784=ORIENTED_EDGE('',*,*,#6264,.F.);
#8785=ORIENTED_EDGE('',*,*,#6265,.F.);
#8786=ORIENTED_EDGE('',*,*,#6266,.F.);
#8787=ORIENTED_EDGE('',*,*,#6267,.F.);
#8788=ORIENTED_EDGE('',*,*,#6268,.F.);
#8789=ORIENTED_EDGE('',*,*,#6269,.F.);
#8790=ORIENTED_EDGE('',*,*,#6270,.F.);
#8791=ORIENTED_EDGE('',*,*,#6271,.F.);
#8792=ORIENTED_EDGE('',*,*,#6272,.F.);
#8793=ORIENTED_EDGE('',*,*,#6273,.F.);
#8794=ORIENTED_EDGE('',*,*,#6274,.F.);
#8795=ORIENTED_EDGE('',*,*,#6275,.F.);
#8796=ORIENTED_EDGE('',*,*,#6276,.F.);
#8797=ORIENTED_EDGE('',*,*,#6277,.F.);
#8798=ORIENTED_EDGE('',*,*,#6278,.F.);
#8799=ORIENTED_EDGE('',*,*,#6279,.F.);
#8800=ORIENTED_EDGE('',*,*,#6280,.F.);
#8801=ORIENTED_EDGE('',*,*,#6281,.F.);
#8802=ORIENTED_EDGE('',*,*,#6282,.F.);
#8803=ORIENTED_EDGE('',*,*,#6283,.F.);
#8804=ORIENTED_EDGE('',*,*,#6284,.F.);
#8805=ORIENTED_EDGE('',*,*,#6285,.F.);
#8806=ORIENTED_EDGE('',*,*,#6286,.T.);
#8807=ORIENTED_EDGE('',*,*,#6287,.F.);
#8808=ORIENTED_EDGE('',*,*,#6288,.F.);
#8809=ORIENTED_EDGE('',*,*,#6289,.F.);
#8810=ORIENTED_EDGE('',*,*,#6290,.F.);
#8811=ORIENTED_EDGE('',*,*,#6291,.F.);
#8812=ORIENTED_EDGE('',*,*,#6292,.F.);
#8813=ORIENTED_EDGE('',*,*,#6293,.F.);
#8814=ORIENTED_EDGE('',*,*,#6294,.F.);
#8815=ORIENTED_EDGE('',*,*,#6295,.F.);
#8816=ORIENTED_EDGE('',*,*,#6296,.F.);
#8817=ORIENTED_EDGE('',*,*,#6297,.F.);
#8818=ORIENTED_EDGE('',*,*,#6298,.F.);
#8819=ORIENTED_EDGE('',*,*,#6299,.F.);
#8820=ORIENTED_EDGE('',*,*,#6300,.F.);
#8821=ORIENTED_EDGE('',*,*,#6301,.F.);
#8822=ORIENTED_EDGE('',*,*,#6302,.F.);
#8823=ORIENTED_EDGE('',*,*,#6303,.F.);
#8824=ORIENTED_EDGE('',*,*,#6304,.F.);
#8825=ORIENTED_EDGE('',*,*,#6305,.F.);
#8826=ORIENTED_EDGE('',*,*,#6306,.F.);
#8827=ORIENTED_EDGE('',*,*,#6307,.F.);
#8828=ORIENTED_EDGE('',*,*,#6308,.F.);
#8829=ORIENTED_EDGE('',*,*,#6309,.F.);
#8830=ORIENTED_EDGE('',*,*,#6310,.F.);
#8831=ORIENTED_EDGE('',*,*,#6311,.F.);
#8832=ORIENTED_EDGE('',*,*,#6312,.F.);
#8833=ORIENTED_EDGE('',*,*,#6313,.F.);
#8834=ORIENTED_EDGE('',*,*,#6314,.F.);
#8835=ORIENTED_EDGE('',*,*,#6315,.F.);
#8836=ORIENTED_EDGE('',*,*,#6316,.F.);
#8837=ORIENTED_EDGE('',*,*,#6286,.F.);
#8838=ORIENTED_EDGE('',*,*,#6317,.T.);
#8839=ORIENTED_EDGE('',*,*,#6260,.F.);
#8840=ORIENTED_EDGE('',*,*,#6318,.F.);
#8841=ORIENTED_EDGE('',*,*,#6287,.T.);
#8842=ORIENTED_EDGE('',*,*,#6318,.T.);
#8843=ORIENTED_EDGE('',*,*,#6259,.F.);
#8844=ORIENTED_EDGE('',*,*,#6319,.F.);
#8845=ORIENTED_EDGE('',*,*,#6288,.T.);
#8846=ORIENTED_EDGE('',*,*,#6319,.T.);
#8847=ORIENTED_EDGE('',*,*,#6258,.F.);
#8848=ORIENTED_EDGE('',*,*,#6320,.F.);
#8849=ORIENTED_EDGE('',*,*,#6289,.T.);
#8850=ORIENTED_EDGE('',*,*,#6320,.T.);
#8851=ORIENTED_EDGE('',*,*,#6257,.F.);
#8852=ORIENTED_EDGE('',*,*,#6321,.F.);
#8853=ORIENTED_EDGE('',*,*,#6290,.T.);
#8854=ORIENTED_EDGE('',*,*,#6321,.T.);
#8855=ORIENTED_EDGE('',*,*,#6256,.F.);
#8856=ORIENTED_EDGE('',*,*,#6322,.F.);
#8857=ORIENTED_EDGE('',*,*,#6291,.T.);
#8858=ORIENTED_EDGE('',*,*,#6322,.T.);
#8859=ORIENTED_EDGE('',*,*,#6255,.F.);
#8860=ORIENTED_EDGE('',*,*,#6323,.F.);
#8861=ORIENTED_EDGE('',*,*,#6292,.T.);
#8862=ORIENTED_EDGE('',*,*,#6323,.T.);
#8863=ORIENTED_EDGE('',*,*,#6254,.F.);
#8864=ORIENTED_EDGE('',*,*,#6324,.F.);
#8865=ORIENTED_EDGE('',*,*,#6285,.T.);
#8866=ORIENTED_EDGE('',*,*,#6324,.T.);
#8867=ORIENTED_EDGE('',*,*,#6253,.F.);
#8868=ORIENTED_EDGE('',*,*,#6317,.F.);
#8869=ORIENTED_EDGE('',*,*,#6298,.T.);
#8870=ORIENTED_EDGE('',*,*,#6325,.F.);
#8871=ORIENTED_EDGE('',*,*,#6326,.F.);
#8872=ORIENTED_EDGE('',*,*,#6327,.F.);
#8873=ORIENTED_EDGE('',*,*,#6328,.F.);
#8874=ORIENTED_EDGE('',*,*,#6329,.T.);
#8875=ORIENTED_EDGE('',*,*,#6330,.T.);
#8876=ORIENTED_EDGE('',*,*,#6331,.T.);
#8877=ORIENTED_EDGE('',*,*,#6264,.T.);
#8878=ORIENTED_EDGE('',*,*,#6332,.T.);
#8879=ORIENTED_EDGE('',*,*,#6333,.F.);
#8880=ORIENTED_EDGE('',*,*,#6334,.F.);
#8881=ORIENTED_EDGE('',*,*,#6297,.T.);
#8882=ORIENTED_EDGE('',*,*,#6335,.F.);
#8883=ORIENTED_EDGE('',*,*,#6336,.T.);
#8884=ORIENTED_EDGE('',*,*,#6325,.T.);
#8885=ORIENTED_EDGE('',*,*,#6265,.T.);
#8886=ORIENTED_EDGE('',*,*,#6334,.T.);
#8887=ORIENTED_EDGE('',*,*,#6337,.F.);
#8888=ORIENTED_EDGE('',*,*,#6338,.F.);
#8889=ORIENTED_EDGE('',*,*,#6296,.T.);
#8890=ORIENTED_EDGE('',*,*,#6339,.F.);
#8891=ORIENTED_EDGE('',*,*,#6340,.T.);
#8892=ORIENTED_EDGE('',*,*,#6335,.T.);
#8893=ORIENTED_EDGE('',*,*,#6299,.T.);
#8894=ORIENTED_EDGE('',*,*,#6331,.F.);
#8895=ORIENTED_EDGE('',*,*,#6341,.T.);
#8896=ORIENTED_EDGE('',*,*,#6342,.T.);
#8897=ORIENTED_EDGE('',*,*,#6263,.T.);
#8898=ORIENTED_EDGE('',*,*,#6343,.T.);
#8899=ORIENTED_EDGE('',*,*,#6344,.F.);
#8900=ORIENTED_EDGE('',*,*,#6332,.F.);
#8901=ORIENTED_EDGE('',*,*,#6295,.T.);
#8902=ORIENTED_EDGE('',*,*,#6345,.F.);
#8903=ORIENTED_EDGE('',*,*,#6346,.T.);
#8904=ORIENTED_EDGE('',*,*,#6339,.T.);
#8905=ORIENTED_EDGE('',*,*,#6300,.T.);
#8906=ORIENTED_EDGE('',*,*,#6342,.F.);
#8907=ORIENTED_EDGE('',*,*,#6347,.T.);
#8908=ORIENTED_EDGE('',*,*,#6348,.T.);
#8909=ORIENTED_EDGE('',*,*,#6262,.T.);
#8910=ORIENTED_EDGE('',*,*,#6349,.T.);
#8911=ORIENTED_EDGE('',*,*,#6350,.F.);
#8912=ORIENTED_EDGE('',*,*,#6343,.F.);
#8913=ORIENTED_EDGE('',*,*,#6294,.T.);
#8914=ORIENTED_EDGE('',*,*,#6351,.F.);
#8915=ORIENTED_EDGE('',*,*,#6352,.F.);
#8916=ORIENTED_EDGE('',*,*,#6353,.F.);
#8917=ORIENTED_EDGE('',*,*,#6354,.F.);
#8918=ORIENTED_EDGE('',*,*,#6355,.T.);
#8919=ORIENTED_EDGE('',*,*,#6356,.T.);
#8920=ORIENTED_EDGE('',*,*,#6345,.T.);
#8921=ORIENTED_EDGE('',*,*,#6293,.T.);
#8922=ORIENTED_EDGE('',*,*,#6348,.F.);
#8923=ORIENTED_EDGE('',*,*,#6357,.T.);
#8924=ORIENTED_EDGE('',*,*,#6351,.T.);
#8925=ORIENTED_EDGE('',*,*,#6266,.T.);
#8926=ORIENTED_EDGE('',*,*,#6338,.T.);
#8927=ORIENTED_EDGE('',*,*,#6358,.F.);
#8928=ORIENTED_EDGE('',*,*,#6359,.F.);
#8929=ORIENTED_EDGE('',*,*,#6267,.T.);
#8930=ORIENTED_EDGE('',*,*,#6359,.T.);
#8931=ORIENTED_EDGE('',*,*,#6360,.F.);
#8932=ORIENTED_EDGE('',*,*,#6361,.F.);
#8933=ORIENTED_EDGE('',*,*,#6261,.T.);
#8934=ORIENTED_EDGE('',*,*,#6362,.T.);
#8935=ORIENTED_EDGE('',*,*,#6363,.F.);
#8936=ORIENTED_EDGE('',*,*,#6349,.F.);
#8937=ORIENTED_EDGE('',*,*,#6364,.T.);
#8938=ORIENTED_EDGE('',*,*,#6365,.T.);
#8939=ORIENTED_EDGE('',*,*,#6341,.F.);
#8940=ORIENTED_EDGE('',*,*,#6330,.F.);
#8941=ORIENTED_EDGE('',*,*,#6366,.T.);
#8942=ORIENTED_EDGE('',*,*,#6326,.T.);
#8943=ORIENTED_EDGE('',*,*,#6336,.F.);
#8944=ORIENTED_EDGE('',*,*,#6367,.F.);
#8945=ORIENTED_EDGE('',*,*,#6368,.T.);
#8946=ORIENTED_EDGE('',*,*,#6367,.T.);
#8947=ORIENTED_EDGE('',*,*,#6340,.F.);
#8948=ORIENTED_EDGE('',*,*,#6369,.F.);
#8949=ORIENTED_EDGE('',*,*,#6370,.T.);
#8950=ORIENTED_EDGE('',*,*,#6369,.T.);
#8951=ORIENTED_EDGE('',*,*,#6346,.F.);
#8952=ORIENTED_EDGE('',*,*,#6356,.F.);
#8953=ORIENTED_EDGE('',*,*,#6371,.T.);
#8954=ORIENTED_EDGE('',*,*,#6352,.T.);
#8955=ORIENTED_EDGE('',*,*,#6357,.F.);
#8956=ORIENTED_EDGE('',*,*,#6372,.F.);
#8957=ORIENTED_EDGE('',*,*,#6373,.T.);
#8958=ORIENTED_EDGE('',*,*,#6372,.T.);
#8959=ORIENTED_EDGE('',*,*,#6347,.F.);
#8960=ORIENTED_EDGE('',*,*,#6365,.F.);
#8961=ORIENTED_EDGE('',*,*,#6374,.F.);
#8962=ORIENTED_EDGE('',*,*,#6375,.T.);
#8963=ORIENTED_EDGE('',*,*,#6364,.F.);
#8964=ORIENTED_EDGE('',*,*,#6329,.F.);
#8965=ORIENTED_EDGE('',*,*,#6376,.F.);
#8966=ORIENTED_EDGE('',*,*,#6327,.T.);
#8967=ORIENTED_EDGE('',*,*,#6366,.F.);
#8968=ORIENTED_EDGE('',*,*,#6377,.F.);
#8969=ORIENTED_EDGE('',*,*,#6378,.F.);
#8970=ORIENTED_EDGE('',*,*,#6377,.T.);
#8971=ORIENTED_EDGE('',*,*,#6368,.F.);
#8972=ORIENTED_EDGE('',*,*,#6379,.F.);
#8973=ORIENTED_EDGE('',*,*,#6380,.F.);
#8974=ORIENTED_EDGE('',*,*,#6379,.T.);
#8975=ORIENTED_EDGE('',*,*,#6370,.F.);
#8976=ORIENTED_EDGE('',*,*,#6355,.F.);
#8977=ORIENTED_EDGE('',*,*,#6268,.T.);
#8978=ORIENTED_EDGE('',*,*,#6361,.T.);
#8979=ORIENTED_EDGE('',*,*,#6381,.F.);
#8980=ORIENTED_EDGE('',*,*,#6362,.F.);
#8981=ORIENTED_EDGE('',*,*,#6382,.F.);
#8982=ORIENTED_EDGE('',*,*,#6353,.T.);
#8983=ORIENTED_EDGE('',*,*,#6371,.F.);
#8984=ORIENTED_EDGE('',*,*,#6383,.F.);
#8985=ORIENTED_EDGE('',*,*,#6384,.F.);
#8986=ORIENTED_EDGE('',*,*,#6383,.T.);
#8987=ORIENTED_EDGE('',*,*,#6373,.F.);
#8988=ORIENTED_EDGE('',*,*,#6375,.F.);
#8989=ORIENTED_EDGE('',*,*,#6350,.T.);
#8990=ORIENTED_EDGE('',*,*,#6363,.T.);
#8991=ORIENTED_EDGE('',*,*,#6381,.T.);
#8992=ORIENTED_EDGE('',*,*,#6360,.T.);
#8993=ORIENTED_EDGE('',*,*,#6358,.T.);
#8994=ORIENTED_EDGE('',*,*,#6337,.T.);
#8995=ORIENTED_EDGE('',*,*,#6333,.T.);
#8996=ORIENTED_EDGE('',*,*,#6344,.T.);
#8997=ORIENTED_EDGE('',*,*,#6384,.T.);
#8998=ORIENTED_EDGE('',*,*,#6374,.T.);
#8999=ORIENTED_EDGE('',*,*,#6328,.T.);
#9000=ORIENTED_EDGE('',*,*,#6376,.T.);
#9001=ORIENTED_EDGE('',*,*,#6378,.T.);
#9002=ORIENTED_EDGE('',*,*,#6380,.T.);
#9003=ORIENTED_EDGE('',*,*,#6354,.T.);
#9004=ORIENTED_EDGE('',*,*,#6382,.T.);
#9005=ORIENTED_EDGE('',*,*,#6306,.T.);
#9006=ORIENTED_EDGE('',*,*,#6385,.F.);
#9007=ORIENTED_EDGE('',*,*,#6386,.F.);
#9008=ORIENTED_EDGE('',*,*,#6387,.F.);
#9009=ORIENTED_EDGE('',*,*,#6388,.F.);
#9010=ORIENTED_EDGE('',*,*,#6389,.T.);
#9011=ORIENTED_EDGE('',*,*,#6390,.T.);
#9012=ORIENTED_EDGE('',*,*,#6391,.T.);
#9013=ORIENTED_EDGE('',*,*,#6272,.T.);
#9014=ORIENTED_EDGE('',*,*,#6392,.T.);
#9015=ORIENTED_EDGE('',*,*,#6393,.F.);
#9016=ORIENTED_EDGE('',*,*,#6394,.F.);
#9017=ORIENTED_EDGE('',*,*,#6305,.T.);
#9018=ORIENTED_EDGE('',*,*,#6395,.F.);
#9019=ORIENTED_EDGE('',*,*,#6396,.T.);
#9020=ORIENTED_EDGE('',*,*,#6385,.T.);
#9021=ORIENTED_EDGE('',*,*,#6273,.T.);
#9022=ORIENTED_EDGE('',*,*,#6394,.T.);
#9023=ORIENTED_EDGE('',*,*,#6397,.F.);
#9024=ORIENTED_EDGE('',*,*,#6398,.F.);
#9025=ORIENTED_EDGE('',*,*,#6304,.T.);
#9026=ORIENTED_EDGE('',*,*,#6399,.F.);
#9027=ORIENTED_EDGE('',*,*,#6400,.T.);
#9028=ORIENTED_EDGE('',*,*,#6395,.T.);
#9029=ORIENTED_EDGE('',*,*,#6307,.T.);
#9030=ORIENTED_EDGE('',*,*,#6391,.F.);
#9031=ORIENTED_EDGE('',*,*,#6401,.T.);
#9032=ORIENTED_EDGE('',*,*,#6402,.T.);
#9033=ORIENTED_EDGE('',*,*,#6271,.T.);
#9034=ORIENTED_EDGE('',*,*,#6403,.T.);
#9035=ORIENTED_EDGE('',*,*,#6404,.F.);
#9036=ORIENTED_EDGE('',*,*,#6392,.F.);
#9037=ORIENTED_EDGE('',*,*,#6303,.T.);
#9038=ORIENTED_EDGE('',*,*,#6405,.F.);
#9039=ORIENTED_EDGE('',*,*,#6406,.T.);
#9040=ORIENTED_EDGE('',*,*,#6399,.T.);
#9041=ORIENTED_EDGE('',*,*,#6308,.T.);
#9042=ORIENTED_EDGE('',*,*,#6402,.F.);
#9043=ORIENTED_EDGE('',*,*,#6407,.T.);
#9044=ORIENTED_EDGE('',*,*,#6408,.T.);
#9045=ORIENTED_EDGE('',*,*,#6270,.T.);
#9046=ORIENTED_EDGE('',*,*,#6409,.T.);
#9047=ORIENTED_EDGE('',*,*,#6410,.F.);
#9048=ORIENTED_EDGE('',*,*,#6403,.F.);
#9049=ORIENTED_EDGE('',*,*,#6302,.T.);
#9050=ORIENTED_EDGE('',*,*,#6411,.F.);
#9051=ORIENTED_EDGE('',*,*,#6412,.F.);
#9052=ORIENTED_EDGE('',*,*,#6413,.F.);
#9053=ORIENTED_EDGE('',*,*,#6414,.F.);
#9054=ORIENTED_EDGE('',*,*,#6415,.T.);
#9055=ORIENTED_EDGE('',*,*,#6416,.T.);
#9056=ORIENTED_EDGE('',*,*,#6405,.T.);
#9057=ORIENTED_EDGE('',*,*,#6301,.T.);
#9058=ORIENTED_EDGE('',*,*,#6408,.F.);
#9059=ORIENTED_EDGE('',*,*,#6417,.T.);
#9060=ORIENTED_EDGE('',*,*,#6411,.T.);
#9061=ORIENTED_EDGE('',*,*,#6274,.T.);
#9062=ORIENTED_EDGE('',*,*,#6398,.T.);
#9063=ORIENTED_EDGE('',*,*,#6418,.F.);
#9064=ORIENTED_EDGE('',*,*,#6419,.F.);
#9065=ORIENTED_EDGE('',*,*,#6275,.T.);
#9066=ORIENTED_EDGE('',*,*,#6419,.T.);
#9067=ORIENTED_EDGE('',*,*,#6420,.F.);
#9068=ORIENTED_EDGE('',*,*,#6421,.F.);
#9069=ORIENTED_EDGE('',*,*,#6269,.T.);
#9070=ORIENTED_EDGE('',*,*,#6422,.T.);
#9071=ORIENTED_EDGE('',*,*,#6423,.F.);
#9072=ORIENTED_EDGE('',*,*,#6409,.F.);
#9073=ORIENTED_EDGE('',*,*,#6424,.T.);
#9074=ORIENTED_EDGE('',*,*,#6386,.T.);
#9075=ORIENTED_EDGE('',*,*,#6396,.F.);
#9076=ORIENTED_EDGE('',*,*,#6425,.F.);
#9077=ORIENTED_EDGE('',*,*,#6426,.T.);
#9078=ORIENTED_EDGE('',*,*,#6425,.T.);
#9079=ORIENTED_EDGE('',*,*,#6400,.F.);
#9080=ORIENTED_EDGE('',*,*,#6427,.F.);
#9081=ORIENTED_EDGE('',*,*,#6428,.T.);
#9082=ORIENTED_EDGE('',*,*,#6427,.T.);
#9083=ORIENTED_EDGE('',*,*,#6406,.F.);
#9084=ORIENTED_EDGE('',*,*,#6416,.F.);
#9085=ORIENTED_EDGE('',*,*,#6429,.T.);
#9086=ORIENTED_EDGE('',*,*,#6412,.T.);
#9087=ORIENTED_EDGE('',*,*,#6417,.F.);
#9088=ORIENTED_EDGE('',*,*,#6430,.F.);
#9089=ORIENTED_EDGE('',*,*,#6431,.T.);
#9090=ORIENTED_EDGE('',*,*,#6430,.T.);
#9091=ORIENTED_EDGE('',*,*,#6407,.F.);
#9092=ORIENTED_EDGE('',*,*,#6432,.F.);
#9093=ORIENTED_EDGE('',*,*,#6433,.T.);
#9094=ORIENTED_EDGE('',*,*,#6432,.T.);
#9095=ORIENTED_EDGE('',*,*,#6401,.F.);
#9096=ORIENTED_EDGE('',*,*,#6390,.F.);
#9097=ORIENTED_EDGE('',*,*,#6434,.F.);
#9098=ORIENTED_EDGE('',*,*,#6387,.T.);
#9099=ORIENTED_EDGE('',*,*,#6424,.F.);
#9100=ORIENTED_EDGE('',*,*,#6435,.F.);
#9101=ORIENTED_EDGE('',*,*,#6436,.F.);
#9102=ORIENTED_EDGE('',*,*,#6435,.T.);
#9103=ORIENTED_EDGE('',*,*,#6426,.F.);
#9104=ORIENTED_EDGE('',*,*,#6437,.F.);
#9105=ORIENTED_EDGE('',*,*,#6438,.F.);
#9106=ORIENTED_EDGE('',*,*,#6437,.T.);
#9107=ORIENTED_EDGE('',*,*,#6428,.F.);
#9108=ORIENTED_EDGE('',*,*,#6415,.F.);
#9109=ORIENTED_EDGE('',*,*,#6276,.T.);
#9110=ORIENTED_EDGE('',*,*,#6421,.T.);
#9111=ORIENTED_EDGE('',*,*,#6439,.F.);
#9112=ORIENTED_EDGE('',*,*,#6422,.F.);
#9113=ORIENTED_EDGE('',*,*,#6440,.F.);
#9114=ORIENTED_EDGE('',*,*,#6413,.T.);
#9115=ORIENTED_EDGE('',*,*,#6429,.F.);
#9116=ORIENTED_EDGE('',*,*,#6441,.F.);
#9117=ORIENTED_EDGE('',*,*,#6442,.F.);
#9118=ORIENTED_EDGE('',*,*,#6441,.T.);
#9119=ORIENTED_EDGE('',*,*,#6431,.F.);
#9120=ORIENTED_EDGE('',*,*,#6443,.F.);
#9121=ORIENTED_EDGE('',*,*,#6444,.F.);
#9122=ORIENTED_EDGE('',*,*,#6443,.T.);
#9123=ORIENTED_EDGE('',*,*,#6433,.F.);
#9124=ORIENTED_EDGE('',*,*,#6389,.F.);
#9125=ORIENTED_EDGE('',*,*,#6393,.T.);
#9126=ORIENTED_EDGE('',*,*,#6404,.T.);
#9127=ORIENTED_EDGE('',*,*,#6410,.T.);
#9128=ORIENTED_EDGE('',*,*,#6423,.T.);
#9129=ORIENTED_EDGE('',*,*,#6439,.T.);
#9130=ORIENTED_EDGE('',*,*,#6420,.T.);
#9131=ORIENTED_EDGE('',*,*,#6418,.T.);
#9132=ORIENTED_EDGE('',*,*,#6397,.T.);
#9133=ORIENTED_EDGE('',*,*,#6388,.T.);
#9134=ORIENTED_EDGE('',*,*,#6434,.T.);
#9135=ORIENTED_EDGE('',*,*,#6436,.T.);
#9136=ORIENTED_EDGE('',*,*,#6438,.T.);
#9137=ORIENTED_EDGE('',*,*,#6414,.T.);
#9138=ORIENTED_EDGE('',*,*,#6440,.T.);
#9139=ORIENTED_EDGE('',*,*,#6442,.T.);
#9140=ORIENTED_EDGE('',*,*,#6444,.T.);
#9141=ORIENTED_EDGE('',*,*,#6314,.T.);
#9142=ORIENTED_EDGE('',*,*,#6445,.F.);
#9143=ORIENTED_EDGE('',*,*,#6446,.F.);
#9144=ORIENTED_EDGE('',*,*,#6447,.F.);
#9145=ORIENTED_EDGE('',*,*,#6448,.F.);
#9146=ORIENTED_EDGE('',*,*,#6449,.T.);
#9147=ORIENTED_EDGE('',*,*,#6450,.T.);
#9148=ORIENTED_EDGE('',*,*,#6451,.T.);
#9149=ORIENTED_EDGE('',*,*,#6280,.T.);
#9150=ORIENTED_EDGE('',*,*,#6452,.T.);
#9151=ORIENTED_EDGE('',*,*,#6453,.F.);
#9152=ORIENTED_EDGE('',*,*,#6454,.F.);
#9153=ORIENTED_EDGE('',*,*,#6313,.T.);
#9154=ORIENTED_EDGE('',*,*,#6455,.F.);
#9155=ORIENTED_EDGE('',*,*,#6456,.T.);
#9156=ORIENTED_EDGE('',*,*,#6445,.T.);
#9157=ORIENTED_EDGE('',*,*,#6281,.T.);
#9158=ORIENTED_EDGE('',*,*,#6454,.T.);
#9159=ORIENTED_EDGE('',*,*,#6457,.F.);
#9160=ORIENTED_EDGE('',*,*,#6458,.F.);
#9161=ORIENTED_EDGE('',*,*,#6312,.T.);
#9162=ORIENTED_EDGE('',*,*,#6459,.F.);
#9163=ORIENTED_EDGE('',*,*,#6460,.T.);
#9164=ORIENTED_EDGE('',*,*,#6455,.T.);
#9165=ORIENTED_EDGE('',*,*,#6315,.T.);
#9166=ORIENTED_EDGE('',*,*,#6451,.F.);
#9167=ORIENTED_EDGE('',*,*,#6461,.T.);
#9168=ORIENTED_EDGE('',*,*,#6462,.T.);
#9169=ORIENTED_EDGE('',*,*,#6279,.T.);
#9170=ORIENTED_EDGE('',*,*,#6463,.T.);
#9171=ORIENTED_EDGE('',*,*,#6464,.F.);
#9172=ORIENTED_EDGE('',*,*,#6452,.F.);
#9173=ORIENTED_EDGE('',*,*,#6311,.T.);
#9174=ORIENTED_EDGE('',*,*,#6465,.F.);
#9175=ORIENTED_EDGE('',*,*,#6466,.T.);
#9176=ORIENTED_EDGE('',*,*,#6459,.T.);
#9177=ORIENTED_EDGE('',*,*,#6316,.T.);
#9178=ORIENTED_EDGE('',*,*,#6462,.F.);
#9179=ORIENTED_EDGE('',*,*,#6467,.T.);
#9180=ORIENTED_EDGE('',*,*,#6468,.T.);
#9181=ORIENTED_EDGE('',*,*,#6278,.T.);
#9182=ORIENTED_EDGE('',*,*,#6469,.T.);
#9183=ORIENTED_EDGE('',*,*,#6470,.F.);
#9184=ORIENTED_EDGE('',*,*,#6463,.F.);
#9185=ORIENTED_EDGE('',*,*,#6310,.T.);
#9186=ORIENTED_EDGE('',*,*,#6471,.F.);
#9187=ORIENTED_EDGE('',*,*,#6472,.F.);
#9188=ORIENTED_EDGE('',*,*,#6473,.F.);
#9189=ORIENTED_EDGE('',*,*,#6474,.F.);
#9190=ORIENTED_EDGE('',*,*,#6475,.T.);
#9191=ORIENTED_EDGE('',*,*,#6476,.T.);
#9192=ORIENTED_EDGE('',*,*,#6465,.T.);
#9193=ORIENTED_EDGE('',*,*,#6309,.T.);
#9194=ORIENTED_EDGE('',*,*,#6468,.F.);
#9195=ORIENTED_EDGE('',*,*,#6477,.T.);
#9196=ORIENTED_EDGE('',*,*,#6471,.T.);
#9197=ORIENTED_EDGE('',*,*,#6282,.T.);
#9198=ORIENTED_EDGE('',*,*,#6458,.T.);
#9199=ORIENTED_EDGE('',*,*,#6478,.F.);
#9200=ORIENTED_EDGE('',*,*,#6479,.F.);
#9201=ORIENTED_EDGE('',*,*,#6283,.T.);
#9202=ORIENTED_EDGE('',*,*,#6479,.T.);
#9203=ORIENTED_EDGE('',*,*,#6480,.F.);
#9204=ORIENTED_EDGE('',*,*,#6481,.F.);
#9205=ORIENTED_EDGE('',*,*,#6277,.T.);
#9206=ORIENTED_EDGE('',*,*,#6482,.T.);
#9207=ORIENTED_EDGE('',*,*,#6483,.F.);
#9208=ORIENTED_EDGE('',*,*,#6469,.F.);
#9209=ORIENTED_EDGE('',*,*,#6484,.T.);
#9210=ORIENTED_EDGE('',*,*,#6485,.T.);
#9211=ORIENTED_EDGE('',*,*,#6461,.F.);
#9212=ORIENTED_EDGE('',*,*,#6450,.F.);
#9213=ORIENTED_EDGE('',*,*,#6486,.T.);
#9214=ORIENTED_EDGE('',*,*,#6446,.T.);
#9215=ORIENTED_EDGE('',*,*,#6456,.F.);
#9216=ORIENTED_EDGE('',*,*,#6487,.F.);
#9217=ORIENTED_EDGE('',*,*,#6488,.T.);
#9218=ORIENTED_EDGE('',*,*,#6487,.T.);
#9219=ORIENTED_EDGE('',*,*,#6460,.F.);
#9220=ORIENTED_EDGE('',*,*,#6489,.F.);
#9221=ORIENTED_EDGE('',*,*,#6490,.T.);
#9222=ORIENTED_EDGE('',*,*,#6489,.T.);
#9223=ORIENTED_EDGE('',*,*,#6466,.F.);
#9224=ORIENTED_EDGE('',*,*,#6476,.F.);
#9225=ORIENTED_EDGE('',*,*,#6491,.T.);
#9226=ORIENTED_EDGE('',*,*,#6472,.T.);
#9227=ORIENTED_EDGE('',*,*,#6477,.F.);
#9228=ORIENTED_EDGE('',*,*,#6492,.F.);
#9229=ORIENTED_EDGE('',*,*,#6493,.T.);
#9230=ORIENTED_EDGE('',*,*,#6492,.T.);
#9231=ORIENTED_EDGE('',*,*,#6467,.F.);
#9232=ORIENTED_EDGE('',*,*,#6485,.F.);
#9233=ORIENTED_EDGE('',*,*,#6494,.F.);
#9234=ORIENTED_EDGE('',*,*,#6495,.T.);
#9235=ORIENTED_EDGE('',*,*,#6484,.F.);
#9236=ORIENTED_EDGE('',*,*,#6449,.F.);
#9237=ORIENTED_EDGE('',*,*,#6496,.F.);
#9238=ORIENTED_EDGE('',*,*,#6447,.T.);
#9239=ORIENTED_EDGE('',*,*,#6486,.F.);
#9240=ORIENTED_EDGE('',*,*,#6497,.F.);
#9241=ORIENTED_EDGE('',*,*,#6498,.F.);
#9242=ORIENTED_EDGE('',*,*,#6497,.T.);
#9243=ORIENTED_EDGE('',*,*,#6488,.F.);
#9244=ORIENTED_EDGE('',*,*,#6499,.F.);
#9245=ORIENTED_EDGE('',*,*,#6500,.F.);
#9246=ORIENTED_EDGE('',*,*,#6499,.T.);
#9247=ORIENTED_EDGE('',*,*,#6490,.F.);
#9248=ORIENTED_EDGE('',*,*,#6475,.F.);
#9249=ORIENTED_EDGE('',*,*,#6284,.T.);
#9250=ORIENTED_EDGE('',*,*,#6481,.T.);
#9251=ORIENTED_EDGE('',*,*,#6501,.F.);
#9252=ORIENTED_EDGE('',*,*,#6482,.F.);
#9253=ORIENTED_EDGE('',*,*,#6502,.F.);
#9254=ORIENTED_EDGE('',*,*,#6473,.T.);
#9255=ORIENTED_EDGE('',*,*,#6491,.F.);
#9256=ORIENTED_EDGE('',*,*,#6503,.F.);
#9257=ORIENTED_EDGE('',*,*,#6504,.F.);
#9258=ORIENTED_EDGE('',*,*,#6503,.T.);
#9259=ORIENTED_EDGE('',*,*,#6493,.F.);
#9260=ORIENTED_EDGE('',*,*,#6495,.F.);
#9261=ORIENTED_EDGE('',*,*,#6470,.T.);
#9262=ORIENTED_EDGE('',*,*,#6483,.T.);
#9263=ORIENTED_EDGE('',*,*,#6501,.T.);
#9264=ORIENTED_EDGE('',*,*,#6480,.T.);
#9265=ORIENTED_EDGE('',*,*,#6478,.T.);
#9266=ORIENTED_EDGE('',*,*,#6457,.T.);
#9267=ORIENTED_EDGE('',*,*,#6453,.T.);
#9268=ORIENTED_EDGE('',*,*,#6464,.T.);
#9269=ORIENTED_EDGE('',*,*,#6504,.T.);
#9270=ORIENTED_EDGE('',*,*,#6494,.T.);
#9271=ORIENTED_EDGE('',*,*,#6448,.T.);
#9272=ORIENTED_EDGE('',*,*,#6496,.T.);
#9273=ORIENTED_EDGE('',*,*,#6498,.T.);
#9274=ORIENTED_EDGE('',*,*,#6500,.T.);
#9275=ORIENTED_EDGE('',*,*,#6474,.T.);
#9276=ORIENTED_EDGE('',*,*,#6502,.T.);
#9277=ORIENTED_EDGE('',*,*,#6505,.T.);
#9278=ORIENTED_EDGE('',*,*,#6506,.T.);
#9279=ORIENTED_EDGE('',*,*,#6507,.T.);
#9280=ORIENTED_EDGE('',*,*,#6508,.T.);
#9281=ORIENTED_EDGE('',*,*,#6509,.T.);
#9282=ORIENTED_EDGE('',*,*,#6510,.T.);
#9283=ORIENTED_EDGE('',*,*,#6511,.T.);
#9284=ORIENTED_EDGE('',*,*,#6512,.T.);
#9285=ORIENTED_EDGE('',*,*,#6513,.F.);
#9286=ORIENTED_EDGE('',*,*,#6514,.F.);
#9287=ORIENTED_EDGE('',*,*,#6515,.F.);
#9288=ORIENTED_EDGE('',*,*,#6516,.F.);
#9289=ORIENTED_EDGE('',*,*,#6517,.F.);
#9290=ORIENTED_EDGE('',*,*,#6518,.F.);
#9291=ORIENTED_EDGE('',*,*,#6519,.F.);
#9292=ORIENTED_EDGE('',*,*,#6520,.F.);
#9293=ORIENTED_EDGE('',*,*,#6521,.F.);
#9294=ORIENTED_EDGE('',*,*,#6522,.F.);
#9295=ORIENTED_EDGE('',*,*,#6523,.F.);
#9296=ORIENTED_EDGE('',*,*,#6524,.F.);
#9297=ORIENTED_EDGE('',*,*,#6525,.F.);
#9298=ORIENTED_EDGE('',*,*,#6526,.F.);
#9299=ORIENTED_EDGE('',*,*,#6527,.F.);
#9300=ORIENTED_EDGE('',*,*,#6528,.F.);
#9301=ORIENTED_EDGE('',*,*,#6529,.F.);
#9302=ORIENTED_EDGE('',*,*,#6530,.F.);
#9303=ORIENTED_EDGE('',*,*,#6531,.F.);
#9304=ORIENTED_EDGE('',*,*,#6532,.F.);
#9305=ORIENTED_EDGE('',*,*,#6533,.F.);
#9306=ORIENTED_EDGE('',*,*,#6534,.F.);
#9307=ORIENTED_EDGE('',*,*,#6535,.F.);
#9308=ORIENTED_EDGE('',*,*,#6536,.F.);
#9309=ORIENTED_EDGE('',*,*,#6537,.F.);
#9310=ORIENTED_EDGE('',*,*,#6538,.T.);
#9311=ORIENTED_EDGE('',*,*,#6539,.F.);
#9312=ORIENTED_EDGE('',*,*,#6540,.F.);
#9313=ORIENTED_EDGE('',*,*,#6541,.F.);
#9314=ORIENTED_EDGE('',*,*,#6542,.F.);
#9315=ORIENTED_EDGE('',*,*,#6543,.F.);
#9316=ORIENTED_EDGE('',*,*,#6544,.F.);
#9317=ORIENTED_EDGE('',*,*,#6545,.F.);
#9318=ORIENTED_EDGE('',*,*,#6546,.F.);
#9319=ORIENTED_EDGE('',*,*,#6547,.F.);
#9320=ORIENTED_EDGE('',*,*,#6548,.F.);
#9321=ORIENTED_EDGE('',*,*,#6549,.F.);
#9322=ORIENTED_EDGE('',*,*,#6550,.F.);
#9323=ORIENTED_EDGE('',*,*,#6551,.F.);
#9324=ORIENTED_EDGE('',*,*,#6552,.F.);
#9325=ORIENTED_EDGE('',*,*,#6553,.F.);
#9326=ORIENTED_EDGE('',*,*,#6554,.F.);
#9327=ORIENTED_EDGE('',*,*,#6555,.F.);
#9328=ORIENTED_EDGE('',*,*,#6556,.F.);
#9329=ORIENTED_EDGE('',*,*,#6557,.F.);
#9330=ORIENTED_EDGE('',*,*,#6558,.F.);
#9331=ORIENTED_EDGE('',*,*,#6559,.F.);
#9332=ORIENTED_EDGE('',*,*,#6560,.F.);
#9333=ORIENTED_EDGE('',*,*,#6561,.F.);
#9334=ORIENTED_EDGE('',*,*,#6562,.F.);
#9335=ORIENTED_EDGE('',*,*,#6563,.F.);
#9336=ORIENTED_EDGE('',*,*,#6564,.F.);
#9337=ORIENTED_EDGE('',*,*,#6565,.F.);
#9338=ORIENTED_EDGE('',*,*,#6566,.F.);
#9339=ORIENTED_EDGE('',*,*,#6567,.F.);
#9340=ORIENTED_EDGE('',*,*,#6568,.F.);
#9341=ORIENTED_EDGE('',*,*,#6538,.F.);
#9342=ORIENTED_EDGE('',*,*,#6569,.T.);
#9343=ORIENTED_EDGE('',*,*,#6512,.F.);
#9344=ORIENTED_EDGE('',*,*,#6570,.F.);
#9345=ORIENTED_EDGE('',*,*,#6539,.T.);
#9346=ORIENTED_EDGE('',*,*,#6570,.T.);
#9347=ORIENTED_EDGE('',*,*,#6511,.F.);
#9348=ORIENTED_EDGE('',*,*,#6571,.F.);
#9349=ORIENTED_EDGE('',*,*,#6540,.T.);
#9350=ORIENTED_EDGE('',*,*,#6571,.T.);
#9351=ORIENTED_EDGE('',*,*,#6510,.F.);
#9352=ORIENTED_EDGE('',*,*,#6572,.F.);
#9353=ORIENTED_EDGE('',*,*,#6541,.T.);
#9354=ORIENTED_EDGE('',*,*,#6572,.T.);
#9355=ORIENTED_EDGE('',*,*,#6509,.F.);
#9356=ORIENTED_EDGE('',*,*,#6573,.F.);
#9357=ORIENTED_EDGE('',*,*,#6542,.T.);
#9358=ORIENTED_EDGE('',*,*,#6573,.T.);
#9359=ORIENTED_EDGE('',*,*,#6508,.F.);
#9360=ORIENTED_EDGE('',*,*,#6574,.F.);
#9361=ORIENTED_EDGE('',*,*,#6543,.T.);
#9362=ORIENTED_EDGE('',*,*,#6574,.T.);
#9363=ORIENTED_EDGE('',*,*,#6507,.F.);
#9364=ORIENTED_EDGE('',*,*,#6575,.F.);
#9365=ORIENTED_EDGE('',*,*,#6544,.T.);
#9366=ORIENTED_EDGE('',*,*,#6575,.T.);
#9367=ORIENTED_EDGE('',*,*,#6506,.F.);
#9368=ORIENTED_EDGE('',*,*,#6576,.F.);
#9369=ORIENTED_EDGE('',*,*,#6537,.T.);
#9370=ORIENTED_EDGE('',*,*,#6576,.T.);
#9371=ORIENTED_EDGE('',*,*,#6505,.F.);
#9372=ORIENTED_EDGE('',*,*,#6569,.F.);
#9373=ORIENTED_EDGE('',*,*,#6550,.T.);
#9374=ORIENTED_EDGE('',*,*,#6577,.F.);
#9375=ORIENTED_EDGE('',*,*,#6578,.F.);
#9376=ORIENTED_EDGE('',*,*,#6579,.F.);
#9377=ORIENTED_EDGE('',*,*,#6580,.F.);
#9378=ORIENTED_EDGE('',*,*,#6581,.T.);
#9379=ORIENTED_EDGE('',*,*,#6582,.T.);
#9380=ORIENTED_EDGE('',*,*,#6583,.T.);
#9381=ORIENTED_EDGE('',*,*,#6516,.T.);
#9382=ORIENTED_EDGE('',*,*,#6584,.T.);
#9383=ORIENTED_EDGE('',*,*,#6585,.F.);
#9384=ORIENTED_EDGE('',*,*,#6586,.F.);
#9385=ORIENTED_EDGE('',*,*,#6549,.T.);
#9386=ORIENTED_EDGE('',*,*,#6587,.F.);
#9387=ORIENTED_EDGE('',*,*,#6588,.T.);
#9388=ORIENTED_EDGE('',*,*,#6577,.T.);
#9389=ORIENTED_EDGE('',*,*,#6517,.T.);
#9390=ORIENTED_EDGE('',*,*,#6586,.T.);
#9391=ORIENTED_EDGE('',*,*,#6589,.F.);
#9392=ORIENTED_EDGE('',*,*,#6590,.F.);
#9393=ORIENTED_EDGE('',*,*,#6548,.T.);
#9394=ORIENTED_EDGE('',*,*,#6591,.F.);
#9395=ORIENTED_EDGE('',*,*,#6592,.T.);
#9396=ORIENTED_EDGE('',*,*,#6587,.T.);
#9397=ORIENTED_EDGE('',*,*,#6551,.T.);
#9398=ORIENTED_EDGE('',*,*,#6583,.F.);
#9399=ORIENTED_EDGE('',*,*,#6593,.T.);
#9400=ORIENTED_EDGE('',*,*,#6594,.T.);
#9401=ORIENTED_EDGE('',*,*,#6515,.T.);
#9402=ORIENTED_EDGE('',*,*,#6595,.T.);
#9403=ORIENTED_EDGE('',*,*,#6596,.F.);
#9404=ORIENTED_EDGE('',*,*,#6584,.F.);
#9405=ORIENTED_EDGE('',*,*,#6547,.T.);
#9406=ORIENTED_EDGE('',*,*,#6597,.F.);
#9407=ORIENTED_EDGE('',*,*,#6598,.T.);
#9408=ORIENTED_EDGE('',*,*,#6591,.T.);
#9409=ORIENTED_EDGE('',*,*,#6552,.T.);
#9410=ORIENTED_EDGE('',*,*,#6594,.F.);
#9411=ORIENTED_EDGE('',*,*,#6599,.T.);
#9412=ORIENTED_EDGE('',*,*,#6600,.T.);
#9413=ORIENTED_EDGE('',*,*,#6514,.T.);
#9414=ORIENTED_EDGE('',*,*,#6601,.T.);
#9415=ORIENTED_EDGE('',*,*,#6602,.F.);
#9416=ORIENTED_EDGE('',*,*,#6595,.F.);
#9417=ORIENTED_EDGE('',*,*,#6546,.T.);
#9418=ORIENTED_EDGE('',*,*,#6603,.F.);
#9419=ORIENTED_EDGE('',*,*,#6604,.F.);
#9420=ORIENTED_EDGE('',*,*,#6605,.F.);
#9421=ORIENTED_EDGE('',*,*,#6606,.F.);
#9422=ORIENTED_EDGE('',*,*,#6607,.T.);
#9423=ORIENTED_EDGE('',*,*,#6608,.T.);
#9424=ORIENTED_EDGE('',*,*,#6597,.T.);
#9425=ORIENTED_EDGE('',*,*,#6545,.T.);
#9426=ORIENTED_EDGE('',*,*,#6600,.F.);
#9427=ORIENTED_EDGE('',*,*,#6609,.T.);
#9428=ORIENTED_EDGE('',*,*,#6603,.T.);
#9429=ORIENTED_EDGE('',*,*,#6518,.T.);
#9430=ORIENTED_EDGE('',*,*,#6590,.T.);
#9431=ORIENTED_EDGE('',*,*,#6610,.F.);
#9432=ORIENTED_EDGE('',*,*,#6611,.F.);
#9433=ORIENTED_EDGE('',*,*,#6519,.T.);
#9434=ORIENTED_EDGE('',*,*,#6611,.T.);
#9435=ORIENTED_EDGE('',*,*,#6612,.F.);
#9436=ORIENTED_EDGE('',*,*,#6613,.F.);
#9437=ORIENTED_EDGE('',*,*,#6513,.T.);
#9438=ORIENTED_EDGE('',*,*,#6614,.T.);
#9439=ORIENTED_EDGE('',*,*,#6615,.F.);
#9440=ORIENTED_EDGE('',*,*,#6601,.F.);
#9441=ORIENTED_EDGE('',*,*,#6616,.T.);
#9442=ORIENTED_EDGE('',*,*,#6617,.T.);
#9443=ORIENTED_EDGE('',*,*,#6593,.F.);
#9444=ORIENTED_EDGE('',*,*,#6582,.F.);
#9445=ORIENTED_EDGE('',*,*,#6618,.T.);
#9446=ORIENTED_EDGE('',*,*,#6578,.T.);
#9447=ORIENTED_EDGE('',*,*,#6588,.F.);
#9448=ORIENTED_EDGE('',*,*,#6619,.F.);
#9449=ORIENTED_EDGE('',*,*,#6620,.T.);
#9450=ORIENTED_EDGE('',*,*,#6619,.T.);
#9451=ORIENTED_EDGE('',*,*,#6592,.F.);
#9452=ORIENTED_EDGE('',*,*,#6621,.F.);
#9453=ORIENTED_EDGE('',*,*,#6622,.T.);
#9454=ORIENTED_EDGE('',*,*,#6621,.T.);
#9455=ORIENTED_EDGE('',*,*,#6598,.F.);
#9456=ORIENTED_EDGE('',*,*,#6608,.F.);
#9457=ORIENTED_EDGE('',*,*,#6623,.T.);
#9458=ORIENTED_EDGE('',*,*,#6604,.T.);
#9459=ORIENTED_EDGE('',*,*,#6609,.F.);
#9460=ORIENTED_EDGE('',*,*,#6624,.F.);
#9461=ORIENTED_EDGE('',*,*,#6625,.T.);
#9462=ORIENTED_EDGE('',*,*,#6624,.T.);
#9463=ORIENTED_EDGE('',*,*,#6599,.F.);
#9464=ORIENTED_EDGE('',*,*,#6617,.F.);
#9465=ORIENTED_EDGE('',*,*,#6626,.F.);
#9466=ORIENTED_EDGE('',*,*,#6627,.T.);
#9467=ORIENTED_EDGE('',*,*,#6616,.F.);
#9468=ORIENTED_EDGE('',*,*,#6581,.F.);
#9469=ORIENTED_EDGE('',*,*,#6628,.F.);
#9470=ORIENTED_EDGE('',*,*,#6579,.T.);
#9471=ORIENTED_EDGE('',*,*,#6618,.F.);
#9472=ORIENTED_EDGE('',*,*,#6629,.F.);
#9473=ORIENTED_EDGE('',*,*,#6630,.F.);
#9474=ORIENTED_EDGE('',*,*,#6629,.T.);
#9475=ORIENTED_EDGE('',*,*,#6620,.F.);
#9476=ORIENTED_EDGE('',*,*,#6631,.F.);
#9477=ORIENTED_EDGE('',*,*,#6632,.F.);
#9478=ORIENTED_EDGE('',*,*,#6631,.T.);
#9479=ORIENTED_EDGE('',*,*,#6622,.F.);
#9480=ORIENTED_EDGE('',*,*,#6607,.F.);
#9481=ORIENTED_EDGE('',*,*,#6520,.T.);
#9482=ORIENTED_EDGE('',*,*,#6613,.T.);
#9483=ORIENTED_EDGE('',*,*,#6633,.F.);
#9484=ORIENTED_EDGE('',*,*,#6614,.F.);
#9485=ORIENTED_EDGE('',*,*,#6634,.F.);
#9486=ORIENTED_EDGE('',*,*,#6605,.T.);
#9487=ORIENTED_EDGE('',*,*,#6623,.F.);
#9488=ORIENTED_EDGE('',*,*,#6635,.F.);
#9489=ORIENTED_EDGE('',*,*,#6636,.F.);
#9490=ORIENTED_EDGE('',*,*,#6635,.T.);
#9491=ORIENTED_EDGE('',*,*,#6625,.F.);
#9492=ORIENTED_EDGE('',*,*,#6627,.F.);
#9493=ORIENTED_EDGE('',*,*,#6602,.T.);
#9494=ORIENTED_EDGE('',*,*,#6615,.T.);
#9495=ORIENTED_EDGE('',*,*,#6633,.T.);
#9496=ORIENTED_EDGE('',*,*,#6612,.T.);
#9497=ORIENTED_EDGE('',*,*,#6610,.T.);
#9498=ORIENTED_EDGE('',*,*,#6589,.T.);
#9499=ORIENTED_EDGE('',*,*,#6585,.T.);
#9500=ORIENTED_EDGE('',*,*,#6596,.T.);
#9501=ORIENTED_EDGE('',*,*,#6636,.T.);
#9502=ORIENTED_EDGE('',*,*,#6626,.T.);
#9503=ORIENTED_EDGE('',*,*,#6580,.T.);
#9504=ORIENTED_EDGE('',*,*,#6628,.T.);
#9505=ORIENTED_EDGE('',*,*,#6630,.T.);
#9506=ORIENTED_EDGE('',*,*,#6632,.T.);
#9507=ORIENTED_EDGE('',*,*,#6606,.T.);
#9508=ORIENTED_EDGE('',*,*,#6634,.T.);
#9509=ORIENTED_EDGE('',*,*,#6558,.T.);
#9510=ORIENTED_EDGE('',*,*,#6637,.F.);
#9511=ORIENTED_EDGE('',*,*,#6638,.F.);
#9512=ORIENTED_EDGE('',*,*,#6639,.F.);
#9513=ORIENTED_EDGE('',*,*,#6640,.F.);
#9514=ORIENTED_EDGE('',*,*,#6641,.T.);
#9515=ORIENTED_EDGE('',*,*,#6642,.T.);
#9516=ORIENTED_EDGE('',*,*,#6643,.T.);
#9517=ORIENTED_EDGE('',*,*,#6524,.T.);
#9518=ORIENTED_EDGE('',*,*,#6644,.T.);
#9519=ORIENTED_EDGE('',*,*,#6645,.F.);
#9520=ORIENTED_EDGE('',*,*,#6646,.F.);
#9521=ORIENTED_EDGE('',*,*,#6557,.T.);
#9522=ORIENTED_EDGE('',*,*,#6647,.F.);
#9523=ORIENTED_EDGE('',*,*,#6648,.T.);
#9524=ORIENTED_EDGE('',*,*,#6637,.T.);
#9525=ORIENTED_EDGE('',*,*,#6525,.T.);
#9526=ORIENTED_EDGE('',*,*,#6646,.T.);
#9527=ORIENTED_EDGE('',*,*,#6649,.F.);
#9528=ORIENTED_EDGE('',*,*,#6650,.F.);
#9529=ORIENTED_EDGE('',*,*,#6556,.T.);
#9530=ORIENTED_EDGE('',*,*,#6651,.F.);
#9531=ORIENTED_EDGE('',*,*,#6652,.T.);
#9532=ORIENTED_EDGE('',*,*,#6647,.T.);
#9533=ORIENTED_EDGE('',*,*,#6559,.T.);
#9534=ORIENTED_EDGE('',*,*,#6643,.F.);
#9535=ORIENTED_EDGE('',*,*,#6653,.T.);
#9536=ORIENTED_EDGE('',*,*,#6654,.T.);
#9537=ORIENTED_EDGE('',*,*,#6523,.T.);
#9538=ORIENTED_EDGE('',*,*,#6655,.T.);
#9539=ORIENTED_EDGE('',*,*,#6656,.F.);
#9540=ORIENTED_EDGE('',*,*,#6644,.F.);
#9541=ORIENTED_EDGE('',*,*,#6555,.T.);
#9542=ORIENTED_EDGE('',*,*,#6657,.F.);
#9543=ORIENTED_EDGE('',*,*,#6658,.T.);
#9544=ORIENTED_EDGE('',*,*,#6651,.T.);
#9545=ORIENTED_EDGE('',*,*,#6560,.T.);
#9546=ORIENTED_EDGE('',*,*,#6654,.F.);
#9547=ORIENTED_EDGE('',*,*,#6659,.T.);
#9548=ORIENTED_EDGE('',*,*,#6660,.T.);
#9549=ORIENTED_EDGE('',*,*,#6522,.T.);
#9550=ORIENTED_EDGE('',*,*,#6661,.T.);
#9551=ORIENTED_EDGE('',*,*,#6662,.F.);
#9552=ORIENTED_EDGE('',*,*,#6655,.F.);
#9553=ORIENTED_EDGE('',*,*,#6554,.T.);
#9554=ORIENTED_EDGE('',*,*,#6663,.F.);
#9555=ORIENTED_EDGE('',*,*,#6664,.F.);
#9556=ORIENTED_EDGE('',*,*,#6665,.F.);
#9557=ORIENTED_EDGE('',*,*,#6666,.F.);
#9558=ORIENTED_EDGE('',*,*,#6667,.T.);
#9559=ORIENTED_EDGE('',*,*,#6668,.T.);
#9560=ORIENTED_EDGE('',*,*,#6657,.T.);
#9561=ORIENTED_EDGE('',*,*,#6553,.T.);
#9562=ORIENTED_EDGE('',*,*,#6660,.F.);
#9563=ORIENTED_EDGE('',*,*,#6669,.T.);
#9564=ORIENTED_EDGE('',*,*,#6663,.T.);
#9565=ORIENTED_EDGE('',*,*,#6526,.T.);
#9566=ORIENTED_EDGE('',*,*,#6650,.T.);
#9567=ORIENTED_EDGE('',*,*,#6670,.F.);
#9568=ORIENTED_EDGE('',*,*,#6671,.F.);
#9569=ORIENTED_EDGE('',*,*,#6527,.T.);
#9570=ORIENTED_EDGE('',*,*,#6671,.T.);
#9571=ORIENTED_EDGE('',*,*,#6672,.F.);
#9572=ORIENTED_EDGE('',*,*,#6673,.F.);
#9573=ORIENTED_EDGE('',*,*,#6521,.T.);
#9574=ORIENTED_EDGE('',*,*,#6674,.T.);
#9575=ORIENTED_EDGE('',*,*,#6675,.F.);
#9576=ORIENTED_EDGE('',*,*,#6661,.F.);
#9577=ORIENTED_EDGE('',*,*,#6676,.T.);
#9578=ORIENTED_EDGE('',*,*,#6638,.T.);
#9579=ORIENTED_EDGE('',*,*,#6648,.F.);
#9580=ORIENTED_EDGE('',*,*,#6677,.F.);
#9581=ORIENTED_EDGE('',*,*,#6678,.T.);
#9582=ORIENTED_EDGE('',*,*,#6677,.T.);
#9583=ORIENTED_EDGE('',*,*,#6652,.F.);
#9584=ORIENTED_EDGE('',*,*,#6679,.F.);
#9585=ORIENTED_EDGE('',*,*,#6680,.T.);
#9586=ORIENTED_EDGE('',*,*,#6679,.T.);
#9587=ORIENTED_EDGE('',*,*,#6658,.F.);
#9588=ORIENTED_EDGE('',*,*,#6668,.F.);
#9589=ORIENTED_EDGE('',*,*,#6681,.T.);
#9590=ORIENTED_EDGE('',*,*,#6664,.T.);
#9591=ORIENTED_EDGE('',*,*,#6669,.F.);
#9592=ORIENTED_EDGE('',*,*,#6682,.F.);
#9593=ORIENTED_EDGE('',*,*,#6683,.T.);
#9594=ORIENTED_EDGE('',*,*,#6682,.T.);
#9595=ORIENTED_EDGE('',*,*,#6659,.F.);
#9596=ORIENTED_EDGE('',*,*,#6684,.F.);
#9597=ORIENTED_EDGE('',*,*,#6685,.T.);
#9598=ORIENTED_EDGE('',*,*,#6684,.T.);
#9599=ORIENTED_EDGE('',*,*,#6653,.F.);
#9600=ORIENTED_EDGE('',*,*,#6642,.F.);
#9601=ORIENTED_EDGE('',*,*,#6686,.F.);
#9602=ORIENTED_EDGE('',*,*,#6639,.T.);
#9603=ORIENTED_EDGE('',*,*,#6676,.F.);
#9604=ORIENTED_EDGE('',*,*,#6687,.F.);
#9605=ORIENTED_EDGE('',*,*,#6688,.F.);
#9606=ORIENTED_EDGE('',*,*,#6687,.T.);
#9607=ORIENTED_EDGE('',*,*,#6678,.F.);
#9608=ORIENTED_EDGE('',*,*,#6689,.F.);
#9609=ORIENTED_EDGE('',*,*,#6690,.F.);
#9610=ORIENTED_EDGE('',*,*,#6689,.T.);
#9611=ORIENTED_EDGE('',*,*,#6680,.F.);
#9612=ORIENTED_EDGE('',*,*,#6667,.F.);
#9613=ORIENTED_EDGE('',*,*,#6528,.T.);
#9614=ORIENTED_EDGE('',*,*,#6673,.T.);
#9615=ORIENTED_EDGE('',*,*,#6691,.F.);
#9616=ORIENTED_EDGE('',*,*,#6674,.F.);
#9617=ORIENTED_EDGE('',*,*,#6692,.F.);
#9618=ORIENTED_EDGE('',*,*,#6665,.T.);
#9619=ORIENTED_EDGE('',*,*,#6681,.F.);
#9620=ORIENTED_EDGE('',*,*,#6693,.F.);
#9621=ORIENTED_EDGE('',*,*,#6694,.F.);
#9622=ORIENTED_EDGE('',*,*,#6693,.T.);
#9623=ORIENTED_EDGE('',*,*,#6683,.F.);
#9624=ORIENTED_EDGE('',*,*,#6695,.F.);
#9625=ORIENTED_EDGE('',*,*,#6696,.F.);
#9626=ORIENTED_EDGE('',*,*,#6695,.T.);
#9627=ORIENTED_EDGE('',*,*,#6685,.F.);
#9628=ORIENTED_EDGE('',*,*,#6641,.F.);
#9629=ORIENTED_EDGE('',*,*,#6645,.T.);
#9630=ORIENTED_EDGE('',*,*,#6656,.T.);
#9631=ORIENTED_EDGE('',*,*,#6662,.T.);
#9632=ORIENTED_EDGE('',*,*,#6675,.T.);
#9633=ORIENTED_EDGE('',*,*,#6691,.T.);
#9634=ORIENTED_EDGE('',*,*,#6672,.T.);
#9635=ORIENTED_EDGE('',*,*,#6670,.T.);
#9636=ORIENTED_EDGE('',*,*,#6649,.T.);
#9637=ORIENTED_EDGE('',*,*,#6640,.T.);
#9638=ORIENTED_EDGE('',*,*,#6686,.T.);
#9639=ORIENTED_EDGE('',*,*,#6688,.T.);
#9640=ORIENTED_EDGE('',*,*,#6690,.T.);
#9641=ORIENTED_EDGE('',*,*,#6666,.T.);
#9642=ORIENTED_EDGE('',*,*,#6692,.T.);
#9643=ORIENTED_EDGE('',*,*,#6694,.T.);
#9644=ORIENTED_EDGE('',*,*,#6696,.T.);
#9645=ORIENTED_EDGE('',*,*,#6566,.T.);
#9646=ORIENTED_EDGE('',*,*,#6697,.F.);
#9647=ORIENTED_EDGE('',*,*,#6698,.F.);
#9648=ORIENTED_EDGE('',*,*,#6699,.F.);
#9649=ORIENTED_EDGE('',*,*,#6700,.F.);
#9650=ORIENTED_EDGE('',*,*,#6701,.T.);
#9651=ORIENTED_EDGE('',*,*,#6702,.T.);
#9652=ORIENTED_EDGE('',*,*,#6703,.T.);
#9653=ORIENTED_EDGE('',*,*,#6532,.T.);
#9654=ORIENTED_EDGE('',*,*,#6704,.T.);
#9655=ORIENTED_EDGE('',*,*,#6705,.F.);
#9656=ORIENTED_EDGE('',*,*,#6706,.F.);
#9657=ORIENTED_EDGE('',*,*,#6565,.T.);
#9658=ORIENTED_EDGE('',*,*,#6707,.F.);
#9659=ORIENTED_EDGE('',*,*,#6708,.T.);
#9660=ORIENTED_EDGE('',*,*,#6697,.T.);
#9661=ORIENTED_EDGE('',*,*,#6533,.T.);
#9662=ORIENTED_EDGE('',*,*,#6706,.T.);
#9663=ORIENTED_EDGE('',*,*,#6709,.F.);
#9664=ORIENTED_EDGE('',*,*,#6710,.F.);
#9665=ORIENTED_EDGE('',*,*,#6564,.T.);
#9666=ORIENTED_EDGE('',*,*,#6711,.F.);
#9667=ORIENTED_EDGE('',*,*,#6712,.T.);
#9668=ORIENTED_EDGE('',*,*,#6707,.T.);
#9669=ORIENTED_EDGE('',*,*,#6567,.T.);
#9670=ORIENTED_EDGE('',*,*,#6703,.F.);
#9671=ORIENTED_EDGE('',*,*,#6713,.T.);
#9672=ORIENTED_EDGE('',*,*,#6714,.T.);
#9673=ORIENTED_EDGE('',*,*,#6531,.T.);
#9674=ORIENTED_EDGE('',*,*,#6715,.T.);
#9675=ORIENTED_EDGE('',*,*,#6716,.F.);
#9676=ORIENTED_EDGE('',*,*,#6704,.F.);
#9677=ORIENTED_EDGE('',*,*,#6563,.T.);
#9678=ORIENTED_EDGE('',*,*,#6717,.F.);
#9679=ORIENTED_EDGE('',*,*,#6718,.T.);
#9680=ORIENTED_EDGE('',*,*,#6711,.T.);
#9681=ORIENTED_EDGE('',*,*,#6568,.T.);
#9682=ORIENTED_EDGE('',*,*,#6714,.F.);
#9683=ORIENTED_EDGE('',*,*,#6719,.T.);
#9684=ORIENTED_EDGE('',*,*,#6720,.T.);
#9685=ORIENTED_EDGE('',*,*,#6530,.T.);
#9686=ORIENTED_EDGE('',*,*,#6721,.T.);
#9687=ORIENTED_EDGE('',*,*,#6722,.F.);
#9688=ORIENTED_EDGE('',*,*,#6715,.F.);
#9689=ORIENTED_EDGE('',*,*,#6562,.T.);
#9690=ORIENTED_EDGE('',*,*,#6723,.F.);
#9691=ORIENTED_EDGE('',*,*,#6724,.F.);
#9692=ORIENTED_EDGE('',*,*,#6725,.F.);
#9693=ORIENTED_EDGE('',*,*,#6726,.F.);
#9694=ORIENTED_EDGE('',*,*,#6727,.T.);
#9695=ORIENTED_EDGE('',*,*,#6728,.T.);
#9696=ORIENTED_EDGE('',*,*,#6717,.T.);
#9697=ORIENTED_EDGE('',*,*,#6561,.T.);
#9698=ORIENTED_EDGE('',*,*,#6720,.F.);
#9699=ORIENTED_EDGE('',*,*,#6729,.T.);
#9700=ORIENTED_EDGE('',*,*,#6723,.T.);
#9701=ORIENTED_EDGE('',*,*,#6534,.T.);
#9702=ORIENTED_EDGE('',*,*,#6710,.T.);
#9703=ORIENTED_EDGE('',*,*,#6730,.F.);
#9704=ORIENTED_EDGE('',*,*,#6731,.F.);
#9705=ORIENTED_EDGE('',*,*,#6535,.T.);
#9706=ORIENTED_EDGE('',*,*,#6731,.T.);
#9707=ORIENTED_EDGE('',*,*,#6732,.F.);
#9708=ORIENTED_EDGE('',*,*,#6733,.F.);
#9709=ORIENTED_EDGE('',*,*,#6529,.T.);
#9710=ORIENTED_EDGE('',*,*,#6734,.T.);
#9711=ORIENTED_EDGE('',*,*,#6735,.F.);
#9712=ORIENTED_EDGE('',*,*,#6721,.F.);
#9713=ORIENTED_EDGE('',*,*,#6736,.T.);
#9714=ORIENTED_EDGE('',*,*,#6737,.T.);
#9715=ORIENTED_EDGE('',*,*,#6713,.F.);
#9716=ORIENTED_EDGE('',*,*,#6702,.F.);
#9717=ORIENTED_EDGE('',*,*,#6738,.T.);
#9718=ORIENTED_EDGE('',*,*,#6698,.T.);
#9719=ORIENTED_EDGE('',*,*,#6708,.F.);
#9720=ORIENTED_EDGE('',*,*,#6739,.F.);
#9721=ORIENTED_EDGE('',*,*,#6740,.T.);
#9722=ORIENTED_EDGE('',*,*,#6739,.T.);
#9723=ORIENTED_EDGE('',*,*,#6712,.F.);
#9724=ORIENTED_EDGE('',*,*,#6741,.F.);
#9725=ORIENTED_EDGE('',*,*,#6742,.T.);
#9726=ORIENTED_EDGE('',*,*,#6741,.T.);
#9727=ORIENTED_EDGE('',*,*,#6718,.F.);
#9728=ORIENTED_EDGE('',*,*,#6728,.F.);
#9729=ORIENTED_EDGE('',*,*,#6743,.T.);
#9730=ORIENTED_EDGE('',*,*,#6724,.T.);
#9731=ORIENTED_EDGE('',*,*,#6729,.F.);
#9732=ORIENTED_EDGE('',*,*,#6744,.F.);
#9733=ORIENTED_EDGE('',*,*,#6745,.T.);
#9734=ORIENTED_EDGE('',*,*,#6744,.T.);
#9735=ORIENTED_EDGE('',*,*,#6719,.F.);
#9736=ORIENTED_EDGE('',*,*,#6737,.F.);
#9737=ORIENTED_EDGE('',*,*,#6746,.F.);
#9738=ORIENTED_EDGE('',*,*,#6747,.T.);
#9739=ORIENTED_EDGE('',*,*,#6736,.F.);
#9740=ORIENTED_EDGE('',*,*,#6701,.F.);
#9741=ORIENTED_EDGE('',*,*,#6748,.F.);
#9742=ORIENTED_EDGE('',*,*,#6699,.T.);
#9743=ORIENTED_EDGE('',*,*,#6738,.F.);
#9744=ORIENTED_EDGE('',*,*,#6749,.F.);
#9745=ORIENTED_EDGE('',*,*,#6750,.F.);
#9746=ORIENTED_EDGE('',*,*,#6749,.T.);
#9747=ORIENTED_EDGE('',*,*,#6740,.F.);
#9748=ORIENTED_EDGE('',*,*,#6751,.F.);
#9749=ORIENTED_EDGE('',*,*,#6752,.F.);
#9750=ORIENTED_EDGE('',*,*,#6751,.T.);
#9751=ORIENTED_EDGE('',*,*,#6742,.F.);
#9752=ORIENTED_EDGE('',*,*,#6727,.F.);
#9753=ORIENTED_EDGE('',*,*,#6536,.T.);
#9754=ORIENTED_EDGE('',*,*,#6733,.T.);
#9755=ORIENTED_EDGE('',*,*,#6753,.F.);
#9756=ORIENTED_EDGE('',*,*,#6734,.F.);
#9757=ORIENTED_EDGE('',*,*,#6754,.F.);
#9758=ORIENTED_EDGE('',*,*,#6725,.T.);
#9759=ORIENTED_EDGE('',*,*,#6743,.F.);
#9760=ORIENTED_EDGE('',*,*,#6755,.F.);
#9761=ORIENTED_EDGE('',*,*,#6756,.F.);
#9762=ORIENTED_EDGE('',*,*,#6755,.T.);
#9763=ORIENTED_EDGE('',*,*,#6745,.F.);
#9764=ORIENTED_EDGE('',*,*,#6747,.F.);
#9765=ORIENTED_EDGE('',*,*,#6722,.T.);
#9766=ORIENTED_EDGE('',*,*,#6735,.T.);
#9767=ORIENTED_EDGE('',*,*,#6753,.T.);
#9768=ORIENTED_EDGE('',*,*,#6732,.T.);
#9769=ORIENTED_EDGE('',*,*,#6730,.T.);
#9770=ORIENTED_EDGE('',*,*,#6709,.T.);
#9771=ORIENTED_EDGE('',*,*,#6705,.T.);
#9772=ORIENTED_EDGE('',*,*,#6716,.T.);
#9773=ORIENTED_EDGE('',*,*,#6756,.T.);
#9774=ORIENTED_EDGE('',*,*,#6746,.T.);
#9775=ORIENTED_EDGE('',*,*,#6700,.T.);
#9776=ORIENTED_EDGE('',*,*,#6748,.T.);
#9777=ORIENTED_EDGE('',*,*,#6750,.T.);
#9778=ORIENTED_EDGE('',*,*,#6752,.T.);
#9779=ORIENTED_EDGE('',*,*,#6726,.T.);
#9780=ORIENTED_EDGE('',*,*,#6754,.T.);
#9781=PLANE('',#10892);
#9782=PLANE('',#10893);
#9783=PLANE('',#10894);
#9784=PLANE('',#10895);
#9785=PLANE('',#10896);
#9786=PLANE('',#10897);
#9787=PLANE('',#10898);
#9788=PLANE('',#10899);
#9789=PLANE('',#10900);
#9790=PLANE('',#10901);
#9791=PLANE('',#10902);
#9792=PLANE('',#10905);
#9793=PLANE('',#10906);
#9794=PLANE('',#10907);
#9795=PLANE('',#10908);
#9796=PLANE('',#10909);
#9797=PLANE('',#10910);
#9798=PLANE('',#10911);
#9799=PLANE('',#10912);
#9800=PLANE('',#10913);
#9801=PLANE('',#10914);
#9802=PLANE('',#10917);
#9803=PLANE('',#10918);
#9804=PLANE('',#10919);
#9805=PLANE('',#10920);
#9806=PLANE('',#10931);
#9807=PLANE('',#10932);
#9808=PLANE('',#10933);
#9809=PLANE('',#10934);
#9810=PLANE('',#10935);
#9811=PLANE('',#10936);
#9812=PLANE('',#10937);
#9813=PLANE('',#10938);
#9814=PLANE('',#10939);
#9815=PLANE('',#10940);
#9816=PLANE('',#10943);
#9817=PLANE('',#10944);
#9818=PLANE('',#10945);
#9819=PLANE('',#10946);
#9820=PLANE('',#10947);
#9821=PLANE('',#10948);
#9822=PLANE('',#10949);
#9823=PLANE('',#10950);
#9824=PLANE('',#10951);
#9825=PLANE('',#10952);
#9826=PLANE('',#10955);
#9827=PLANE('',#10956);
#9828=PLANE('',#10957);
#9829=PLANE('',#10958);
#9830=PLANE('',#10969);
#9831=PLANE('',#10970);
#9832=PLANE('',#10971);
#9833=PLANE('',#10972);
#9834=PLANE('',#10973);
#9835=PLANE('',#10974);
#9836=PLANE('',#10975);
#9837=PLANE('',#10976);
#9838=PLANE('',#10977);
#9839=PLANE('',#10978);
#9840=PLANE('',#10981);
#9841=PLANE('',#10982);
#9842=PLANE('',#10983);
#9843=PLANE('',#10984);
#9844=PLANE('',#10985);
#9845=PLANE('',#10986);
#9846=PLANE('',#10987);
#9847=PLANE('',#10988);
#9848=PLANE('',#10989);
#9849=PLANE('',#10990);
#9850=PLANE('',#10993);
#9851=PLANE('',#10994);
#9852=PLANE('',#10995);
#9853=PLANE('',#10996);
#9854=PLANE('',#11007);
#9855=PLANE('',#11008);
#9856=PLANE('',#11009);
#9857=PLANE('',#11010);
#9858=PLANE('',#11011);
#9859=PLANE('',#11012);
#9860=PLANE('',#11013);
#9861=PLANE('',#11014);
#9862=PLANE('',#11015);
#9863=PLANE('',#11016);
#9864=PLANE('',#11017);
#9865=PLANE('',#11018);
#9866=PLANE('',#11019);
#9867=PLANE('',#11020);
#9868=PLANE('',#11021);
#9869=PLANE('',#11022);
#9870=PLANE('',#11023);
#9871=PLANE('',#11024);
#9872=PLANE('',#11025);
#9873=PLANE('',#11026);
#9874=PLANE('',#11029);
#9875=PLANE('',#11030);
#9876=PLANE('',#11031);
#9877=PLANE('',#11032);
#9878=PLANE('',#11033);
#9879=PLANE('',#11034);
#9880=PLANE('',#11035);
#9881=PLANE('',#11036);
#9882=PLANE('',#11037);
#9883=PLANE('',#11038);
#9884=PLANE('',#11041);
#9885=PLANE('',#11042);
#9886=PLANE('',#11043);
#9887=PLANE('',#11044);
#9888=PLANE('',#11055);
#9889=PLANE('',#11056);
#9890=PLANE('',#11057);
#9891=PLANE('',#11058);
#9892=PLANE('',#11059);
#9893=PLANE('',#11060);
#9894=PLANE('',#11061);
#9895=PLANE('',#11062);
#9896=PLANE('',#11063);
#9897=PLANE('',#11064);
#9898=PLANE('',#11067);
#9899=PLANE('',#11068);
#9900=PLANE('',#11069);
#9901=PLANE('',#11070);
#9902=PLANE('',#11071);
#9903=PLANE('',#11072);
#9904=PLANE('',#11073);
#9905=PLANE('',#11074);
#9906=PLANE('',#11075);
#9907=PLANE('',#11076);
#9908=PLANE('',#11079);
#9909=PLANE('',#11080);
#9910=PLANE('',#11081);
#9911=PLANE('',#11082);
#9912=PLANE('',#11093);
#9913=PLANE('',#11094);
#9914=PLANE('',#11095);
#9915=PLANE('',#11096);
#9916=PLANE('',#11097);
#9917=PLANE('',#11098);
#9918=PLANE('',#11099);
#9919=PLANE('',#11100);
#9920=PLANE('',#11101);
#9921=PLANE('',#11102);
#9922=PLANE('',#11105);
#9923=PLANE('',#11106);
#9924=PLANE('',#11107);
#9925=PLANE('',#11108);
#9926=PLANE('',#11109);
#9927=PLANE('',#11110);
#9928=PLANE('',#11111);
#9929=PLANE('',#11112);
#9930=PLANE('',#11113);
#9931=PLANE('',#11114);
#9932=PLANE('',#11117);
#9933=PLANE('',#11118);
#9934=PLANE('',#11119);
#9935=PLANE('',#11120);
#9936=PLANE('',#11131);
#9937=PLANE('',#11132);
#9938=PLANE('',#11133);
#9939=PLANE('',#11134);
#9940=PLANE('',#11135);
#9941=PLANE('',#11136);
#9942=PLANE('',#11137);
#9943=PLANE('',#11138);
#9944=PLANE('',#11139);
#9945=PLANE('',#11140);
#9946=PLANE('',#11141);
#9947=PLANE('',#11142);
#9948=PLANE('',#11143);
#9949=PLANE('',#11144);
#9950=PLANE('',#11145);
#9951=PLANE('',#11146);
#9952=PLANE('',#11147);
#9953=PLANE('',#11148);
#9954=PLANE('',#11149);
#9955=PLANE('',#11150);
#9956=PLANE('',#11153);
#9957=PLANE('',#11154);
#9958=PLANE('',#11155);
#9959=PLANE('',#11156);
#9960=PLANE('',#11157);
#9961=PLANE('',#11158);
#9962=PLANE('',#11159);
#9963=PLANE('',#11160);
#9964=PLANE('',#11161);
#9965=PLANE('',#11162);
#9966=PLANE('',#11165);
#9967=PLANE('',#11166);
#9968=PLANE('',#11167);
#9969=PLANE('',#11168);
#9970=PLANE('',#11179);
#9971=PLANE('',#11180);
#9972=PLANE('',#11181);
#9973=PLANE('',#11182);
#9974=PLANE('',#11183);
#9975=PLANE('',#11184);
#9976=PLANE('',#11185);
#9977=PLANE('',#11186);
#9978=PLANE('',#11187);
#9979=PLANE('',#11188);
#9980=PLANE('',#11191);
#9981=PLANE('',#11192);
#9982=PLANE('',#11193);
#9983=PLANE('',#11194);
#9984=PLANE('',#11195);
#9985=PLANE('',#11196);
#9986=PLANE('',#11197);
#9987=PLANE('',#11198);
#9988=PLANE('',#11199);
#9989=PLANE('',#11200);
#9990=PLANE('',#11203);
#9991=PLANE('',#11204);
#9992=PLANE('',#11205);
#9993=PLANE('',#11206);
#9994=PLANE('',#11217);
#9995=PLANE('',#11218);
#9996=PLANE('',#11219);
#9997=PLANE('',#11220);
#9998=PLANE('',#11221);
#9999=PLANE('',#11222);
#10000=PLANE('',#11223);
#10001=PLANE('',#11224);
#10002=PLANE('',#11225);
#10003=PLANE('',#11226);
#10004=PLANE('',#11229);
#10005=PLANE('',#11230);
#10006=PLANE('',#11231);
#10007=PLANE('',#11232);
#10008=PLANE('',#11233);
#10009=PLANE('',#11234);
#10010=PLANE('',#11235);
#10011=PLANE('',#11236);
#10012=PLANE('',#11237);
#10013=PLANE('',#11238);
#10014=PLANE('',#11241);
#10015=PLANE('',#11242);
#10016=PLANE('',#11243);
#10017=PLANE('',#11244);
#10018=PLANE('',#11255);
#10019=PLANE('',#11256);
#10020=PLANE('',#11257);
#10021=PLANE('',#11258);
#10022=PLANE('',#11259);
#10023=PLANE('',#11260);
#10024=PLANE('',#11261);
#10025=PLANE('',#11262);
#10026=PLANE('',#11263);
#10027=PLANE('',#11264);
#10028=PLANE('',#11265);
#10029=PLANE('',#11266);
#10030=PLANE('',#11267);
#10031=PLANE('',#11268);
#10032=PLANE('',#11269);
#10033=PLANE('',#11270);
#10034=PLANE('',#11271);
#10035=PLANE('',#11272);
#10036=PLANE('',#11273);
#10037=PLANE('',#11274);
#10038=PLANE('',#11277);
#10039=PLANE('',#11278);
#10040=PLANE('',#11279);
#10041=PLANE('',#11280);
#10042=PLANE('',#11281);
#10043=PLANE('',#11282);
#10044=PLANE('',#11283);
#10045=PLANE('',#11284);
#10046=PLANE('',#11285);
#10047=PLANE('',#11286);
#10048=PLANE('',#11289);
#10049=PLANE('',#11290);
#10050=PLANE('',#11291);
#10051=PLANE('',#11292);
#10052=PLANE('',#11303);
#10053=PLANE('',#11304);
#10054=PLANE('',#11305);
#10055=PLANE('',#11306);
#10056=PLANE('',#11307);
#10057=PLANE('',#11308);
#10058=PLANE('',#11309);
#10059=PLANE('',#11310);
#10060=PLANE('',#11311);
#10061=PLANE('',#11312);
#10062=PLANE('',#11315);
#10063=PLANE('',#11316);
#10064=PLANE('',#11317);
#10065=PLANE('',#11318);
#10066=PLANE('',#11319);
#10067=PLANE('',#11320);
#10068=PLANE('',#11321);
#10069=PLANE('',#11322);
#10070=PLANE('',#11323);
#10071=PLANE('',#11324);
#10072=PLANE('',#11327);
#10073=PLANE('',#11328);
#10074=PLANE('',#11329);
#10075=PLANE('',#11330);
#10076=PLANE('',#11341);
#10077=PLANE('',#11342);
#10078=PLANE('',#11343);
#10079=PLANE('',#11344);
#10080=PLANE('',#11345);
#10081=PLANE('',#11346);
#10082=PLANE('',#11347);
#10083=PLANE('',#11348);
#10084=PLANE('',#11349);
#10085=PLANE('',#11350);
#10086=PLANE('',#11353);
#10087=PLANE('',#11354);
#10088=PLANE('',#11355);
#10089=PLANE('',#11356);
#10090=PLANE('',#11357);
#10091=PLANE('',#11358);
#10092=PLANE('',#11359);
#10093=PLANE('',#11360);
#10094=PLANE('',#11361);
#10095=PLANE('',#11362);
#10096=PLANE('',#11365);
#10097=PLANE('',#11366);
#10098=PLANE('',#11367);
#10099=PLANE('',#11368);
#10100=PLANE('',#11379);
#10101=PLANE('',#11380);
#10102=PLANE('',#11381);
#10103=PLANE('',#11382);
#10104=PLANE('',#11383);
#10105=PLANE('',#11384);
#10106=PLANE('',#11385);
#10107=PLANE('',#11386);
#10108=PLANE('',#11387);
#10109=PLANE('',#11388);
#10110=PLANE('',#11389);
#10111=PLANE('',#11390);
#10112=PLANE('',#11391);
#10113=PLANE('',#11392);
#10114=PLANE('',#11393);
#10115=PLANE('',#11394);
#10116=PLANE('',#11395);
#10117=PLANE('',#11396);
#10118=PLANE('',#11397);
#10119=PLANE('',#11398);
#10120=PLANE('',#11401);
#10121=PLANE('',#11402);
#10122=PLANE('',#11403);
#10123=PLANE('',#11404);
#10124=PLANE('',#11405);
#10125=PLANE('',#11406);
#10126=PLANE('',#11407);
#10127=PLANE('',#11408);
#10128=PLANE('',#11409);
#10129=PLANE('',#11410);
#10130=PLANE('',#11413);
#10131=PLANE('',#11414);
#10132=PLANE('',#11415);
#10133=PLANE('',#11416);
#10134=PLANE('',#11427);
#10135=PLANE('',#11428);
#10136=PLANE('',#11429);
#10137=PLANE('',#11430);
#10138=PLANE('',#11431);
#10139=PLANE('',#11432);
#10140=PLANE('',#11433);
#10141=PLANE('',#11434);
#10142=PLANE('',#11435);
#10143=PLANE('',#11436);
#10144=PLANE('',#11439);
#10145=PLANE('',#11440);
#10146=PLANE('',#11441);
#10147=PLANE('',#11442);
#10148=PLANE('',#11443);
#10149=PLANE('',#11444);
#10150=PLANE('',#11445);
#10151=PLANE('',#11446);
#10152=PLANE('',#11447);
#10153=PLANE('',#11448);
#10154=PLANE('',#11451);
#10155=PLANE('',#11452);
#10156=PLANE('',#11453);
#10157=PLANE('',#11454);
#10158=PLANE('',#11465);
#10159=PLANE('',#11466);
#10160=PLANE('',#11467);
#10161=PLANE('',#11468);
#10162=PLANE('',#11469);
#10163=PLANE('',#11470);
#10164=PLANE('',#11471);
#10165=PLANE('',#11472);
#10166=PLANE('',#11473);
#10167=PLANE('',#11474);
#10168=PLANE('',#11477);
#10169=PLANE('',#11478);
#10170=PLANE('',#11479);
#10171=PLANE('',#11480);
#10172=PLANE('',#11481);
#10173=PLANE('',#11482);
#10174=PLANE('',#11483);
#10175=PLANE('',#11484);
#10176=PLANE('',#11485);
#10177=PLANE('',#11486);
#10178=PLANE('',#11489);
#10179=PLANE('',#11490);
#10180=PLANE('',#11491);
#10181=PLANE('',#11492);
#10182=PLANE('',#11503);
#10183=PLANE('',#11504);
#10184=PLANE('',#11505);
#10185=PLANE('',#11506);
#10186=PLANE('',#11507);
#10187=PLANE('',#11508);
#10188=PLANE('',#11509);
#10189=PLANE('',#11510);
#10190=PLANE('',#11511);
#10191=PLANE('',#11512);
#10192=PLANE('',#11513);
#10193=PLANE('',#11514);
#10194=PLANE('',#11515);
#10195=PLANE('',#11516);
#10196=PLANE('',#11517);
#10197=PLANE('',#11518);
#10198=PLANE('',#11519);
#10199=PLANE('',#11520);
#10200=PLANE('',#11521);
#10201=PLANE('',#11522);
#10202=PLANE('',#11525);
#10203=PLANE('',#11526);
#10204=PLANE('',#11527);
#10205=PLANE('',#11528);
#10206=PLANE('',#11529);
#10207=PLANE('',#11530);
#10208=PLANE('',#11531);
#10209=PLANE('',#11532);
#10210=PLANE('',#11533);
#10211=PLANE('',#11534);
#10212=PLANE('',#11537);
#10213=PLANE('',#11538);
#10214=PLANE('',#11539);
#10215=PLANE('',#11540);
#10216=PLANE('',#11551);
#10217=PLANE('',#11552);
#10218=PLANE('',#11553);
#10219=PLANE('',#11554);
#10220=PLANE('',#11555);
#10221=PLANE('',#11556);
#10222=PLANE('',#11557);
#10223=PLANE('',#11558);
#10224=PLANE('',#11559);
#10225=PLANE('',#11560);
#10226=PLANE('',#11563);
#10227=PLANE('',#11564);
#10228=PLANE('',#11565);
#10229=PLANE('',#11566);
#10230=PLANE('',#11567);
#10231=PLANE('',#11568);
#10232=PLANE('',#11569);
#10233=PLANE('',#11570);
#10234=PLANE('',#11571);
#10235=PLANE('',#11572);
#10236=PLANE('',#11575);
#10237=PLANE('',#11576);
#10238=PLANE('',#11577);
#10239=PLANE('',#11578);
#10240=PLANE('',#11589);
#10241=PLANE('',#11590);
#10242=PLANE('',#11591);
#10243=PLANE('',#11592);
#10244=PLANE('',#11593);
#10245=PLANE('',#11594);
#10246=PLANE('',#11595);
#10247=PLANE('',#11596);
#10248=PLANE('',#11597);
#10249=PLANE('',#11598);
#10250=PLANE('',#11601);
#10251=PLANE('',#11602);
#10252=PLANE('',#11603);
#10253=PLANE('',#11604);
#10254=PLANE('',#11605);
#10255=PLANE('',#11606);
#10256=PLANE('',#11607);
#10257=PLANE('',#11608);
#10258=PLANE('',#11609);
#10259=PLANE('',#11610);
#10260=PLANE('',#11613);
#10261=PLANE('',#11614);
#10262=PLANE('',#11615);
#10263=PLANE('',#11616);
#10264=PLANE('',#11627);
#10265=PLANE('',#11628);
#10266=PLANE('',#11629);
#10267=PLANE('',#11630);
#10268=PLANE('',#11631);
#10269=PLANE('',#11632);
#10270=PLANE('',#11633);
#10271=PLANE('',#11634);
#10272=PLANE('',#11635);
#10273=ADVANCED_FACE('',(#313,#277,#278,#279),#9781,.T.);
#10274=ADVANCED_FACE('',(#314,#280,#281,#282),#9782,.F.);
#10275=ADVANCED_FACE('',(#315),#9783,.T.);
#10276=ADVANCED_FACE('',(#316),#9784,.T.);
#10277=ADVANCED_FACE('',(#317),#9785,.T.);
#10278=ADVANCED_FACE('',(#318),#9786,.T.);
#10279=ADVANCED_FACE('',(#319),#9787,.T.);
#10280=ADVANCED_FACE('',(#320),#9788,.T.);
#10281=ADVANCED_FACE('',(#321),#9789,.T.);
#10282=ADVANCED_FACE('',(#322),#9790,.T.);
#10283=ADVANCED_FACE('',(#323),#9791,.T.);
#10284=ADVANCED_FACE('',(#324),#9792,.T.);
#10285=ADVANCED_FACE('',(#325),#9793,.T.);
#10286=ADVANCED_FACE('',(#326),#9794,.T.);
#10287=ADVANCED_FACE('',(#327),#9795,.T.);
#10288=ADVANCED_FACE('',(#328),#9796,.T.);
#10289=ADVANCED_FACE('',(#329),#9797,.T.);
#10290=ADVANCED_FACE('',(#330),#9798,.T.);
#10291=ADVANCED_FACE('',(#331),#9799,.T.);
#10292=ADVANCED_FACE('',(#332),#9800,.T.);
#10293=ADVANCED_FACE('',(#333),#9801,.T.);
#10294=ADVANCED_FACE('',(#334),#9802,.T.);
#10295=ADVANCED_FACE('',(#335),#9803,.T.);
#10296=ADVANCED_FACE('',(#336),#9804,.T.);
#10297=ADVANCED_FACE('',(#337),#9805,.T.);
#10298=ADVANCED_FACE('',(#338),#61,.T.);
#10299=ADVANCED_FACE('',(#339),#62,.F.);
#10300=ADVANCED_FACE('',(#340),#25,.F.);
#10301=ADVANCED_FACE('',(#341),#63,.F.);
#10302=ADVANCED_FACE('',(#342),#64,.T.);
#10303=ADVANCED_FACE('',(#343),#26,.T.);
#10304=ADVANCED_FACE('',(#344),#9806,.T.);
#10305=ADVANCED_FACE('',(#345),#9807,.T.);
#10306=ADVANCED_FACE('',(#346),#9808,.T.);
#10307=ADVANCED_FACE('',(#347),#9809,.T.);
#10308=ADVANCED_FACE('',(#348),#9810,.T.);
#10309=ADVANCED_FACE('',(#349),#9811,.T.);
#10310=ADVANCED_FACE('',(#350),#9812,.T.);
#10311=ADVANCED_FACE('',(#351),#9813,.T.);
#10312=ADVANCED_FACE('',(#352),#9814,.F.);
#10313=ADVANCED_FACE('',(#353),#9815,.T.);
#10314=ADVANCED_FACE('',(#354),#9816,.T.);
#10315=ADVANCED_FACE('',(#355),#9817,.T.);
#10316=ADVANCED_FACE('',(#356),#9818,.T.);
#10317=ADVANCED_FACE('',(#357),#9819,.T.);
#10318=ADVANCED_FACE('',(#358),#9820,.T.);
#10319=ADVANCED_FACE('',(#359),#9821,.T.);
#10320=ADVANCED_FACE('',(#360),#9822,.T.);
#10321=ADVANCED_FACE('',(#361),#9823,.T.);
#10322=ADVANCED_FACE('',(#362),#9824,.T.);
#10323=ADVANCED_FACE('',(#363),#9825,.T.);
#10324=ADVANCED_FACE('',(#364),#9826,.T.);
#10325=ADVANCED_FACE('',(#365),#9827,.T.);
#10326=ADVANCED_FACE('',(#366),#9828,.T.);
#10327=ADVANCED_FACE('',(#367),#9829,.T.);
#10328=ADVANCED_FACE('',(#368),#65,.F.);
#10329=ADVANCED_FACE('',(#369),#27,.F.);
#10330=ADVANCED_FACE('',(#370),#66,.F.);
#10331=ADVANCED_FACE('',(#371),#67,.T.);
#10332=ADVANCED_FACE('',(#372),#28,.T.);
#10333=ADVANCED_FACE('',(#373),#68,.T.);
#10334=ADVANCED_FACE('',(#374),#9830,.T.);
#10335=ADVANCED_FACE('',(#375),#9831,.T.);
#10336=ADVANCED_FACE('',(#376),#9832,.T.);
#10337=ADVANCED_FACE('',(#377),#9833,.T.);
#10338=ADVANCED_FACE('',(#378),#9834,.T.);
#10339=ADVANCED_FACE('',(#379),#9835,.T.);
#10340=ADVANCED_FACE('',(#380),#9836,.T.);
#10341=ADVANCED_FACE('',(#381),#9837,.T.);
#10342=ADVANCED_FACE('',(#382),#9838,.F.);
#10343=ADVANCED_FACE('',(#383),#9839,.T.);
#10344=ADVANCED_FACE('',(#384),#9840,.T.);
#10345=ADVANCED_FACE('',(#385),#9841,.T.);
#10346=ADVANCED_FACE('',(#386),#9842,.T.);
#10347=ADVANCED_FACE('',(#387),#9843,.T.);
#10348=ADVANCED_FACE('',(#388),#9844,.T.);
#10349=ADVANCED_FACE('',(#389),#9845,.T.);
#10350=ADVANCED_FACE('',(#390),#9846,.T.);
#10351=ADVANCED_FACE('',(#391),#9847,.T.);
#10352=ADVANCED_FACE('',(#392),#9848,.T.);
#10353=ADVANCED_FACE('',(#393),#9849,.T.);
#10354=ADVANCED_FACE('',(#394),#9850,.T.);
#10355=ADVANCED_FACE('',(#395),#9851,.T.);
#10356=ADVANCED_FACE('',(#396),#9852,.T.);
#10357=ADVANCED_FACE('',(#397),#9853,.T.);
#10358=ADVANCED_FACE('',(#398),#69,.T.);
#10359=ADVANCED_FACE('',(#399),#70,.F.);
#10360=ADVANCED_FACE('',(#400),#29,.F.);
#10361=ADVANCED_FACE('',(#401),#71,.F.);
#10362=ADVANCED_FACE('',(#402),#72,.T.);
#10363=ADVANCED_FACE('',(#403),#30,.T.);
#10364=ADVANCED_FACE('',(#404),#9854,.T.);
#10365=ADVANCED_FACE('',(#405),#9855,.T.);
#10366=ADVANCED_FACE('',(#406),#9856,.T.);
#10367=ADVANCED_FACE('',(#407),#9857,.T.);
#10368=ADVANCED_FACE('',(#408),#9858,.T.);
#10369=ADVANCED_FACE('',(#409),#9859,.T.);
#10370=ADVANCED_FACE('',(#410),#9860,.T.);
#10371=ADVANCED_FACE('',(#411),#9861,.T.);
#10372=ADVANCED_FACE('',(#412),#9862,.F.);
#10373=ADVANCED_FACE('',(#413,#283,#284,#285),#9863,.T.);
#10374=ADVANCED_FACE('',(#414,#286,#287,#288),#9864,.F.);
#10375=ADVANCED_FACE('',(#415),#9865,.T.);
#10376=ADVANCED_FACE('',(#416),#9866,.T.);
#10377=ADVANCED_FACE('',(#417),#9867,.T.);
#10378=ADVANCED_FACE('',(#418),#9868,.T.);
#10379=ADVANCED_FACE('',(#419),#9869,.T.);
#10380=ADVANCED_FACE('',(#420),#9870,.T.);
#10381=ADVANCED_FACE('',(#421),#9871,.T.);
#10382=ADVANCED_FACE('',(#422),#9872,.T.);
#10383=ADVANCED_FACE('',(#423),#9873,.T.);
#10384=ADVANCED_FACE('',(#424),#9874,.T.);
#10385=ADVANCED_FACE('',(#425),#9875,.T.);
#10386=ADVANCED_FACE('',(#426),#9876,.T.);
#10387=ADVANCED_FACE('',(#427),#9877,.T.);
#10388=ADVANCED_FACE('',(#428),#9878,.T.);
#10389=ADVANCED_FACE('',(#429),#9879,.T.);
#10390=ADVANCED_FACE('',(#430),#9880,.T.);
#10391=ADVANCED_FACE('',(#431),#9881,.T.);
#10392=ADVANCED_FACE('',(#432),#9882,.T.);
#10393=ADVANCED_FACE('',(#433),#9883,.T.);
#10394=ADVANCED_FACE('',(#434),#9884,.T.);
#10395=ADVANCED_FACE('',(#435),#9885,.T.);
#10396=ADVANCED_FACE('',(#436),#9886,.T.);
#10397=ADVANCED_FACE('',(#437),#9887,.T.);
#10398=ADVANCED_FACE('',(#438),#73,.T.);
#10399=ADVANCED_FACE('',(#439),#74,.F.);
#10400=ADVANCED_FACE('',(#440),#31,.F.);
#10401=ADVANCED_FACE('',(#441),#75,.F.);
#10402=ADVANCED_FACE('',(#442),#76,.T.);
#10403=ADVANCED_FACE('',(#443),#32,.T.);
#10404=ADVANCED_FACE('',(#444),#9888,.T.);
#10405=ADVANCED_FACE('',(#445),#9889,.T.);
#10406=ADVANCED_FACE('',(#446),#9890,.T.);
#10407=ADVANCED_FACE('',(#447),#9891,.T.);
#10408=ADVANCED_FACE('',(#448),#9892,.T.);
#10409=ADVANCED_FACE('',(#449),#9893,.T.);
#10410=ADVANCED_FACE('',(#450),#9894,.T.);
#10411=ADVANCED_FACE('',(#451),#9895,.T.);
#10412=ADVANCED_FACE('',(#452),#9896,.F.);
#10413=ADVANCED_FACE('',(#453),#9897,.T.);
#10414=ADVANCED_FACE('',(#454),#9898,.T.);
#10415=ADVANCED_FACE('',(#455),#9899,.T.);
#10416=ADVANCED_FACE('',(#456),#9900,.T.);
#10417=ADVANCED_FACE('',(#457),#9901,.T.);
#10418=ADVANCED_FACE('',(#458),#9902,.T.);
#10419=ADVANCED_FACE('',(#459),#9903,.T.);
#10420=ADVANCED_FACE('',(#460),#9904,.T.);
#10421=ADVANCED_FACE('',(#461),#9905,.T.);
#10422=ADVANCED_FACE('',(#462),#9906,.T.);
#10423=ADVANCED_FACE('',(#463),#9907,.T.);
#10424=ADVANCED_FACE('',(#464),#9908,.T.);
#10425=ADVANCED_FACE('',(#465),#9909,.T.);
#10426=ADVANCED_FACE('',(#466),#9910,.T.);
#10427=ADVANCED_FACE('',(#467),#9911,.T.);
#10428=ADVANCED_FACE('',(#468),#77,.F.);
#10429=ADVANCED_FACE('',(#469),#33,.F.);
#10430=ADVANCED_FACE('',(#470),#78,.F.);
#10431=ADVANCED_FACE('',(#471),#79,.T.);
#10432=ADVANCED_FACE('',(#472),#34,.T.);
#10433=ADVANCED_FACE('',(#473),#80,.T.);
#10434=ADVANCED_FACE('',(#474),#9912,.T.);
#10435=ADVANCED_FACE('',(#475),#9913,.T.);
#10436=ADVANCED_FACE('',(#476),#9914,.T.);
#10437=ADVANCED_FACE('',(#477),#9915,.T.);
#10438=ADVANCED_FACE('',(#478),#9916,.T.);
#10439=ADVANCED_FACE('',(#479),#9917,.T.);
#10440=ADVANCED_FACE('',(#480),#9918,.T.);
#10441=ADVANCED_FACE('',(#481),#9919,.T.);
#10442=ADVANCED_FACE('',(#482),#9920,.F.);
#10443=ADVANCED_FACE('',(#483),#9921,.T.);
#10444=ADVANCED_FACE('',(#484),#9922,.T.);
#10445=ADVANCED_FACE('',(#485),#9923,.T.);
#10446=ADVANCED_FACE('',(#486),#9924,.T.);
#10447=ADVANCED_FACE('',(#487),#9925,.T.);
#10448=ADVANCED_FACE('',(#488),#9926,.T.);
#10449=ADVANCED_FACE('',(#489),#9927,.T.);
#10450=ADVANCED_FACE('',(#490),#9928,.T.);
#10451=ADVANCED_FACE('',(#491),#9929,.T.);
#10452=ADVANCED_FACE('',(#492),#9930,.T.);
#10453=ADVANCED_FACE('',(#493),#9931,.T.);
#10454=ADVANCED_FACE('',(#494),#9932,.T.);
#10455=ADVANCED_FACE('',(#495),#9933,.T.);
#10456=ADVANCED_FACE('',(#496),#9934,.T.);
#10457=ADVANCED_FACE('',(#497),#9935,.T.);
#10458=ADVANCED_FACE('',(#498),#81,.T.);
#10459=ADVANCED_FACE('',(#499),#82,.F.);
#10460=ADVANCED_FACE('',(#500),#35,.F.);
#10461=ADVANCED_FACE('',(#501),#83,.F.);
#10462=ADVANCED_FACE('',(#502),#84,.T.);
#10463=ADVANCED_FACE('',(#503),#36,.T.);
#10464=ADVANCED_FACE('',(#504),#9936,.T.);
#10465=ADVANCED_FACE('',(#505),#9937,.T.);
#10466=ADVANCED_FACE('',(#506),#9938,.T.);
#10467=ADVANCED_FACE('',(#507),#9939,.T.);
#10468=ADVANCED_FACE('',(#508),#9940,.T.);
#10469=ADVANCED_FACE('',(#509),#9941,.T.);
#10470=ADVANCED_FACE('',(#510),#9942,.T.);
#10471=ADVANCED_FACE('',(#511),#9943,.T.);
#10472=ADVANCED_FACE('',(#512),#9944,.F.);
#10473=ADVANCED_FACE('',(#513,#289,#290,#291),#9945,.T.);
#10474=ADVANCED_FACE('',(#514,#292,#293,#294),#9946,.F.);
#10475=ADVANCED_FACE('',(#515),#9947,.T.);
#10476=ADVANCED_FACE('',(#516),#9948,.T.);
#10477=ADVANCED_FACE('',(#517),#9949,.T.);
#10478=ADVANCED_FACE('',(#518),#9950,.T.);
#10479=ADVANCED_FACE('',(#519),#9951,.T.);
#10480=ADVANCED_FACE('',(#520),#9952,.T.);
#10481=ADVANCED_FACE('',(#521),#9953,.T.);
#10482=ADVANCED_FACE('',(#522),#9954,.T.);
#10483=ADVANCED_FACE('',(#523),#9955,.T.);
#10484=ADVANCED_FACE('',(#524),#9956,.T.);
#10485=ADVANCED_FACE('',(#525),#9957,.T.);
#10486=ADVANCED_FACE('',(#526),#9958,.T.);
#10487=ADVANCED_FACE('',(#527),#9959,.T.);
#10488=ADVANCED_FACE('',(#528),#9960,.T.);
#10489=ADVANCED_FACE('',(#529),#9961,.T.);
#10490=ADVANCED_FACE('',(#530),#9962,.T.);
#10491=ADVANCED_FACE('',(#531),#9963,.T.);
#10492=ADVANCED_FACE('',(#532),#9964,.T.);
#10493=ADVANCED_FACE('',(#533),#9965,.T.);
#10494=ADVANCED_FACE('',(#534),#9966,.T.);
#10495=ADVANCED_FACE('',(#535),#9967,.T.);
#10496=ADVANCED_FACE('',(#536),#9968,.T.);
#10497=ADVANCED_FACE('',(#537),#9969,.T.);
#10498=ADVANCED_FACE('',(#538),#85,.T.);
#10499=ADVANCED_FACE('',(#539),#86,.F.);
#10500=ADVANCED_FACE('',(#540),#37,.F.);
#10501=ADVANCED_FACE('',(#541),#87,.F.);
#10502=ADVANCED_FACE('',(#542),#88,.T.);
#10503=ADVANCED_FACE('',(#543),#38,.T.);
#10504=ADVANCED_FACE('',(#544),#9970,.T.);
#10505=ADVANCED_FACE('',(#545),#9971,.T.);
#10506=ADVANCED_FACE('',(#546),#9972,.T.);
#10507=ADVANCED_FACE('',(#547),#9973,.T.);
#10508=ADVANCED_FACE('',(#548),#9974,.T.);
#10509=ADVANCED_FACE('',(#549),#9975,.T.);
#10510=ADVANCED_FACE('',(#550),#9976,.T.);
#10511=ADVANCED_FACE('',(#551),#9977,.T.);
#10512=ADVANCED_FACE('',(#552),#9978,.F.);
#10513=ADVANCED_FACE('',(#553),#9979,.T.);
#10514=ADVANCED_FACE('',(#554),#9980,.T.);
#10515=ADVANCED_FACE('',(#555),#9981,.T.);
#10516=ADVANCED_FACE('',(#556),#9982,.T.);
#10517=ADVANCED_FACE('',(#557),#9983,.T.);
#10518=ADVANCED_FACE('',(#558),#9984,.T.);
#10519=ADVANCED_FACE('',(#559),#9985,.T.);
#10520=ADVANCED_FACE('',(#560),#9986,.T.);
#10521=ADVANCED_FACE('',(#561),#9987,.T.);
#10522=ADVANCED_FACE('',(#562),#9988,.T.);
#10523=ADVANCED_FACE('',(#563),#9989,.T.);
#10524=ADVANCED_FACE('',(#564),#9990,.T.);
#10525=ADVANCED_FACE('',(#565),#9991,.T.);
#10526=ADVANCED_FACE('',(#566),#9992,.T.);
#10527=ADVANCED_FACE('',(#567),#9993,.T.);
#10528=ADVANCED_FACE('',(#568),#89,.F.);
#10529=ADVANCED_FACE('',(#569),#39,.F.);
#10530=ADVANCED_FACE('',(#570),#90,.F.);
#10531=ADVANCED_FACE('',(#571),#91,.T.);
#10532=ADVANCED_FACE('',(#572),#40,.T.);
#10533=ADVANCED_FACE('',(#573),#92,.T.);
#10534=ADVANCED_FACE('',(#574),#9994,.T.);
#10535=ADVANCED_FACE('',(#575),#9995,.T.);
#10536=ADVANCED_FACE('',(#576),#9996,.T.);
#10537=ADVANCED_FACE('',(#577),#9997,.T.);
#10538=ADVANCED_FACE('',(#578),#9998,.T.);
#10539=ADVANCED_FACE('',(#579),#9999,.T.);
#10540=ADVANCED_FACE('',(#580),#10000,.T.);
#10541=ADVANCED_FACE('',(#581),#10001,.T.);
#10542=ADVANCED_FACE('',(#582),#10002,.F.);
#10543=ADVANCED_FACE('',(#583),#10003,.T.);
#10544=ADVANCED_FACE('',(#584),#10004,.T.);
#10545=ADVANCED_FACE('',(#585),#10005,.T.);
#10546=ADVANCED_FACE('',(#586),#10006,.T.);
#10547=ADVANCED_FACE('',(#587),#10007,.T.);
#10548=ADVANCED_FACE('',(#588),#10008,.T.);
#10549=ADVANCED_FACE('',(#589),#10009,.T.);
#10550=ADVANCED_FACE('',(#590),#10010,.T.);
#10551=ADVANCED_FACE('',(#591),#10011,.T.);
#10552=ADVANCED_FACE('',(#592),#10012,.T.);
#10553=ADVANCED_FACE('',(#593),#10013,.T.);
#10554=ADVANCED_FACE('',(#594),#10014,.T.);
#10555=ADVANCED_FACE('',(#595),#10015,.T.);
#10556=ADVANCED_FACE('',(#596),#10016,.T.);
#10557=ADVANCED_FACE('',(#597),#10017,.T.);
#10558=ADVANCED_FACE('',(#598),#93,.T.);
#10559=ADVANCED_FACE('',(#599),#94,.F.);
#10560=ADVANCED_FACE('',(#600),#41,.F.);
#10561=ADVANCED_FACE('',(#601),#95,.F.);
#10562=ADVANCED_FACE('',(#602),#96,.T.);
#10563=ADVANCED_FACE('',(#603),#42,.T.);
#10564=ADVANCED_FACE('',(#604),#10018,.T.);
#10565=ADVANCED_FACE('',(#605),#10019,.T.);
#10566=ADVANCED_FACE('',(#606),#10020,.T.);
#10567=ADVANCED_FACE('',(#607),#10021,.T.);
#10568=ADVANCED_FACE('',(#608),#10022,.T.);
#10569=ADVANCED_FACE('',(#609),#10023,.T.);
#10570=ADVANCED_FACE('',(#610),#10024,.T.);
#10571=ADVANCED_FACE('',(#611),#10025,.T.);
#10572=ADVANCED_FACE('',(#612),#10026,.F.);
#10573=ADVANCED_FACE('',(#613,#295,#296,#297),#10027,.T.);
#10574=ADVANCED_FACE('',(#614,#298,#299,#300),#10028,.F.);
#10575=ADVANCED_FACE('',(#615),#10029,.T.);
#10576=ADVANCED_FACE('',(#616),#10030,.T.);
#10577=ADVANCED_FACE('',(#617),#10031,.T.);
#10578=ADVANCED_FACE('',(#618),#10032,.T.);
#10579=ADVANCED_FACE('',(#619),#10033,.T.);
#10580=ADVANCED_FACE('',(#620),#10034,.T.);
#10581=ADVANCED_FACE('',(#621),#10035,.T.);
#10582=ADVANCED_FACE('',(#622),#10036,.T.);
#10583=ADVANCED_FACE('',(#623),#10037,.T.);
#10584=ADVANCED_FACE('',(#624),#10038,.T.);
#10585=ADVANCED_FACE('',(#625),#10039,.T.);
#10586=ADVANCED_FACE('',(#626),#10040,.T.);
#10587=ADVANCED_FACE('',(#627),#10041,.T.);
#10588=ADVANCED_FACE('',(#628),#10042,.T.);
#10589=ADVANCED_FACE('',(#629),#10043,.T.);
#10590=ADVANCED_FACE('',(#630),#10044,.T.);
#10591=ADVANCED_FACE('',(#631),#10045,.T.);
#10592=ADVANCED_FACE('',(#632),#10046,.T.);
#10593=ADVANCED_FACE('',(#633),#10047,.T.);
#10594=ADVANCED_FACE('',(#634),#10048,.T.);
#10595=ADVANCED_FACE('',(#635),#10049,.T.);
#10596=ADVANCED_FACE('',(#636),#10050,.T.);
#10597=ADVANCED_FACE('',(#637),#10051,.T.);
#10598=ADVANCED_FACE('',(#638),#97,.T.);
#10599=ADVANCED_FACE('',(#639),#98,.F.);
#10600=ADVANCED_FACE('',(#640),#43,.F.);
#10601=ADVANCED_FACE('',(#641),#99,.F.);
#10602=ADVANCED_FACE('',(#642),#100,.T.);
#10603=ADVANCED_FACE('',(#643),#44,.T.);
#10604=ADVANCED_FACE('',(#644),#10052,.T.);
#10605=ADVANCED_FACE('',(#645),#10053,.T.);
#10606=ADVANCED_FACE('',(#646),#10054,.T.);
#10607=ADVANCED_FACE('',(#647),#10055,.T.);
#10608=ADVANCED_FACE('',(#648),#10056,.T.);
#10609=ADVANCED_FACE('',(#649),#10057,.T.);
#10610=ADVANCED_FACE('',(#650),#10058,.T.);
#10611=ADVANCED_FACE('',(#651),#10059,.T.);
#10612=ADVANCED_FACE('',(#652),#10060,.F.);
#10613=ADVANCED_FACE('',(#653),#10061,.T.);
#10614=ADVANCED_FACE('',(#654),#10062,.T.);
#10615=ADVANCED_FACE('',(#655),#10063,.T.);
#10616=ADVANCED_FACE('',(#656),#10064,.T.);
#10617=ADVANCED_FACE('',(#657),#10065,.T.);
#10618=ADVANCED_FACE('',(#658),#10066,.T.);
#10619=ADVANCED_FACE('',(#659),#10067,.T.);
#10620=ADVANCED_FACE('',(#660),#10068,.T.);
#10621=ADVANCED_FACE('',(#661),#10069,.T.);
#10622=ADVANCED_FACE('',(#662),#10070,.T.);
#10623=ADVANCED_FACE('',(#663),#10071,.T.);
#10624=ADVANCED_FACE('',(#664),#10072,.T.);
#10625=ADVANCED_FACE('',(#665),#10073,.T.);
#10626=ADVANCED_FACE('',(#666),#10074,.T.);
#10627=ADVANCED_FACE('',(#667),#10075,.T.);
#10628=ADVANCED_FACE('',(#668),#101,.F.);
#10629=ADVANCED_FACE('',(#669),#45,.F.);
#10630=ADVANCED_FACE('',(#670),#102,.F.);
#10631=ADVANCED_FACE('',(#671),#103,.T.);
#10632=ADVANCED_FACE('',(#672),#46,.T.);
#10633=ADVANCED_FACE('',(#673),#104,.T.);
#10634=ADVANCED_FACE('',(#674),#10076,.T.);
#10635=ADVANCED_FACE('',(#675),#10077,.T.);
#10636=ADVANCED_FACE('',(#676),#10078,.T.);
#10637=ADVANCED_FACE('',(#677),#10079,.T.);
#10638=ADVANCED_FACE('',(#678),#10080,.T.);
#10639=ADVANCED_FACE('',(#679),#10081,.T.);
#10640=ADVANCED_FACE('',(#680),#10082,.T.);
#10641=ADVANCED_FACE('',(#681),#10083,.T.);
#10642=ADVANCED_FACE('',(#682),#10084,.F.);
#10643=ADVANCED_FACE('',(#683),#10085,.T.);
#10644=ADVANCED_FACE('',(#684),#10086,.T.);
#10645=ADVANCED_FACE('',(#685),#10087,.T.);
#10646=ADVANCED_FACE('',(#686),#10088,.T.);
#10647=ADVANCED_FACE('',(#687),#10089,.T.);
#10648=ADVANCED_FACE('',(#688),#10090,.T.);
#10649=ADVANCED_FACE('',(#689),#10091,.T.);
#10650=ADVANCED_FACE('',(#690),#10092,.T.);
#10651=ADVANCED_FACE('',(#691),#10093,.T.);
#10652=ADVANCED_FACE('',(#692),#10094,.T.);
#10653=ADVANCED_FACE('',(#693),#10095,.T.);
#10654=ADVANCED_FACE('',(#694),#10096,.T.);
#10655=ADVANCED_FACE('',(#695),#10097,.T.);
#10656=ADVANCED_FACE('',(#696),#10098,.T.);
#10657=ADVANCED_FACE('',(#697),#10099,.T.);
#10658=ADVANCED_FACE('',(#698),#105,.T.);
#10659=ADVANCED_FACE('',(#699),#106,.F.);
#10660=ADVANCED_FACE('',(#700),#47,.F.);
#10661=ADVANCED_FACE('',(#701),#107,.F.);
#10662=ADVANCED_FACE('',(#702),#108,.T.);
#10663=ADVANCED_FACE('',(#703),#48,.T.);
#10664=ADVANCED_FACE('',(#704),#10100,.T.);
#10665=ADVANCED_FACE('',(#705),#10101,.T.);
#10666=ADVANCED_FACE('',(#706),#10102,.T.);
#10667=ADVANCED_FACE('',(#707),#10103,.T.);
#10668=ADVANCED_FACE('',(#708),#10104,.T.);
#10669=ADVANCED_FACE('',(#709),#10105,.T.);
#10670=ADVANCED_FACE('',(#710),#10106,.T.);
#10671=ADVANCED_FACE('',(#711),#10107,.T.);
#10672=ADVANCED_FACE('',(#712),#10108,.F.);
#10673=ADVANCED_FACE('',(#713,#301,#302,#303),#10109,.T.);
#10674=ADVANCED_FACE('',(#714,#304,#305,#306),#10110,.F.);
#10675=ADVANCED_FACE('',(#715),#10111,.T.);
#10676=ADVANCED_FACE('',(#716),#10112,.T.);
#10677=ADVANCED_FACE('',(#717),#10113,.T.);
#10678=ADVANCED_FACE('',(#718),#10114,.T.);
#10679=ADVANCED_FACE('',(#719),#10115,.T.);
#10680=ADVANCED_FACE('',(#720),#10116,.T.);
#10681=ADVANCED_FACE('',(#721),#10117,.T.);
#10682=ADVANCED_FACE('',(#722),#10118,.T.);
#10683=ADVANCED_FACE('',(#723),#10119,.T.);
#10684=ADVANCED_FACE('',(#724),#10120,.T.);
#10685=ADVANCED_FACE('',(#725),#10121,.T.);
#10686=ADVANCED_FACE('',(#726),#10122,.T.);
#10687=ADVANCED_FACE('',(#727),#10123,.T.);
#10688=ADVANCED_FACE('',(#728),#10124,.T.);
#10689=ADVANCED_FACE('',(#729),#10125,.T.);
#10690=ADVANCED_FACE('',(#730),#10126,.T.);
#10691=ADVANCED_FACE('',(#731),#10127,.T.);
#10692=ADVANCED_FACE('',(#732),#10128,.T.);
#10693=ADVANCED_FACE('',(#733),#10129,.T.);
#10694=ADVANCED_FACE('',(#734),#10130,.T.);
#10695=ADVANCED_FACE('',(#735),#10131,.T.);
#10696=ADVANCED_FACE('',(#736),#10132,.T.);
#10697=ADVANCED_FACE('',(#737),#10133,.T.);
#10698=ADVANCED_FACE('',(#738),#109,.T.);
#10699=ADVANCED_FACE('',(#739),#110,.F.);
#10700=ADVANCED_FACE('',(#740),#49,.F.);
#10701=ADVANCED_FACE('',(#741),#111,.F.);
#10702=ADVANCED_FACE('',(#742),#112,.T.);
#10703=ADVANCED_FACE('',(#743),#50,.T.);
#10704=ADVANCED_FACE('',(#744),#10134,.T.);
#10705=ADVANCED_FACE('',(#745),#10135,.T.);
#10706=ADVANCED_FACE('',(#746),#10136,.T.);
#10707=ADVANCED_FACE('',(#747),#10137,.T.);
#10708=ADVANCED_FACE('',(#748),#10138,.T.);
#10709=ADVANCED_FACE('',(#749),#10139,.T.);
#10710=ADVANCED_FACE('',(#750),#10140,.T.);
#10711=ADVANCED_FACE('',(#751),#10141,.T.);
#10712=ADVANCED_FACE('',(#752),#10142,.F.);
#10713=ADVANCED_FACE('',(#753),#10143,.T.);
#10714=ADVANCED_FACE('',(#754),#10144,.T.);
#10715=ADVANCED_FACE('',(#755),#10145,.T.);
#10716=ADVANCED_FACE('',(#756),#10146,.T.);
#10717=ADVANCED_FACE('',(#757),#10147,.T.);
#10718=ADVANCED_FACE('',(#758),#10148,.T.);
#10719=ADVANCED_FACE('',(#759),#10149,.T.);
#10720=ADVANCED_FACE('',(#760),#10150,.T.);
#10721=ADVANCED_FACE('',(#761),#10151,.T.);
#10722=ADVANCED_FACE('',(#762),#10152,.T.);
#10723=ADVANCED_FACE('',(#763),#10153,.T.);
#10724=ADVANCED_FACE('',(#764),#10154,.T.);
#10725=ADVANCED_FACE('',(#765),#10155,.T.);
#10726=ADVANCED_FACE('',(#766),#10156,.T.);
#10727=ADVANCED_FACE('',(#767),#10157,.T.);
#10728=ADVANCED_FACE('',(#768),#113,.F.);
#10729=ADVANCED_FACE('',(#769),#51,.F.);
#10730=ADVANCED_FACE('',(#770),#114,.F.);
#10731=ADVANCED_FACE('',(#771),#115,.T.);
#10732=ADVANCED_FACE('',(#772),#52,.T.);
#10733=ADVANCED_FACE('',(#773),#116,.T.);
#10734=ADVANCED_FACE('',(#774),#10158,.T.);
#10735=ADVANCED_FACE('',(#775),#10159,.T.);
#10736=ADVANCED_FACE('',(#776),#10160,.T.);
#10737=ADVANCED_FACE('',(#777),#10161,.T.);
#10738=ADVANCED_FACE('',(#778),#10162,.T.);
#10739=ADVANCED_FACE('',(#779),#10163,.T.);
#10740=ADVANCED_FACE('',(#780),#10164,.T.);
#10741=ADVANCED_FACE('',(#781),#10165,.T.);
#10742=ADVANCED_FACE('',(#782),#10166,.F.);
#10743=ADVANCED_FACE('',(#783),#10167,.T.);
#10744=ADVANCED_FACE('',(#784),#10168,.T.);
#10745=ADVANCED_FACE('',(#785),#10169,.T.);
#10746=ADVANCED_FACE('',(#786),#10170,.T.);
#10747=ADVANCED_FACE('',(#787),#10171,.T.);
#10748=ADVANCED_FACE('',(#788),#10172,.T.);
#10749=ADVANCED_FACE('',(#789),#10173,.T.);
#10750=ADVANCED_FACE('',(#790),#10174,.T.);
#10751=ADVANCED_FACE('',(#791),#10175,.T.);
#10752=ADVANCED_FACE('',(#792),#10176,.T.);
#10753=ADVANCED_FACE('',(#793),#10177,.T.);
#10754=ADVANCED_FACE('',(#794),#10178,.T.);
#10755=ADVANCED_FACE('',(#795),#10179,.T.);
#10756=ADVANCED_FACE('',(#796),#10180,.T.);
#10757=ADVANCED_FACE('',(#797),#10181,.T.);
#10758=ADVANCED_FACE('',(#798),#117,.T.);
#10759=ADVANCED_FACE('',(#799),#118,.F.);
#10760=ADVANCED_FACE('',(#800),#53,.F.);
#10761=ADVANCED_FACE('',(#801),#119,.F.);
#10762=ADVANCED_FACE('',(#802),#120,.T.);
#10763=ADVANCED_FACE('',(#803),#54,.T.);
#10764=ADVANCED_FACE('',(#804),#10182,.T.);
#10765=ADVANCED_FACE('',(#805),#10183,.T.);
#10766=ADVANCED_FACE('',(#806),#10184,.T.);
#10767=ADVANCED_FACE('',(#807),#10185,.T.);
#10768=ADVANCED_FACE('',(#808),#10186,.T.);
#10769=ADVANCED_FACE('',(#809),#10187,.T.);
#10770=ADVANCED_FACE('',(#810),#10188,.T.);
#10771=ADVANCED_FACE('',(#811),#10189,.T.);
#10772=ADVANCED_FACE('',(#812),#10190,.F.);
#10773=ADVANCED_FACE('',(#813,#307,#308,#309),#10191,.T.);
#10774=ADVANCED_FACE('',(#814,#310,#311,#312),#10192,.F.);
#10775=ADVANCED_FACE('',(#815),#10193,.T.);
#10776=ADVANCED_FACE('',(#816),#10194,.T.);
#10777=ADVANCED_FACE('',(#817),#10195,.T.);
#10778=ADVANCED_FACE('',(#818),#10196,.T.);
#10779=ADVANCED_FACE('',(#819),#10197,.T.);
#10780=ADVANCED_FACE('',(#820),#10198,.T.);
#10781=ADVANCED_FACE('',(#821),#10199,.T.);
#10782=ADVANCED_FACE('',(#822),#10200,.T.);
#10783=ADVANCED_FACE('',(#823),#10201,.T.);
#10784=ADVANCED_FACE('',(#824),#10202,.T.);
#10785=ADVANCED_FACE('',(#825),#10203,.T.);
#10786=ADVANCED_FACE('',(#826),#10204,.T.);
#10787=ADVANCED_FACE('',(#827),#10205,.T.);
#10788=ADVANCED_FACE('',(#828),#10206,.T.);
#10789=ADVANCED_FACE('',(#829),#10207,.T.);
#10790=ADVANCED_FACE('',(#830),#10208,.T.);
#10791=ADVANCED_FACE('',(#831),#10209,.T.);
#10792=ADVANCED_FACE('',(#832),#10210,.T.);
#10793=ADVANCED_FACE('',(#833),#10211,.T.);
#10794=ADVANCED_FACE('',(#834),#10212,.T.);
#10795=ADVANCED_FACE('',(#835),#10213,.T.);
#10796=ADVANCED_FACE('',(#836),#10214,.T.);
#10797=ADVANCED_FACE('',(#837),#10215,.T.);
#10798=ADVANCED_FACE('',(#838),#121,.T.);
#10799=ADVANCED_FACE('',(#839),#122,.F.);
#10800=ADVANCED_FACE('',(#840),#55,.F.);
#10801=ADVANCED_FACE('',(#841),#123,.F.);
#10802=ADVANCED_FACE('',(#842),#124,.T.);
#10803=ADVANCED_FACE('',(#843),#56,.T.);
#10804=ADVANCED_FACE('',(#844),#10216,.T.);
#10805=ADVANCED_FACE('',(#845),#10217,.T.);
#10806=ADVANCED_FACE('',(#846),#10218,.T.);
#10807=ADVANCED_FACE('',(#847),#10219,.T.);
#10808=ADVANCED_FACE('',(#848),#10220,.T.);
#10809=ADVANCED_FACE('',(#849),#10221,.T.);
#10810=ADVANCED_FACE('',(#850),#10222,.T.);
#10811=ADVANCED_FACE('',(#851),#10223,.T.);
#10812=ADVANCED_FACE('',(#852),#10224,.F.);
#10813=ADVANCED_FACE('',(#853),#10225,.T.);
#10814=ADVANCED_FACE('',(#854),#10226,.T.);
#10815=ADVANCED_FACE('',(#855),#10227,.T.);
#10816=ADVANCED_FACE('',(#856),#10228,.T.);
#10817=ADVANCED_FACE('',(#857),#10229,.T.);
#10818=ADVANCED_FACE('',(#858),#10230,.T.);
#10819=ADVANCED_FACE('',(#859),#10231,.T.);
#10820=ADVANCED_FACE('',(#860),#10232,.T.);
#10821=ADVANCED_FACE('',(#861),#10233,.T.);
#10822=ADVANCED_FACE('',(#862),#10234,.T.);
#10823=ADVANCED_FACE('',(#863),#10235,.T.);
#10824=ADVANCED_FACE('',(#864),#10236,.T.);
#10825=ADVANCED_FACE('',(#865),#10237,.T.);
#10826=ADVANCED_FACE('',(#866),#10238,.T.);
#10827=ADVANCED_FACE('',(#867),#10239,.T.);
#10828=ADVANCED_FACE('',(#868),#125,.F.);
#10829=ADVANCED_FACE('',(#869),#57,.F.);
#10830=ADVANCED_FACE('',(#870),#126,.F.);
#10831=ADVANCED_FACE('',(#871),#127,.T.);
#10832=ADVANCED_FACE('',(#872),#58,.T.);
#10833=ADVANCED_FACE('',(#873),#128,.T.);
#10834=ADVANCED_FACE('',(#874),#10240,.T.);
#10835=ADVANCED_FACE('',(#875),#10241,.T.);
#10836=ADVANCED_FACE('',(#876),#10242,.T.);
#10837=ADVANCED_FACE('',(#877),#10243,.T.);
#10838=ADVANCED_FACE('',(#878),#10244,.T.);
#10839=ADVANCED_FACE('',(#879),#10245,.T.);
#10840=ADVANCED_FACE('',(#880),#10246,.T.);
#10841=ADVANCED_FACE('',(#881),#10247,.T.);
#10842=ADVANCED_FACE('',(#882),#10248,.F.);
#10843=ADVANCED_FACE('',(#883),#10249,.T.);
#10844=ADVANCED_FACE('',(#884),#10250,.T.);
#10845=ADVANCED_FACE('',(#885),#10251,.T.);
#10846=ADVANCED_FACE('',(#886),#10252,.T.);
#10847=ADVANCED_FACE('',(#887),#10253,.T.);
#10848=ADVANCED_FACE('',(#888),#10254,.T.);
#10849=ADVANCED_FACE('',(#889),#10255,.T.);
#10850=ADVANCED_FACE('',(#890),#10256,.T.);
#10851=ADVANCED_FACE('',(#891),#10257,.T.);
#10852=ADVANCED_FACE('',(#892),#10258,.T.);
#10853=ADVANCED_FACE('',(#893),#10259,.T.);
#10854=ADVANCED_FACE('',(#894),#10260,.T.);
#10855=ADVANCED_FACE('',(#895),#10261,.T.);
#10856=ADVANCED_FACE('',(#896),#10262,.T.);
#10857=ADVANCED_FACE('',(#897),#10263,.T.);
#10858=ADVANCED_FACE('',(#898),#129,.T.);
#10859=ADVANCED_FACE('',(#899),#130,.F.);
#10860=ADVANCED_FACE('',(#900),#59,.F.);
#10861=ADVANCED_FACE('',(#901),#131,.F.);
#10862=ADVANCED_FACE('',(#902),#132,.T.);
#10863=ADVANCED_FACE('',(#903),#60,.T.);
#10864=ADVANCED_FACE('',(#904),#10264,.T.);
#10865=ADVANCED_FACE('',(#905),#10265,.T.);
#10866=ADVANCED_FACE('',(#906),#10266,.T.);
#10867=ADVANCED_FACE('',(#907),#10267,.T.);
#10868=ADVANCED_FACE('',(#908),#10268,.T.);
#10869=ADVANCED_FACE('',(#909),#10269,.T.);
#10870=ADVANCED_FACE('',(#910),#10270,.T.);
#10871=ADVANCED_FACE('',(#911),#10271,.T.);
#10872=ADVANCED_FACE('',(#912),#10272,.F.);
#10873=CLOSED_SHELL('',(#10273,#10274,#10275,#10276,#10277,#10278,#10279,
#10280,#10281,#10282,#10283,#10284,#10285,#10286,#10287,#10288,#10289,#10290,
#10291,#10292,#10293,#10294,#10295,#10296,#10297,#10298,#10299,#10300,#10301,
#10302,#10303,#10304,#10305,#10306,#10307,#10308,#10309,#10310,#10311,#10312,
#10313,#10314,#10315,#10316,#10317,#10318,#10319,#10320,#10321,#10322,#10323,
#10324,#10325,#10326,#10327,#10328,#10329,#10330,#10331,#10332,#10333,#10334,
#10335,#10336,#10337,#10338,#10339,#10340,#10341,#10342,#10343,#10344,#10345,
#10346,#10347,#10348,#10349,#10350,#10351,#10352,#10353,#10354,#10355,#10356,
#10357,#10358,#10359,#10360,#10361,#10362,#10363,#10364,#10365,#10366,#10367,
#10368,#10369,#10370,#10371,#10372));
#10874=CLOSED_SHELL('',(#10373,#10374,#10375,#10376,#10377,#10378,#10379,
#10380,#10381,#10382,#10383,#10384,#10385,#10386,#10387,#10388,#10389,#10390,
#10391,#10392,#10393,#10394,#10395,#10396,#10397,#10398,#10399,#10400,#10401,
#10402,#10403,#10404,#10405,#10406,#10407,#10408,#10409,#10410,#10411,#10412,
#10413,#10414,#10415,#10416,#10417,#10418,#10419,#10420,#10421,#10422,#10423,
#10424,#10425,#10426,#10427,#10428,#10429,#10430,#10431,#10432,#10433,#10434,
#10435,#10436,#10437,#10438,#10439,#10440,#10441,#10442,#10443,#10444,#10445,
#10446,#10447,#10448,#10449,#10450,#10451,#10452,#10453,#10454,#10455,#10456,
#10457,#10458,#10459,#10460,#10461,#10462,#10463,#10464,#10465,#10466,#10467,
#10468,#10469,#10470,#10471,#10472));
#10875=CLOSED_SHELL('',(#10473,#10474,#10475,#10476,#10477,#10478,#10479,
#10480,#10481,#10482,#10483,#10484,#10485,#10486,#10487,#10488,#10489,#10490,
#10491,#10492,#10493,#10494,#10495,#10496,#10497,#10498,#10499,#10500,#10501,
#10502,#10503,#10504,#10505,#10506,#10507,#10508,#10509,#10510,#10511,#10512,
#10513,#10514,#10515,#10516,#10517,#10518,#10519,#10520,#10521,#10522,#10523,
#10524,#10525,#10526,#10527,#10528,#10529,#10530,#10531,#10532,#10533,#10534,
#10535,#10536,#10537,#10538,#10539,#10540,#10541,#10542,#10543,#10544,#10545,
#10546,#10547,#10548,#10549,#10550,#10551,#10552,#10553,#10554,#10555,#10556,
#10557,#10558,#10559,#10560,#10561,#10562,#10563,#10564,#10565,#10566,#10567,
#10568,#10569,#10570,#10571,#10572));
#10876=CLOSED_SHELL('',(#10573,#10574,#10575,#10576,#10577,#10578,#10579,
#10580,#10581,#10582,#10583,#10584,#10585,#10586,#10587,#10588,#10589,#10590,
#10591,#10592,#10593,#10594,#10595,#10596,#10597,#10598,#10599,#10600,#10601,
#10602,#10603,#10604,#10605,#10606,#10607,#10608,#10609,#10610,#10611,#10612,
#10613,#10614,#10615,#10616,#10617,#10618,#10619,#10620,#10621,#10622,#10623,
#10624,#10625,#10626,#10627,#10628,#10629,#10630,#10631,#10632,#10633,#10634,
#10635,#10636,#10637,#10638,#10639,#10640,#10641,#10642,#10643,#10644,#10645,
#10646,#10647,#10648,#10649,#10650,#10651,#10652,#10653,#10654,#10655,#10656,
#10657,#10658,#10659,#10660,#10661,#10662,#10663,#10664,#10665,#10666,#10667,
#10668,#10669,#10670,#10671,#10672));
#10877=CLOSED_SHELL('',(#10673,#10674,#10675,#10676,#10677,#10678,#10679,
#10680,#10681,#10682,#10683,#10684,#10685,#10686,#10687,#10688,#10689,#10690,
#10691,#10692,#10693,#10694,#10695,#10696,#10697,#10698,#10699,#10700,#10701,
#10702,#10703,#10704,#10705,#10706,#10707,#10708,#10709,#10710,#10711,#10712,
#10713,#10714,#10715,#10716,#10717,#10718,#10719,#10720,#10721,#10722,#10723,
#10724,#10725,#10726,#10727,#10728,#10729,#10730,#10731,#10732,#10733,#10734,
#10735,#10736,#10737,#10738,#10739,#10740,#10741,#10742,#10743,#10744,#10745,
#10746,#10747,#10748,#10749,#10750,#10751,#10752,#10753,#10754,#10755,#10756,
#10757,#10758,#10759,#10760,#10761,#10762,#10763,#10764,#10765,#10766,#10767,
#10768,#10769,#10770,#10771,#10772));
#10878=CLOSED_SHELL('',(#10773,#10774,#10775,#10776,#10777,#10778,#10779,
#10780,#10781,#10782,#10783,#10784,#10785,#10786,#10787,#10788,#10789,#10790,
#10791,#10792,#10793,#10794,#10795,#10796,#10797,#10798,#10799,#10800,#10801,
#10802,#10803,#10804,#10805,#10806,#10807,#10808,#10809,#10810,#10811,#10812,
#10813,#10814,#10815,#10816,#10817,#10818,#10819,#10820,#10821,#10822,#10823,
#10824,#10825,#10826,#10827,#10828,#10829,#10830,#10831,#10832,#10833,#10834,
#10835,#10836,#10837,#10838,#10839,#10840,#10841,#10842,#10843,#10844,#10845,
#10846,#10847,#10848,#10849,#10850,#10851,#10852,#10853,#10854,#10855,#10856,
#10857,#10858,#10859,#10860,#10861,#10862,#10863,#10864,#10865,#10866,#10867,
#10868,#10869,#10870,#10871,#10872));
#10879=DERIVED_UNIT_ELEMENT(#10881,1.);
#10880=DERIVED_UNIT_ELEMENT(#17572,-3.);
#10881=(
MASS_UNIT()
NAMED_UNIT(*)
SI_UNIT(.KILO.,.GRAM.)
);
#10882=DERIVED_UNIT((#10879,#10880));
#10883=MEASURE_REPRESENTATION_ITEM('density measure',
POSITIVE_RATIO_MEASURE(7850.),#10882);
#10884=PROPERTY_DEFINITION_REPRESENTATION(#10889,#10886);
#10885=PROPERTY_DEFINITION_REPRESENTATION(#10890,#10887);
#10886=REPRESENTATION('material name',(#10888),#17569);
#10887=REPRESENTATION('density',(#10883),#17569);
#10888=DESCRIPTIVE_REPRESENTATION_ITEM('Steel','Steel');
#10889=PROPERTY_DEFINITION('material property','material name',#17579);
#10890=PROPERTY_DEFINITION('material property','density of part',#17579);
#10891=AXIS2_PLACEMENT_3D('',#14494,#11636,#11637);
#10892=AXIS2_PLACEMENT_3D('',#14495,#11638,#11639);
#10893=AXIS2_PLACEMENT_3D('',#14560,#11672,#11673);
#10894=AXIS2_PLACEMENT_3D('',#14625,#11706,#11707);
#10895=AXIS2_PLACEMENT_3D('',#14628,#11710,#11711);
#10896=AXIS2_PLACEMENT_3D('',#14630,#11713,#11714);
#10897=AXIS2_PLACEMENT_3D('',#14632,#11716,#11717);
#10898=AXIS2_PLACEMENT_3D('',#14634,#11719,#11720);
#10899=AXIS2_PLACEMENT_3D('',#14636,#11722,#11723);
#10900=AXIS2_PLACEMENT_3D('',#14638,#11725,#11726);
#10901=AXIS2_PLACEMENT_3D('',#14640,#11728,#11729);
#10902=AXIS2_PLACEMENT_3D('',#14641,#11730,#11731);
#10903=AXIS2_PLACEMENT_3D('',#14645,#11733,#11734);
#10904=AXIS2_PLACEMENT_3D('',#14653,#11738,#11739);
#10905=AXIS2_PLACEMENT_3D('',#14655,#11741,#11742);
#10906=AXIS2_PLACEMENT_3D('',#14661,#11746,#11747);
#10907=AXIS2_PLACEMENT_3D('',#14665,#11750,#11751);
#10908=AXIS2_PLACEMENT_3D('',#14669,#11754,#11755);
#10909=AXIS2_PLACEMENT_3D('',#14673,#11758,#11759);
#10910=AXIS2_PLACEMENT_3D('',#14677,#11762,#11763);
#10911=AXIS2_PLACEMENT_3D('',#14681,#11766,#11767);
#10912=AXIS2_PLACEMENT_3D('',#14685,#11770,#11771);
#10913=AXIS2_PLACEMENT_3D('',#14689,#11774,#11775);
#10914=AXIS2_PLACEMENT_3D('',#14693,#11778,#11779);
#10915=AXIS2_PLACEMENT_3D('',#14697,#11781,#11782);
#10916=AXIS2_PLACEMENT_3D('',#14704,#11786,#11787);
#10917=AXIS2_PLACEMENT_3D('',#14705,#11788,#11789);
#10918=AXIS2_PLACEMENT_3D('',#14707,#11791,#11792);
#10919=AXIS2_PLACEMENT_3D('',#14711,#11795,#11796);
#10920=AXIS2_PLACEMENT_3D('',#14715,#11799,#11800);
#10921=AXIS2_PLACEMENT_3D('',#14719,#11803,#11804);
#10922=AXIS2_PLACEMENT_3D('',#14722,#11806,#11807);
#10923=AXIS2_PLACEMENT_3D('',#14723,#11808,#11809);
#10924=AXIS2_PLACEMENT_3D('',#14726,#11811,#11812);
#10925=AXIS2_PLACEMENT_3D('',#14727,#11813,#11814);
#10926=AXIS2_PLACEMENT_3D('',#14730,#11816,#11817);
#10927=AXIS2_PLACEMENT_3D('',#14731,#11818,#11819);
#10928=AXIS2_PLACEMENT_3D('',#14733,#11821,#11822);
#10929=AXIS2_PLACEMENT_3D('',#14736,#11824,#11825);
#10930=AXIS2_PLACEMENT_3D('',#14737,#11826,#11827);
#10931=AXIS2_PLACEMENT_3D('',#14739,#11829,#11830);
#10932=AXIS2_PLACEMENT_3D('',#14743,#11833,#11834);
#10933=AXIS2_PLACEMENT_3D('',#14747,#11837,#11838);
#10934=AXIS2_PLACEMENT_3D('',#14751,#11841,#11842);
#10935=AXIS2_PLACEMENT_3D('',#14753,#11844,#11845);
#10936=AXIS2_PLACEMENT_3D('',#14755,#11847,#11848);
#10937=AXIS2_PLACEMENT_3D('',#14759,#11851,#11852);
#10938=AXIS2_PLACEMENT_3D('',#14761,#11854,#11855);
#10939=AXIS2_PLACEMENT_3D('',#14762,#11856,#11857);
#10940=AXIS2_PLACEMENT_3D('',#14763,#11858,#11859);
#10941=AXIS2_PLACEMENT_3D('',#14767,#11861,#11862);
#10942=AXIS2_PLACEMENT_3D('',#14775,#11866,#11867);
#10943=AXIS2_PLACEMENT_3D('',#14777,#11869,#11870);
#10944=AXIS2_PLACEMENT_3D('',#14783,#11874,#11875);
#10945=AXIS2_PLACEMENT_3D('',#14787,#11878,#11879);
#10946=AXIS2_PLACEMENT_3D('',#14791,#11882,#11883);
#10947=AXIS2_PLACEMENT_3D('',#14795,#11886,#11887);
#10948=AXIS2_PLACEMENT_3D('',#14799,#11890,#11891);
#10949=AXIS2_PLACEMENT_3D('',#14803,#11894,#11895);
#10950=AXIS2_PLACEMENT_3D('',#14807,#11898,#11899);
#10951=AXIS2_PLACEMENT_3D('',#14811,#11902,#11903);
#10952=AXIS2_PLACEMENT_3D('',#14815,#11906,#11907);
#10953=AXIS2_PLACEMENT_3D('',#14819,#11909,#11910);
#10954=AXIS2_PLACEMENT_3D('',#14826,#11914,#11915);
#10955=AXIS2_PLACEMENT_3D('',#14827,#11916,#11917);
#10956=AXIS2_PLACEMENT_3D('',#14829,#11919,#11920);
#10957=AXIS2_PLACEMENT_3D('',#14833,#11923,#11924);
#10958=AXIS2_PLACEMENT_3D('',#14837,#11927,#11928);
#10959=AXIS2_PLACEMENT_3D('',#14841,#11931,#11932);
#10960=AXIS2_PLACEMENT_3D('',#14844,#11934,#11935);
#10961=AXIS2_PLACEMENT_3D('',#14845,#11936,#11937);
#10962=AXIS2_PLACEMENT_3D('',#14848,#11939,#11940);
#10963=AXIS2_PLACEMENT_3D('',#14849,#11941,#11942);
#10964=AXIS2_PLACEMENT_3D('',#14851,#11944,#11945);
#10965=AXIS2_PLACEMENT_3D('',#14854,#11947,#11948);
#10966=AXIS2_PLACEMENT_3D('',#14855,#11949,#11950);
#10967=AXIS2_PLACEMENT_3D('',#14858,#11952,#11953);
#10968=AXIS2_PLACEMENT_3D('',#14859,#11954,#11955);
#10969=AXIS2_PLACEMENT_3D('',#14861,#11957,#11958);
#10970=AXIS2_PLACEMENT_3D('',#14865,#11961,#11962);
#10971=AXIS2_PLACEMENT_3D('',#14869,#11965,#11966);
#10972=AXIS2_PLACEMENT_3D('',#14871,#11968,#11969);
#10973=AXIS2_PLACEMENT_3D('',#14873,#11971,#11972);
#10974=AXIS2_PLACEMENT_3D('',#14877,#11975,#11976);
#10975=AXIS2_PLACEMENT_3D('',#14881,#11979,#11980);
#10976=AXIS2_PLACEMENT_3D('',#14883,#11982,#11983);
#10977=AXIS2_PLACEMENT_3D('',#14884,#11984,#11985);
#10978=AXIS2_PLACEMENT_3D('',#14885,#11986,#11987);
#10979=AXIS2_PLACEMENT_3D('',#14889,#11989,#11990);
#10980=AXIS2_PLACEMENT_3D('',#14897,#11994,#11995);
#10981=AXIS2_PLACEMENT_3D('',#14899,#11997,#11998);
#10982=AXIS2_PLACEMENT_3D('',#14905,#12002,#12003);
#10983=AXIS2_PLACEMENT_3D('',#14909,#12006,#12007);
#10984=AXIS2_PLACEMENT_3D('',#14913,#12010,#12011);
#10985=AXIS2_PLACEMENT_3D('',#14917,#12014,#12015);
#10986=AXIS2_PLACEMENT_3D('',#14921,#12018,#12019);
#10987=AXIS2_PLACEMENT_3D('',#14925,#12022,#12023);
#10988=AXIS2_PLACEMENT_3D('',#14929,#12026,#12027);
#10989=AXIS2_PLACEMENT_3D('',#14933,#12030,#12031);
#10990=AXIS2_PLACEMENT_3D('',#14937,#12034,#12035);
#10991=AXIS2_PLACEMENT_3D('',#14941,#12037,#12038);
#10992=AXIS2_PLACEMENT_3D('',#14948,#12042,#12043);
#10993=AXIS2_PLACEMENT_3D('',#14949,#12044,#12045);
#10994=AXIS2_PLACEMENT_3D('',#14951,#12047,#12048);
#10995=AXIS2_PLACEMENT_3D('',#14955,#12051,#12052);
#10996=AXIS2_PLACEMENT_3D('',#14959,#12055,#12056);
#10997=AXIS2_PLACEMENT_3D('',#14963,#12059,#12060);
#10998=AXIS2_PLACEMENT_3D('',#14966,#12062,#12063);
#10999=AXIS2_PLACEMENT_3D('',#14967,#12064,#12065);
#11000=AXIS2_PLACEMENT_3D('',#14970,#12067,#12068);
#11001=AXIS2_PLACEMENT_3D('',#14971,#12069,#12070);
#11002=AXIS2_PLACEMENT_3D('',#14974,#12072,#12073);
#11003=AXIS2_PLACEMENT_3D('',#14975,#12074,#12075);
#11004=AXIS2_PLACEMENT_3D('',#14977,#12077,#12078);
#11005=AXIS2_PLACEMENT_3D('',#14980,#12080,#12081);
#11006=AXIS2_PLACEMENT_3D('',#14981,#12082,#12083);
#11007=AXIS2_PLACEMENT_3D('',#14983,#12085,#12086);
#11008=AXIS2_PLACEMENT_3D('',#14987,#12089,#12090);
#11009=AXIS2_PLACEMENT_3D('',#14991,#12093,#12094);
#11010=AXIS2_PLACEMENT_3D('',#14995,#12097,#12098);
#11011=AXIS2_PLACEMENT_3D('',#14997,#12100,#12101);
#11012=AXIS2_PLACEMENT_3D('',#14999,#12103,#12104);
#11013=AXIS2_PLACEMENT_3D('',#15003,#12107,#12108);
#11014=AXIS2_PLACEMENT_3D('',#15005,#12110,#12111);
#11015=AXIS2_PLACEMENT_3D('',#15006,#12112,#12113);
#11016=AXIS2_PLACEMENT_3D('',#15007,#12114,#12115);
#11017=AXIS2_PLACEMENT_3D('',#15072,#12148,#12149);
#11018=AXIS2_PLACEMENT_3D('',#15137,#12182,#12183);
#11019=AXIS2_PLACEMENT_3D('',#15140,#12186,#12187);
#11020=AXIS2_PLACEMENT_3D('',#15142,#12189,#12190);
#11021=AXIS2_PLACEMENT_3D('',#15144,#12192,#12193);
#11022=AXIS2_PLACEMENT_3D('',#15146,#12195,#12196);
#11023=AXIS2_PLACEMENT_3D('',#15148,#12198,#12199);
#11024=AXIS2_PLACEMENT_3D('',#15150,#12201,#12202);
#11025=AXIS2_PLACEMENT_3D('',#15152,#12204,#12205);
#11026=AXIS2_PLACEMENT_3D('',#15153,#12206,#12207);
#11027=AXIS2_PLACEMENT_3D('',#15157,#12209,#12210);
#11028=AXIS2_PLACEMENT_3D('',#15165,#12214,#12215);
#11029=AXIS2_PLACEMENT_3D('',#15167,#12217,#12218);
#11030=AXIS2_PLACEMENT_3D('',#15173,#12222,#12223);
#11031=AXIS2_PLACEMENT_3D('',#15177,#12226,#12227);
#11032=AXIS2_PLACEMENT_3D('',#15181,#12230,#12231);
#11033=AXIS2_PLACEMENT_3D('',#15185,#12234,#12235);
#11034=AXIS2_PLACEMENT_3D('',#15189,#12238,#12239);
#11035=AXIS2_PLACEMENT_3D('',#15193,#12242,#12243);
#11036=AXIS2_PLACEMENT_3D('',#15197,#12246,#12247);
#11037=AXIS2_PLACEMENT_3D('',#15201,#12250,#12251);
#11038=AXIS2_PLACEMENT_3D('',#15205,#12254,#12255);
#11039=AXIS2_PLACEMENT_3D('',#15209,#12257,#12258);
#11040=AXIS2_PLACEMENT_3D('',#15216,#12262,#12263);
#11041=AXIS2_PLACEMENT_3D('',#15217,#12264,#12265);
#11042=AXIS2_PLACEMENT_3D('',#15219,#12267,#12268);
#11043=AXIS2_PLACEMENT_3D('',#15223,#12271,#12272);
#11044=AXIS2_PLACEMENT_3D('',#15227,#12275,#12276);
#11045=AXIS2_PLACEMENT_3D('',#15231,#12279,#12280);
#11046=AXIS2_PLACEMENT_3D('',#15234,#12282,#12283);
#11047=AXIS2_PLACEMENT_3D('',#15235,#12284,#12285);
#11048=AXIS2_PLACEMENT_3D('',#15238,#12287,#12288);
#11049=AXIS2_PLACEMENT_3D('',#15239,#12289,#12290);
#11050=AXIS2_PLACEMENT_3D('',#15242,#12292,#12293);
#11051=AXIS2_PLACEMENT_3D('',#15243,#12294,#12295);
#11052=AXIS2_PLACEMENT_3D('',#15245,#12297,#12298);
#11053=AXIS2_PLACEMENT_3D('',#15248,#12300,#12301);
#11054=AXIS2_PLACEMENT_3D('',#15249,#12302,#12303);
#11055=AXIS2_PLACEMENT_3D('',#15251,#12305,#12306);
#11056=AXIS2_PLACEMENT_3D('',#15255,#12309,#12310);
#11057=AXIS2_PLACEMENT_3D('',#15259,#12313,#12314);
#11058=AXIS2_PLACEMENT_3D('',#15263,#12317,#12318);
#11059=AXIS2_PLACEMENT_3D('',#15265,#12320,#12321);
#11060=AXIS2_PLACEMENT_3D('',#15267,#12323,#12324);
#11061=AXIS2_PLACEMENT_3D('',#15271,#12327,#12328);
#11062=AXIS2_PLACEMENT_3D('',#15273,#12330,#12331);
#11063=AXIS2_PLACEMENT_3D('',#15274,#12332,#12333);
#11064=AXIS2_PLACEMENT_3D('',#15275,#12334,#12335);
#11065=AXIS2_PLACEMENT_3D('',#15279,#12337,#12338);
#11066=AXIS2_PLACEMENT_3D('',#15287,#12342,#12343);
#11067=AXIS2_PLACEMENT_3D('',#15289,#12345,#12346);
#11068=AXIS2_PLACEMENT_3D('',#15295,#12350,#12351);
#11069=AXIS2_PLACEMENT_3D('',#15299,#12354,#12355);
#11070=AXIS2_PLACEMENT_3D('',#15303,#12358,#12359);
#11071=AXIS2_PLACEMENT_3D('',#15307,#12362,#12363);
#11072=AXIS2_PLACEMENT_3D('',#15311,#12366,#12367);
#11073=AXIS2_PLACEMENT_3D('',#15315,#12370,#12371);
#11074=AXIS2_PLACEMENT_3D('',#15319,#12374,#12375);
#11075=AXIS2_PLACEMENT_3D('',#15323,#12378,#12379);
#11076=AXIS2_PLACEMENT_3D('',#15327,#12382,#12383);
#11077=AXIS2_PLACEMENT_3D('',#15331,#12385,#12386);
#11078=AXIS2_PLACEMENT_3D('',#15338,#12390,#12391);
#11079=AXIS2_PLACEMENT_3D('',#15339,#12392,#12393);
#11080=AXIS2_PLACEMENT_3D('',#15341,#12395,#12396);
#11081=AXIS2_PLACEMENT_3D('',#15345,#12399,#12400);
#11082=AXIS2_PLACEMENT_3D('',#15349,#12403,#12404);
#11083=AXIS2_PLACEMENT_3D('',#15353,#12407,#12408);
#11084=AXIS2_PLACEMENT_3D('',#15356,#12410,#12411);
#11085=AXIS2_PLACEMENT_3D('',#15357,#12412,#12413);
#11086=AXIS2_PLACEMENT_3D('',#15360,#12415,#12416);
#11087=AXIS2_PLACEMENT_3D('',#15361,#12417,#12418);
#11088=AXIS2_PLACEMENT_3D('',#15363,#12420,#12421);
#11089=AXIS2_PLACEMENT_3D('',#15366,#12423,#12424);
#11090=AXIS2_PLACEMENT_3D('',#15367,#12425,#12426);
#11091=AXIS2_PLACEMENT_3D('',#15370,#12428,#12429);
#11092=AXIS2_PLACEMENT_3D('',#15371,#12430,#12431);
#11093=AXIS2_PLACEMENT_3D('',#15373,#12433,#12434);
#11094=AXIS2_PLACEMENT_3D('',#15377,#12437,#12438);
#11095=AXIS2_PLACEMENT_3D('',#15381,#12441,#12442);
#11096=AXIS2_PLACEMENT_3D('',#15383,#12444,#12445);
#11097=AXIS2_PLACEMENT_3D('',#15385,#12447,#12448);
#11098=AXIS2_PLACEMENT_3D('',#15389,#12451,#12452);
#11099=AXIS2_PLACEMENT_3D('',#15393,#12455,#12456);
#11100=AXIS2_PLACEMENT_3D('',#15395,#12458,#12459);
#11101=AXIS2_PLACEMENT_3D('',#15396,#12460,#12461);
#11102=AXIS2_PLACEMENT_3D('',#15397,#12462,#12463);
#11103=AXIS2_PLACEMENT_3D('',#15401,#12465,#12466);
#11104=AXIS2_PLACEMENT_3D('',#15409,#12470,#12471);
#11105=AXIS2_PLACEMENT_3D('',#15411,#12473,#12474);
#11106=AXIS2_PLACEMENT_3D('',#15417,#12478,#12479);
#11107=AXIS2_PLACEMENT_3D('',#15421,#12482,#12483);
#11108=AXIS2_PLACEMENT_3D('',#15425,#12486,#12487);
#11109=AXIS2_PLACEMENT_3D('',#15429,#12490,#12491);
#11110=AXIS2_PLACEMENT_3D('',#15433,#12494,#12495);
#11111=AXIS2_PLACEMENT_3D('',#15437,#12498,#12499);
#11112=AXIS2_PLACEMENT_3D('',#15441,#12502,#12503);
#11113=AXIS2_PLACEMENT_3D('',#15445,#12506,#12507);
#11114=AXIS2_PLACEMENT_3D('',#15449,#12510,#12511);
#11115=AXIS2_PLACEMENT_3D('',#15453,#12513,#12514);
#11116=AXIS2_PLACEMENT_3D('',#15460,#12518,#12519);
#11117=AXIS2_PLACEMENT_3D('',#15461,#12520,#12521);
#11118=AXIS2_PLACEMENT_3D('',#15463,#12523,#12524);
#11119=AXIS2_PLACEMENT_3D('',#15467,#12527,#12528);
#11120=AXIS2_PLACEMENT_3D('',#15471,#12531,#12532);
#11121=AXIS2_PLACEMENT_3D('',#15475,#12535,#12536);
#11122=AXIS2_PLACEMENT_3D('',#15478,#12538,#12539);
#11123=AXIS2_PLACEMENT_3D('',#15479,#12540,#12541);
#11124=AXIS2_PLACEMENT_3D('',#15482,#12543,#12544);
#11125=AXIS2_PLACEMENT_3D('',#15483,#12545,#12546);
#11126=AXIS2_PLACEMENT_3D('',#15486,#12548,#12549);
#11127=AXIS2_PLACEMENT_3D('',#15487,#12550,#12551);
#11128=AXIS2_PLACEMENT_3D('',#15489,#12553,#12554);
#11129=AXIS2_PLACEMENT_3D('',#15492,#12556,#12557);
#11130=AXIS2_PLACEMENT_3D('',#15493,#12558,#12559);
#11131=AXIS2_PLACEMENT_3D('',#15495,#12561,#12562);
#11132=AXIS2_PLACEMENT_3D('',#15499,#12565,#12566);
#11133=AXIS2_PLACEMENT_3D('',#15503,#12569,#12570);
#11134=AXIS2_PLACEMENT_3D('',#15507,#12573,#12574);
#11135=AXIS2_PLACEMENT_3D('',#15509,#12576,#12577);
#11136=AXIS2_PLACEMENT_3D('',#15511,#12579,#12580);
#11137=AXIS2_PLACEMENT_3D('',#15515,#12583,#12584);
#11138=AXIS2_PLACEMENT_3D('',#15517,#12586,#12587);
#11139=AXIS2_PLACEMENT_3D('',#15518,#12588,#12589);
#11140=AXIS2_PLACEMENT_3D('',#15519,#12590,#12591);
#11141=AXIS2_PLACEMENT_3D('',#15584,#12624,#12625);
#11142=AXIS2_PLACEMENT_3D('',#15649,#12658,#12659);
#11143=AXIS2_PLACEMENT_3D('',#15652,#12662,#12663);
#11144=AXIS2_PLACEMENT_3D('',#15654,#12665,#12666);
#11145=AXIS2_PLACEMENT_3D('',#15656,#12668,#12669);
#11146=AXIS2_PLACEMENT_3D('',#15658,#12671,#12672);
#11147=AXIS2_PLACEMENT_3D('',#15660,#12674,#12675);
#11148=AXIS2_PLACEMENT_3D('',#15662,#12677,#12678);
#11149=AXIS2_PLACEMENT_3D('',#15664,#12680,#12681);
#11150=AXIS2_PLACEMENT_3D('',#15665,#12682,#12683);
#11151=AXIS2_PLACEMENT_3D('',#15669,#12685,#12686);
#11152=AXIS2_PLACEMENT_3D('',#15677,#12690,#12691);
#11153=AXIS2_PLACEMENT_3D('',#15679,#12693,#12694);
#11154=AXIS2_PLACEMENT_3D('',#15685,#12698,#12699);
#11155=AXIS2_PLACEMENT_3D('',#15689,#12702,#12703);
#11156=AXIS2_PLACEMENT_3D('',#15693,#12706,#12707);
#11157=AXIS2_PLACEMENT_3D('',#15697,#12710,#12711);
#11158=AXIS2_PLACEMENT_3D('',#15701,#12714,#12715);
#11159=AXIS2_PLACEMENT_3D('',#15705,#12718,#12719);
#11160=AXIS2_PLACEMENT_3D('',#15709,#12722,#12723);
#11161=AXIS2_PLACEMENT_3D('',#15713,#12726,#12727);
#11162=AXIS2_PLACEMENT_3D('',#15717,#12730,#12731);
#11163=AXIS2_PLACEMENT_3D('',#15721,#12733,#12734);
#11164=AXIS2_PLACEMENT_3D('',#15728,#12738,#12739);
#11165=AXIS2_PLACEMENT_3D('',#15729,#12740,#12741);
#11166=AXIS2_PLACEMENT_3D('',#15731,#12743,#12744);
#11167=AXIS2_PLACEMENT_3D('',#15735,#12747,#12748);
#11168=AXIS2_PLACEMENT_3D('',#15739,#12751,#12752);
#11169=AXIS2_PLACEMENT_3D('',#15743,#12755,#12756);
#11170=AXIS2_PLACEMENT_3D('',#15746,#12758,#12759);
#11171=AXIS2_PLACEMENT_3D('',#15747,#12760,#12761);
#11172=AXIS2_PLACEMENT_3D('',#15750,#12763,#12764);
#11173=AXIS2_PLACEMENT_3D('',#15751,#12765,#12766);
#11174=AXIS2_PLACEMENT_3D('',#15754,#12768,#12769);
#11175=AXIS2_PLACEMENT_3D('',#15755,#12770,#12771);
#11176=AXIS2_PLACEMENT_3D('',#15757,#12773,#12774);
#11177=AXIS2_PLACEMENT_3D('',#15760,#12776,#12777);
#11178=AXIS2_PLACEMENT_3D('',#15761,#12778,#12779);
#11179=AXIS2_PLACEMENT_3D('',#15763,#12781,#12782);
#11180=AXIS2_PLACEMENT_3D('',#15767,#12785,#12786);
#11181=AXIS2_PLACEMENT_3D('',#15771,#12789,#12790);
#11182=AXIS2_PLACEMENT_3D('',#15775,#12793,#12794);
#11183=AXIS2_PLACEMENT_3D('',#15777,#12796,#12797);
#11184=AXIS2_PLACEMENT_3D('',#15779,#12799,#12800);
#11185=AXIS2_PLACEMENT_3D('',#15783,#12803,#12804);
#11186=AXIS2_PLACEMENT_3D('',#15785,#12806,#12807);
#11187=AXIS2_PLACEMENT_3D('',#15786,#12808,#12809);
#11188=AXIS2_PLACEMENT_3D('',#15787,#12810,#12811);
#11189=AXIS2_PLACEMENT_3D('',#15791,#12813,#12814);
#11190=AXIS2_PLACEMENT_3D('',#15799,#12818,#12819);
#11191=AXIS2_PLACEMENT_3D('',#15801,#12821,#12822);
#11192=AXIS2_PLACEMENT_3D('',#15807,#12826,#12827);
#11193=AXIS2_PLACEMENT_3D('',#15811,#12830,#12831);
#11194=AXIS2_PLACEMENT_3D('',#15815,#12834,#12835);
#11195=AXIS2_PLACEMENT_3D('',#15819,#12838,#12839);
#11196=AXIS2_PLACEMENT_3D('',#15823,#12842,#12843);
#11197=AXIS2_PLACEMENT_3D('',#15827,#12846,#12847);
#11198=AXIS2_PLACEMENT_3D('',#15831,#12850,#12851);
#11199=AXIS2_PLACEMENT_3D('',#15835,#12854,#12855);
#11200=AXIS2_PLACEMENT_3D('',#15839,#12858,#12859);
#11201=AXIS2_PLACEMENT_3D('',#15843,#12861,#12862);
#11202=AXIS2_PLACEMENT_3D('',#15850,#12866,#12867);
#11203=AXIS2_PLACEMENT_3D('',#15851,#12868,#12869);
#11204=AXIS2_PLACEMENT_3D('',#15853,#12871,#12872);
#11205=AXIS2_PLACEMENT_3D('',#15857,#12875,#12876);
#11206=AXIS2_PLACEMENT_3D('',#15861,#12879,#12880);
#11207=AXIS2_PLACEMENT_3D('',#15865,#12883,#12884);
#11208=AXIS2_PLACEMENT_3D('',#15868,#12886,#12887);
#11209=AXIS2_PLACEMENT_3D('',#15869,#12888,#12889);
#11210=AXIS2_PLACEMENT_3D('',#15872,#12891,#12892);
#11211=AXIS2_PLACEMENT_3D('',#15873,#12893,#12894);
#11212=AXIS2_PLACEMENT_3D('',#15875,#12896,#12897);
#11213=AXIS2_PLACEMENT_3D('',#15878,#12899,#12900);
#11214=AXIS2_PLACEMENT_3D('',#15879,#12901,#12902);
#11215=AXIS2_PLACEMENT_3D('',#15882,#12904,#12905);
#11216=AXIS2_PLACEMENT_3D('',#15883,#12906,#12907);
#11217=AXIS2_PLACEMENT_3D('',#15885,#12909,#12910);
#11218=AXIS2_PLACEMENT_3D('',#15889,#12913,#12914);
#11219=AXIS2_PLACEMENT_3D('',#15893,#12917,#12918);
#11220=AXIS2_PLACEMENT_3D('',#15895,#12920,#12921);
#11221=AXIS2_PLACEMENT_3D('',#15897,#12923,#12924);
#11222=AXIS2_PLACEMENT_3D('',#15901,#12927,#12928);
#11223=AXIS2_PLACEMENT_3D('',#15905,#12931,#12932);
#11224=AXIS2_PLACEMENT_3D('',#15907,#12934,#12935);
#11225=AXIS2_PLACEMENT_3D('',#15908,#12936,#12937);
#11226=AXIS2_PLACEMENT_3D('',#15909,#12938,#12939);
#11227=AXIS2_PLACEMENT_3D('',#15913,#12941,#12942);
#11228=AXIS2_PLACEMENT_3D('',#15921,#12946,#12947);
#11229=AXIS2_PLACEMENT_3D('',#15923,#12949,#12950);
#11230=AXIS2_PLACEMENT_3D('',#15929,#12954,#12955);
#11231=AXIS2_PLACEMENT_3D('',#15933,#12958,#12959);
#11232=AXIS2_PLACEMENT_3D('',#15937,#12962,#12963);
#11233=AXIS2_PLACEMENT_3D('',#15941,#12966,#12967);
#11234=AXIS2_PLACEMENT_3D('',#15945,#12970,#12971);
#11235=AXIS2_PLACEMENT_3D('',#15949,#12974,#12975);
#11236=AXIS2_PLACEMENT_3D('',#15953,#12978,#12979);
#11237=AXIS2_PLACEMENT_3D('',#15957,#12982,#12983);
#11238=AXIS2_PLACEMENT_3D('',#15961,#12986,#12987);
#11239=AXIS2_PLACEMENT_3D('',#15965,#12989,#12990);
#11240=AXIS2_PLACEMENT_3D('',#15972,#12994,#12995);
#11241=AXIS2_PLACEMENT_3D('',#15973,#12996,#12997);
#11242=AXIS2_PLACEMENT_3D('',#15975,#12999,#13000);
#11243=AXIS2_PLACEMENT_3D('',#15979,#13003,#13004);
#11244=AXIS2_PLACEMENT_3D('',#15983,#13007,#13008);
#11245=AXIS2_PLACEMENT_3D('',#15987,#13011,#13012);
#11246=AXIS2_PLACEMENT_3D('',#15990,#13014,#13015);
#11247=AXIS2_PLACEMENT_3D('',#15991,#13016,#13017);
#11248=AXIS2_PLACEMENT_3D('',#15994,#13019,#13020);
#11249=AXIS2_PLACEMENT_3D('',#15995,#13021,#13022);
#11250=AXIS2_PLACEMENT_3D('',#15998,#13024,#13025);
#11251=AXIS2_PLACEMENT_3D('',#15999,#13026,#13027);
#11252=AXIS2_PLACEMENT_3D('',#16001,#13029,#13030);
#11253=AXIS2_PLACEMENT_3D('',#16004,#13032,#13033);
#11254=AXIS2_PLACEMENT_3D('',#16005,#13034,#13035);
#11255=AXIS2_PLACEMENT_3D('',#16007,#13037,#13038);
#11256=AXIS2_PLACEMENT_3D('',#16011,#13041,#13042);
#11257=AXIS2_PLACEMENT_3D('',#16015,#13045,#13046);
#11258=AXIS2_PLACEMENT_3D('',#16019,#13049,#13050);
#11259=AXIS2_PLACEMENT_3D('',#16021,#13052,#13053);
#11260=AXIS2_PLACEMENT_3D('',#16023,#13055,#13056);
#11261=AXIS2_PLACEMENT_3D('',#16027,#13059,#13060);
#11262=AXIS2_PLACEMENT_3D('',#16029,#13062,#13063);
#11263=AXIS2_PLACEMENT_3D('',#16030,#13064,#13065);
#11264=AXIS2_PLACEMENT_3D('',#16031,#13066,#13067);
#11265=AXIS2_PLACEMENT_3D('',#16096,#13100,#13101);
#11266=AXIS2_PLACEMENT_3D('',#16161,#13134,#13135);
#11267=AXIS2_PLACEMENT_3D('',#16164,#13138,#13139);
#11268=AXIS2_PLACEMENT_3D('',#16166,#13141,#13142);
#11269=AXIS2_PLACEMENT_3D('',#16168,#13144,#13145);
#11270=AXIS2_PLACEMENT_3D('',#16170,#13147,#13148);
#11271=AXIS2_PLACEMENT_3D('',#16172,#13150,#13151);
#11272=AXIS2_PLACEMENT_3D('',#16174,#13153,#13154);
#11273=AXIS2_PLACEMENT_3D('',#16176,#13156,#13157);
#11274=AXIS2_PLACEMENT_3D('',#16177,#13158,#13159);
#11275=AXIS2_PLACEMENT_3D('',#16181,#13161,#13162);
#11276=AXIS2_PLACEMENT_3D('',#16189,#13166,#13167);
#11277=AXIS2_PLACEMENT_3D('',#16191,#13169,#13170);
#11278=AXIS2_PLACEMENT_3D('',#16197,#13174,#13175);
#11279=AXIS2_PLACEMENT_3D('',#16201,#13178,#13179);
#11280=AXIS2_PLACEMENT_3D('',#16205,#13182,#13183);
#11281=AXIS2_PLACEMENT_3D('',#16209,#13186,#13187);
#11282=AXIS2_PLACEMENT_3D('',#16213,#13190,#13191);
#11283=AXIS2_PLACEMENT_3D('',#16217,#13194,#13195);
#11284=AXIS2_PLACEMENT_3D('',#16221,#13198,#13199);
#11285=AXIS2_PLACEMENT_3D('',#16225,#13202,#13203);
#11286=AXIS2_PLACEMENT_3D('',#16229,#13206,#13207);
#11287=AXIS2_PLACEMENT_3D('',#16233,#13209,#13210);
#11288=AXIS2_PLACEMENT_3D('',#16240,#13214,#13215);
#11289=AXIS2_PLACEMENT_3D('',#16241,#13216,#13217);
#11290=AXIS2_PLACEMENT_3D('',#16243,#13219,#13220);
#11291=AXIS2_PLACEMENT_3D('',#16247,#13223,#13224);
#11292=AXIS2_PLACEMENT_3D('',#16251,#13227,#13228);
#11293=AXIS2_PLACEMENT_3D('',#16255,#13231,#13232);
#11294=AXIS2_PLACEMENT_3D('',#16258,#13234,#13235);
#11295=AXIS2_PLACEMENT_3D('',#16259,#13236,#13237);
#11296=AXIS2_PLACEMENT_3D('',#16262,#13239,#13240);
#11297=AXIS2_PLACEMENT_3D('',#16263,#13241,#13242);
#11298=AXIS2_PLACEMENT_3D('',#16266,#13244,#13245);
#11299=AXIS2_PLACEMENT_3D('',#16267,#13246,#13247);
#11300=AXIS2_PLACEMENT_3D('',#16269,#13249,#13250);
#11301=AXIS2_PLACEMENT_3D('',#16272,#13252,#13253);
#11302=AXIS2_PLACEMENT_3D('',#16273,#13254,#13255);
#11303=AXIS2_PLACEMENT_3D('',#16275,#13257,#13258);
#11304=AXIS2_PLACEMENT_3D('',#16279,#13261,#13262);
#11305=AXIS2_PLACEMENT_3D('',#16283,#13265,#13266);
#11306=AXIS2_PLACEMENT_3D('',#16287,#13269,#13270);
#11307=AXIS2_PLACEMENT_3D('',#16289,#13272,#13273);
#11308=AXIS2_PLACEMENT_3D('',#16291,#13275,#13276);
#11309=AXIS2_PLACEMENT_3D('',#16295,#13279,#13280);
#11310=AXIS2_PLACEMENT_3D('',#16297,#13282,#13283);
#11311=AXIS2_PLACEMENT_3D('',#16298,#13284,#13285);
#11312=AXIS2_PLACEMENT_3D('',#16299,#13286,#13287);
#11313=AXIS2_PLACEMENT_3D('',#16303,#13289,#13290);
#11314=AXIS2_PLACEMENT_3D('',#16311,#13294,#13295);
#11315=AXIS2_PLACEMENT_3D('',#16313,#13297,#13298);
#11316=AXIS2_PLACEMENT_3D('',#16319,#13302,#13303);
#11317=AXIS2_PLACEMENT_3D('',#16323,#13306,#13307);
#11318=AXIS2_PLACEMENT_3D('',#16327,#13310,#13311);
#11319=AXIS2_PLACEMENT_3D('',#16331,#13314,#13315);
#11320=AXIS2_PLACEMENT_3D('',#16335,#13318,#13319);
#11321=AXIS2_PLACEMENT_3D('',#16339,#13322,#13323);
#11322=AXIS2_PLACEMENT_3D('',#16343,#13326,#13327);
#11323=AXIS2_PLACEMENT_3D('',#16347,#13330,#13331);
#11324=AXIS2_PLACEMENT_3D('',#16351,#13334,#13335);
#11325=AXIS2_PLACEMENT_3D('',#16355,#13337,#13338);
#11326=AXIS2_PLACEMENT_3D('',#16362,#13342,#13343);
#11327=AXIS2_PLACEMENT_3D('',#16363,#13344,#13345);
#11328=AXIS2_PLACEMENT_3D('',#16365,#13347,#13348);
#11329=AXIS2_PLACEMENT_3D('',#16369,#13351,#13352);
#11330=AXIS2_PLACEMENT_3D('',#16373,#13355,#13356);
#11331=AXIS2_PLACEMENT_3D('',#16377,#13359,#13360);
#11332=AXIS2_PLACEMENT_3D('',#16380,#13362,#13363);
#11333=AXIS2_PLACEMENT_3D('',#16381,#13364,#13365);
#11334=AXIS2_PLACEMENT_3D('',#16384,#13367,#13368);
#11335=AXIS2_PLACEMENT_3D('',#16385,#13369,#13370);
#11336=AXIS2_PLACEMENT_3D('',#16387,#13372,#13373);
#11337=AXIS2_PLACEMENT_3D('',#16390,#13375,#13376);
#11338=AXIS2_PLACEMENT_3D('',#16391,#13377,#13378);
#11339=AXIS2_PLACEMENT_3D('',#16394,#13380,#13381);
#11340=AXIS2_PLACEMENT_3D('',#16395,#13382,#13383);
#11341=AXIS2_PLACEMENT_3D('',#16397,#13385,#13386);
#11342=AXIS2_PLACEMENT_3D('',#16401,#13389,#13390);
#11343=AXIS2_PLACEMENT_3D('',#16405,#13393,#13394);
#11344=AXIS2_PLACEMENT_3D('',#16407,#13396,#13397);
#11345=AXIS2_PLACEMENT_3D('',#16409,#13399,#13400);
#11346=AXIS2_PLACEMENT_3D('',#16413,#13403,#13404);
#11347=AXIS2_PLACEMENT_3D('',#16417,#13407,#13408);
#11348=AXIS2_PLACEMENT_3D('',#16419,#13410,#13411);
#11349=AXIS2_PLACEMENT_3D('',#16420,#13412,#13413);
#11350=AXIS2_PLACEMENT_3D('',#16421,#13414,#13415);
#11351=AXIS2_PLACEMENT_3D('',#16425,#13417,#13418);
#11352=AXIS2_PLACEMENT_3D('',#16433,#13422,#13423);
#11353=AXIS2_PLACEMENT_3D('',#16435,#13425,#13426);
#11354=AXIS2_PLACEMENT_3D('',#16441,#13430,#13431);
#11355=AXIS2_PLACEMENT_3D('',#16445,#13434,#13435);
#11356=AXIS2_PLACEMENT_3D('',#16449,#13438,#13439);
#11357=AXIS2_PLACEMENT_3D('',#16453,#13442,#13443);
#11358=AXIS2_PLACEMENT_3D('',#16457,#13446,#13447);
#11359=AXIS2_PLACEMENT_3D('',#16461,#13450,#13451);
#11360=AXIS2_PLACEMENT_3D('',#16465,#13454,#13455);
#11361=AXIS2_PLACEMENT_3D('',#16469,#13458,#13459);
#11362=AXIS2_PLACEMENT_3D('',#16473,#13462,#13463);
#11363=AXIS2_PLACEMENT_3D('',#16477,#13465,#13466);
#11364=AXIS2_PLACEMENT_3D('',#16484,#13470,#13471);
#11365=AXIS2_PLACEMENT_3D('',#16485,#13472,#13473);
#11366=AXIS2_PLACEMENT_3D('',#16487,#13475,#13476);
#11367=AXIS2_PLACEMENT_3D('',#16491,#13479,#13480);
#11368=AXIS2_PLACEMENT_3D('',#16495,#13483,#13484);
#11369=AXIS2_PLACEMENT_3D('',#16499,#13487,#13488);
#11370=AXIS2_PLACEMENT_3D('',#16502,#13490,#13491);
#11371=AXIS2_PLACEMENT_3D('',#16503,#13492,#13493);
#11372=AXIS2_PLACEMENT_3D('',#16506,#13495,#13496);
#11373=AXIS2_PLACEMENT_3D('',#16507,#13497,#13498);
#11374=AXIS2_PLACEMENT_3D('',#16510,#13500,#13501);
#11375=AXIS2_PLACEMENT_3D('',#16511,#13502,#13503);
#11376=AXIS2_PLACEMENT_3D('',#16513,#13505,#13506);
#11377=AXIS2_PLACEMENT_3D('',#16516,#13508,#13509);
#11378=AXIS2_PLACEMENT_3D('',#16517,#13510,#13511);
#11379=AXIS2_PLACEMENT_3D('',#16519,#13513,#13514);
#11380=AXIS2_PLACEMENT_3D('',#16523,#13517,#13518);
#11381=AXIS2_PLACEMENT_3D('',#16527,#13521,#13522);
#11382=AXIS2_PLACEMENT_3D('',#16531,#13525,#13526);
#11383=AXIS2_PLACEMENT_3D('',#16533,#13528,#13529);
#11384=AXIS2_PLACEMENT_3D('',#16535,#13531,#13532);
#11385=AXIS2_PLACEMENT_3D('',#16539,#13535,#13536);
#11386=AXIS2_PLACEMENT_3D('',#16541,#13538,#13539);
#11387=AXIS2_PLACEMENT_3D('',#16542,#13540,#13541);
#11388=AXIS2_PLACEMENT_3D('',#16543,#13542,#13543);
#11389=AXIS2_PLACEMENT_3D('',#16608,#13576,#13577);
#11390=AXIS2_PLACEMENT_3D('',#16673,#13610,#13611);
#11391=AXIS2_PLACEMENT_3D('',#16676,#13614,#13615);
#11392=AXIS2_PLACEMENT_3D('',#16678,#13617,#13618);
#11393=AXIS2_PLACEMENT_3D('',#16680,#13620,#13621);
#11394=AXIS2_PLACEMENT_3D('',#16682,#13623,#13624);
#11395=AXIS2_PLACEMENT_3D('',#16684,#13626,#13627);
#11396=AXIS2_PLACEMENT_3D('',#16686,#13629,#13630);
#11397=AXIS2_PLACEMENT_3D('',#16688,#13632,#13633);
#11398=AXIS2_PLACEMENT_3D('',#16689,#13634,#13635);
#11399=AXIS2_PLACEMENT_3D('',#16693,#13637,#13638);
#11400=AXIS2_PLACEMENT_3D('',#16701,#13642,#13643);
#11401=AXIS2_PLACEMENT_3D('',#16703,#13645,#13646);
#11402=AXIS2_PLACEMENT_3D('',#16709,#13650,#13651);
#11403=AXIS2_PLACEMENT_3D('',#16713,#13654,#13655);
#11404=AXIS2_PLACEMENT_3D('',#16717,#13658,#13659);
#11405=AXIS2_PLACEMENT_3D('',#16721,#13662,#13663);
#11406=AXIS2_PLACEMENT_3D('',#16725,#13666,#13667);
#11407=AXIS2_PLACEMENT_3D('',#16729,#13670,#13671);
#11408=AXIS2_PLACEMENT_3D('',#16733,#13674,#13675);
#11409=AXIS2_PLACEMENT_3D('',#16737,#13678,#13679);
#11410=AXIS2_PLACEMENT_3D('',#16741,#13682,#13683);
#11411=AXIS2_PLACEMENT_3D('',#16745,#13685,#13686);
#11412=AXIS2_PLACEMENT_3D('',#16752,#13690,#13691);
#11413=AXIS2_PLACEMENT_3D('',#16753,#13692,#13693);
#11414=AXIS2_PLACEMENT_3D('',#16755,#13695,#13696);
#11415=AXIS2_PLACEMENT_3D('',#16759,#13699,#13700);
#11416=AXIS2_PLACEMENT_3D('',#16763,#13703,#13704);
#11417=AXIS2_PLACEMENT_3D('',#16767,#13707,#13708);
#11418=AXIS2_PLACEMENT_3D('',#16770,#13710,#13711);
#11419=AXIS2_PLACEMENT_3D('',#16771,#13712,#13713);
#11420=AXIS2_PLACEMENT_3D('',#16774,#13715,#13716);
#11421=AXIS2_PLACEMENT_3D('',#16775,#13717,#13718);
#11422=AXIS2_PLACEMENT_3D('',#16778,#13720,#13721);
#11423=AXIS2_PLACEMENT_3D('',#16779,#13722,#13723);
#11424=AXIS2_PLACEMENT_3D('',#16781,#13725,#13726);
#11425=AXIS2_PLACEMENT_3D('',#16784,#13728,#13729);
#11426=AXIS2_PLACEMENT_3D('',#16785,#13730,#13731);
#11427=AXIS2_PLACEMENT_3D('',#16787,#13733,#13734);
#11428=AXIS2_PLACEMENT_3D('',#16791,#13737,#13738);
#11429=AXIS2_PLACEMENT_3D('',#16795,#13741,#13742);
#11430=AXIS2_PLACEMENT_3D('',#16799,#13745,#13746);
#11431=AXIS2_PLACEMENT_3D('',#16801,#13748,#13749);
#11432=AXIS2_PLACEMENT_3D('',#16803,#13751,#13752);
#11433=AXIS2_PLACEMENT_3D('',#16807,#13755,#13756);
#11434=AXIS2_PLACEMENT_3D('',#16809,#13758,#13759);
#11435=AXIS2_PLACEMENT_3D('',#16810,#13760,#13761);
#11436=AXIS2_PLACEMENT_3D('',#16811,#13762,#13763);
#11437=AXIS2_PLACEMENT_3D('',#16815,#13765,#13766);
#11438=AXIS2_PLACEMENT_3D('',#16823,#13770,#13771);
#11439=AXIS2_PLACEMENT_3D('',#16825,#13773,#13774);
#11440=AXIS2_PLACEMENT_3D('',#16831,#13778,#13779);
#11441=AXIS2_PLACEMENT_3D('',#16835,#13782,#13783);
#11442=AXIS2_PLACEMENT_3D('',#16839,#13786,#13787);
#11443=AXIS2_PLACEMENT_3D('',#16843,#13790,#13791);
#11444=AXIS2_PLACEMENT_3D('',#16847,#13794,#13795);
#11445=AXIS2_PLACEMENT_3D('',#16851,#13798,#13799);
#11446=AXIS2_PLACEMENT_3D('',#16855,#13802,#13803);
#11447=AXIS2_PLACEMENT_3D('',#16859,#13806,#13807);
#11448=AXIS2_PLACEMENT_3D('',#16863,#13810,#13811);
#11449=AXIS2_PLACEMENT_3D('',#16867,#13813,#13814);
#11450=AXIS2_PLACEMENT_3D('',#16874,#13818,#13819);
#11451=AXIS2_PLACEMENT_3D('',#16875,#13820,#13821);
#11452=AXIS2_PLACEMENT_3D('',#16877,#13823,#13824);
#11453=AXIS2_PLACEMENT_3D('',#16881,#13827,#13828);
#11454=AXIS2_PLACEMENT_3D('',#16885,#13831,#13832);
#11455=AXIS2_PLACEMENT_3D('',#16889,#13835,#13836);
#11456=AXIS2_PLACEMENT_3D('',#16892,#13838,#13839);
#11457=AXIS2_PLACEMENT_3D('',#16893,#13840,#13841);
#11458=AXIS2_PLACEMENT_3D('',#16896,#13843,#13844);
#11459=AXIS2_PLACEMENT_3D('',#16897,#13845,#13846);
#11460=AXIS2_PLACEMENT_3D('',#16899,#13848,#13849);
#11461=AXIS2_PLACEMENT_3D('',#16902,#13851,#13852);
#11462=AXIS2_PLACEMENT_3D('',#16903,#13853,#13854);
#11463=AXIS2_PLACEMENT_3D('',#16906,#13856,#13857);
#11464=AXIS2_PLACEMENT_3D('',#16907,#13858,#13859);
#11465=AXIS2_PLACEMENT_3D('',#16909,#13861,#13862);
#11466=AXIS2_PLACEMENT_3D('',#16913,#13865,#13866);
#11467=AXIS2_PLACEMENT_3D('',#16917,#13869,#13870);
#11468=AXIS2_PLACEMENT_3D('',#16919,#13872,#13873);
#11469=AXIS2_PLACEMENT_3D('',#16921,#13875,#13876);
#11470=AXIS2_PLACEMENT_3D('',#16925,#13879,#13880);
#11471=AXIS2_PLACEMENT_3D('',#16929,#13883,#13884);
#11472=AXIS2_PLACEMENT_3D('',#16931,#13886,#13887);
#11473=AXIS2_PLACEMENT_3D('',#16932,#13888,#13889);
#11474=AXIS2_PLACEMENT_3D('',#16933,#13890,#13891);
#11475=AXIS2_PLACEMENT_3D('',#16937,#13893,#13894);
#11476=AXIS2_PLACEMENT_3D('',#16945,#13898,#13899);
#11477=AXIS2_PLACEMENT_3D('',#16947,#13901,#13902);
#11478=AXIS2_PLACEMENT_3D('',#16953,#13906,#13907);
#11479=AXIS2_PLACEMENT_3D('',#16957,#13910,#13911);
#11480=AXIS2_PLACEMENT_3D('',#16961,#13914,#13915);
#11481=AXIS2_PLACEMENT_3D('',#16965,#13918,#13919);
#11482=AXIS2_PLACEMENT_3D('',#16969,#13922,#13923);
#11483=AXIS2_PLACEMENT_3D('',#16973,#13926,#13927);
#11484=AXIS2_PLACEMENT_3D('',#16977,#13930,#13931);
#11485=AXIS2_PLACEMENT_3D('',#16981,#13934,#13935);
#11486=AXIS2_PLACEMENT_3D('',#16985,#13938,#13939);
#11487=AXIS2_PLACEMENT_3D('',#16989,#13941,#13942);
#11488=AXIS2_PLACEMENT_3D('',#16996,#13946,#13947);
#11489=AXIS2_PLACEMENT_3D('',#16997,#13948,#13949);
#11490=AXIS2_PLACEMENT_3D('',#16999,#13951,#13952);
#11491=AXIS2_PLACEMENT_3D('',#17003,#13955,#13956);
#11492=AXIS2_PLACEMENT_3D('',#17007,#13959,#13960);
#11493=AXIS2_PLACEMENT_3D('',#17011,#13963,#13964);
#11494=AXIS2_PLACEMENT_3D('',#17014,#13966,#13967);
#11495=AXIS2_PLACEMENT_3D('',#17015,#13968,#13969);
#11496=AXIS2_PLACEMENT_3D('',#17018,#13971,#13972);
#11497=AXIS2_PLACEMENT_3D('',#17019,#13973,#13974);
#11498=AXIS2_PLACEMENT_3D('',#17022,#13976,#13977);
#11499=AXIS2_PLACEMENT_3D('',#17023,#13978,#13979);
#11500=AXIS2_PLACEMENT_3D('',#17025,#13981,#13982);
#11501=AXIS2_PLACEMENT_3D('',#17028,#13984,#13985);
#11502=AXIS2_PLACEMENT_3D('',#17029,#13986,#13987);
#11503=AXIS2_PLACEMENT_3D('',#17031,#13989,#13990);
#11504=AXIS2_PLACEMENT_3D('',#17035,#13993,#13994);
#11505=AXIS2_PLACEMENT_3D('',#17039,#13997,#13998);
#11506=AXIS2_PLACEMENT_3D('',#17043,#14001,#14002);
#11507=AXIS2_PLACEMENT_3D('',#17045,#14004,#14005);
#11508=AXIS2_PLACEMENT_3D('',#17047,#14007,#14008);
#11509=AXIS2_PLACEMENT_3D('',#17051,#14011,#14012);
#11510=AXIS2_PLACEMENT_3D('',#17053,#14014,#14015);
#11511=AXIS2_PLACEMENT_3D('',#17054,#14016,#14017);
#11512=AXIS2_PLACEMENT_3D('',#17055,#14018,#14019);
#11513=AXIS2_PLACEMENT_3D('',#17120,#14052,#14053);
#11514=AXIS2_PLACEMENT_3D('',#17185,#14086,#14087);
#11515=AXIS2_PLACEMENT_3D('',#17188,#14090,#14091);
#11516=AXIS2_PLACEMENT_3D('',#17190,#14093,#14094);
#11517=AXIS2_PLACEMENT_3D('',#17192,#14096,#14097);
#11518=AXIS2_PLACEMENT_3D('',#17194,#14099,#14100);
#11519=AXIS2_PLACEMENT_3D('',#17196,#14102,#14103);
#11520=AXIS2_PLACEMENT_3D('',#17198,#14105,#14106);
#11521=AXIS2_PLACEMENT_3D('',#17200,#14108,#14109);
#11522=AXIS2_PLACEMENT_3D('',#17201,#14110,#14111);
#11523=AXIS2_PLACEMENT_3D('',#17205,#14113,#14114);
#11524=AXIS2_PLACEMENT_3D('',#17213,#14118,#14119);
#11525=AXIS2_PLACEMENT_3D('',#17215,#14121,#14122);
#11526=AXIS2_PLACEMENT_3D('',#17221,#14126,#14127);
#11527=AXIS2_PLACEMENT_3D('',#17225,#14130,#14131);
#11528=AXIS2_PLACEMENT_3D('',#17229,#14134,#14135);
#11529=AXIS2_PLACEMENT_3D('',#17233,#14138,#14139);
#11530=AXIS2_PLACEMENT_3D('',#17237,#14142,#14143);
#11531=AXIS2_PLACEMENT_3D('',#17241,#14146,#14147);
#11532=AXIS2_PLACEMENT_3D('',#17245,#14150,#14151);
#11533=AXIS2_PLACEMENT_3D('',#17249,#14154,#14155);
#11534=AXIS2_PLACEMENT_3D('',#17253,#14158,#14159);
#11535=AXIS2_PLACEMENT_3D('',#17257,#14161,#14162);
#11536=AXIS2_PLACEMENT_3D('',#17264,#14166,#14167);
#11537=AXIS2_PLACEMENT_3D('',#17265,#14168,#14169);
#11538=AXIS2_PLACEMENT_3D('',#17267,#14171,#14172);
#11539=AXIS2_PLACEMENT_3D('',#17271,#14175,#14176);
#11540=AXIS2_PLACEMENT_3D('',#17275,#14179,#14180);
#11541=AXIS2_PLACEMENT_3D('',#17279,#14183,#14184);
#11542=AXIS2_PLACEMENT_3D('',#17282,#14186,#14187);
#11543=AXIS2_PLACEMENT_3D('',#17283,#14188,#14189);
#11544=AXIS2_PLACEMENT_3D('',#17286,#14191,#14192);
#11545=AXIS2_PLACEMENT_3D('',#17287,#14193,#14194);
#11546=AXIS2_PLACEMENT_3D('',#17290,#14196,#14197);
#11547=AXIS2_PLACEMENT_3D('',#17291,#14198,#14199);
#11548=AXIS2_PLACEMENT_3D('',#17293,#14201,#14202);
#11549=AXIS2_PLACEMENT_3D('',#17296,#14204,#14205);
#11550=AXIS2_PLACEMENT_3D('',#17297,#14206,#14207);
#11551=AXIS2_PLACEMENT_3D('',#17299,#14209,#14210);
#11552=AXIS2_PLACEMENT_3D('',#17303,#14213,#14214);
#11553=AXIS2_PLACEMENT_3D('',#17307,#14217,#14218);
#11554=AXIS2_PLACEMENT_3D('',#17311,#14221,#14222);
#11555=AXIS2_PLACEMENT_3D('',#17313,#14224,#14225);
#11556=AXIS2_PLACEMENT_3D('',#17315,#14227,#14228);
#11557=AXIS2_PLACEMENT_3D('',#17319,#14231,#14232);
#11558=AXIS2_PLACEMENT_3D('',#17321,#14234,#14235);
#11559=AXIS2_PLACEMENT_3D('',#17322,#14236,#14237);
#11560=AXIS2_PLACEMENT_3D('',#17323,#14238,#14239);
#11561=AXIS2_PLACEMENT_3D('',#17327,#14241,#14242);
#11562=AXIS2_PLACEMENT_3D('',#17335,#14246,#14247);
#11563=AXIS2_PLACEMENT_3D('',#17337,#14249,#14250);
#11564=AXIS2_PLACEMENT_3D('',#17343,#14254,#14255);
#11565=AXIS2_PLACEMENT_3D('',#17347,#14258,#14259);
#11566=AXIS2_PLACEMENT_3D('',#17351,#14262,#14263);
#11567=AXIS2_PLACEMENT_3D('',#17355,#14266,#14267);
#11568=AXIS2_PLACEMENT_3D('',#17359,#14270,#14271);
#11569=AXIS2_PLACEMENT_3D('',#17363,#14274,#14275);
#11570=AXIS2_PLACEMENT_3D('',#17367,#14278,#14279);
#11571=AXIS2_PLACEMENT_3D('',#17371,#14282,#14283);
#11572=AXIS2_PLACEMENT_3D('',#17375,#14286,#14287);
#11573=AXIS2_PLACEMENT_3D('',#17379,#14289,#14290);
#11574=AXIS2_PLACEMENT_3D('',#17386,#14294,#14295);
#11575=AXIS2_PLACEMENT_3D('',#17387,#14296,#14297);
#11576=AXIS2_PLACEMENT_3D('',#17389,#14299,#14300);
#11577=AXIS2_PLACEMENT_3D('',#17393,#14303,#14304);
#11578=AXIS2_PLACEMENT_3D('',#17397,#14307,#14308);
#11579=AXIS2_PLACEMENT_3D('',#17401,#14311,#14312);
#11580=AXIS2_PLACEMENT_3D('',#17404,#14314,#14315);
#11581=AXIS2_PLACEMENT_3D('',#17405,#14316,#14317);
#11582=AXIS2_PLACEMENT_3D('',#17408,#14319,#14320);
#11583=AXIS2_PLACEMENT_3D('',#17409,#14321,#14322);
#11584=AXIS2_PLACEMENT_3D('',#17411,#14324,#14325);
#11585=AXIS2_PLACEMENT_3D('',#17414,#14327,#14328);
#11586=AXIS2_PLACEMENT_3D('',#17415,#14329,#14330);
#11587=AXIS2_PLACEMENT_3D('',#17418,#14332,#14333);
#11588=AXIS2_PLACEMENT_3D('',#17419,#14334,#14335);
#11589=AXIS2_PLACEMENT_3D('',#17421,#14337,#14338);
#11590=AXIS2_PLACEMENT_3D('',#17425,#14341,#14342);
#11591=AXIS2_PLACEMENT_3D('',#17429,#14345,#14346);
#11592=AXIS2_PLACEMENT_3D('',#17431,#14348,#14349);
#11593=AXIS2_PLACEMENT_3D('',#17433,#14351,#14352);
#11594=AXIS2_PLACEMENT_3D('',#17437,#14355,#14356);
#11595=AXIS2_PLACEMENT_3D('',#17441,#14359,#14360);
#11596=AXIS2_PLACEMENT_3D('',#17443,#14362,#14363);
#11597=AXIS2_PLACEMENT_3D('',#17444,#14364,#14365);
#11598=AXIS2_PLACEMENT_3D('',#17445,#14366,#14367);
#11599=AXIS2_PLACEMENT_3D('',#17449,#14369,#14370);
#11600=AXIS2_PLACEMENT_3D('',#17457,#14374,#14375);
#11601=AXIS2_PLACEMENT_3D('',#17459,#14377,#14378);
#11602=AXIS2_PLACEMENT_3D('',#17465,#14382,#14383);
#11603=AXIS2_PLACEMENT_3D('',#17469,#14386,#14387);
#11604=AXIS2_PLACEMENT_3D('',#17473,#14390,#14391);
#11605=AXIS2_PLACEMENT_3D('',#17477,#14394,#14395);
#11606=AXIS2_PLACEMENT_3D('',#17481,#14398,#14399);
#11607=AXIS2_PLACEMENT_3D('',#17485,#14402,#14403);
#11608=AXIS2_PLACEMENT_3D('',#17489,#14406,#14407);
#11609=AXIS2_PLACEMENT_3D('',#17493,#14410,#14411);
#11610=AXIS2_PLACEMENT_3D('',#17497,#14414,#14415);
#11611=AXIS2_PLACEMENT_3D('',#17501,#14417,#14418);
#11612=AXIS2_PLACEMENT_3D('',#17508,#14422,#14423);
#11613=AXIS2_PLACEMENT_3D('',#17509,#14424,#14425);
#11614=AXIS2_PLACEMENT_3D('',#17511,#14427,#14428);
#11615=AXIS2_PLACEMENT_3D('',#17515,#14431,#14432);
#11616=AXIS2_PLACEMENT_3D('',#17519,#14435,#14436);
#11617=AXIS2_PLACEMENT_3D('',#17523,#14439,#14440);
#11618=AXIS2_PLACEMENT_3D('',#17526,#14442,#14443);
#11619=AXIS2_PLACEMENT_3D('',#17527,#14444,#14445);
#11620=AXIS2_PLACEMENT_3D('',#17530,#14447,#14448);
#11621=AXIS2_PLACEMENT_3D('',#17531,#14449,#14450);
#11622=AXIS2_PLACEMENT_3D('',#17534,#14452,#14453);
#11623=AXIS2_PLACEMENT_3D('',#17535,#14454,#14455);
#11624=AXIS2_PLACEMENT_3D('',#17537,#14457,#14458);
#11625=AXIS2_PLACEMENT_3D('',#17540,#14460,#14461);
#11626=AXIS2_PLACEMENT_3D('',#17541,#14462,#14463);
#11627=AXIS2_PLACEMENT_3D('',#17543,#14465,#14466);
#11628=AXIS2_PLACEMENT_3D('',#17547,#14469,#14470);
#11629=AXIS2_PLACEMENT_3D('',#17551,#14473,#14474);
#11630=AXIS2_PLACEMENT_3D('',#17555,#14477,#14478);
#11631=AXIS2_PLACEMENT_3D('',#17557,#14480,#14481);
#11632=AXIS2_PLACEMENT_3D('',#17559,#14483,#14484);
#11633=AXIS2_PLACEMENT_3D('',#17563,#14487,#14488);
#11634=AXIS2_PLACEMENT_3D('',#17565,#14490,#14491);
#11635=AXIS2_PLACEMENT_3D('',#17566,#14492,#14493);
#11636=DIRECTION('axis',(0.,0.,1.));
#11637=DIRECTION('refdir',(1.,0.,0.));
#11638=DIRECTION('center_axis',(1.,0.,0.));
#11639=DIRECTION('ref_axis',(0.,0.,-1.));
#11640=DIRECTION('',(0.,1.,0.));
#11641=DIRECTION('',(0.,0.707106781186548,0.707106781186547));
#11642=DIRECTION('',(0.,-1.25780554149376E-16,1.));
#11643=DIRECTION('',(0.,-0.707106781186547,0.707106781186548));
#11644=DIRECTION('',(0.,-1.,0.));
#11645=DIRECTION('',(0.,-0.707106781186547,-0.707106781186548));
#11646=DIRECTION('',(0.,0.,-1.));
#11647=DIRECTION('',(0.,0.707106781186548,-0.707106781186547));
#11648=DIRECTION('',(0.,-0.707106781186547,-0.707106781186548));
#11649=DIRECTION('',(0.,-1.,0.));
#11650=DIRECTION('',(0.,-0.707106781186547,0.707106781186548));
#11651=DIRECTION('',(0.,0.,1.));
#11652=DIRECTION('',(0.,0.707106781186547,0.707106781186548));
#11653=DIRECTION('',(0.,1.,0.));
#11654=DIRECTION('',(0.,0.707106781186547,-0.707106781186548));
#11655=DIRECTION('',(0.,0.,-1.));
#11656=DIRECTION('',(0.,-0.707106781186548,-0.707106781186548));
#11657=DIRECTION('',(0.,-1.,0.));
#11658=DIRECTION('',(0.,-0.707106781186548,0.707106781186548));
#11659=DIRECTION('',(0.,0.,1.));
#11660=DIRECTION('',(0.,0.707106781186548,0.707106781186548));
#11661=DIRECTION('',(0.,1.,0.));
#11662=DIRECTION('',(0.,0.707106781186548,-0.707106781186548));
#11663=DIRECTION('',(0.,0.,-1.));
#11664=DIRECTION('',(0.,-0.707106781186547,-0.707106781186548));
#11665=DIRECTION('',(0.,-1.,0.));
#11666=DIRECTION('',(0.,-0.707106781186547,0.707106781186548));
#11667=DIRECTION('',(0.,0.,1.));
#11668=DIRECTION('',(0.,0.707106781186547,0.707106781186548));
#11669=DIRECTION('',(0.,1.,0.));
#11670=DIRECTION('',(0.,0.707106781186547,-0.707106781186548));
#11671=DIRECTION('',(0.,0.,-1.));
#11672=DIRECTION('center_axis',(1.,0.,0.));
#11673=DIRECTION('ref_axis',(0.,1.,0.));
#11674=DIRECTION('',(0.,1.,0.));
#11675=DIRECTION('',(0.,-0.707106781186548,0.707106781186547));
#11676=DIRECTION('',(0.,0.,-1.));
#11677=DIRECTION('',(0.,-0.707106781186547,-0.707106781186548));
#11678=DIRECTION('',(0.,-1.,0.));
#11679=DIRECTION('',(0.,-0.707106781186547,0.707106781186548));
#11680=DIRECTION('',(0.,-1.25780554149376E-16,1.));
#11681=DIRECTION('',(0.,0.707106781186548,0.707106781186547));
#11682=DIRECTION('',(0.,0.707106781186547,0.707106781186548));
#11683=DIRECTION('',(0.,0.,1.));
#11684=DIRECTION('',(0.,-0.707106781186547,0.707106781186548));
#11685=DIRECTION('',(0.,-1.,0.));
#11686=DIRECTION('',(0.,-0.707106781186547,-0.707106781186548));
#11687=DIRECTION('',(0.,0.,-1.));
#11688=DIRECTION('',(0.,0.707106781186547,-0.707106781186548));
#11689=DIRECTION('',(0.,1.,0.));
#11690=DIRECTION('',(0.,0.707106781186548,0.707106781186548));
#11691=DIRECTION('',(0.,0.,1.));
#11692=DIRECTION('',(0.,-0.707106781186548,0.707106781186548));
#11693=DIRECTION('',(0.,-1.,0.));
#11694=DIRECTION('',(0.,-0.707106781186548,-0.707106781186548));
#11695=DIRECTION('',(0.,0.,-1.));
#11696=DIRECTION('',(0.,0.707106781186548,-0.707106781186548));
#11697=DIRECTION('',(0.,1.,0.));
#11698=DIRECTION('',(0.,0.707106781186547,0.707106781186548));
#11699=DIRECTION('',(0.,0.,1.));
#11700=DIRECTION('',(0.,-0.707106781186547,0.707106781186548));
#11701=DIRECTION('',(0.,-1.,0.));
#11702=DIRECTION('',(0.,-0.707106781186547,-0.707106781186548));
#11703=DIRECTION('',(0.,0.,-1.));
#11704=DIRECTION('',(0.,0.707106781186547,-0.707106781186548));
#11705=DIRECTION('',(0.,1.,0.));
#11706=DIRECTION('center_axis',(0.,-0.707106781186547,-0.707106781186548));
#11707=DIRECTION('ref_axis',(0.,0.707106781186548,-0.707106781186547));
#11708=DIRECTION('',(1.,0.,0.));
#11709=DIRECTION('',(1.,0.,0.));
#11710=DIRECTION('center_axis',(0.,-1.,0.));
#11711=DIRECTION('ref_axis',(0.,0.,-1.));
#11712=DIRECTION('',(1.,0.,0.));
#11713=DIRECTION('center_axis',(0.,-0.707106781186548,0.707106781186547));
#11714=DIRECTION('ref_axis',(0.,-0.707106781186547,-0.707106781186548));
#11715=DIRECTION('',(1.,0.,0.));
#11716=DIRECTION('center_axis',(0.,0.,1.));
#11717=DIRECTION('ref_axis',(0.,-1.,0.));
#11718=DIRECTION('',(1.,0.,0.));
#11719=DIRECTION('center_axis',(0.,0.707106781186548,0.707106781186547));
#11720=DIRECTION('ref_axis',(0.,-0.707106781186547,0.707106781186548));
#11721=DIRECTION('',(1.,0.,0.));
#11722=DIRECTION('center_axis',(0.,1.,1.25780554149376E-16));
#11723=DIRECTION('ref_axis',(0.,-1.25780554149376E-16,1.));
#11724=DIRECTION('',(1.,0.,0.));
#11725=DIRECTION('center_axis',(0.,0.707106781186547,-0.707106781186548));
#11726=DIRECTION('ref_axis',(0.,0.707106781186548,0.707106781186547));
#11727=DIRECTION('',(1.,0.,0.));
#11728=DIRECTION('center_axis',(0.,0.,-1.));
#11729=DIRECTION('ref_axis',(0.,1.,0.));
#11730=DIRECTION('center_axis',(0.,1.,0.));
#11731=DIRECTION('ref_axis',(-1.,0.,0.));
#11732=DIRECTION('',(1.,0.,-5.06488626677322E-17));
#11733=DIRECTION('center_axis',(0.,1.,0.));
#11734=DIRECTION('ref_axis',(-1.,0.,0.));
#11735=DIRECTION('',(0.,0.,1.));
#11736=DIRECTION('',(1.,0.,0.));
#11737=DIRECTION('',(0.,0.,1.));
#11738=DIRECTION('center_axis',(0.,1.,0.));
#11739=DIRECTION('ref_axis',(-1.,0.,0.));
#11740=DIRECTION('',(1.,0.,-5.06488626677322E-17));
#11741=DIRECTION('center_axis',(0.,1.,0.));
#11742=DIRECTION('ref_axis',(-1.,0.,0.));
#11743=DIRECTION('',(1.,0.,-5.06488626677322E-17));
#11744=DIRECTION('',(-5.0532154980743E-16,0.,1.));
#11745=DIRECTION('',(1.,0.,-5.06488626677322E-17));
#11746=DIRECTION('center_axis',(-3.58141542517396E-17,0.707106781186548,
-0.707106781186547));
#11747=DIRECTION('ref_axis',(-3.5731629454853E-16,0.707106781186547,0.707106781186548));
#11748=DIRECTION('',(1.,0.,-5.06488626677322E-17));
#11749=DIRECTION('',(-3.5731629454853E-16,0.707106781186547,0.707106781186548));
#11750=DIRECTION('center_axis',(-3.58141542517396E-17,0.707106781186548,
-0.707106781186547));
#11751=DIRECTION('ref_axis',(-3.5731629454853E-16,0.707106781186547,0.707106781186548));
#11752=DIRECTION('',(-3.5731629454853E-16,0.707106781186547,0.707106781186548));
#11753=DIRECTION('',(1.,0.,-5.06488626677322E-17));
#11754=DIRECTION('center_axis',(-5.06488626677322E-17,0.,-1.));
#11755=DIRECTION('ref_axis',(0.,1.,0.));
#11756=DIRECTION('',(1.,0.,-5.06488626677322E-17));
#11757=DIRECTION('',(0.,1.,0.));
#11758=DIRECTION('center_axis',(3.58141542517396E-17,0.707106781186548,
0.707106781186547));
#11759=DIRECTION('ref_axis',(-3.5731629454853E-16,-0.707106781186547,0.707106781186548));
#11760=DIRECTION('',(-3.5731629454853E-16,-0.707106781186547,0.707106781186548));
#11761=DIRECTION('',(1.,0.,-5.06488626677322E-17));
#11762=DIRECTION('center_axis',(3.58141542517396E-17,0.707106781186548,
0.707106781186547));
#11763=DIRECTION('ref_axis',(-3.5731629454853E-16,-0.707106781186547,0.707106781186548));
#11764=DIRECTION('',(1.,0.,-5.06488626677322E-17));
#11765=DIRECTION('',(-3.5731629454853E-16,-0.707106781186547,0.707106781186548));
#11766=DIRECTION('center_axis',(-3.58141542517396E-17,-0.707106781186548,
-0.707106781186547));
#11767=DIRECTION('ref_axis',(3.5731629454853E-16,0.707106781186547,-0.707106781186548));
#11768=DIRECTION('',(1.,0.,-5.06488626677322E-17));
#11769=DIRECTION('',(3.5731629454853E-16,0.707106781186547,-0.707106781186548));
#11770=DIRECTION('center_axis',(5.06488626677322E-17,0.,1.));
#11771=DIRECTION('ref_axis',(0.,-1.,0.));
#11772=DIRECTION('',(0.,-1.,0.));
#11773=DIRECTION('',(1.,0.,-5.06488626677322E-17));
#11774=DIRECTION('center_axis',(5.06488626677322E-17,0.,1.));
#11775=DIRECTION('ref_axis',(0.,-1.,0.));
#11776=DIRECTION('',(1.,0.,-5.06488626677322E-17));
#11777=DIRECTION('',(0.,-1.,0.));
#11778=DIRECTION('center_axis',(0.,-1.,0.));
#11779=DIRECTION('ref_axis',(1.,0.,0.));
#11780=DIRECTION('',(1.,0.,-5.06488626677322E-17));
#11781=DIRECTION('center_axis',(0.,1.,0.));
#11782=DIRECTION('ref_axis',(-1.,0.,0.));
#11783=DIRECTION('',(0.,0.,1.));
#11784=DIRECTION('',(-1.,0.,0.));
#11785=DIRECTION('',(0.,0.,1.));
#11786=DIRECTION('center_axis',(0.,1.,0.));
#11787=DIRECTION('ref_axis',(-1.,0.,0.));
#11788=DIRECTION('center_axis',(3.58141542517396E-17,-0.707106781186548,
0.707106781186547));
#11789=DIRECTION('ref_axis',(3.5731629454853E-16,-0.707106781186547,-0.707106781186548));
#11790=DIRECTION('',(3.5731629454853E-16,-0.707106781186547,-0.707106781186548));
#11791=DIRECTION('center_axis',(-5.06488626677322E-17,0.,-1.));
#11792=DIRECTION('ref_axis',(0.,1.,0.));
#11793=DIRECTION('',(0.,1.,0.));
#11794=DIRECTION('',(1.,0.,-5.06488626677322E-17));
#11795=DIRECTION('center_axis',(-3.58141542517396E-17,-0.707106781186548,
-0.707106781186547));
#11796=DIRECTION('ref_axis',(3.5731629454853E-16,0.707106781186547,-0.707106781186548));
#11797=DIRECTION('',(3.5731629454853E-16,0.707106781186547,-0.707106781186548));
#11798=DIRECTION('',(1.,0.,-5.06488626677322E-17));
#11799=DIRECTION('center_axis',(3.58141542517396E-17,-0.707106781186548,
0.707106781186547));
#11800=DIRECTION('ref_axis',(3.5731629454853E-16,-0.707106781186547,-0.707106781186548));
#11801=DIRECTION('',(1.,0.,-5.06488626677322E-17));
#11802=DIRECTION('',(3.5731629454853E-16,-0.707106781186547,-0.707106781186548));
#11803=DIRECTION('center_axis',(0.,-1.,0.));
#11804=DIRECTION('ref_axis',(-1.,0.,0.));
#11805=DIRECTION('',(-0.707106781186548,-0.707106781186547,0.));
#11806=DIRECTION('center_axis',(0.,1.,0.));
#11807=DIRECTION('ref_axis',(-1.,0.,8.37904093235802E-16));
#11808=DIRECTION('center_axis',(0.,1.,0.));
#11809=DIRECTION('ref_axis',(-1.,0.,0.));
#11810=DIRECTION('',(-0.707106781186548,0.707106781186547,0.));
#11811=DIRECTION('center_axis',(0.,1.,0.));
#11812=DIRECTION('ref_axis',(-1.,0.,1.64477455732409E-15));
#11813=DIRECTION('center_axis',(0.,1.,0.));
#11814=DIRECTION('ref_axis',(-1.,0.,0.));
#11815=DIRECTION('',(0.,1.,0.));
#11816=DIRECTION('center_axis',(0.,1.,0.));
#11817=DIRECTION('ref_axis',(-1.,0.,1.64477455732409E-15));
#11818=DIRECTION('center_axis',(0.,-1.,0.));
#11819=DIRECTION('ref_axis',(-1.,0.,0.));
#11820=DIRECTION('',(0.707106781186548,0.707106781186547,0.));
#11821=DIRECTION('center_axis',(0.,1.,0.));
#11822=DIRECTION('ref_axis',(-1.,0.,0.));
#11823=DIRECTION('',(0.707106781186548,-0.707106781186547,0.));
#11824=DIRECTION('center_axis',(0.,1.,0.));
#11825=DIRECTION('ref_axis',(-1.,0.,8.37904093235802E-16));
#11826=DIRECTION('center_axis',(0.,1.,0.));
#11827=DIRECTION('ref_axis',(-1.,0.,0.));
#11828=DIRECTION('',(0.,-1.,0.));
#11829=DIRECTION('center_axis',(-0.707106781186547,0.707106781186548,0.));
#11830=DIRECTION('ref_axis',(-0.707106781186548,-0.707106781186547,0.));
#11831=DIRECTION('',(0.707106781186548,0.707106781186547,0.));
#11832=DIRECTION('',(0.,0.,1.));
#11833=DIRECTION('center_axis',(0.707106781186547,0.707106781186548,0.));
#11834=DIRECTION('ref_axis',(-0.707106781186548,0.707106781186547,0.));
#11835=DIRECTION('',(0.707106781186548,-0.707106781186547,0.));
#11836=DIRECTION('',(0.,0.,1.));
#11837=DIRECTION('center_axis',(1.,0.,0.));
#11838=DIRECTION('ref_axis',(0.,1.,0.));
#11839=DIRECTION('',(0.,-1.,0.));
#11840=DIRECTION('',(0.,0.,1.));
#11841=DIRECTION('center_axis',(0.707106781186547,-0.707106781186548,0.));
#11842=DIRECTION('ref_axis',(0.707106781186548,0.707106781186547,0.));
#11843=DIRECTION('',(-0.707106781186548,-0.707106781186547,0.));
#11844=DIRECTION('center_axis',(0.,-1.,0.));
#11845=DIRECTION('ref_axis',(1.,0.,0.));
#11846=DIRECTION('',(5.0532154980743E-16,0.,-1.));
#11847=DIRECTION('center_axis',(-0.707106781186547,-0.707106781186548,0.));
#11848=DIRECTION('ref_axis',(0.707106781186548,-0.707106781186547,0.));
#11849=DIRECTION('',(-0.707106781186548,0.707106781186547,0.));
#11850=DIRECTION('',(0.,0.,1.));
#11851=DIRECTION('center_axis',(-1.,0.,0.));
#11852=DIRECTION('ref_axis',(0.,-1.,0.));
#11853=DIRECTION('',(0.,1.,0.));
#11854=DIRECTION('center_axis',(1.,0.,5.0532154980743E-16));
#11855=DIRECTION('ref_axis',(5.0532154980743E-16,0.,-1.));
#11856=DIRECTION('center_axis',(0.,0.,1.));
#11857=DIRECTION('ref_axis',(1.,0.,0.));
#11858=DIRECTION('center_axis',(0.,1.,0.));
#11859=DIRECTION('ref_axis',(-1.,0.,0.));
#11860=DIRECTION('',(1.,0.,0.));
#11861=DIRECTION('center_axis',(2.161544744604E-16,1.,-2.161544744604E-16));
#11862=DIRECTION('ref_axis',(-1.,1.79068229778252E-16,0.));
#11863=DIRECTION('',(0.,0.,1.));
#11864=DIRECTION('',(1.,0.,0.));
#11865=DIRECTION('',(0.,0.,1.));
#11866=DIRECTION('center_axis',(1.3675078996474E-16,1.,-1.3675078996474E-16));
#11867=DIRECTION('ref_axis',(-1.,1.1328806373726E-16,-9.06304509898076E-16));
#11868=DIRECTION('',(1.,0.,0.));
#11869=DIRECTION('center_axis',(0.,1.,0.));
#11870=DIRECTION('ref_axis',(-1.,0.,0.));
#11871=DIRECTION('',(1.,0.,0.));
#11872=DIRECTION('',(-6.12323399573677E-17,0.,1.));
#11873=DIRECTION('',(1.,0.,0.));
#11874=DIRECTION('center_axis',(0.,0.707106781186548,-0.707106781186548));
#11875=DIRECTION('ref_axis',(-4.32978028117747E-17,0.707106781186548,0.707106781186548));
#11876=DIRECTION('',(1.,0.,0.));
#11877=DIRECTION('',(-4.32978028117747E-17,0.707106781186547,0.707106781186547));
#11878=DIRECTION('center_axis',(0.,0.707106781186548,-0.707106781186548));
#11879=DIRECTION('ref_axis',(-4.32978028117747E-17,0.707106781186548,0.707106781186548));
#11880=DIRECTION('',(-4.32978028117747E-17,0.707106781186547,0.707106781186547));
#11881=DIRECTION('',(1.,0.,0.));
#11882=DIRECTION('center_axis',(0.,0.,-1.));
#11883=DIRECTION('ref_axis',(0.,1.,0.));
#11884=DIRECTION('',(1.,0.,0.));
#11885=DIRECTION('',(0.,1.,0.));
#11886=DIRECTION('center_axis',(0.,0.707106781186548,0.707106781186548));
#11887=DIRECTION('ref_axis',(-4.32978028117747E-17,-0.707106781186548,0.707106781186548));
#11888=DIRECTION('',(-4.32978028117747E-17,-0.707106781186547,0.707106781186547));
#11889=DIRECTION('',(1.,0.,0.));
#11890=DIRECTION('center_axis',(0.,0.707106781186548,0.707106781186548));
#11891=DIRECTION('ref_axis',(-4.32978028117747E-17,-0.707106781186548,0.707106781186548));
#11892=DIRECTION('',(1.,0.,0.));
#11893=DIRECTION('',(-4.32978028117747E-17,-0.707106781186547,0.707106781186547));
#11894=DIRECTION('center_axis',(0.,-0.707106781186548,-0.707106781186548));
#11895=DIRECTION('ref_axis',(4.32978028117747E-17,0.707106781186548,-0.707106781186548));
#11896=DIRECTION('',(1.,0.,0.));
#11897=DIRECTION('',(4.32978028117747E-17,0.707106781186547,-0.707106781186547));
#11898=DIRECTION('center_axis',(0.,0.,1.));
#11899=DIRECTION('ref_axis',(0.,-1.,0.));
#11900=DIRECTION('',(0.,-1.,0.));
#11901=DIRECTION('',(1.,0.,0.));
#11902=DIRECTION('center_axis',(0.,0.,1.));
#11903=DIRECTION('ref_axis',(0.,-1.,0.));
#11904=DIRECTION('',(1.,0.,0.));
#11905=DIRECTION('',(0.,-1.,0.));
#11906=DIRECTION('center_axis',(0.,-1.,0.));
#11907=DIRECTION('ref_axis',(1.,0.,0.));
#11908=DIRECTION('',(1.,0.,0.));
#11909=DIRECTION('center_axis',(-1.3675078996474E-16,1.,1.3675078996474E-16));
#11910=DIRECTION('ref_axis',(-1.,-1.1328806373726E-16,-9.06304509898076E-16));
#11911=DIRECTION('',(0.,0.,1.));
#11912=DIRECTION('',(-1.,0.,0.));
#11913=DIRECTION('',(0.,0.,1.));
#11914=DIRECTION('center_axis',(-2.161544744604E-16,1.,2.161544744604E-16));
#11915=DIRECTION('ref_axis',(-1.,-1.79068229778252E-16,0.));
#11916=DIRECTION('center_axis',(0.,-0.707106781186548,0.707106781186548));
#11917=DIRECTION('ref_axis',(4.32978028117747E-17,-0.707106781186548,-0.707106781186548));
#11918=DIRECTION('',(4.32978028117747E-17,-0.707106781186547,-0.707106781186547));
#11919=DIRECTION('center_axis',(0.,0.,-1.));
#11920=DIRECTION('ref_axis',(0.,1.,0.));
#11921=DIRECTION('',(0.,1.,0.));
#11922=DIRECTION('',(1.,0.,0.));
#11923=DIRECTION('center_axis',(0.,-0.707106781186548,-0.707106781186548));
#11924=DIRECTION('ref_axis',(4.32978028117747E-17,0.707106781186548,-0.707106781186548));
#11925=DIRECTION('',(4.32978028117747E-17,0.707106781186547,-0.707106781186547));
#11926=DIRECTION('',(1.,0.,0.));
#11927=DIRECTION('center_axis',(0.,-0.707106781186548,0.707106781186548));
#11928=DIRECTION('ref_axis',(4.32978028117747E-17,-0.707106781186548,-0.707106781186548));
#11929=DIRECTION('',(1.,0.,0.));
#11930=DIRECTION('',(4.32978028117747E-17,-0.707106781186547,-0.707106781186547));
#11931=DIRECTION('center_axis',(0.,1.,0.));
#11932=DIRECTION('ref_axis',(-1.,0.,0.));
#11933=DIRECTION('',(-0.707106781186547,0.707106781186547,0.));
#11934=DIRECTION('center_axis',(1.24088679782822E-16,1.,-1.24088679782822E-16));
#11935=DIRECTION('ref_axis',(-1.,1.02798428206034E-16,1.64477485129654E-15));
#11936=DIRECTION('center_axis',(0.,1.,0.));
#11937=DIRECTION('ref_axis',(-1.,0.,0.));
#11938=DIRECTION('',(0.,1.,0.));
#11939=DIRECTION('center_axis',(-1.24088679782822E-16,1.,1.24088679782822E-16));
#11940=DIRECTION('ref_axis',(-1.,-1.02798428206034E-16,1.64477485129654E-15));
#11941=DIRECTION('center_axis',(0.,-1.,0.));
#11942=DIRECTION('ref_axis',(-1.,0.,0.));
#11943=DIRECTION('',(0.707106781186547,0.707106781186547,0.));
#11944=DIRECTION('center_axis',(0.,1.,0.));
#11945=DIRECTION('ref_axis',(-1.,0.,0.));
#11946=DIRECTION('',(0.707106781186547,-0.707106781186547,0.));
#11947=DIRECTION('center_axis',(-6.32149878138892E-17,1.,6.32149878138892E-17));
#11948=DIRECTION('ref_axis',(-1.,-5.23690105955256E-17,8.3790416952841E-16));
#11949=DIRECTION('center_axis',(0.,1.,0.));
#11950=DIRECTION('ref_axis',(-1.,0.,0.));
#11951=DIRECTION('',(0.,-1.,0.));
#11952=DIRECTION('center_axis',(6.32149878138892E-17,1.,-6.32149878138892E-17));
#11953=DIRECTION('ref_axis',(-1.,5.23690105955256E-17,8.3790416952841E-16));
#11954=DIRECTION('center_axis',(0.,-1.,0.));
#11955=DIRECTION('ref_axis',(-1.,0.,0.));
#11956=DIRECTION('',(-0.707106781186547,-0.707106781186547,0.));
#11957=DIRECTION('center_axis',(0.707106781186548,0.707106781186548,0.));
#11958=DIRECTION('ref_axis',(-0.707106781186548,0.707106781186548,0.));
#11959=DIRECTION('',(0.707106781186547,-0.707106781186547,0.));
#11960=DIRECTION('',(0.,0.,1.));
#11961=DIRECTION('center_axis',(1.,0.,0.));
#11962=DIRECTION('ref_axis',(0.,1.,0.));
#11963=DIRECTION('',(0.,-1.,0.));
#11964=DIRECTION('',(0.,0.,1.));
#11965=DIRECTION('center_axis',(0.707106781186548,-0.707106781186548,0.));
#11966=DIRECTION('ref_axis',(0.707106781186548,0.707106781186548,0.));
#11967=DIRECTION('',(-0.707106781186547,-0.707106781186547,0.));
#11968=DIRECTION('center_axis',(0.,-1.,0.));
#11969=DIRECTION('ref_axis',(1.,0.,0.));
#11970=DIRECTION('',(6.12323399573677E-17,0.,-1.));
#11971=DIRECTION('center_axis',(-0.707106781186548,-0.707106781186548,0.));
#11972=DIRECTION('ref_axis',(0.707106781186548,-0.707106781186548,0.));
#11973=DIRECTION('',(-0.707106781186547,0.707106781186547,0.));
#11974=DIRECTION('',(0.,0.,1.));
#11975=DIRECTION('center_axis',(-1.,0.,0.));
#11976=DIRECTION('ref_axis',(0.,-1.,0.));
#11977=DIRECTION('',(0.,1.,0.));
#11978=DIRECTION('',(0.,0.,1.));
#11979=DIRECTION('center_axis',(-0.707106781186548,0.707106781186548,0.));
#11980=DIRECTION('ref_axis',(-0.707106781186548,-0.707106781186548,0.));
#11981=DIRECTION('',(0.707106781186547,0.707106781186547,0.));
#11982=DIRECTION('center_axis',(1.,0.,6.12323399573677E-17));
#11983=DIRECTION('ref_axis',(6.12323399573677E-17,0.,-1.));
#11984=DIRECTION('center_axis',(0.,0.,1.));
#11985=DIRECTION('ref_axis',(1.,0.,0.));
#11986=DIRECTION('center_axis',(0.,1.,0.));
#11987=DIRECTION('ref_axis',(-1.,0.,0.));
#11988=DIRECTION('',(1.,0.,0.));
#11989=DIRECTION('center_axis',(0.,1.,0.));
#11990=DIRECTION('ref_axis',(-1.,0.,0.));
#11991=DIRECTION('',(0.,0.,1.));
#11992=DIRECTION('',(1.,0.,0.));
#11993=DIRECTION('',(0.,0.,1.));
#11994=DIRECTION('center_axis',(0.,1.,0.));
#11995=DIRECTION('ref_axis',(-1.,0.,9.06304465269599E-16));
#11996=DIRECTION('',(1.,0.,0.));
#11997=DIRECTION('center_axis',(0.,1.,0.));
#11998=DIRECTION('ref_axis',(-1.,0.,0.));
#11999=DIRECTION('',(1.,0.,0.));
#12000=DIRECTION('',(1.04899068466779E-15,0.,1.));
#12001=DIRECTION('',(1.,0.,0.));
#12002=DIRECTION('center_axis',(0.,0.707106781186548,-0.707106781186547));
#12003=DIRECTION('ref_axis',(7.41748426530113E-16,0.707106781186547,0.707106781186548));
#12004=DIRECTION('',(1.,0.,0.));
#12005=DIRECTION('',(7.41748426530113E-16,0.707106781186547,0.707106781186548));
#12006=DIRECTION('center_axis',(0.,0.707106781186548,-0.707106781186547));
#12007=DIRECTION('ref_axis',(7.41748426530113E-16,0.707106781186547,0.707106781186548));
#12008=DIRECTION('',(7.41748426530113E-16,0.707106781186547,0.707106781186548));
#12009=DIRECTION('',(1.,0.,0.));
#12010=DIRECTION('center_axis',(0.,0.,-1.));
#12011=DIRECTION('ref_axis',(0.,1.,0.));
#12012=DIRECTION('',(1.,0.,0.));
#12013=DIRECTION('',(0.,1.,0.));
#12014=DIRECTION('center_axis',(0.,0.707106781186548,0.707106781186547));
#12015=DIRECTION('ref_axis',(7.41748426530113E-16,-0.707106781186547,0.707106781186548));
#12016=DIRECTION('',(7.41748426530113E-16,-0.707106781186547,0.707106781186548));
#12017=DIRECTION('',(1.,0.,0.));
#12018=DIRECTION('center_axis',(0.,0.707106781186548,0.707106781186547));
#12019=DIRECTION('ref_axis',(7.41748426530113E-16,-0.707106781186547,0.707106781186548));
#12020=DIRECTION('',(1.,0.,0.));
#12021=DIRECTION('',(7.41748426530113E-16,-0.707106781186547,0.707106781186548));
#12022=DIRECTION('center_axis',(0.,-0.707106781186548,-0.707106781186547));
#12023=DIRECTION('ref_axis',(-7.41748426530113E-16,0.707106781186547,-0.707106781186548));
#12024=DIRECTION('',(1.,0.,0.));
#12025=DIRECTION('',(-7.41748426530113E-16,0.707106781186547,-0.707106781186548));
#12026=DIRECTION('center_axis',(0.,0.,1.));
#12027=DIRECTION('ref_axis',(0.,-1.,0.));
#12028=DIRECTION('',(0.,-1.,0.));
#12029=DIRECTION('',(1.,0.,0.));
#12030=DIRECTION('center_axis',(0.,0.,1.));
#12031=DIRECTION('ref_axis',(0.,-1.,0.));
#12032=DIRECTION('',(1.,0.,0.));
#12033=DIRECTION('',(0.,-1.,0.));
#12034=DIRECTION('center_axis',(0.,-1.,0.));
#12035=DIRECTION('ref_axis',(1.,0.,0.));
#12036=DIRECTION('',(1.,0.,0.));
#12037=DIRECTION('center_axis',(0.,1.,0.));
#12038=DIRECTION('ref_axis',(-1.,0.,9.06304465269599E-16));
#12039=DIRECTION('',(0.,0.,1.));
#12040=DIRECTION('',(-1.,0.,0.));
#12041=DIRECTION('',(0.,0.,1.));
#12042=DIRECTION('center_axis',(0.,1.,0.));
#12043=DIRECTION('ref_axis',(-1.,0.,0.));
#12044=DIRECTION('center_axis',(0.,-0.707106781186548,0.707106781186547));
#12045=DIRECTION('ref_axis',(-7.41748426530113E-16,-0.707106781186547,-0.707106781186548));
#12046=DIRECTION('',(-7.41748426530113E-16,-0.707106781186547,-0.707106781186548));
#12047=DIRECTION('center_axis',(0.,0.,-1.));
#12048=DIRECTION('ref_axis',(0.,1.,0.));
#12049=DIRECTION('',(0.,1.,0.));
#12050=DIRECTION('',(1.,0.,0.));
#12051=DIRECTION('center_axis',(0.,-0.707106781186548,-0.707106781186547));
#12052=DIRECTION('ref_axis',(-7.41748426530113E-16,0.707106781186547,-0.707106781186548));
#12053=DIRECTION('',(-7.41748426530113E-16,0.707106781186547,-0.707106781186548));
#12054=DIRECTION('',(1.,0.,0.));
#12055=DIRECTION('center_axis',(0.,-0.707106781186548,0.707106781186547));
#12056=DIRECTION('ref_axis',(-7.41748426530113E-16,-0.707106781186547,-0.707106781186548));
#12057=DIRECTION('',(1.,0.,0.));
#12058=DIRECTION('',(-7.41748426530113E-16,-0.707106781186547,-0.707106781186548));
#12059=DIRECTION('center_axis',(0.,-1.,0.));
#12060=DIRECTION('ref_axis',(-1.,0.,-1.11022302462516E-15));
#12061=DIRECTION('',(-0.707106781186548,-0.707106781186547,0.));
#12062=DIRECTION('center_axis',(0.,1.,0.));
#12063=DIRECTION('ref_axis',(-1.,0.,0.));
#12064=DIRECTION('center_axis',(0.,1.,0.));
#12065=DIRECTION('ref_axis',(-1.,0.,-1.11022302462516E-15));
#12066=DIRECTION('',(-0.707106781186548,0.707106781186547,0.));
#12067=DIRECTION('center_axis',(0.,1.,0.));
#12068=DIRECTION('ref_axis',(-1.,0.,0.));
#12069=DIRECTION('center_axis',(0.,1.,0.));
#12070=DIRECTION('ref_axis',(-1.,0.,-1.11022302462516E-15));
#12071=DIRECTION('',(0.,1.,0.));
#12072=DIRECTION('center_axis',(0.,1.,0.));
#12073=DIRECTION('ref_axis',(-1.,0.,0.));
#12074=DIRECTION('center_axis',(0.,-1.,0.));
#12075=DIRECTION('ref_axis',(-1.,0.,-1.11022302462516E-15));
#12076=DIRECTION('',(0.707106781186548,0.707106781186547,0.));
#12077=DIRECTION('center_axis',(0.,1.,0.));
#12078=DIRECTION('ref_axis',(-1.,0.,-1.11022302462516E-15));
#12079=DIRECTION('',(0.707106781186548,-0.707106781186547,0.));
#12080=DIRECTION('center_axis',(0.,1.,0.));
#12081=DIRECTION('ref_axis',(-1.,0.,0.));
#12082=DIRECTION('center_axis',(0.,1.,0.));
#12083=DIRECTION('ref_axis',(-1.,0.,-1.11022302462516E-15));
#12084=DIRECTION('',(0.,-1.,0.));
#12085=DIRECTION('center_axis',(-0.707106781186547,0.707106781186548,0.));
#12086=DIRECTION('ref_axis',(-0.707106781186548,-0.707106781186547,0.));
#12087=DIRECTION('',(0.707106781186548,0.707106781186547,0.));
#12088=DIRECTION('',(0.,0.,1.));
#12089=DIRECTION('center_axis',(0.707106781186547,0.707106781186548,0.));
#12090=DIRECTION('ref_axis',(-0.707106781186548,0.707106781186547,0.));
#12091=DIRECTION('',(0.707106781186548,-0.707106781186547,0.));
#12092=DIRECTION('',(0.,0.,1.));
#12093=DIRECTION('center_axis',(1.,0.,0.));
#12094=DIRECTION('ref_axis',(0.,1.,0.));
#12095=DIRECTION('',(0.,-1.,0.));
#12096=DIRECTION('',(0.,0.,1.));
#12097=DIRECTION('center_axis',(0.707106781186547,-0.707106781186548,0.));
#12098=DIRECTION('ref_axis',(0.707106781186548,0.707106781186547,0.));
#12099=DIRECTION('',(-0.707106781186548,-0.707106781186547,0.));
#12100=DIRECTION('center_axis',(0.,-1.,0.));
#12101=DIRECTION('ref_axis',(1.,0.,0.));
#12102=DIRECTION('',(-1.04899068466779E-15,0.,-1.));
#12103=DIRECTION('center_axis',(-0.707106781186547,-0.707106781186548,0.));
#12104=DIRECTION('ref_axis',(0.707106781186548,-0.707106781186547,0.));
#12105=DIRECTION('',(-0.707106781186548,0.707106781186547,0.));
#12106=DIRECTION('',(0.,0.,1.));
#12107=DIRECTION('center_axis',(-1.,0.,0.));
#12108=DIRECTION('ref_axis',(0.,-1.,0.));
#12109=DIRECTION('',(0.,1.,0.));
#12110=DIRECTION('center_axis',(1.,0.,-1.04899068466779E-15));
#12111=DIRECTION('ref_axis',(-1.04899068466779E-15,0.,-1.));
#12112=DIRECTION('center_axis',(0.,0.,1.));
#12113=DIRECTION('ref_axis',(1.,0.,0.));
#12114=DIRECTION('center_axis',(1.,0.,0.));
#12115=DIRECTION('ref_axis',(0.,0.,-1.));
#12116=DIRECTION('',(0.,1.,0.));
#12117=DIRECTION('',(0.,0.707106781186548,0.707106781186547));
#12118=DIRECTION('',(0.,-1.25780554149376E-16,1.));
#12119=DIRECTION('',(0.,-0.707106781186547,0.707106781186548));
#12120=DIRECTION('',(0.,-1.,0.));
#12121=DIRECTION('',(0.,-0.707106781186547,-0.707106781186548));
#12122=DIRECTION('',(0.,0.,-1.));
#12123=DIRECTION('',(0.,0.707106781186548,-0.707106781186547));
#12124=DIRECTION('',(0.,-0.707106781186547,-0.707106781186548));
#12125=DIRECTION('',(0.,-1.,0.));
#12126=DIRECTION('',(0.,-0.707106781186547,0.707106781186548));
#12127=DIRECTION('',(0.,0.,1.));
#12128=DIRECTION('',(0.,0.707106781186547,0.707106781186548));
#12129=DIRECTION('',(0.,1.,0.));
#12130=DIRECTION('',(0.,0.707106781186547,-0.707106781186548));
#12131=DIRECTION('',(0.,0.,-1.));
#12132=DIRECTION('',(0.,-0.707106781186548,-0.707106781186548));
#12133=DIRECTION('',(0.,-1.,0.));
#12134=DIRECTION('',(0.,-0.707106781186548,0.707106781186548));
#12135=DIRECTION('',(0.,0.,1.));
#12136=DIRECTION('',(0.,0.707106781186548,0.707106781186548));
#12137=DIRECTION('',(0.,1.,0.));
#12138=DIRECTION('',(0.,0.707106781186548,-0.707106781186548));
#12139=DIRECTION('',(0.,0.,-1.));
#12140=DIRECTION('',(0.,-0.707106781186547,-0.707106781186548));
#12141=DIRECTION('',(0.,-1.,0.));
#12142=DIRECTION('',(0.,-0.707106781186547,0.707106781186548));
#12143=DIRECTION('',(0.,0.,1.));
#12144=DIRECTION('',(0.,0.707106781186547,0.707106781186548));
#12145=DIRECTION('',(0.,1.,0.));
#12146=DIRECTION('',(0.,0.707106781186547,-0.707106781186548));
#12147=DIRECTION('',(0.,0.,-1.));
#12148=DIRECTION('center_axis',(1.,0.,0.));
#12149=DIRECTION('ref_axis',(0.,1.,0.));
#12150=DIRECTION('',(0.,1.,0.));
#12151=DIRECTION('',(0.,-0.707106781186548,0.707106781186547));
#12152=DIRECTION('',(0.,0.,-1.));
#12153=DIRECTION('',(0.,-0.707106781186547,-0.707106781186548));
#12154=DIRECTION('',(0.,-1.,0.));
#12155=DIRECTION('',(0.,-0.707106781186547,0.707106781186548));
#12156=DIRECTION('',(0.,-1.25780554149376E-16,1.));
#12157=DIRECTION('',(0.,0.707106781186548,0.707106781186547));
#12158=DIRECTION('',(0.,0.707106781186547,0.707106781186548));
#12159=DIRECTION('',(0.,0.,1.));
#12160=DIRECTION('',(0.,-0.707106781186547,0.707106781186548));
#12161=DIRECTION('',(0.,-1.,0.));
#12162=DIRECTION('',(0.,-0.707106781186547,-0.707106781186548));
#12163=DIRECTION('',(0.,0.,-1.));
#12164=DIRECTION('',(0.,0.707106781186547,-0.707106781186548));
#12165=DIRECTION('',(0.,1.,0.));
#12166=DIRECTION('',(0.,0.707106781186548,0.707106781186548));
#12167=DIRECTION('',(0.,0.,1.));
#12168=DIRECTION('',(0.,-0.707106781186548,0.707106781186548));
#12169=DIRECTION('',(0.,-1.,0.));
#12170=DIRECTION('',(0.,-0.707106781186548,-0.707106781186548));
#12171=DIRECTION('',(0.,0.,-1.));
#12172=DIRECTION('',(0.,0.707106781186548,-0.707106781186548));
#12173=DIRECTION('',(0.,1.,0.));
#12174=DIRECTION('',(0.,0.707106781186547,0.707106781186548));
#12175=DIRECTION('',(0.,0.,1.));
#12176=DIRECTION('',(0.,-0.707106781186547,0.707106781186548));
#12177=DIRECTION('',(0.,-1.,0.));
#12178=DIRECTION('',(0.,-0.707106781186547,-0.707106781186548));
#12179=DIRECTION('',(0.,0.,-1.));
#12180=DIRECTION('',(0.,0.707106781186547,-0.707106781186548));
#12181=DIRECTION('',(0.,1.,0.));
#12182=DIRECTION('center_axis',(0.,-0.707106781186547,-0.707106781186548));
#12183=DIRECTION('ref_axis',(0.,0.707106781186548,-0.707106781186547));
#12184=DIRECTION('',(1.,0.,0.));
#12185=DIRECTION('',(1.,0.,0.));
#12186=DIRECTION('center_axis',(0.,-1.,0.));
#12187=DIRECTION('ref_axis',(0.,0.,-1.));
#12188=DIRECTION('',(1.,0.,0.));
#12189=DIRECTION('center_axis',(0.,-0.707106781186548,0.707106781186547));
#12190=DIRECTION('ref_axis',(0.,-0.707106781186547,-0.707106781186548));
#12191=DIRECTION('',(1.,0.,0.));
#12192=DIRECTION('center_axis',(0.,0.,1.));
#12193=DIRECTION('ref_axis',(0.,-1.,0.));
#12194=DIRECTION('',(1.,0.,0.));
#12195=DIRECTION('center_axis',(0.,0.707106781186548,0.707106781186547));
#12196=DIRECTION('ref_axis',(0.,-0.707106781186547,0.707106781186548));
#12197=DIRECTION('',(1.,0.,0.));
#12198=DIRECTION('center_axis',(0.,1.,1.25780554149376E-16));
#12199=DIRECTION('ref_axis',(0.,-1.25780554149376E-16,1.));
#12200=DIRECTION('',(1.,0.,0.));
#12201=DIRECTION('center_axis',(0.,0.707106781186547,-0.707106781186548));
#12202=DIRECTION('ref_axis',(0.,0.707106781186548,0.707106781186547));
#12203=DIRECTION('',(1.,0.,0.));
#12204=DIRECTION('center_axis',(0.,0.,-1.));
#12205=DIRECTION('ref_axis',(0.,1.,0.));
#12206=DIRECTION('center_axis',(0.,1.,0.));
#12207=DIRECTION('ref_axis',(-1.,0.,0.));
#12208=DIRECTION('',(1.,0.,-5.06488626677322E-17));
#12209=DIRECTION('center_axis',(0.,1.,0.));
#12210=DIRECTION('ref_axis',(-1.,0.,0.));
#12211=DIRECTION('',(0.,0.,1.));
#12212=DIRECTION('',(1.,0.,0.));
#12213=DIRECTION('',(0.,0.,1.));
#12214=DIRECTION('center_axis',(0.,1.,0.));
#12215=DIRECTION('ref_axis',(-1.,0.,0.));
#12216=DIRECTION('',(1.,0.,-5.06488626677322E-17));
#12217=DIRECTION('center_axis',(0.,1.,0.));
#12218=DIRECTION('ref_axis',(-1.,0.,0.));
#12219=DIRECTION('',(1.,0.,-5.06488626677322E-17));
#12220=DIRECTION('',(-5.0532154980743E-16,0.,1.));
#12221=DIRECTION('',(1.,0.,-5.06488626677322E-17));
#12222=DIRECTION('center_axis',(-3.58141542517396E-17,0.707106781186548,
-0.707106781186547));
#12223=DIRECTION('ref_axis',(-3.5731629454853E-16,0.707106781186547,0.707106781186548));
#12224=DIRECTION('',(1.,0.,-5.06488626677322E-17));
#12225=DIRECTION('',(-3.5731629454853E-16,0.707106781186547,0.707106781186548));
#12226=DIRECTION('center_axis',(-3.58141542517396E-17,0.707106781186548,
-0.707106781186547));
#12227=DIRECTION('ref_axis',(-3.5731629454853E-16,0.707106781186547,0.707106781186548));
#12228=DIRECTION('',(-3.5731629454853E-16,0.707106781186547,0.707106781186548));
#12229=DIRECTION('',(1.,0.,-5.06488626677322E-17));
#12230=DIRECTION('center_axis',(-5.06488626677322E-17,0.,-1.));
#12231=DIRECTION('ref_axis',(0.,1.,0.));
#12232=DIRECTION('',(1.,0.,-5.06488626677322E-17));
#12233=DIRECTION('',(0.,1.,0.));
#12234=DIRECTION('center_axis',(3.58141542517396E-17,0.707106781186548,
0.707106781186547));
#12235=DIRECTION('ref_axis',(-3.5731629454853E-16,-0.707106781186547,0.707106781186548));
#12236=DIRECTION('',(-3.5731629454853E-16,-0.707106781186547,0.707106781186548));
#12237=DIRECTION('',(1.,0.,-5.06488626677322E-17));
#12238=DIRECTION('center_axis',(3.58141542517396E-17,0.707106781186548,
0.707106781186547));
#12239=DIRECTION('ref_axis',(-3.5731629454853E-16,-0.707106781186547,0.707106781186548));
#12240=DIRECTION('',(1.,0.,-5.06488626677322E-17));
#12241=DIRECTION('',(-3.5731629454853E-16,-0.707106781186547,0.707106781186548));
#12242=DIRECTION('center_axis',(-3.58141542517396E-17,-0.707106781186548,
-0.707106781186547));
#12243=DIRECTION('ref_axis',(3.5731629454853E-16,0.707106781186547,-0.707106781186548));
#12244=DIRECTION('',(1.,0.,-5.06488626677322E-17));
#12245=DIRECTION('',(3.5731629454853E-16,0.707106781186547,-0.707106781186548));
#12246=DIRECTION('center_axis',(5.06488626677322E-17,0.,1.));
#12247=DIRECTION('ref_axis',(0.,-1.,0.));
#12248=DIRECTION('',(0.,-1.,0.));
#12249=DIRECTION('',(1.,0.,-5.06488626677322E-17));
#12250=DIRECTION('center_axis',(5.06488626677322E-17,0.,1.));
#12251=DIRECTION('ref_axis',(0.,-1.,0.));
#12252=DIRECTION('',(1.,0.,-5.06488626677322E-17));
#12253=DIRECTION('',(0.,-1.,0.));
#12254=DIRECTION('center_axis',(0.,-1.,0.));
#12255=DIRECTION('ref_axis',(1.,0.,0.));
#12256=DIRECTION('',(1.,0.,-5.06488626677322E-17));
#12257=DIRECTION('center_axis',(0.,1.,0.));
#12258=DIRECTION('ref_axis',(-1.,0.,0.));
#12259=DIRECTION('',(0.,0.,1.));
#12260=DIRECTION('',(-1.,0.,0.));
#12261=DIRECTION('',(0.,0.,1.));
#12262=DIRECTION('center_axis',(0.,1.,0.));
#12263=DIRECTION('ref_axis',(-1.,0.,0.));
#12264=DIRECTION('center_axis',(3.58141542517396E-17,-0.707106781186548,
0.707106781186547));
#12265=DIRECTION('ref_axis',(3.5731629454853E-16,-0.707106781186547,-0.707106781186548));
#12266=DIRECTION('',(3.5731629454853E-16,-0.707106781186547,-0.707106781186548));
#12267=DIRECTION('center_axis',(-5.06488626677322E-17,0.,-1.));
#12268=DIRECTION('ref_axis',(0.,1.,0.));
#12269=DIRECTION('',(0.,1.,0.));
#12270=DIRECTION('',(1.,0.,-5.06488626677322E-17));
#12271=DIRECTION('center_axis',(-3.58141542517396E-17,-0.707106781186548,
-0.707106781186547));
#12272=DIRECTION('ref_axis',(3.5731629454853E-16,0.707106781186547,-0.707106781186548));
#12273=DIRECTION('',(3.5731629454853E-16,0.707106781186547,-0.707106781186548));
#12274=DIRECTION('',(1.,0.,-5.06488626677322E-17));
#12275=DIRECTION('center_axis',(3.58141542517396E-17,-0.707106781186548,
0.707106781186547));
#12276=DIRECTION('ref_axis',(3.5731629454853E-16,-0.707106781186547,-0.707106781186548));
#12277=DIRECTION('',(1.,0.,-5.06488626677322E-17));
#12278=DIRECTION('',(3.5731629454853E-16,-0.707106781186547,-0.707106781186548));
#12279=DIRECTION('center_axis',(0.,-1.,0.));
#12280=DIRECTION('ref_axis',(-1.,0.,0.));
#12281=DIRECTION('',(-0.707106781186548,-0.707106781186547,0.));
#12282=DIRECTION('center_axis',(0.,1.,0.));
#12283=DIRECTION('ref_axis',(-1.,0.,8.37904093235802E-16));
#12284=DIRECTION('center_axis',(0.,1.,0.));
#12285=DIRECTION('ref_axis',(-1.,0.,0.));
#12286=DIRECTION('',(-0.707106781186548,0.707106781186547,0.));
#12287=DIRECTION('center_axis',(0.,1.,0.));
#12288=DIRECTION('ref_axis',(-1.,0.,1.64477455732409E-15));
#12289=DIRECTION('center_axis',(0.,1.,0.));
#12290=DIRECTION('ref_axis',(-1.,0.,0.));
#12291=DIRECTION('',(0.,1.,0.));
#12292=DIRECTION('center_axis',(0.,1.,0.));
#12293=DIRECTION('ref_axis',(-1.,0.,1.64477455732409E-15));
#12294=DIRECTION('center_axis',(0.,-1.,0.));
#12295=DIRECTION('ref_axis',(-1.,0.,0.));
#12296=DIRECTION('',(0.707106781186548,0.707106781186547,0.));
#12297=DIRECTION('center_axis',(0.,1.,0.));
#12298=DIRECTION('ref_axis',(-1.,0.,0.));
#12299=DIRECTION('',(0.707106781186548,-0.707106781186547,0.));
#12300=DIRECTION('center_axis',(0.,1.,0.));
#12301=DIRECTION('ref_axis',(-1.,0.,8.37904093235802E-16));
#12302=DIRECTION('center_axis',(0.,1.,0.));
#12303=DIRECTION('ref_axis',(-1.,0.,0.));
#12304=DIRECTION('',(0.,-1.,0.));
#12305=DIRECTION('center_axis',(-0.707106781186547,0.707106781186548,0.));
#12306=DIRECTION('ref_axis',(-0.707106781186548,-0.707106781186547,0.));
#12307=DIRECTION('',(0.707106781186548,0.707106781186547,0.));
#12308=DIRECTION('',(0.,0.,1.));
#12309=DIRECTION('center_axis',(0.707106781186547,0.707106781186548,0.));
#12310=DIRECTION('ref_axis',(-0.707106781186548,0.707106781186547,0.));
#12311=DIRECTION('',(0.707106781186548,-0.707106781186547,0.));
#12312=DIRECTION('',(0.,0.,1.));
#12313=DIRECTION('center_axis',(1.,0.,0.));
#12314=DIRECTION('ref_axis',(0.,1.,0.));
#12315=DIRECTION('',(0.,-1.,0.));
#12316=DIRECTION('',(0.,0.,1.));
#12317=DIRECTION('center_axis',(0.707106781186547,-0.707106781186548,0.));
#12318=DIRECTION('ref_axis',(0.707106781186548,0.707106781186547,0.));
#12319=DIRECTION('',(-0.707106781186548,-0.707106781186547,0.));
#12320=DIRECTION('center_axis',(0.,-1.,0.));
#12321=DIRECTION('ref_axis',(1.,0.,0.));
#12322=DIRECTION('',(5.0532154980743E-16,0.,-1.));
#12323=DIRECTION('center_axis',(-0.707106781186547,-0.707106781186548,0.));
#12324=DIRECTION('ref_axis',(0.707106781186548,-0.707106781186547,0.));
#12325=DIRECTION('',(-0.707106781186548,0.707106781186547,0.));
#12326=DIRECTION('',(0.,0.,1.));
#12327=DIRECTION('center_axis',(-1.,0.,0.));
#12328=DIRECTION('ref_axis',(0.,-1.,0.));
#12329=DIRECTION('',(0.,1.,0.));
#12330=DIRECTION('center_axis',(1.,0.,5.0532154980743E-16));
#12331=DIRECTION('ref_axis',(5.0532154980743E-16,0.,-1.));
#12332=DIRECTION('center_axis',(0.,0.,1.));
#12333=DIRECTION('ref_axis',(1.,0.,0.));
#12334=DIRECTION('center_axis',(0.,1.,0.));
#12335=DIRECTION('ref_axis',(-1.,0.,0.));
#12336=DIRECTION('',(1.,0.,0.));
#12337=DIRECTION('center_axis',(2.161544744604E-16,1.,-2.161544744604E-16));
#12338=DIRECTION('ref_axis',(-1.,1.79068229778252E-16,0.));
#12339=DIRECTION('',(0.,0.,1.));
#12340=DIRECTION('',(1.,0.,0.));
#12341=DIRECTION('',(0.,0.,1.));
#12342=DIRECTION('center_axis',(1.3675078996474E-16,1.,-1.3675078996474E-16));
#12343=DIRECTION('ref_axis',(-1.,1.1328806373726E-16,-9.06304509898076E-16));
#12344=DIRECTION('',(1.,0.,0.));
#12345=DIRECTION('center_axis',(0.,1.,0.));
#12346=DIRECTION('ref_axis',(-1.,0.,0.));
#12347=DIRECTION('',(1.,0.,0.));
#12348=DIRECTION('',(-6.12323399573677E-17,0.,1.));
#12349=DIRECTION('',(1.,0.,0.));
#12350=DIRECTION('center_axis',(0.,0.707106781186548,-0.707106781186548));
#12351=DIRECTION('ref_axis',(-4.32978028117747E-17,0.707106781186548,0.707106781186548));
#12352=DIRECTION('',(1.,0.,0.));
#12353=DIRECTION('',(-4.32978028117747E-17,0.707106781186547,0.707106781186547));
#12354=DIRECTION('center_axis',(0.,0.707106781186548,-0.707106781186548));
#12355=DIRECTION('ref_axis',(-4.32978028117747E-17,0.707106781186548,0.707106781186548));
#12356=DIRECTION('',(-4.32978028117747E-17,0.707106781186547,0.707106781186547));
#12357=DIRECTION('',(1.,0.,0.));
#12358=DIRECTION('center_axis',(0.,0.,-1.));
#12359=DIRECTION('ref_axis',(0.,1.,0.));
#12360=DIRECTION('',(1.,0.,0.));
#12361=DIRECTION('',(0.,1.,0.));
#12362=DIRECTION('center_axis',(0.,0.707106781186548,0.707106781186548));
#12363=DIRECTION('ref_axis',(-4.32978028117747E-17,-0.707106781186548,0.707106781186548));
#12364=DIRECTION('',(-4.32978028117747E-17,-0.707106781186547,0.707106781186547));
#12365=DIRECTION('',(1.,0.,0.));
#12366=DIRECTION('center_axis',(0.,0.707106781186548,0.707106781186548));
#12367=DIRECTION('ref_axis',(-4.32978028117747E-17,-0.707106781186548,0.707106781186548));
#12368=DIRECTION('',(1.,0.,0.));
#12369=DIRECTION('',(-4.32978028117747E-17,-0.707106781186547,0.707106781186547));
#12370=DIRECTION('center_axis',(0.,-0.707106781186548,-0.707106781186548));
#12371=DIRECTION('ref_axis',(4.32978028117747E-17,0.707106781186548,-0.707106781186548));
#12372=DIRECTION('',(1.,0.,0.));
#12373=DIRECTION('',(4.32978028117747E-17,0.707106781186547,-0.707106781186547));
#12374=DIRECTION('center_axis',(0.,0.,1.));
#12375=DIRECTION('ref_axis',(0.,-1.,0.));
#12376=DIRECTION('',(0.,-1.,0.));
#12377=DIRECTION('',(1.,0.,0.));
#12378=DIRECTION('center_axis',(0.,0.,1.));
#12379=DIRECTION('ref_axis',(0.,-1.,0.));
#12380=DIRECTION('',(1.,0.,0.));
#12381=DIRECTION('',(0.,-1.,0.));
#12382=DIRECTION('center_axis',(0.,-1.,0.));
#12383=DIRECTION('ref_axis',(1.,0.,0.));
#12384=DIRECTION('',(1.,0.,0.));
#12385=DIRECTION('center_axis',(-1.3675078996474E-16,1.,1.3675078996474E-16));
#12386=DIRECTION('ref_axis',(-1.,-1.1328806373726E-16,-9.06304509898076E-16));
#12387=DIRECTION('',(0.,0.,1.));
#12388=DIRECTION('',(-1.,0.,0.));
#12389=DIRECTION('',(0.,0.,1.));
#12390=DIRECTION('center_axis',(-2.161544744604E-16,1.,2.161544744604E-16));
#12391=DIRECTION('ref_axis',(-1.,-1.79068229778252E-16,0.));
#12392=DIRECTION('center_axis',(0.,-0.707106781186548,0.707106781186548));
#12393=DIRECTION('ref_axis',(4.32978028117747E-17,-0.707106781186548,-0.707106781186548));
#12394=DIRECTION('',(4.32978028117747E-17,-0.707106781186547,-0.707106781186547));
#12395=DIRECTION('center_axis',(0.,0.,-1.));
#12396=DIRECTION('ref_axis',(0.,1.,0.));
#12397=DIRECTION('',(0.,1.,0.));
#12398=DIRECTION('',(1.,0.,0.));
#12399=DIRECTION('center_axis',(0.,-0.707106781186548,-0.707106781186548));
#12400=DIRECTION('ref_axis',(4.32978028117747E-17,0.707106781186548,-0.707106781186548));
#12401=DIRECTION('',(4.32978028117747E-17,0.707106781186547,-0.707106781186547));
#12402=DIRECTION('',(1.,0.,0.));
#12403=DIRECTION('center_axis',(0.,-0.707106781186548,0.707106781186548));
#12404=DIRECTION('ref_axis',(4.32978028117747E-17,-0.707106781186548,-0.707106781186548));
#12405=DIRECTION('',(1.,0.,0.));
#12406=DIRECTION('',(4.32978028117747E-17,-0.707106781186547,-0.707106781186547));
#12407=DIRECTION('center_axis',(0.,1.,0.));
#12408=DIRECTION('ref_axis',(-1.,0.,0.));
#12409=DIRECTION('',(-0.707106781186547,0.707106781186547,0.));
#12410=DIRECTION('center_axis',(1.24088679782822E-16,1.,-1.24088679782822E-16));
#12411=DIRECTION('ref_axis',(-1.,1.02798428206034E-16,1.64477485129654E-15));
#12412=DIRECTION('center_axis',(0.,1.,0.));
#12413=DIRECTION('ref_axis',(-1.,0.,0.));
#12414=DIRECTION('',(0.,1.,0.));
#12415=DIRECTION('center_axis',(-1.24088679782822E-16,1.,1.24088679782822E-16));
#12416=DIRECTION('ref_axis',(-1.,-1.02798428206034E-16,1.64477485129654E-15));
#12417=DIRECTION('center_axis',(0.,-1.,0.));
#12418=DIRECTION('ref_axis',(-1.,0.,0.));
#12419=DIRECTION('',(0.707106781186547,0.707106781186547,0.));
#12420=DIRECTION('center_axis',(0.,1.,0.));
#12421=DIRECTION('ref_axis',(-1.,0.,0.));
#12422=DIRECTION('',(0.707106781186547,-0.707106781186547,0.));
#12423=DIRECTION('center_axis',(-6.32149878138892E-17,1.,6.32149878138892E-17));
#12424=DIRECTION('ref_axis',(-1.,-5.23690105955256E-17,8.3790416952841E-16));
#12425=DIRECTION('center_axis',(0.,1.,0.));
#12426=DIRECTION('ref_axis',(-1.,0.,0.));
#12427=DIRECTION('',(0.,-1.,0.));
#12428=DIRECTION('center_axis',(6.32149878138892E-17,1.,-6.32149878138892E-17));
#12429=DIRECTION('ref_axis',(-1.,5.23690105955256E-17,8.3790416952841E-16));
#12430=DIRECTION('center_axis',(0.,-1.,0.));
#12431=DIRECTION('ref_axis',(-1.,0.,0.));
#12432=DIRECTION('',(-0.707106781186547,-0.707106781186547,0.));
#12433=DIRECTION('center_axis',(0.707106781186548,0.707106781186548,0.));
#12434=DIRECTION('ref_axis',(-0.707106781186548,0.707106781186548,0.));
#12435=DIRECTION('',(0.707106781186547,-0.707106781186547,0.));
#12436=DIRECTION('',(0.,0.,1.));
#12437=DIRECTION('center_axis',(1.,0.,0.));
#12438=DIRECTION('ref_axis',(0.,1.,0.));
#12439=DIRECTION('',(0.,-1.,0.));
#12440=DIRECTION('',(0.,0.,1.));
#12441=DIRECTION('center_axis',(0.707106781186548,-0.707106781186548,0.));
#12442=DIRECTION('ref_axis',(0.707106781186548,0.707106781186548,0.));
#12443=DIRECTION('',(-0.707106781186547,-0.707106781186547,0.));
#12444=DIRECTION('center_axis',(0.,-1.,0.));
#12445=DIRECTION('ref_axis',(1.,0.,0.));
#12446=DIRECTION('',(6.12323399573677E-17,0.,-1.));
#12447=DIRECTION('center_axis',(-0.707106781186548,-0.707106781186548,0.));
#12448=DIRECTION('ref_axis',(0.707106781186548,-0.707106781186548,0.));
#12449=DIRECTION('',(-0.707106781186547,0.707106781186547,0.));
#12450=DIRECTION('',(0.,0.,1.));
#12451=DIRECTION('center_axis',(-1.,0.,0.));
#12452=DIRECTION('ref_axis',(0.,-1.,0.));
#12453=DIRECTION('',(0.,1.,0.));
#12454=DIRECTION('',(0.,0.,1.));
#12455=DIRECTION('center_axis',(-0.707106781186548,0.707106781186548,0.));
#12456=DIRECTION('ref_axis',(-0.707106781186548,-0.707106781186548,0.));
#12457=DIRECTION('',(0.707106781186547,0.707106781186547,0.));
#12458=DIRECTION('center_axis',(1.,0.,6.12323399573677E-17));
#12459=DIRECTION('ref_axis',(6.12323399573677E-17,0.,-1.));
#12460=DIRECTION('center_axis',(0.,0.,1.));
#12461=DIRECTION('ref_axis',(1.,0.,0.));
#12462=DIRECTION('center_axis',(0.,1.,0.));
#12463=DIRECTION('ref_axis',(-1.,0.,0.));
#12464=DIRECTION('',(1.,0.,0.));
#12465=DIRECTION('center_axis',(0.,1.,0.));
#12466=DIRECTION('ref_axis',(-1.,0.,0.));
#12467=DIRECTION('',(0.,0.,1.));
#12468=DIRECTION('',(1.,0.,0.));
#12469=DIRECTION('',(0.,0.,1.));
#12470=DIRECTION('center_axis',(0.,1.,0.));
#12471=DIRECTION('ref_axis',(-1.,0.,9.06304465269599E-16));
#12472=DIRECTION('',(1.,0.,0.));
#12473=DIRECTION('center_axis',(0.,1.,0.));
#12474=DIRECTION('ref_axis',(-1.,0.,0.));
#12475=DIRECTION('',(1.,0.,0.));
#12476=DIRECTION('',(1.04899068466779E-15,0.,1.));
#12477=DIRECTION('',(1.,0.,0.));
#12478=DIRECTION('center_axis',(0.,0.707106781186548,-0.707106781186547));
#12479=DIRECTION('ref_axis',(7.41748426530113E-16,0.707106781186547,0.707106781186548));
#12480=DIRECTION('',(1.,0.,0.));
#12481=DIRECTION('',(7.41748426530113E-16,0.707106781186547,0.707106781186548));
#12482=DIRECTION('center_axis',(0.,0.707106781186548,-0.707106781186547));
#12483=DIRECTION('ref_axis',(7.41748426530113E-16,0.707106781186547,0.707106781186548));
#12484=DIRECTION('',(7.41748426530113E-16,0.707106781186547,0.707106781186548));
#12485=DIRECTION('',(1.,0.,0.));
#12486=DIRECTION('center_axis',(0.,0.,-1.));
#12487=DIRECTION('ref_axis',(0.,1.,0.));
#12488=DIRECTION('',(1.,0.,0.));
#12489=DIRECTION('',(0.,1.,0.));
#12490=DIRECTION('center_axis',(0.,0.707106781186548,0.707106781186547));
#12491=DIRECTION('ref_axis',(7.41748426530113E-16,-0.707106781186547,0.707106781186548));
#12492=DIRECTION('',(7.41748426530113E-16,-0.707106781186547,0.707106781186548));
#12493=DIRECTION('',(1.,0.,0.));
#12494=DIRECTION('center_axis',(0.,0.707106781186548,0.707106781186547));
#12495=DIRECTION('ref_axis',(7.41748426530113E-16,-0.707106781186547,0.707106781186548));
#12496=DIRECTION('',(1.,0.,0.));
#12497=DIRECTION('',(7.41748426530113E-16,-0.707106781186547,0.707106781186548));
#12498=DIRECTION('center_axis',(0.,-0.707106781186548,-0.707106781186547));
#12499=DIRECTION('ref_axis',(-7.41748426530113E-16,0.707106781186547,-0.707106781186548));
#12500=DIRECTION('',(1.,0.,0.));
#12501=DIRECTION('',(-7.41748426530113E-16,0.707106781186547,-0.707106781186548));
#12502=DIRECTION('center_axis',(0.,0.,1.));
#12503=DIRECTION('ref_axis',(0.,-1.,0.));
#12504=DIRECTION('',(0.,-1.,0.));
#12505=DIRECTION('',(1.,0.,0.));
#12506=DIRECTION('center_axis',(0.,0.,1.));
#12507=DIRECTION('ref_axis',(0.,-1.,0.));
#12508=DIRECTION('',(1.,0.,0.));
#12509=DIRECTION('',(0.,-1.,0.));
#12510=DIRECTION('center_axis',(0.,-1.,0.));
#12511=DIRECTION('ref_axis',(1.,0.,0.));
#12512=DIRECTION('',(1.,0.,0.));
#12513=DIRECTION('center_axis',(0.,1.,0.));
#12514=DIRECTION('ref_axis',(-1.,0.,9.06304465269599E-16));
#12515=DIRECTION('',(0.,0.,1.));
#12516=DIRECTION('',(-1.,0.,0.));
#12517=DIRECTION('',(0.,0.,1.));
#12518=DIRECTION('center_axis',(0.,1.,0.));
#12519=DIRECTION('ref_axis',(-1.,0.,0.));
#12520=DIRECTION('center_axis',(0.,-0.707106781186548,0.707106781186547));
#12521=DIRECTION('ref_axis',(-7.41748426530113E-16,-0.707106781186547,-0.707106781186548));
#12522=DIRECTION('',(-7.41748426530113E-16,-0.707106781186547,-0.707106781186548));
#12523=DIRECTION('center_axis',(0.,0.,-1.));
#12524=DIRECTION('ref_axis',(0.,1.,0.));
#12525=DIRECTION('',(0.,1.,0.));
#12526=DIRECTION('',(1.,0.,0.));
#12527=DIRECTION('center_axis',(0.,-0.707106781186548,-0.707106781186547));
#12528=DIRECTION('ref_axis',(-7.41748426530113E-16,0.707106781186547,-0.707106781186548));
#12529=DIRECTION('',(-7.41748426530113E-16,0.707106781186547,-0.707106781186548));
#12530=DIRECTION('',(1.,0.,0.));
#12531=DIRECTION('center_axis',(0.,-0.707106781186548,0.707106781186547));
#12532=DIRECTION('ref_axis',(-7.41748426530113E-16,-0.707106781186547,-0.707106781186548));
#12533=DIRECTION('',(1.,0.,0.));
#12534=DIRECTION('',(-7.41748426530113E-16,-0.707106781186547,-0.707106781186548));
#12535=DIRECTION('center_axis',(0.,-1.,0.));
#12536=DIRECTION('ref_axis',(-1.,0.,-1.11022302462516E-15));
#12537=DIRECTION('',(-0.707106781186548,-0.707106781186547,0.));
#12538=DIRECTION('center_axis',(0.,1.,0.));
#12539=DIRECTION('ref_axis',(-1.,0.,0.));
#12540=DIRECTION('center_axis',(0.,1.,0.));
#12541=DIRECTION('ref_axis',(-1.,0.,-1.11022302462516E-15));
#12542=DIRECTION('',(-0.707106781186548,0.707106781186547,0.));
#12543=DIRECTION('center_axis',(0.,1.,0.));
#12544=DIRECTION('ref_axis',(-1.,0.,0.));
#12545=DIRECTION('center_axis',(0.,1.,0.));
#12546=DIRECTION('ref_axis',(-1.,0.,-1.11022302462516E-15));
#12547=DIRECTION('',(0.,1.,0.));
#12548=DIRECTION('center_axis',(0.,1.,0.));
#12549=DIRECTION('ref_axis',(-1.,0.,0.));
#12550=DIRECTION('center_axis',(0.,-1.,0.));
#12551=DIRECTION('ref_axis',(-1.,0.,-1.11022302462516E-15));
#12552=DIRECTION('',(0.707106781186548,0.707106781186547,0.));
#12553=DIRECTION('center_axis',(0.,1.,0.));
#12554=DIRECTION('ref_axis',(-1.,0.,-1.11022302462516E-15));
#12555=DIRECTION('',(0.707106781186548,-0.707106781186547,0.));
#12556=DIRECTION('center_axis',(0.,1.,0.));
#12557=DIRECTION('ref_axis',(-1.,0.,0.));
#12558=DIRECTION('center_axis',(0.,1.,0.));
#12559=DIRECTION('ref_axis',(-1.,0.,-1.11022302462516E-15));
#12560=DIRECTION('',(0.,-1.,0.));
#12561=DIRECTION('center_axis',(-0.707106781186547,0.707106781186548,0.));
#12562=DIRECTION('ref_axis',(-0.707106781186548,-0.707106781186547,0.));
#12563=DIRECTION('',(0.707106781186548,0.707106781186547,0.));
#12564=DIRECTION('',(0.,0.,1.));
#12565=DIRECTION('center_axis',(0.707106781186547,0.707106781186548,0.));
#12566=DIRECTION('ref_axis',(-0.707106781186548,0.707106781186547,0.));
#12567=DIRECTION('',(0.707106781186548,-0.707106781186547,0.));
#12568=DIRECTION('',(0.,0.,1.));
#12569=DIRECTION('center_axis',(1.,0.,0.));
#12570=DIRECTION('ref_axis',(0.,1.,0.));
#12571=DIRECTION('',(0.,-1.,0.));
#12572=DIRECTION('',(0.,0.,1.));
#12573=DIRECTION('center_axis',(0.707106781186547,-0.707106781186548,0.));
#12574=DIRECTION('ref_axis',(0.707106781186548,0.707106781186547,0.));
#12575=DIRECTION('',(-0.707106781186548,-0.707106781186547,0.));
#12576=DIRECTION('center_axis',(0.,-1.,0.));
#12577=DIRECTION('ref_axis',(1.,0.,0.));
#12578=DIRECTION('',(-1.04899068466779E-15,0.,-1.));
#12579=DIRECTION('center_axis',(-0.707106781186547,-0.707106781186548,0.));
#12580=DIRECTION('ref_axis',(0.707106781186548,-0.707106781186547,0.));
#12581=DIRECTION('',(-0.707106781186548,0.707106781186547,0.));
#12582=DIRECTION('',(0.,0.,1.));
#12583=DIRECTION('center_axis',(-1.,0.,0.));
#12584=DIRECTION('ref_axis',(0.,-1.,0.));
#12585=DIRECTION('',(0.,1.,0.));
#12586=DIRECTION('center_axis',(1.,0.,-1.04899068466779E-15));
#12587=DIRECTION('ref_axis',(-1.04899068466779E-15,0.,-1.));
#12588=DIRECTION('center_axis',(0.,0.,1.));
#12589=DIRECTION('ref_axis',(1.,0.,0.));
#12590=DIRECTION('center_axis',(1.,0.,0.));
#12591=DIRECTION('ref_axis',(0.,0.,-1.));
#12592=DIRECTION('',(0.,1.,0.));
#12593=DIRECTION('',(0.,0.707106781186548,0.707106781186547));
#12594=DIRECTION('',(0.,-1.25780554149376E-16,1.));
#12595=DIRECTION('',(0.,-0.707106781186547,0.707106781186548));
#12596=DIRECTION('',(0.,-1.,0.));
#12597=DIRECTION('',(0.,-0.707106781186547,-0.707106781186548));
#12598=DIRECTION('',(0.,0.,-1.));
#12599=DIRECTION('',(0.,0.707106781186548,-0.707106781186547));
#12600=DIRECTION('',(0.,-0.707106781186547,-0.707106781186548));
#12601=DIRECTION('',(0.,-1.,0.));
#12602=DIRECTION('',(0.,-0.707106781186547,0.707106781186548));
#12603=DIRECTION('',(0.,0.,1.));
#12604=DIRECTION('',(0.,0.707106781186547,0.707106781186548));
#12605=DIRECTION('',(0.,1.,0.));
#12606=DIRECTION('',(0.,0.707106781186547,-0.707106781186548));
#12607=DIRECTION('',(0.,0.,-1.));
#12608=DIRECTION('',(0.,-0.707106781186548,-0.707106781186548));
#12609=DIRECTION('',(0.,-1.,0.));
#12610=DIRECTION('',(0.,-0.707106781186548,0.707106781186548));
#12611=DIRECTION('',(0.,0.,1.));
#12612=DIRECTION('',(0.,0.707106781186548,0.707106781186548));
#12613=DIRECTION('',(0.,1.,0.));
#12614=DIRECTION('',(0.,0.707106781186548,-0.707106781186548));
#12615=DIRECTION('',(0.,0.,-1.));
#12616=DIRECTION('',(0.,-0.707106781186547,-0.707106781186548));
#12617=DIRECTION('',(0.,-1.,0.));
#12618=DIRECTION('',(0.,-0.707106781186547,0.707106781186548));
#12619=DIRECTION('',(0.,0.,1.));
#12620=DIRECTION('',(0.,0.707106781186547,0.707106781186548));
#12621=DIRECTION('',(0.,1.,0.));
#12622=DIRECTION('',(0.,0.707106781186547,-0.707106781186548));
#12623=DIRECTION('',(0.,0.,-1.));
#12624=DIRECTION('center_axis',(1.,0.,0.));
#12625=DIRECTION('ref_axis',(0.,1.,0.));
#12626=DIRECTION('',(0.,1.,0.));
#12627=DIRECTION('',(0.,-0.707106781186548,0.707106781186547));
#12628=DIRECTION('',(0.,0.,-1.));
#12629=DIRECTION('',(0.,-0.707106781186547,-0.707106781186548));
#12630=DIRECTION('',(0.,-1.,0.));
#12631=DIRECTION('',(0.,-0.707106781186547,0.707106781186548));
#12632=DIRECTION('',(0.,-1.25780554149376E-16,1.));
#12633=DIRECTION('',(0.,0.707106781186548,0.707106781186547));
#12634=DIRECTION('',(0.,0.707106781186547,0.707106781186548));
#12635=DIRECTION('',(0.,0.,1.));
#12636=DIRECTION('',(0.,-0.707106781186547,0.707106781186548));
#12637=DIRECTION('',(0.,-1.,0.));
#12638=DIRECTION('',(0.,-0.707106781186547,-0.707106781186548));
#12639=DIRECTION('',(0.,0.,-1.));
#12640=DIRECTION('',(0.,0.707106781186547,-0.707106781186548));
#12641=DIRECTION('',(0.,1.,0.));
#12642=DIRECTION('',(0.,0.707106781186548,0.707106781186548));
#12643=DIRECTION('',(0.,0.,1.));
#12644=DIRECTION('',(0.,-0.707106781186548,0.707106781186548));
#12645=DIRECTION('',(0.,-1.,0.));
#12646=DIRECTION('',(0.,-0.707106781186548,-0.707106781186548));
#12647=DIRECTION('',(0.,0.,-1.));
#12648=DIRECTION('',(0.,0.707106781186548,-0.707106781186548));
#12649=DIRECTION('',(0.,1.,0.));
#12650=DIRECTION('',(0.,0.707106781186547,0.707106781186548));
#12651=DIRECTION('',(0.,0.,1.));
#12652=DIRECTION('',(0.,-0.707106781186547,0.707106781186548));
#12653=DIRECTION('',(0.,-1.,0.));
#12654=DIRECTION('',(0.,-0.707106781186547,-0.707106781186548));
#12655=DIRECTION('',(0.,0.,-1.));
#12656=DIRECTION('',(0.,0.707106781186547,-0.707106781186548));
#12657=DIRECTION('',(0.,1.,0.));
#12658=DIRECTION('center_axis',(0.,-0.707106781186547,-0.707106781186548));
#12659=DIRECTION('ref_axis',(0.,0.707106781186548,-0.707106781186547));
#12660=DIRECTION('',(1.,0.,0.));
#12661=DIRECTION('',(1.,0.,0.));
#12662=DIRECTION('center_axis',(0.,-1.,0.));
#12663=DIRECTION('ref_axis',(0.,0.,-1.));
#12664=DIRECTION('',(1.,0.,0.));
#12665=DIRECTION('center_axis',(0.,-0.707106781186548,0.707106781186547));
#12666=DIRECTION('ref_axis',(0.,-0.707106781186547,-0.707106781186548));
#12667=DIRECTION('',(1.,0.,0.));
#12668=DIRECTION('center_axis',(0.,0.,1.));
#12669=DIRECTION('ref_axis',(0.,-1.,0.));
#12670=DIRECTION('',(1.,0.,0.));
#12671=DIRECTION('center_axis',(0.,0.707106781186548,0.707106781186547));
#12672=DIRECTION('ref_axis',(0.,-0.707106781186547,0.707106781186548));
#12673=DIRECTION('',(1.,0.,0.));
#12674=DIRECTION('center_axis',(0.,1.,1.25780554149376E-16));
#12675=DIRECTION('ref_axis',(0.,-1.25780554149376E-16,1.));
#12676=DIRECTION('',(1.,0.,0.));
#12677=DIRECTION('center_axis',(0.,0.707106781186547,-0.707106781186548));
#12678=DIRECTION('ref_axis',(0.,0.707106781186548,0.707106781186547));
#12679=DIRECTION('',(1.,0.,0.));
#12680=DIRECTION('center_axis',(0.,0.,-1.));
#12681=DIRECTION('ref_axis',(0.,1.,0.));
#12682=DIRECTION('center_axis',(0.,1.,0.));
#12683=DIRECTION('ref_axis',(-1.,0.,0.));
#12684=DIRECTION('',(1.,0.,-5.06488626677322E-17));
#12685=DIRECTION('center_axis',(0.,1.,0.));
#12686=DIRECTION('ref_axis',(-1.,0.,0.));
#12687=DIRECTION('',(0.,0.,1.));
#12688=DIRECTION('',(1.,0.,0.));
#12689=DIRECTION('',(0.,0.,1.));
#12690=DIRECTION('center_axis',(0.,1.,0.));
#12691=DIRECTION('ref_axis',(-1.,0.,0.));
#12692=DIRECTION('',(1.,0.,-5.06488626677322E-17));
#12693=DIRECTION('center_axis',(0.,1.,0.));
#12694=DIRECTION('ref_axis',(-1.,0.,0.));
#12695=DIRECTION('',(1.,0.,-5.06488626677322E-17));
#12696=DIRECTION('',(-5.0532154980743E-16,0.,1.));
#12697=DIRECTION('',(1.,0.,-5.06488626677322E-17));
#12698=DIRECTION('center_axis',(-3.58141542517396E-17,0.707106781186548,
-0.707106781186547));
#12699=DIRECTION('ref_axis',(-3.5731629454853E-16,0.707106781186547,0.707106781186548));
#12700=DIRECTION('',(1.,0.,-5.06488626677322E-17));
#12701=DIRECTION('',(-3.5731629454853E-16,0.707106781186547,0.707106781186548));
#12702=DIRECTION('center_axis',(-3.58141542517396E-17,0.707106781186548,
-0.707106781186547));
#12703=DIRECTION('ref_axis',(-3.5731629454853E-16,0.707106781186547,0.707106781186548));
#12704=DIRECTION('',(-3.5731629454853E-16,0.707106781186547,0.707106781186548));
#12705=DIRECTION('',(1.,0.,-5.06488626677322E-17));
#12706=DIRECTION('center_axis',(-5.06488626677322E-17,0.,-1.));
#12707=DIRECTION('ref_axis',(0.,1.,0.));
#12708=DIRECTION('',(1.,0.,-5.06488626677322E-17));
#12709=DIRECTION('',(0.,1.,0.));
#12710=DIRECTION('center_axis',(3.58141542517396E-17,0.707106781186548,
0.707106781186547));
#12711=DIRECTION('ref_axis',(-3.5731629454853E-16,-0.707106781186547,0.707106781186548));
#12712=DIRECTION('',(-3.5731629454853E-16,-0.707106781186547,0.707106781186548));
#12713=DIRECTION('',(1.,0.,-5.06488626677322E-17));
#12714=DIRECTION('center_axis',(3.58141542517396E-17,0.707106781186548,
0.707106781186547));
#12715=DIRECTION('ref_axis',(-3.5731629454853E-16,-0.707106781186547,0.707106781186548));
#12716=DIRECTION('',(1.,0.,-5.06488626677322E-17));
#12717=DIRECTION('',(-3.5731629454853E-16,-0.707106781186547,0.707106781186548));
#12718=DIRECTION('center_axis',(-3.58141542517396E-17,-0.707106781186548,
-0.707106781186547));
#12719=DIRECTION('ref_axis',(3.5731629454853E-16,0.707106781186547,-0.707106781186548));
#12720=DIRECTION('',(1.,0.,-5.06488626677322E-17));
#12721=DIRECTION('',(3.5731629454853E-16,0.707106781186547,-0.707106781186548));
#12722=DIRECTION('center_axis',(5.06488626677322E-17,0.,1.));
#12723=DIRECTION('ref_axis',(0.,-1.,0.));
#12724=DIRECTION('',(0.,-1.,0.));
#12725=DIRECTION('',(1.,0.,-5.06488626677322E-17));
#12726=DIRECTION('center_axis',(5.06488626677322E-17,0.,1.));
#12727=DIRECTION('ref_axis',(0.,-1.,0.));
#12728=DIRECTION('',(1.,0.,-5.06488626677322E-17));
#12729=DIRECTION('',(0.,-1.,0.));
#12730=DIRECTION('center_axis',(0.,-1.,0.));
#12731=DIRECTION('ref_axis',(1.,0.,0.));
#12732=DIRECTION('',(1.,0.,-5.06488626677322E-17));
#12733=DIRECTION('center_axis',(0.,1.,0.));
#12734=DIRECTION('ref_axis',(-1.,0.,0.));
#12735=DIRECTION('',(0.,0.,1.));
#12736=DIRECTION('',(-1.,0.,0.));
#12737=DIRECTION('',(0.,0.,1.));
#12738=DIRECTION('center_axis',(0.,1.,0.));
#12739=DIRECTION('ref_axis',(-1.,0.,0.));
#12740=DIRECTION('center_axis',(3.58141542517396E-17,-0.707106781186548,
0.707106781186547));
#12741=DIRECTION('ref_axis',(3.5731629454853E-16,-0.707106781186547,-0.707106781186548));
#12742=DIRECTION('',(3.5731629454853E-16,-0.707106781186547,-0.707106781186548));
#12743=DIRECTION('center_axis',(-5.06488626677322E-17,0.,-1.));
#12744=DIRECTION('ref_axis',(0.,1.,0.));
#12745=DIRECTION('',(0.,1.,0.));
#12746=DIRECTION('',(1.,0.,-5.06488626677322E-17));
#12747=DIRECTION('center_axis',(-3.58141542517396E-17,-0.707106781186548,
-0.707106781186547));
#12748=DIRECTION('ref_axis',(3.5731629454853E-16,0.707106781186547,-0.707106781186548));
#12749=DIRECTION('',(3.5731629454853E-16,0.707106781186547,-0.707106781186548));
#12750=DIRECTION('',(1.,0.,-5.06488626677322E-17));
#12751=DIRECTION('center_axis',(3.58141542517396E-17,-0.707106781186548,
0.707106781186547));
#12752=DIRECTION('ref_axis',(3.5731629454853E-16,-0.707106781186547,-0.707106781186548));
#12753=DIRECTION('',(1.,0.,-5.06488626677322E-17));
#12754=DIRECTION('',(3.5731629454853E-16,-0.707106781186547,-0.707106781186548));
#12755=DIRECTION('center_axis',(0.,-1.,0.));
#12756=DIRECTION('ref_axis',(-1.,0.,0.));
#12757=DIRECTION('',(-0.707106781186548,-0.707106781186547,0.));
#12758=DIRECTION('center_axis',(0.,1.,0.));
#12759=DIRECTION('ref_axis',(-1.,0.,8.37904093235802E-16));
#12760=DIRECTION('center_axis',(0.,1.,0.));
#12761=DIRECTION('ref_axis',(-1.,0.,0.));
#12762=DIRECTION('',(-0.707106781186548,0.707106781186547,0.));
#12763=DIRECTION('center_axis',(0.,1.,0.));
#12764=DIRECTION('ref_axis',(-1.,0.,1.64477455732409E-15));
#12765=DIRECTION('center_axis',(0.,1.,0.));
#12766=DIRECTION('ref_axis',(-1.,0.,0.));
#12767=DIRECTION('',(0.,1.,0.));
#12768=DIRECTION('center_axis',(0.,1.,0.));
#12769=DIRECTION('ref_axis',(-1.,0.,1.64477455732409E-15));
#12770=DIRECTION('center_axis',(0.,-1.,0.));
#12771=DIRECTION('ref_axis',(-1.,0.,0.));
#12772=DIRECTION('',(0.707106781186548,0.707106781186547,0.));
#12773=DIRECTION('center_axis',(0.,1.,0.));
#12774=DIRECTION('ref_axis',(-1.,0.,0.));
#12775=DIRECTION('',(0.707106781186548,-0.707106781186547,0.));
#12776=DIRECTION('center_axis',(0.,1.,0.));
#12777=DIRECTION('ref_axis',(-1.,0.,8.37904093235802E-16));
#12778=DIRECTION('center_axis',(0.,1.,0.));
#12779=DIRECTION('ref_axis',(-1.,0.,0.));
#12780=DIRECTION('',(0.,-1.,0.));
#12781=DIRECTION('center_axis',(-0.707106781186547,0.707106781186548,0.));
#12782=DIRECTION('ref_axis',(-0.707106781186548,-0.707106781186547,0.));
#12783=DIRECTION('',(0.707106781186548,0.707106781186547,0.));
#12784=DIRECTION('',(0.,0.,1.));
#12785=DIRECTION('center_axis',(0.707106781186547,0.707106781186548,0.));
#12786=DIRECTION('ref_axis',(-0.707106781186548,0.707106781186547,0.));
#12787=DIRECTION('',(0.707106781186548,-0.707106781186547,0.));
#12788=DIRECTION('',(0.,0.,1.));
#12789=DIRECTION('center_axis',(1.,0.,0.));
#12790=DIRECTION('ref_axis',(0.,1.,0.));
#12791=DIRECTION('',(0.,-1.,0.));
#12792=DIRECTION('',(0.,0.,1.));
#12793=DIRECTION('center_axis',(0.707106781186547,-0.707106781186548,0.));
#12794=DIRECTION('ref_axis',(0.707106781186548,0.707106781186547,0.));
#12795=DIRECTION('',(-0.707106781186548,-0.707106781186547,0.));
#12796=DIRECTION('center_axis',(0.,-1.,0.));
#12797=DIRECTION('ref_axis',(1.,0.,0.));
#12798=DIRECTION('',(5.0532154980743E-16,0.,-1.));
#12799=DIRECTION('center_axis',(-0.707106781186547,-0.707106781186548,0.));
#12800=DIRECTION('ref_axis',(0.707106781186548,-0.707106781186547,0.));
#12801=DIRECTION('',(-0.707106781186548,0.707106781186547,0.));
#12802=DIRECTION('',(0.,0.,1.));
#12803=DIRECTION('center_axis',(-1.,0.,0.));
#12804=DIRECTION('ref_axis',(0.,-1.,0.));
#12805=DIRECTION('',(0.,1.,0.));
#12806=DIRECTION('center_axis',(1.,0.,5.0532154980743E-16));
#12807=DIRECTION('ref_axis',(5.0532154980743E-16,0.,-1.));
#12808=DIRECTION('center_axis',(0.,0.,1.));
#12809=DIRECTION('ref_axis',(1.,0.,0.));
#12810=DIRECTION('center_axis',(0.,1.,0.));
#12811=DIRECTION('ref_axis',(-1.,0.,0.));
#12812=DIRECTION('',(1.,0.,0.));
#12813=DIRECTION('center_axis',(2.161544744604E-16,1.,-2.161544744604E-16));
#12814=DIRECTION('ref_axis',(-1.,1.79068229778252E-16,0.));
#12815=DIRECTION('',(0.,0.,1.));
#12816=DIRECTION('',(1.,0.,0.));
#12817=DIRECTION('',(0.,0.,1.));
#12818=DIRECTION('center_axis',(1.3675078996474E-16,1.,-1.3675078996474E-16));
#12819=DIRECTION('ref_axis',(-1.,1.1328806373726E-16,-9.06304509898076E-16));
#12820=DIRECTION('',(1.,0.,0.));
#12821=DIRECTION('center_axis',(0.,1.,0.));
#12822=DIRECTION('ref_axis',(-1.,0.,0.));
#12823=DIRECTION('',(1.,0.,0.));
#12824=DIRECTION('',(-6.12323399573677E-17,0.,1.));
#12825=DIRECTION('',(1.,0.,0.));
#12826=DIRECTION('center_axis',(0.,0.707106781186548,-0.707106781186548));
#12827=DIRECTION('ref_axis',(-4.32978028117747E-17,0.707106781186548,0.707106781186548));
#12828=DIRECTION('',(1.,0.,0.));
#12829=DIRECTION('',(-4.32978028117747E-17,0.707106781186547,0.707106781186547));
#12830=DIRECTION('center_axis',(0.,0.707106781186548,-0.707106781186548));
#12831=DIRECTION('ref_axis',(-4.32978028117747E-17,0.707106781186548,0.707106781186548));
#12832=DIRECTION('',(-4.32978028117747E-17,0.707106781186547,0.707106781186547));
#12833=DIRECTION('',(1.,0.,0.));
#12834=DIRECTION('center_axis',(0.,0.,-1.));
#12835=DIRECTION('ref_axis',(0.,1.,0.));
#12836=DIRECTION('',(1.,0.,0.));
#12837=DIRECTION('',(0.,1.,0.));
#12838=DIRECTION('center_axis',(0.,0.707106781186548,0.707106781186548));
#12839=DIRECTION('ref_axis',(-4.32978028117747E-17,-0.707106781186548,0.707106781186548));
#12840=DIRECTION('',(-4.32978028117747E-17,-0.707106781186547,0.707106781186547));
#12841=DIRECTION('',(1.,0.,0.));
#12842=DIRECTION('center_axis',(0.,0.707106781186548,0.707106781186548));
#12843=DIRECTION('ref_axis',(-4.32978028117747E-17,-0.707106781186548,0.707106781186548));
#12844=DIRECTION('',(1.,0.,0.));
#12845=DIRECTION('',(-4.32978028117747E-17,-0.707106781186547,0.707106781186547));
#12846=DIRECTION('center_axis',(0.,-0.707106781186548,-0.707106781186548));
#12847=DIRECTION('ref_axis',(4.32978028117747E-17,0.707106781186548,-0.707106781186548));
#12848=DIRECTION('',(1.,0.,0.));
#12849=DIRECTION('',(4.32978028117747E-17,0.707106781186547,-0.707106781186547));
#12850=DIRECTION('center_axis',(0.,0.,1.));
#12851=DIRECTION('ref_axis',(0.,-1.,0.));
#12852=DIRECTION('',(0.,-1.,0.));
#12853=DIRECTION('',(1.,0.,0.));
#12854=DIRECTION('center_axis',(0.,0.,1.));
#12855=DIRECTION('ref_axis',(0.,-1.,0.));
#12856=DIRECTION('',(1.,0.,0.));
#12857=DIRECTION('',(0.,-1.,0.));
#12858=DIRECTION('center_axis',(0.,-1.,0.));
#12859=DIRECTION('ref_axis',(1.,0.,0.));
#12860=DIRECTION('',(1.,0.,0.));
#12861=DIRECTION('center_axis',(-1.3675078996474E-16,1.,1.3675078996474E-16));
#12862=DIRECTION('ref_axis',(-1.,-1.1328806373726E-16,-9.06304509898076E-16));
#12863=DIRECTION('',(0.,0.,1.));
#12864=DIRECTION('',(-1.,0.,0.));
#12865=DIRECTION('',(0.,0.,1.));
#12866=DIRECTION('center_axis',(-2.161544744604E-16,1.,2.161544744604E-16));
#12867=DIRECTION('ref_axis',(-1.,-1.79068229778252E-16,0.));
#12868=DIRECTION('center_axis',(0.,-0.707106781186548,0.707106781186548));
#12869=DIRECTION('ref_axis',(4.32978028117747E-17,-0.707106781186548,-0.707106781186548));
#12870=DIRECTION('',(4.32978028117747E-17,-0.707106781186547,-0.707106781186547));
#12871=DIRECTION('center_axis',(0.,0.,-1.));
#12872=DIRECTION('ref_axis',(0.,1.,0.));
#12873=DIRECTION('',(0.,1.,0.));
#12874=DIRECTION('',(1.,0.,0.));
#12875=DIRECTION('center_axis',(0.,-0.707106781186548,-0.707106781186548));
#12876=DIRECTION('ref_axis',(4.32978028117747E-17,0.707106781186548,-0.707106781186548));
#12877=DIRECTION('',(4.32978028117747E-17,0.707106781186547,-0.707106781186547));
#12878=DIRECTION('',(1.,0.,0.));
#12879=DIRECTION('center_axis',(0.,-0.707106781186548,0.707106781186548));
#12880=DIRECTION('ref_axis',(4.32978028117747E-17,-0.707106781186548,-0.707106781186548));
#12881=DIRECTION('',(1.,0.,0.));
#12882=DIRECTION('',(4.32978028117747E-17,-0.707106781186547,-0.707106781186547));
#12883=DIRECTION('center_axis',(0.,1.,0.));
#12884=DIRECTION('ref_axis',(-1.,0.,0.));
#12885=DIRECTION('',(-0.707106781186547,0.707106781186547,0.));
#12886=DIRECTION('center_axis',(1.24088679782822E-16,1.,-1.24088679782822E-16));
#12887=DIRECTION('ref_axis',(-1.,1.02798428206034E-16,1.64477485129654E-15));
#12888=DIRECTION('center_axis',(0.,1.,0.));
#12889=DIRECTION('ref_axis',(-1.,0.,0.));
#12890=DIRECTION('',(0.,1.,0.));
#12891=DIRECTION('center_axis',(-1.24088679782822E-16,1.,1.24088679782822E-16));
#12892=DIRECTION('ref_axis',(-1.,-1.02798428206034E-16,1.64477485129654E-15));
#12893=DIRECTION('center_axis',(0.,-1.,0.));
#12894=DIRECTION('ref_axis',(-1.,0.,0.));
#12895=DIRECTION('',(0.707106781186547,0.707106781186547,0.));
#12896=DIRECTION('center_axis',(0.,1.,0.));
#12897=DIRECTION('ref_axis',(-1.,0.,0.));
#12898=DIRECTION('',(0.707106781186547,-0.707106781186547,0.));
#12899=DIRECTION('center_axis',(-6.32149878138892E-17,1.,6.32149878138892E-17));
#12900=DIRECTION('ref_axis',(-1.,-5.23690105955256E-17,8.3790416952841E-16));
#12901=DIRECTION('center_axis',(0.,1.,0.));
#12902=DIRECTION('ref_axis',(-1.,0.,0.));
#12903=DIRECTION('',(0.,-1.,0.));
#12904=DIRECTION('center_axis',(6.32149878138892E-17,1.,-6.32149878138892E-17));
#12905=DIRECTION('ref_axis',(-1.,5.23690105955256E-17,8.3790416952841E-16));
#12906=DIRECTION('center_axis',(0.,-1.,0.));
#12907=DIRECTION('ref_axis',(-1.,0.,0.));
#12908=DIRECTION('',(-0.707106781186547,-0.707106781186547,0.));
#12909=DIRECTION('center_axis',(0.707106781186548,0.707106781186548,0.));
#12910=DIRECTION('ref_axis',(-0.707106781186548,0.707106781186548,0.));
#12911=DIRECTION('',(0.707106781186547,-0.707106781186547,0.));
#12912=DIRECTION('',(0.,0.,1.));
#12913=DIRECTION('center_axis',(1.,0.,0.));
#12914=DIRECTION('ref_axis',(0.,1.,0.));
#12915=DIRECTION('',(0.,-1.,0.));
#12916=DIRECTION('',(0.,0.,1.));
#12917=DIRECTION('center_axis',(0.707106781186548,-0.707106781186548,0.));
#12918=DIRECTION('ref_axis',(0.707106781186548,0.707106781186548,0.));
#12919=DIRECTION('',(-0.707106781186547,-0.707106781186547,0.));
#12920=DIRECTION('center_axis',(0.,-1.,0.));
#12921=DIRECTION('ref_axis',(1.,0.,0.));
#12922=DIRECTION('',(6.12323399573677E-17,0.,-1.));
#12923=DIRECTION('center_axis',(-0.707106781186548,-0.707106781186548,0.));
#12924=DIRECTION('ref_axis',(0.707106781186548,-0.707106781186548,0.));
#12925=DIRECTION('',(-0.707106781186547,0.707106781186547,0.));
#12926=DIRECTION('',(0.,0.,1.));
#12927=DIRECTION('center_axis',(-1.,0.,0.));
#12928=DIRECTION('ref_axis',(0.,-1.,0.));
#12929=DIRECTION('',(0.,1.,0.));
#12930=DIRECTION('',(0.,0.,1.));
#12931=DIRECTION('center_axis',(-0.707106781186548,0.707106781186548,0.));
#12932=DIRECTION('ref_axis',(-0.707106781186548,-0.707106781186548,0.));
#12933=DIRECTION('',(0.707106781186547,0.707106781186547,0.));
#12934=DIRECTION('center_axis',(1.,0.,6.12323399573677E-17));
#12935=DIRECTION('ref_axis',(6.12323399573677E-17,0.,-1.));
#12936=DIRECTION('center_axis',(0.,0.,1.));
#12937=DIRECTION('ref_axis',(1.,0.,0.));
#12938=DIRECTION('center_axis',(0.,1.,0.));
#12939=DIRECTION('ref_axis',(-1.,0.,0.));
#12940=DIRECTION('',(1.,0.,0.));
#12941=DIRECTION('center_axis',(0.,1.,0.));
#12942=DIRECTION('ref_axis',(-1.,0.,0.));
#12943=DIRECTION('',(0.,0.,1.));
#12944=DIRECTION('',(1.,0.,0.));
#12945=DIRECTION('',(0.,0.,1.));
#12946=DIRECTION('center_axis',(0.,1.,0.));
#12947=DIRECTION('ref_axis',(-1.,0.,9.06304465269599E-16));
#12948=DIRECTION('',(1.,0.,0.));
#12949=DIRECTION('center_axis',(0.,1.,0.));
#12950=DIRECTION('ref_axis',(-1.,0.,0.));
#12951=DIRECTION('',(1.,0.,0.));
#12952=DIRECTION('',(1.04899068466779E-15,0.,1.));
#12953=DIRECTION('',(1.,0.,0.));
#12954=DIRECTION('center_axis',(0.,0.707106781186548,-0.707106781186547));
#12955=DIRECTION('ref_axis',(7.41748426530113E-16,0.707106781186547,0.707106781186548));
#12956=DIRECTION('',(1.,0.,0.));
#12957=DIRECTION('',(7.41748426530113E-16,0.707106781186547,0.707106781186548));
#12958=DIRECTION('center_axis',(0.,0.707106781186548,-0.707106781186547));
#12959=DIRECTION('ref_axis',(7.41748426530113E-16,0.707106781186547,0.707106781186548));
#12960=DIRECTION('',(7.41748426530113E-16,0.707106781186547,0.707106781186548));
#12961=DIRECTION('',(1.,0.,0.));
#12962=DIRECTION('center_axis',(0.,0.,-1.));
#12963=DIRECTION('ref_axis',(0.,1.,0.));
#12964=DIRECTION('',(1.,0.,0.));
#12965=DIRECTION('',(0.,1.,0.));
#12966=DIRECTION('center_axis',(0.,0.707106781186548,0.707106781186547));
#12967=DIRECTION('ref_axis',(7.41748426530113E-16,-0.707106781186547,0.707106781186548));
#12968=DIRECTION('',(7.41748426530113E-16,-0.707106781186547,0.707106781186548));
#12969=DIRECTION('',(1.,0.,0.));
#12970=DIRECTION('center_axis',(0.,0.707106781186548,0.707106781186547));
#12971=DIRECTION('ref_axis',(7.41748426530113E-16,-0.707106781186547,0.707106781186548));
#12972=DIRECTION('',(1.,0.,0.));
#12973=DIRECTION('',(7.41748426530113E-16,-0.707106781186547,0.707106781186548));
#12974=DIRECTION('center_axis',(0.,-0.707106781186548,-0.707106781186547));
#12975=DIRECTION('ref_axis',(-7.41748426530113E-16,0.707106781186547,-0.707106781186548));
#12976=DIRECTION('',(1.,0.,0.));
#12977=DIRECTION('',(-7.41748426530113E-16,0.707106781186547,-0.707106781186548));
#12978=DIRECTION('center_axis',(0.,0.,1.));
#12979=DIRECTION('ref_axis',(0.,-1.,0.));
#12980=DIRECTION('',(0.,-1.,0.));
#12981=DIRECTION('',(1.,0.,0.));
#12982=DIRECTION('center_axis',(0.,0.,1.));
#12983=DIRECTION('ref_axis',(0.,-1.,0.));
#12984=DIRECTION('',(1.,0.,0.));
#12985=DIRECTION('',(0.,-1.,0.));
#12986=DIRECTION('center_axis',(0.,-1.,0.));
#12987=DIRECTION('ref_axis',(1.,0.,0.));
#12988=DIRECTION('',(1.,0.,0.));
#12989=DIRECTION('center_axis',(0.,1.,0.));
#12990=DIRECTION('ref_axis',(-1.,0.,9.06304465269599E-16));
#12991=DIRECTION('',(0.,0.,1.));
#12992=DIRECTION('',(-1.,0.,0.));
#12993=DIRECTION('',(0.,0.,1.));
#12994=DIRECTION('center_axis',(0.,1.,0.));
#12995=DIRECTION('ref_axis',(-1.,0.,0.));
#12996=DIRECTION('center_axis',(0.,-0.707106781186548,0.707106781186547));
#12997=DIRECTION('ref_axis',(-7.41748426530113E-16,-0.707106781186547,-0.707106781186548));
#12998=DIRECTION('',(-7.41748426530113E-16,-0.707106781186547,-0.707106781186548));
#12999=DIRECTION('center_axis',(0.,0.,-1.));
#13000=DIRECTION('ref_axis',(0.,1.,0.));
#13001=DIRECTION('',(0.,1.,0.));
#13002=DIRECTION('',(1.,0.,0.));
#13003=DIRECTION('center_axis',(0.,-0.707106781186548,-0.707106781186547));
#13004=DIRECTION('ref_axis',(-7.41748426530113E-16,0.707106781186547,-0.707106781186548));
#13005=DIRECTION('',(-7.41748426530113E-16,0.707106781186547,-0.707106781186548));
#13006=DIRECTION('',(1.,0.,0.));
#13007=DIRECTION('center_axis',(0.,-0.707106781186548,0.707106781186547));
#13008=DIRECTION('ref_axis',(-7.41748426530113E-16,-0.707106781186547,-0.707106781186548));
#13009=DIRECTION('',(1.,0.,0.));
#13010=DIRECTION('',(-7.41748426530113E-16,-0.707106781186547,-0.707106781186548));
#13011=DIRECTION('center_axis',(0.,-1.,0.));
#13012=DIRECTION('ref_axis',(-1.,0.,-1.11022302462516E-15));
#13013=DIRECTION('',(-0.707106781186548,-0.707106781186547,0.));
#13014=DIRECTION('center_axis',(0.,1.,0.));
#13015=DIRECTION('ref_axis',(-1.,0.,0.));
#13016=DIRECTION('center_axis',(0.,1.,0.));
#13017=DIRECTION('ref_axis',(-1.,0.,-1.11022302462516E-15));
#13018=DIRECTION('',(-0.707106781186548,0.707106781186547,0.));
#13019=DIRECTION('center_axis',(0.,1.,0.));
#13020=DIRECTION('ref_axis',(-1.,0.,0.));
#13021=DIRECTION('center_axis',(0.,1.,0.));
#13022=DIRECTION('ref_axis',(-1.,0.,-1.11022302462516E-15));
#13023=DIRECTION('',(0.,1.,0.));
#13024=DIRECTION('center_axis',(0.,1.,0.));
#13025=DIRECTION('ref_axis',(-1.,0.,0.));
#13026=DIRECTION('center_axis',(0.,-1.,0.));
#13027=DIRECTION('ref_axis',(-1.,0.,-1.11022302462516E-15));
#13028=DIRECTION('',(0.707106781186548,0.707106781186547,0.));
#13029=DIRECTION('center_axis',(0.,1.,0.));
#13030=DIRECTION('ref_axis',(-1.,0.,-1.11022302462516E-15));
#13031=DIRECTION('',(0.707106781186548,-0.707106781186547,0.));
#13032=DIRECTION('center_axis',(0.,1.,0.));
#13033=DIRECTION('ref_axis',(-1.,0.,0.));
#13034=DIRECTION('center_axis',(0.,1.,0.));
#13035=DIRECTION('ref_axis',(-1.,0.,-1.11022302462516E-15));
#13036=DIRECTION('',(0.,-1.,0.));
#13037=DIRECTION('center_axis',(-0.707106781186547,0.707106781186548,0.));
#13038=DIRECTION('ref_axis',(-0.707106781186548,-0.707106781186547,0.));
#13039=DIRECTION('',(0.707106781186548,0.707106781186547,0.));
#13040=DIRECTION('',(0.,0.,1.));
#13041=DIRECTION('center_axis',(0.707106781186547,0.707106781186548,0.));
#13042=DIRECTION('ref_axis',(-0.707106781186548,0.707106781186547,0.));
#13043=DIRECTION('',(0.707106781186548,-0.707106781186547,0.));
#13044=DIRECTION('',(0.,0.,1.));
#13045=DIRECTION('center_axis',(1.,0.,0.));
#13046=DIRECTION('ref_axis',(0.,1.,0.));
#13047=DIRECTION('',(0.,-1.,0.));
#13048=DIRECTION('',(0.,0.,1.));
#13049=DIRECTION('center_axis',(0.707106781186547,-0.707106781186548,0.));
#13050=DIRECTION('ref_axis',(0.707106781186548,0.707106781186547,0.));
#13051=DIRECTION('',(-0.707106781186548,-0.707106781186547,0.));
#13052=DIRECTION('center_axis',(0.,-1.,0.));
#13053=DIRECTION('ref_axis',(1.,0.,0.));
#13054=DIRECTION('',(-1.04899068466779E-15,0.,-1.));
#13055=DIRECTION('center_axis',(-0.707106781186547,-0.707106781186548,0.));
#13056=DIRECTION('ref_axis',(0.707106781186548,-0.707106781186547,0.));
#13057=DIRECTION('',(-0.707106781186548,0.707106781186547,0.));
#13058=DIRECTION('',(0.,0.,1.));
#13059=DIRECTION('center_axis',(-1.,0.,0.));
#13060=DIRECTION('ref_axis',(0.,-1.,0.));
#13061=DIRECTION('',(0.,1.,0.));
#13062=DIRECTION('center_axis',(1.,0.,-1.04899068466779E-15));
#13063=DIRECTION('ref_axis',(-1.04899068466779E-15,0.,-1.));
#13064=DIRECTION('center_axis',(0.,0.,1.));
#13065=DIRECTION('ref_axis',(1.,0.,0.));
#13066=DIRECTION('center_axis',(1.,0.,0.));
#13067=DIRECTION('ref_axis',(0.,0.,-1.));
#13068=DIRECTION('',(0.,1.,0.));
#13069=DIRECTION('',(0.,0.707106781186548,0.707106781186547));
#13070=DIRECTION('',(0.,-1.25780554149376E-16,1.));
#13071=DIRECTION('',(0.,-0.707106781186547,0.707106781186548));
#13072=DIRECTION('',(0.,-1.,0.));
#13073=DIRECTION('',(0.,-0.707106781186547,-0.707106781186548));
#13074=DIRECTION('',(0.,0.,-1.));
#13075=DIRECTION('',(0.,0.707106781186548,-0.707106781186547));
#13076=DIRECTION('',(0.,-0.707106781186547,-0.707106781186548));
#13077=DIRECTION('',(0.,-1.,0.));
#13078=DIRECTION('',(0.,-0.707106781186547,0.707106781186548));
#13079=DIRECTION('',(0.,0.,1.));
#13080=DIRECTION('',(0.,0.707106781186547,0.707106781186548));
#13081=DIRECTION('',(0.,1.,0.));
#13082=DIRECTION('',(0.,0.707106781186547,-0.707106781186548));
#13083=DIRECTION('',(0.,0.,-1.));
#13084=DIRECTION('',(0.,-0.707106781186548,-0.707106781186548));
#13085=DIRECTION('',(0.,-1.,0.));
#13086=DIRECTION('',(0.,-0.707106781186548,0.707106781186548));
#13087=DIRECTION('',(0.,0.,1.));
#13088=DIRECTION('',(0.,0.707106781186548,0.707106781186548));
#13089=DIRECTION('',(0.,1.,0.));
#13090=DIRECTION('',(0.,0.707106781186548,-0.707106781186548));
#13091=DIRECTION('',(0.,0.,-1.));
#13092=DIRECTION('',(0.,-0.707106781186547,-0.707106781186548));
#13093=DIRECTION('',(0.,-1.,0.));
#13094=DIRECTION('',(0.,-0.707106781186547,0.707106781186548));
#13095=DIRECTION('',(0.,0.,1.));
#13096=DIRECTION('',(0.,0.707106781186547,0.707106781186548));
#13097=DIRECTION('',(0.,1.,0.));
#13098=DIRECTION('',(0.,0.707106781186547,-0.707106781186548));
#13099=DIRECTION('',(0.,0.,-1.));
#13100=DIRECTION('center_axis',(1.,0.,0.));
#13101=DIRECTION('ref_axis',(0.,1.,0.));
#13102=DIRECTION('',(0.,1.,0.));
#13103=DIRECTION('',(0.,-0.707106781186548,0.707106781186547));
#13104=DIRECTION('',(0.,0.,-1.));
#13105=DIRECTION('',(0.,-0.707106781186547,-0.707106781186548));
#13106=DIRECTION('',(0.,-1.,0.));
#13107=DIRECTION('',(0.,-0.707106781186547,0.707106781186548));
#13108=DIRECTION('',(0.,-1.25780554149376E-16,1.));
#13109=DIRECTION('',(0.,0.707106781186548,0.707106781186547));
#13110=DIRECTION('',(0.,0.707106781186547,0.707106781186548));
#13111=DIRECTION('',(0.,0.,1.));
#13112=DIRECTION('',(0.,-0.707106781186547,0.707106781186548));
#13113=DIRECTION('',(0.,-1.,0.));
#13114=DIRECTION('',(0.,-0.707106781186547,-0.707106781186548));
#13115=DIRECTION('',(0.,0.,-1.));
#13116=DIRECTION('',(0.,0.707106781186547,-0.707106781186548));
#13117=DIRECTION('',(0.,1.,0.));
#13118=DIRECTION('',(0.,0.707106781186548,0.707106781186548));
#13119=DIRECTION('',(0.,0.,1.));
#13120=DIRECTION('',(0.,-0.707106781186548,0.707106781186548));
#13121=DIRECTION('',(0.,-1.,0.));
#13122=DIRECTION('',(0.,-0.707106781186548,-0.707106781186548));
#13123=DIRECTION('',(0.,0.,-1.));
#13124=DIRECTION('',(0.,0.707106781186548,-0.707106781186548));
#13125=DIRECTION('',(0.,1.,0.));
#13126=DIRECTION('',(0.,0.707106781186547,0.707106781186548));
#13127=DIRECTION('',(0.,0.,1.));
#13128=DIRECTION('',(0.,-0.707106781186547,0.707106781186548));
#13129=DIRECTION('',(0.,-1.,0.));
#13130=DIRECTION('',(0.,-0.707106781186547,-0.707106781186548));
#13131=DIRECTION('',(0.,0.,-1.));
#13132=DIRECTION('',(0.,0.707106781186547,-0.707106781186548));
#13133=DIRECTION('',(0.,1.,0.));
#13134=DIRECTION('center_axis',(0.,-0.707106781186547,-0.707106781186548));
#13135=DIRECTION('ref_axis',(0.,0.707106781186548,-0.707106781186547));
#13136=DIRECTION('',(1.,0.,0.));
#13137=DIRECTION('',(1.,0.,0.));
#13138=DIRECTION('center_axis',(0.,-1.,0.));
#13139=DIRECTION('ref_axis',(0.,0.,-1.));
#13140=DIRECTION('',(1.,0.,0.));
#13141=DIRECTION('center_axis',(0.,-0.707106781186548,0.707106781186547));
#13142=DIRECTION('ref_axis',(0.,-0.707106781186547,-0.707106781186548));
#13143=DIRECTION('',(1.,0.,0.));
#13144=DIRECTION('center_axis',(0.,0.,1.));
#13145=DIRECTION('ref_axis',(0.,-1.,0.));
#13146=DIRECTION('',(1.,0.,0.));
#13147=DIRECTION('center_axis',(0.,0.707106781186548,0.707106781186547));
#13148=DIRECTION('ref_axis',(0.,-0.707106781186547,0.707106781186548));
#13149=DIRECTION('',(1.,0.,0.));
#13150=DIRECTION('center_axis',(0.,1.,1.25780554149376E-16));
#13151=DIRECTION('ref_axis',(0.,-1.25780554149376E-16,1.));
#13152=DIRECTION('',(1.,0.,0.));
#13153=DIRECTION('center_axis',(0.,0.707106781186547,-0.707106781186548));
#13154=DIRECTION('ref_axis',(0.,0.707106781186548,0.707106781186547));
#13155=DIRECTION('',(1.,0.,0.));
#13156=DIRECTION('center_axis',(0.,0.,-1.));
#13157=DIRECTION('ref_axis',(0.,1.,0.));
#13158=DIRECTION('center_axis',(0.,1.,0.));
#13159=DIRECTION('ref_axis',(-1.,0.,0.));
#13160=DIRECTION('',(1.,0.,-5.06488626677322E-17));
#13161=DIRECTION('center_axis',(0.,1.,0.));
#13162=DIRECTION('ref_axis',(-1.,0.,0.));
#13163=DIRECTION('',(0.,0.,1.));
#13164=DIRECTION('',(1.,0.,0.));
#13165=DIRECTION('',(0.,0.,1.));
#13166=DIRECTION('center_axis',(0.,1.,0.));
#13167=DIRECTION('ref_axis',(-1.,0.,0.));
#13168=DIRECTION('',(1.,0.,-5.06488626677322E-17));
#13169=DIRECTION('center_axis',(0.,1.,0.));
#13170=DIRECTION('ref_axis',(-1.,0.,0.));
#13171=DIRECTION('',(1.,0.,-5.06488626677322E-17));
#13172=DIRECTION('',(-5.0532154980743E-16,0.,1.));
#13173=DIRECTION('',(1.,0.,-5.06488626677322E-17));
#13174=DIRECTION('center_axis',(-3.58141542517396E-17,0.707106781186548,
-0.707106781186547));
#13175=DIRECTION('ref_axis',(-3.5731629454853E-16,0.707106781186547,0.707106781186548));
#13176=DIRECTION('',(1.,0.,-5.06488626677322E-17));
#13177=DIRECTION('',(-3.5731629454853E-16,0.707106781186547,0.707106781186548));
#13178=DIRECTION('center_axis',(-3.58141542517396E-17,0.707106781186548,
-0.707106781186547));
#13179=DIRECTION('ref_axis',(-3.5731629454853E-16,0.707106781186547,0.707106781186548));
#13180=DIRECTION('',(-3.5731629454853E-16,0.707106781186547,0.707106781186548));
#13181=DIRECTION('',(1.,0.,-5.06488626677322E-17));
#13182=DIRECTION('center_axis',(-5.06488626677322E-17,0.,-1.));
#13183=DIRECTION('ref_axis',(0.,1.,0.));
#13184=DIRECTION('',(1.,0.,-5.06488626677322E-17));
#13185=DIRECTION('',(0.,1.,0.));
#13186=DIRECTION('center_axis',(3.58141542517396E-17,0.707106781186548,
0.707106781186547));
#13187=DIRECTION('ref_axis',(-3.5731629454853E-16,-0.707106781186547,0.707106781186548));
#13188=DIRECTION('',(-3.5731629454853E-16,-0.707106781186547,0.707106781186548));
#13189=DIRECTION('',(1.,0.,-5.06488626677322E-17));
#13190=DIRECTION('center_axis',(3.58141542517396E-17,0.707106781186548,
0.707106781186547));
#13191=DIRECTION('ref_axis',(-3.5731629454853E-16,-0.707106781186547,0.707106781186548));
#13192=DIRECTION('',(1.,0.,-5.06488626677322E-17));
#13193=DIRECTION('',(-3.5731629454853E-16,-0.707106781186547,0.707106781186548));
#13194=DIRECTION('center_axis',(-3.58141542517396E-17,-0.707106781186548,
-0.707106781186547));
#13195=DIRECTION('ref_axis',(3.5731629454853E-16,0.707106781186547,-0.707106781186548));
#13196=DIRECTION('',(1.,0.,-5.06488626677322E-17));
#13197=DIRECTION('',(3.5731629454853E-16,0.707106781186547,-0.707106781186548));
#13198=DIRECTION('center_axis',(5.06488626677322E-17,0.,1.));
#13199=DIRECTION('ref_axis',(0.,-1.,0.));
#13200=DIRECTION('',(0.,-1.,0.));
#13201=DIRECTION('',(1.,0.,-5.06488626677322E-17));
#13202=DIRECTION('center_axis',(5.06488626677322E-17,0.,1.));
#13203=DIRECTION('ref_axis',(0.,-1.,0.));
#13204=DIRECTION('',(1.,0.,-5.06488626677322E-17));
#13205=DIRECTION('',(0.,-1.,0.));
#13206=DIRECTION('center_axis',(0.,-1.,0.));
#13207=DIRECTION('ref_axis',(1.,0.,0.));
#13208=DIRECTION('',(1.,0.,-5.06488626677322E-17));
#13209=DIRECTION('center_axis',(0.,1.,0.));
#13210=DIRECTION('ref_axis',(-1.,0.,0.));
#13211=DIRECTION('',(0.,0.,1.));
#13212=DIRECTION('',(-1.,0.,0.));
#13213=DIRECTION('',(0.,0.,1.));
#13214=DIRECTION('center_axis',(0.,1.,0.));
#13215=DIRECTION('ref_axis',(-1.,0.,0.));
#13216=DIRECTION('center_axis',(3.58141542517396E-17,-0.707106781186548,
0.707106781186547));
#13217=DIRECTION('ref_axis',(3.5731629454853E-16,-0.707106781186547,-0.707106781186548));
#13218=DIRECTION('',(3.5731629454853E-16,-0.707106781186547,-0.707106781186548));
#13219=DIRECTION('center_axis',(-5.06488626677322E-17,0.,-1.));
#13220=DIRECTION('ref_axis',(0.,1.,0.));
#13221=DIRECTION('',(0.,1.,0.));
#13222=DIRECTION('',(1.,0.,-5.06488626677322E-17));
#13223=DIRECTION('center_axis',(-3.58141542517396E-17,-0.707106781186548,
-0.707106781186547));
#13224=DIRECTION('ref_axis',(3.5731629454853E-16,0.707106781186547,-0.707106781186548));
#13225=DIRECTION('',(3.5731629454853E-16,0.707106781186547,-0.707106781186548));
#13226=DIRECTION('',(1.,0.,-5.06488626677322E-17));
#13227=DIRECTION('center_axis',(3.58141542517396E-17,-0.707106781186548,
0.707106781186547));
#13228=DIRECTION('ref_axis',(3.5731629454853E-16,-0.707106781186547,-0.707106781186548));
#13229=DIRECTION('',(1.,0.,-5.06488626677322E-17));
#13230=DIRECTION('',(3.5731629454853E-16,-0.707106781186547,-0.707106781186548));
#13231=DIRECTION('center_axis',(0.,-1.,0.));
#13232=DIRECTION('ref_axis',(-1.,0.,0.));
#13233=DIRECTION('',(-0.707106781186548,-0.707106781186547,0.));
#13234=DIRECTION('center_axis',(0.,1.,0.));
#13235=DIRECTION('ref_axis',(-1.,0.,8.37904093235802E-16));
#13236=DIRECTION('center_axis',(0.,1.,0.));
#13237=DIRECTION('ref_axis',(-1.,0.,0.));
#13238=DIRECTION('',(-0.707106781186548,0.707106781186547,0.));
#13239=DIRECTION('center_axis',(0.,1.,0.));
#13240=DIRECTION('ref_axis',(-1.,0.,1.64477455732409E-15));
#13241=DIRECTION('center_axis',(0.,1.,0.));
#13242=DIRECTION('ref_axis',(-1.,0.,0.));
#13243=DIRECTION('',(0.,1.,0.));
#13244=DIRECTION('center_axis',(0.,1.,0.));
#13245=DIRECTION('ref_axis',(-1.,0.,1.64477455732409E-15));
#13246=DIRECTION('center_axis',(0.,-1.,0.));
#13247=DIRECTION('ref_axis',(-1.,0.,0.));
#13248=DIRECTION('',(0.707106781186548,0.707106781186547,0.));
#13249=DIRECTION('center_axis',(0.,1.,0.));
#13250=DIRECTION('ref_axis',(-1.,0.,0.));
#13251=DIRECTION('',(0.707106781186548,-0.707106781186547,0.));
#13252=DIRECTION('center_axis',(0.,1.,0.));
#13253=DIRECTION('ref_axis',(-1.,0.,8.37904093235802E-16));
#13254=DIRECTION('center_axis',(0.,1.,0.));
#13255=DIRECTION('ref_axis',(-1.,0.,0.));
#13256=DIRECTION('',(0.,-1.,0.));
#13257=DIRECTION('center_axis',(-0.707106781186547,0.707106781186548,0.));
#13258=DIRECTION('ref_axis',(-0.707106781186548,-0.707106781186547,0.));
#13259=DIRECTION('',(0.707106781186548,0.707106781186547,0.));
#13260=DIRECTION('',(0.,0.,1.));
#13261=DIRECTION('center_axis',(0.707106781186547,0.707106781186548,0.));
#13262=DIRECTION('ref_axis',(-0.707106781186548,0.707106781186547,0.));
#13263=DIRECTION('',(0.707106781186548,-0.707106781186547,0.));
#13264=DIRECTION('',(0.,0.,1.));
#13265=DIRECTION('center_axis',(1.,0.,0.));
#13266=DIRECTION('ref_axis',(0.,1.,0.));
#13267=DIRECTION('',(0.,-1.,0.));
#13268=DIRECTION('',(0.,0.,1.));
#13269=DIRECTION('center_axis',(0.707106781186547,-0.707106781186548,0.));
#13270=DIRECTION('ref_axis',(0.707106781186548,0.707106781186547,0.));
#13271=DIRECTION('',(-0.707106781186548,-0.707106781186547,0.));
#13272=DIRECTION('center_axis',(0.,-1.,0.));
#13273=DIRECTION('ref_axis',(1.,0.,0.));
#13274=DIRECTION('',(5.0532154980743E-16,0.,-1.));
#13275=DIRECTION('center_axis',(-0.707106781186547,-0.707106781186548,0.));
#13276=DIRECTION('ref_axis',(0.707106781186548,-0.707106781186547,0.));
#13277=DIRECTION('',(-0.707106781186548,0.707106781186547,0.));
#13278=DIRECTION('',(0.,0.,1.));
#13279=DIRECTION('center_axis',(-1.,0.,0.));
#13280=DIRECTION('ref_axis',(0.,-1.,0.));
#13281=DIRECTION('',(0.,1.,0.));
#13282=DIRECTION('center_axis',(1.,0.,5.0532154980743E-16));
#13283=DIRECTION('ref_axis',(5.0532154980743E-16,0.,-1.));
#13284=DIRECTION('center_axis',(0.,0.,1.));
#13285=DIRECTION('ref_axis',(1.,0.,0.));
#13286=DIRECTION('center_axis',(0.,1.,0.));
#13287=DIRECTION('ref_axis',(-1.,0.,0.));
#13288=DIRECTION('',(1.,0.,0.));
#13289=DIRECTION('center_axis',(2.161544744604E-16,1.,-2.161544744604E-16));
#13290=DIRECTION('ref_axis',(-1.,1.79068229778252E-16,0.));
#13291=DIRECTION('',(0.,0.,1.));
#13292=DIRECTION('',(1.,0.,0.));
#13293=DIRECTION('',(0.,0.,1.));
#13294=DIRECTION('center_axis',(1.3675078996474E-16,1.,-1.3675078996474E-16));
#13295=DIRECTION('ref_axis',(-1.,1.1328806373726E-16,-9.06304509898076E-16));
#13296=DIRECTION('',(1.,0.,0.));
#13297=DIRECTION('center_axis',(0.,1.,0.));
#13298=DIRECTION('ref_axis',(-1.,0.,0.));
#13299=DIRECTION('',(1.,0.,0.));
#13300=DIRECTION('',(-6.12323399573677E-17,0.,1.));
#13301=DIRECTION('',(1.,0.,0.));
#13302=DIRECTION('center_axis',(0.,0.707106781186548,-0.707106781186548));
#13303=DIRECTION('ref_axis',(-4.32978028117747E-17,0.707106781186548,0.707106781186548));
#13304=DIRECTION('',(1.,0.,0.));
#13305=DIRECTION('',(-4.32978028117747E-17,0.707106781186547,0.707106781186547));
#13306=DIRECTION('center_axis',(0.,0.707106781186548,-0.707106781186548));
#13307=DIRECTION('ref_axis',(-4.32978028117747E-17,0.707106781186548,0.707106781186548));
#13308=DIRECTION('',(-4.32978028117747E-17,0.707106781186547,0.707106781186547));
#13309=DIRECTION('',(1.,0.,0.));
#13310=DIRECTION('center_axis',(0.,0.,-1.));
#13311=DIRECTION('ref_axis',(0.,1.,0.));
#13312=DIRECTION('',(1.,0.,0.));
#13313=DIRECTION('',(0.,1.,0.));
#13314=DIRECTION('center_axis',(0.,0.707106781186548,0.707106781186548));
#13315=DIRECTION('ref_axis',(-4.32978028117747E-17,-0.707106781186548,0.707106781186548));
#13316=DIRECTION('',(-4.32978028117747E-17,-0.707106781186547,0.707106781186547));
#13317=DIRECTION('',(1.,0.,0.));
#13318=DIRECTION('center_axis',(0.,0.707106781186548,0.707106781186548));
#13319=DIRECTION('ref_axis',(-4.32978028117747E-17,-0.707106781186548,0.707106781186548));
#13320=DIRECTION('',(1.,0.,0.));
#13321=DIRECTION('',(-4.32978028117747E-17,-0.707106781186547,0.707106781186547));
#13322=DIRECTION('center_axis',(0.,-0.707106781186548,-0.707106781186548));
#13323=DIRECTION('ref_axis',(4.32978028117747E-17,0.707106781186548,-0.707106781186548));
#13324=DIRECTION('',(1.,0.,0.));
#13325=DIRECTION('',(4.32978028117747E-17,0.707106781186547,-0.707106781186547));
#13326=DIRECTION('center_axis',(0.,0.,1.));
#13327=DIRECTION('ref_axis',(0.,-1.,0.));
#13328=DIRECTION('',(0.,-1.,0.));
#13329=DIRECTION('',(1.,0.,0.));
#13330=DIRECTION('center_axis',(0.,0.,1.));
#13331=DIRECTION('ref_axis',(0.,-1.,0.));
#13332=DIRECTION('',(1.,0.,0.));
#13333=DIRECTION('',(0.,-1.,0.));
#13334=DIRECTION('center_axis',(0.,-1.,0.));
#13335=DIRECTION('ref_axis',(1.,0.,0.));
#13336=DIRECTION('',(1.,0.,0.));
#13337=DIRECTION('center_axis',(-1.3675078996474E-16,1.,1.3675078996474E-16));
#13338=DIRECTION('ref_axis',(-1.,-1.1328806373726E-16,-9.06304509898076E-16));
#13339=DIRECTION('',(0.,0.,1.));
#13340=DIRECTION('',(-1.,0.,0.));
#13341=DIRECTION('',(0.,0.,1.));
#13342=DIRECTION('center_axis',(-2.161544744604E-16,1.,2.161544744604E-16));
#13343=DIRECTION('ref_axis',(-1.,-1.79068229778252E-16,0.));
#13344=DIRECTION('center_axis',(0.,-0.707106781186548,0.707106781186548));
#13345=DIRECTION('ref_axis',(4.32978028117747E-17,-0.707106781186548,-0.707106781186548));
#13346=DIRECTION('',(4.32978028117747E-17,-0.707106781186547,-0.707106781186547));
#13347=DIRECTION('center_axis',(0.,0.,-1.));
#13348=DIRECTION('ref_axis',(0.,1.,0.));
#13349=DIRECTION('',(0.,1.,0.));
#13350=DIRECTION('',(1.,0.,0.));
#13351=DIRECTION('center_axis',(0.,-0.707106781186548,-0.707106781186548));
#13352=DIRECTION('ref_axis',(4.32978028117747E-17,0.707106781186548,-0.707106781186548));
#13353=DIRECTION('',(4.32978028117747E-17,0.707106781186547,-0.707106781186547));
#13354=DIRECTION('',(1.,0.,0.));
#13355=DIRECTION('center_axis',(0.,-0.707106781186548,0.707106781186548));
#13356=DIRECTION('ref_axis',(4.32978028117747E-17,-0.707106781186548,-0.707106781186548));
#13357=DIRECTION('',(1.,0.,0.));
#13358=DIRECTION('',(4.32978028117747E-17,-0.707106781186547,-0.707106781186547));
#13359=DIRECTION('center_axis',(0.,1.,0.));
#13360=DIRECTION('ref_axis',(-1.,0.,0.));
#13361=DIRECTION('',(-0.707106781186547,0.707106781186547,0.));
#13362=DIRECTION('center_axis',(1.24088679782822E-16,1.,-1.24088679782822E-16));
#13363=DIRECTION('ref_axis',(-1.,1.02798428206034E-16,1.64477485129654E-15));
#13364=DIRECTION('center_axis',(0.,1.,0.));
#13365=DIRECTION('ref_axis',(-1.,0.,0.));
#13366=DIRECTION('',(0.,1.,0.));
#13367=DIRECTION('center_axis',(-1.24088679782822E-16,1.,1.24088679782822E-16));
#13368=DIRECTION('ref_axis',(-1.,-1.02798428206034E-16,1.64477485129654E-15));
#13369=DIRECTION('center_axis',(0.,-1.,0.));
#13370=DIRECTION('ref_axis',(-1.,0.,0.));
#13371=DIRECTION('',(0.707106781186547,0.707106781186547,0.));
#13372=DIRECTION('center_axis',(0.,1.,0.));
#13373=DIRECTION('ref_axis',(-1.,0.,0.));
#13374=DIRECTION('',(0.707106781186547,-0.707106781186547,0.));
#13375=DIRECTION('center_axis',(-6.32149878138892E-17,1.,6.32149878138892E-17));
#13376=DIRECTION('ref_axis',(-1.,-5.23690105955256E-17,8.3790416952841E-16));
#13377=DIRECTION('center_axis',(0.,1.,0.));
#13378=DIRECTION('ref_axis',(-1.,0.,0.));
#13379=DIRECTION('',(0.,-1.,0.));
#13380=DIRECTION('center_axis',(6.32149878138892E-17,1.,-6.32149878138892E-17));
#13381=DIRECTION('ref_axis',(-1.,5.23690105955256E-17,8.3790416952841E-16));
#13382=DIRECTION('center_axis',(0.,-1.,0.));
#13383=DIRECTION('ref_axis',(-1.,0.,0.));
#13384=DIRECTION('',(-0.707106781186547,-0.707106781186547,0.));
#13385=DIRECTION('center_axis',(0.707106781186548,0.707106781186548,0.));
#13386=DIRECTION('ref_axis',(-0.707106781186548,0.707106781186548,0.));
#13387=DIRECTION('',(0.707106781186547,-0.707106781186547,0.));
#13388=DIRECTION('',(0.,0.,1.));
#13389=DIRECTION('center_axis',(1.,0.,0.));
#13390=DIRECTION('ref_axis',(0.,1.,0.));
#13391=DIRECTION('',(0.,-1.,0.));
#13392=DIRECTION('',(0.,0.,1.));
#13393=DIRECTION('center_axis',(0.707106781186548,-0.707106781186548,0.));
#13394=DIRECTION('ref_axis',(0.707106781186548,0.707106781186548,0.));
#13395=DIRECTION('',(-0.707106781186547,-0.707106781186547,0.));
#13396=DIRECTION('center_axis',(0.,-1.,0.));
#13397=DIRECTION('ref_axis',(1.,0.,0.));
#13398=DIRECTION('',(6.12323399573677E-17,0.,-1.));
#13399=DIRECTION('center_axis',(-0.707106781186548,-0.707106781186548,0.));
#13400=DIRECTION('ref_axis',(0.707106781186548,-0.707106781186548,0.));
#13401=DIRECTION('',(-0.707106781186547,0.707106781186547,0.));
#13402=DIRECTION('',(0.,0.,1.));
#13403=DIRECTION('center_axis',(-1.,0.,0.));
#13404=DIRECTION('ref_axis',(0.,-1.,0.));
#13405=DIRECTION('',(0.,1.,0.));
#13406=DIRECTION('',(0.,0.,1.));
#13407=DIRECTION('center_axis',(-0.707106781186548,0.707106781186548,0.));
#13408=DIRECTION('ref_axis',(-0.707106781186548,-0.707106781186548,0.));
#13409=DIRECTION('',(0.707106781186547,0.707106781186547,0.));
#13410=DIRECTION('center_axis',(1.,0.,6.12323399573677E-17));
#13411=DIRECTION('ref_axis',(6.12323399573677E-17,0.,-1.));
#13412=DIRECTION('center_axis',(0.,0.,1.));
#13413=DIRECTION('ref_axis',(1.,0.,0.));
#13414=DIRECTION('center_axis',(0.,1.,0.));
#13415=DIRECTION('ref_axis',(-1.,0.,0.));
#13416=DIRECTION('',(1.,0.,0.));
#13417=DIRECTION('center_axis',(0.,1.,0.));
#13418=DIRECTION('ref_axis',(-1.,0.,0.));
#13419=DIRECTION('',(0.,0.,1.));
#13420=DIRECTION('',(1.,0.,0.));
#13421=DIRECTION('',(0.,0.,1.));
#13422=DIRECTION('center_axis',(0.,1.,0.));
#13423=DIRECTION('ref_axis',(-1.,0.,9.06304465269599E-16));
#13424=DIRECTION('',(1.,0.,0.));
#13425=DIRECTION('center_axis',(0.,1.,0.));
#13426=DIRECTION('ref_axis',(-1.,0.,0.));
#13427=DIRECTION('',(1.,0.,0.));
#13428=DIRECTION('',(1.04899068466779E-15,0.,1.));
#13429=DIRECTION('',(1.,0.,0.));
#13430=DIRECTION('center_axis',(0.,0.707106781186548,-0.707106781186547));
#13431=DIRECTION('ref_axis',(7.41748426530113E-16,0.707106781186547,0.707106781186548));
#13432=DIRECTION('',(1.,0.,0.));
#13433=DIRECTION('',(7.41748426530113E-16,0.707106781186547,0.707106781186548));
#13434=DIRECTION('center_axis',(0.,0.707106781186548,-0.707106781186547));
#13435=DIRECTION('ref_axis',(7.41748426530113E-16,0.707106781186547,0.707106781186548));
#13436=DIRECTION('',(7.41748426530113E-16,0.707106781186547,0.707106781186548));
#13437=DIRECTION('',(1.,0.,0.));
#13438=DIRECTION('center_axis',(0.,0.,-1.));
#13439=DIRECTION('ref_axis',(0.,1.,0.));
#13440=DIRECTION('',(1.,0.,0.));
#13441=DIRECTION('',(0.,1.,0.));
#13442=DIRECTION('center_axis',(0.,0.707106781186548,0.707106781186547));
#13443=DIRECTION('ref_axis',(7.41748426530113E-16,-0.707106781186547,0.707106781186548));
#13444=DIRECTION('',(7.41748426530113E-16,-0.707106781186547,0.707106781186548));
#13445=DIRECTION('',(1.,0.,0.));
#13446=DIRECTION('center_axis',(0.,0.707106781186548,0.707106781186547));
#13447=DIRECTION('ref_axis',(7.41748426530113E-16,-0.707106781186547,0.707106781186548));
#13448=DIRECTION('',(1.,0.,0.));
#13449=DIRECTION('',(7.41748426530113E-16,-0.707106781186547,0.707106781186548));
#13450=DIRECTION('center_axis',(0.,-0.707106781186548,-0.707106781186547));
#13451=DIRECTION('ref_axis',(-7.41748426530113E-16,0.707106781186547,-0.707106781186548));
#13452=DIRECTION('',(1.,0.,0.));
#13453=DIRECTION('',(-7.41748426530113E-16,0.707106781186547,-0.707106781186548));
#13454=DIRECTION('center_axis',(0.,0.,1.));
#13455=DIRECTION('ref_axis',(0.,-1.,0.));
#13456=DIRECTION('',(0.,-1.,0.));
#13457=DIRECTION('',(1.,0.,0.));
#13458=DIRECTION('center_axis',(0.,0.,1.));
#13459=DIRECTION('ref_axis',(0.,-1.,0.));
#13460=DIRECTION('',(1.,0.,0.));
#13461=DIRECTION('',(0.,-1.,0.));
#13462=DIRECTION('center_axis',(0.,-1.,0.));
#13463=DIRECTION('ref_axis',(1.,0.,0.));
#13464=DIRECTION('',(1.,0.,0.));
#13465=DIRECTION('center_axis',(0.,1.,0.));
#13466=DIRECTION('ref_axis',(-1.,0.,9.06304465269599E-16));
#13467=DIRECTION('',(0.,0.,1.));
#13468=DIRECTION('',(-1.,0.,0.));
#13469=DIRECTION('',(0.,0.,1.));
#13470=DIRECTION('center_axis',(0.,1.,0.));
#13471=DIRECTION('ref_axis',(-1.,0.,0.));
#13472=DIRECTION('center_axis',(0.,-0.707106781186548,0.707106781186547));
#13473=DIRECTION('ref_axis',(-7.41748426530113E-16,-0.707106781186547,-0.707106781186548));
#13474=DIRECTION('',(-7.41748426530113E-16,-0.707106781186547,-0.707106781186548));
#13475=DIRECTION('center_axis',(0.,0.,-1.));
#13476=DIRECTION('ref_axis',(0.,1.,0.));
#13477=DIRECTION('',(0.,1.,0.));
#13478=DIRECTION('',(1.,0.,0.));
#13479=DIRECTION('center_axis',(0.,-0.707106781186548,-0.707106781186547));
#13480=DIRECTION('ref_axis',(-7.41748426530113E-16,0.707106781186547,-0.707106781186548));
#13481=DIRECTION('',(-7.41748426530113E-16,0.707106781186547,-0.707106781186548));
#13482=DIRECTION('',(1.,0.,0.));
#13483=DIRECTION('center_axis',(0.,-0.707106781186548,0.707106781186547));
#13484=DIRECTION('ref_axis',(-7.41748426530113E-16,-0.707106781186547,-0.707106781186548));
#13485=DIRECTION('',(1.,0.,0.));
#13486=DIRECTION('',(-7.41748426530113E-16,-0.707106781186547,-0.707106781186548));
#13487=DIRECTION('center_axis',(0.,-1.,0.));
#13488=DIRECTION('ref_axis',(-1.,0.,-1.11022302462516E-15));
#13489=DIRECTION('',(-0.707106781186548,-0.707106781186547,0.));
#13490=DIRECTION('center_axis',(0.,1.,0.));
#13491=DIRECTION('ref_axis',(-1.,0.,0.));
#13492=DIRECTION('center_axis',(0.,1.,0.));
#13493=DIRECTION('ref_axis',(-1.,0.,-1.11022302462516E-15));
#13494=DIRECTION('',(-0.707106781186548,0.707106781186547,0.));
#13495=DIRECTION('center_axis',(0.,1.,0.));
#13496=DIRECTION('ref_axis',(-1.,0.,0.));
#13497=DIRECTION('center_axis',(0.,1.,0.));
#13498=DIRECTION('ref_axis',(-1.,0.,-1.11022302462516E-15));
#13499=DIRECTION('',(0.,1.,0.));
#13500=DIRECTION('center_axis',(0.,1.,0.));
#13501=DIRECTION('ref_axis',(-1.,0.,0.));
#13502=DIRECTION('center_axis',(0.,-1.,0.));
#13503=DIRECTION('ref_axis',(-1.,0.,-1.11022302462516E-15));
#13504=DIRECTION('',(0.707106781186548,0.707106781186547,0.));
#13505=DIRECTION('center_axis',(0.,1.,0.));
#13506=DIRECTION('ref_axis',(-1.,0.,-1.11022302462516E-15));
#13507=DIRECTION('',(0.707106781186548,-0.707106781186547,0.));
#13508=DIRECTION('center_axis',(0.,1.,0.));
#13509=DIRECTION('ref_axis',(-1.,0.,0.));
#13510=DIRECTION('center_axis',(0.,1.,0.));
#13511=DIRECTION('ref_axis',(-1.,0.,-1.11022302462516E-15));
#13512=DIRECTION('',(0.,-1.,0.));
#13513=DIRECTION('center_axis',(-0.707106781186547,0.707106781186548,0.));
#13514=DIRECTION('ref_axis',(-0.707106781186548,-0.707106781186547,0.));
#13515=DIRECTION('',(0.707106781186548,0.707106781186547,0.));
#13516=DIRECTION('',(0.,0.,1.));
#13517=DIRECTION('center_axis',(0.707106781186547,0.707106781186548,0.));
#13518=DIRECTION('ref_axis',(-0.707106781186548,0.707106781186547,0.));
#13519=DIRECTION('',(0.707106781186548,-0.707106781186547,0.));
#13520=DIRECTION('',(0.,0.,1.));
#13521=DIRECTION('center_axis',(1.,0.,0.));
#13522=DIRECTION('ref_axis',(0.,1.,0.));
#13523=DIRECTION('',(0.,-1.,0.));
#13524=DIRECTION('',(0.,0.,1.));
#13525=DIRECTION('center_axis',(0.707106781186547,-0.707106781186548,0.));
#13526=DIRECTION('ref_axis',(0.707106781186548,0.707106781186547,0.));
#13527=DIRECTION('',(-0.707106781186548,-0.707106781186547,0.));
#13528=DIRECTION('center_axis',(0.,-1.,0.));
#13529=DIRECTION('ref_axis',(1.,0.,0.));
#13530=DIRECTION('',(-1.04899068466779E-15,0.,-1.));
#13531=DIRECTION('center_axis',(-0.707106781186547,-0.707106781186548,0.));
#13532=DIRECTION('ref_axis',(0.707106781186548,-0.707106781186547,0.));
#13533=DIRECTION('',(-0.707106781186548,0.707106781186547,0.));
#13534=DIRECTION('',(0.,0.,1.));
#13535=DIRECTION('center_axis',(-1.,0.,0.));
#13536=DIRECTION('ref_axis',(0.,-1.,0.));
#13537=DIRECTION('',(0.,1.,0.));
#13538=DIRECTION('center_axis',(1.,0.,-1.04899068466779E-15));
#13539=DIRECTION('ref_axis',(-1.04899068466779E-15,0.,-1.));
#13540=DIRECTION('center_axis',(0.,0.,1.));
#13541=DIRECTION('ref_axis',(1.,0.,0.));
#13542=DIRECTION('center_axis',(1.,0.,0.));
#13543=DIRECTION('ref_axis',(0.,0.,-1.));
#13544=DIRECTION('',(0.,1.,0.));
#13545=DIRECTION('',(0.,0.707106781186548,0.707106781186547));
#13546=DIRECTION('',(0.,-1.25780554149376E-16,1.));
#13547=DIRECTION('',(0.,-0.707106781186547,0.707106781186548));
#13548=DIRECTION('',(0.,-1.,0.));
#13549=DIRECTION('',(0.,-0.707106781186547,-0.707106781186548));
#13550=DIRECTION('',(0.,0.,-1.));
#13551=DIRECTION('',(0.,0.707106781186548,-0.707106781186547));
#13552=DIRECTION('',(0.,-0.707106781186547,-0.707106781186548));
#13553=DIRECTION('',(0.,-1.,0.));
#13554=DIRECTION('',(0.,-0.707106781186547,0.707106781186548));
#13555=DIRECTION('',(0.,0.,1.));
#13556=DIRECTION('',(0.,0.707106781186547,0.707106781186548));
#13557=DIRECTION('',(0.,1.,0.));
#13558=DIRECTION('',(0.,0.707106781186547,-0.707106781186548));
#13559=DIRECTION('',(0.,0.,-1.));
#13560=DIRECTION('',(0.,-0.707106781186548,-0.707106781186548));
#13561=DIRECTION('',(0.,-1.,0.));
#13562=DIRECTION('',(0.,-0.707106781186548,0.707106781186548));
#13563=DIRECTION('',(0.,0.,1.));
#13564=DIRECTION('',(0.,0.707106781186548,0.707106781186548));
#13565=DIRECTION('',(0.,1.,0.));
#13566=DIRECTION('',(0.,0.707106781186548,-0.707106781186548));
#13567=DIRECTION('',(0.,0.,-1.));
#13568=DIRECTION('',(0.,-0.707106781186547,-0.707106781186548));
#13569=DIRECTION('',(0.,-1.,0.));
#13570=DIRECTION('',(0.,-0.707106781186547,0.707106781186548));
#13571=DIRECTION('',(0.,0.,1.));
#13572=DIRECTION('',(0.,0.707106781186547,0.707106781186548));
#13573=DIRECTION('',(0.,1.,0.));
#13574=DIRECTION('',(0.,0.707106781186547,-0.707106781186548));
#13575=DIRECTION('',(0.,0.,-1.));
#13576=DIRECTION('center_axis',(1.,0.,0.));
#13577=DIRECTION('ref_axis',(0.,1.,0.));
#13578=DIRECTION('',(0.,1.,0.));
#13579=DIRECTION('',(0.,-0.707106781186548,0.707106781186547));
#13580=DIRECTION('',(0.,0.,-1.));
#13581=DIRECTION('',(0.,-0.707106781186547,-0.707106781186548));
#13582=DIRECTION('',(0.,-1.,0.));
#13583=DIRECTION('',(0.,-0.707106781186547,0.707106781186548));
#13584=DIRECTION('',(0.,-1.25780554149376E-16,1.));
#13585=DIRECTION('',(0.,0.707106781186548,0.707106781186547));
#13586=DIRECTION('',(0.,0.707106781186547,0.707106781186548));
#13587=DIRECTION('',(0.,0.,1.));
#13588=DIRECTION('',(0.,-0.707106781186547,0.707106781186548));
#13589=DIRECTION('',(0.,-1.,0.));
#13590=DIRECTION('',(0.,-0.707106781186547,-0.707106781186548));
#13591=DIRECTION('',(0.,0.,-1.));
#13592=DIRECTION('',(0.,0.707106781186547,-0.707106781186548));
#13593=DIRECTION('',(0.,1.,0.));
#13594=DIRECTION('',(0.,0.707106781186548,0.707106781186548));
#13595=DIRECTION('',(0.,0.,1.));
#13596=DIRECTION('',(0.,-0.707106781186548,0.707106781186548));
#13597=DIRECTION('',(0.,-1.,0.));
#13598=DIRECTION('',(0.,-0.707106781186548,-0.707106781186548));
#13599=DIRECTION('',(0.,0.,-1.));
#13600=DIRECTION('',(0.,0.707106781186548,-0.707106781186548));
#13601=DIRECTION('',(0.,1.,0.));
#13602=DIRECTION('',(0.,0.707106781186547,0.707106781186548));
#13603=DIRECTION('',(0.,0.,1.));
#13604=DIRECTION('',(0.,-0.707106781186547,0.707106781186548));
#13605=DIRECTION('',(0.,-1.,0.));
#13606=DIRECTION('',(0.,-0.707106781186547,-0.707106781186548));
#13607=DIRECTION('',(0.,0.,-1.));
#13608=DIRECTION('',(0.,0.707106781186547,-0.707106781186548));
#13609=DIRECTION('',(0.,1.,0.));
#13610=DIRECTION('center_axis',(0.,-0.707106781186547,-0.707106781186548));
#13611=DIRECTION('ref_axis',(0.,0.707106781186548,-0.707106781186547));
#13612=DIRECTION('',(1.,0.,0.));
#13613=DIRECTION('',(1.,0.,0.));
#13614=DIRECTION('center_axis',(0.,-1.,0.));
#13615=DIRECTION('ref_axis',(0.,0.,-1.));
#13616=DIRECTION('',(1.,0.,0.));
#13617=DIRECTION('center_axis',(0.,-0.707106781186548,0.707106781186547));
#13618=DIRECTION('ref_axis',(0.,-0.707106781186547,-0.707106781186548));
#13619=DIRECTION('',(1.,0.,0.));
#13620=DIRECTION('center_axis',(0.,0.,1.));
#13621=DIRECTION('ref_axis',(0.,-1.,0.));
#13622=DIRECTION('',(1.,0.,0.));
#13623=DIRECTION('center_axis',(0.,0.707106781186548,0.707106781186547));
#13624=DIRECTION('ref_axis',(0.,-0.707106781186547,0.707106781186548));
#13625=DIRECTION('',(1.,0.,0.));
#13626=DIRECTION('center_axis',(0.,1.,1.25780554149376E-16));
#13627=DIRECTION('ref_axis',(0.,-1.25780554149376E-16,1.));
#13628=DIRECTION('',(1.,0.,0.));
#13629=DIRECTION('center_axis',(0.,0.707106781186547,-0.707106781186548));
#13630=DIRECTION('ref_axis',(0.,0.707106781186548,0.707106781186547));
#13631=DIRECTION('',(1.,0.,0.));
#13632=DIRECTION('center_axis',(0.,0.,-1.));
#13633=DIRECTION('ref_axis',(0.,1.,0.));
#13634=DIRECTION('center_axis',(0.,1.,0.));
#13635=DIRECTION('ref_axis',(-1.,0.,0.));
#13636=DIRECTION('',(1.,0.,-5.06488626677322E-17));
#13637=DIRECTION('center_axis',(0.,1.,0.));
#13638=DIRECTION('ref_axis',(-1.,0.,0.));
#13639=DIRECTION('',(0.,0.,1.));
#13640=DIRECTION('',(1.,0.,0.));
#13641=DIRECTION('',(0.,0.,1.));
#13642=DIRECTION('center_axis',(0.,1.,0.));
#13643=DIRECTION('ref_axis',(-1.,0.,0.));
#13644=DIRECTION('',(1.,0.,-5.06488626677322E-17));
#13645=DIRECTION('center_axis',(0.,1.,0.));
#13646=DIRECTION('ref_axis',(-1.,0.,0.));
#13647=DIRECTION('',(1.,0.,-5.06488626677322E-17));
#13648=DIRECTION('',(-5.0532154980743E-16,0.,1.));
#13649=DIRECTION('',(1.,0.,-5.06488626677322E-17));
#13650=DIRECTION('center_axis',(-3.58141542517396E-17,0.707106781186548,
-0.707106781186547));
#13651=DIRECTION('ref_axis',(-3.5731629454853E-16,0.707106781186547,0.707106781186548));
#13652=DIRECTION('',(1.,0.,-5.06488626677322E-17));
#13653=DIRECTION('',(-3.5731629454853E-16,0.707106781186547,0.707106781186548));
#13654=DIRECTION('center_axis',(-3.58141542517396E-17,0.707106781186548,
-0.707106781186547));
#13655=DIRECTION('ref_axis',(-3.5731629454853E-16,0.707106781186547,0.707106781186548));
#13656=DIRECTION('',(-3.5731629454853E-16,0.707106781186547,0.707106781186548));
#13657=DIRECTION('',(1.,0.,-5.06488626677322E-17));
#13658=DIRECTION('center_axis',(-5.06488626677322E-17,0.,-1.));
#13659=DIRECTION('ref_axis',(0.,1.,0.));
#13660=DIRECTION('',(1.,0.,-5.06488626677322E-17));
#13661=DIRECTION('',(0.,1.,0.));
#13662=DIRECTION('center_axis',(3.58141542517396E-17,0.707106781186548,
0.707106781186547));
#13663=DIRECTION('ref_axis',(-3.5731629454853E-16,-0.707106781186547,0.707106781186548));
#13664=DIRECTION('',(-3.5731629454853E-16,-0.707106781186547,0.707106781186548));
#13665=DIRECTION('',(1.,0.,-5.06488626677322E-17));
#13666=DIRECTION('center_axis',(3.58141542517396E-17,0.707106781186548,
0.707106781186547));
#13667=DIRECTION('ref_axis',(-3.5731629454853E-16,-0.707106781186547,0.707106781186548));
#13668=DIRECTION('',(1.,0.,-5.06488626677322E-17));
#13669=DIRECTION('',(-3.5731629454853E-16,-0.707106781186547,0.707106781186548));
#13670=DIRECTION('center_axis',(-3.58141542517396E-17,-0.707106781186548,
-0.707106781186547));
#13671=DIRECTION('ref_axis',(3.5731629454853E-16,0.707106781186547,-0.707106781186548));
#13672=DIRECTION('',(1.,0.,-5.06488626677322E-17));
#13673=DIRECTION('',(3.5731629454853E-16,0.707106781186547,-0.707106781186548));
#13674=DIRECTION('center_axis',(5.06488626677322E-17,0.,1.));
#13675=DIRECTION('ref_axis',(0.,-1.,0.));
#13676=DIRECTION('',(0.,-1.,0.));
#13677=DIRECTION('',(1.,0.,-5.06488626677322E-17));
#13678=DIRECTION('center_axis',(5.06488626677322E-17,0.,1.));
#13679=DIRECTION('ref_axis',(0.,-1.,0.));
#13680=DIRECTION('',(1.,0.,-5.06488626677322E-17));
#13681=DIRECTION('',(0.,-1.,0.));
#13682=DIRECTION('center_axis',(0.,-1.,0.));
#13683=DIRECTION('ref_axis',(1.,0.,0.));
#13684=DIRECTION('',(1.,0.,-5.06488626677322E-17));
#13685=DIRECTION('center_axis',(0.,1.,0.));
#13686=DIRECTION('ref_axis',(-1.,0.,0.));
#13687=DIRECTION('',(0.,0.,1.));
#13688=DIRECTION('',(-1.,0.,0.));
#13689=DIRECTION('',(0.,0.,1.));
#13690=DIRECTION('center_axis',(0.,1.,0.));
#13691=DIRECTION('ref_axis',(-1.,0.,0.));
#13692=DIRECTION('center_axis',(3.58141542517396E-17,-0.707106781186548,
0.707106781186547));
#13693=DIRECTION('ref_axis',(3.5731629454853E-16,-0.707106781186547,-0.707106781186548));
#13694=DIRECTION('',(3.5731629454853E-16,-0.707106781186547,-0.707106781186548));
#13695=DIRECTION('center_axis',(-5.06488626677322E-17,0.,-1.));
#13696=DIRECTION('ref_axis',(0.,1.,0.));
#13697=DIRECTION('',(0.,1.,0.));
#13698=DIRECTION('',(1.,0.,-5.06488626677322E-17));
#13699=DIRECTION('center_axis',(-3.58141542517396E-17,-0.707106781186548,
-0.707106781186547));
#13700=DIRECTION('ref_axis',(3.5731629454853E-16,0.707106781186547,-0.707106781186548));
#13701=DIRECTION('',(3.5731629454853E-16,0.707106781186547,-0.707106781186548));
#13702=DIRECTION('',(1.,0.,-5.06488626677322E-17));
#13703=DIRECTION('center_axis',(3.58141542517396E-17,-0.707106781186548,
0.707106781186547));
#13704=DIRECTION('ref_axis',(3.5731629454853E-16,-0.707106781186547,-0.707106781186548));
#13705=DIRECTION('',(1.,0.,-5.06488626677322E-17));
#13706=DIRECTION('',(3.5731629454853E-16,-0.707106781186547,-0.707106781186548));
#13707=DIRECTION('center_axis',(0.,-1.,0.));
#13708=DIRECTION('ref_axis',(-1.,0.,0.));
#13709=DIRECTION('',(-0.707106781186548,-0.707106781186547,0.));
#13710=DIRECTION('center_axis',(0.,1.,0.));
#13711=DIRECTION('ref_axis',(-1.,0.,8.37904093235802E-16));
#13712=DIRECTION('center_axis',(0.,1.,0.));
#13713=DIRECTION('ref_axis',(-1.,0.,0.));
#13714=DIRECTION('',(-0.707106781186548,0.707106781186547,0.));
#13715=DIRECTION('center_axis',(0.,1.,0.));
#13716=DIRECTION('ref_axis',(-1.,0.,1.64477455732409E-15));
#13717=DIRECTION('center_axis',(0.,1.,0.));
#13718=DIRECTION('ref_axis',(-1.,0.,0.));
#13719=DIRECTION('',(0.,1.,0.));
#13720=DIRECTION('center_axis',(0.,1.,0.));
#13721=DIRECTION('ref_axis',(-1.,0.,1.64477455732409E-15));
#13722=DIRECTION('center_axis',(0.,-1.,0.));
#13723=DIRECTION('ref_axis',(-1.,0.,0.));
#13724=DIRECTION('',(0.707106781186548,0.707106781186547,0.));
#13725=DIRECTION('center_axis',(0.,1.,0.));
#13726=DIRECTION('ref_axis',(-1.,0.,0.));
#13727=DIRECTION('',(0.707106781186548,-0.707106781186547,0.));
#13728=DIRECTION('center_axis',(0.,1.,0.));
#13729=DIRECTION('ref_axis',(-1.,0.,8.37904093235802E-16));
#13730=DIRECTION('center_axis',(0.,1.,0.));
#13731=DIRECTION('ref_axis',(-1.,0.,0.));
#13732=DIRECTION('',(0.,-1.,0.));
#13733=DIRECTION('center_axis',(-0.707106781186547,0.707106781186548,0.));
#13734=DIRECTION('ref_axis',(-0.707106781186548,-0.707106781186547,0.));
#13735=DIRECTION('',(0.707106781186548,0.707106781186547,0.));
#13736=DIRECTION('',(0.,0.,1.));
#13737=DIRECTION('center_axis',(0.707106781186547,0.707106781186548,0.));
#13738=DIRECTION('ref_axis',(-0.707106781186548,0.707106781186547,0.));
#13739=DIRECTION('',(0.707106781186548,-0.707106781186547,0.));
#13740=DIRECTION('',(0.,0.,1.));
#13741=DIRECTION('center_axis',(1.,0.,0.));
#13742=DIRECTION('ref_axis',(0.,1.,0.));
#13743=DIRECTION('',(0.,-1.,0.));
#13744=DIRECTION('',(0.,0.,1.));
#13745=DIRECTION('center_axis',(0.707106781186547,-0.707106781186548,0.));
#13746=DIRECTION('ref_axis',(0.707106781186548,0.707106781186547,0.));
#13747=DIRECTION('',(-0.707106781186548,-0.707106781186547,0.));
#13748=DIRECTION('center_axis',(0.,-1.,0.));
#13749=DIRECTION('ref_axis',(1.,0.,0.));
#13750=DIRECTION('',(5.0532154980743E-16,0.,-1.));
#13751=DIRECTION('center_axis',(-0.707106781186547,-0.707106781186548,0.));
#13752=DIRECTION('ref_axis',(0.707106781186548,-0.707106781186547,0.));
#13753=DIRECTION('',(-0.707106781186548,0.707106781186547,0.));
#13754=DIRECTION('',(0.,0.,1.));
#13755=DIRECTION('center_axis',(-1.,0.,0.));
#13756=DIRECTION('ref_axis',(0.,-1.,0.));
#13757=DIRECTION('',(0.,1.,0.));
#13758=DIRECTION('center_axis',(1.,0.,5.0532154980743E-16));
#13759=DIRECTION('ref_axis',(5.0532154980743E-16,0.,-1.));
#13760=DIRECTION('center_axis',(0.,0.,1.));
#13761=DIRECTION('ref_axis',(1.,0.,0.));
#13762=DIRECTION('center_axis',(0.,1.,0.));
#13763=DIRECTION('ref_axis',(-1.,0.,0.));
#13764=DIRECTION('',(1.,0.,0.));
#13765=DIRECTION('center_axis',(2.161544744604E-16,1.,-2.161544744604E-16));
#13766=DIRECTION('ref_axis',(-1.,1.79068229778252E-16,0.));
#13767=DIRECTION('',(0.,0.,1.));
#13768=DIRECTION('',(1.,0.,0.));
#13769=DIRECTION('',(0.,0.,1.));
#13770=DIRECTION('center_axis',(1.3675078996474E-16,1.,-1.3675078996474E-16));
#13771=DIRECTION('ref_axis',(-1.,1.1328806373726E-16,-9.06304509898076E-16));
#13772=DIRECTION('',(1.,0.,0.));
#13773=DIRECTION('center_axis',(0.,1.,0.));
#13774=DIRECTION('ref_axis',(-1.,0.,0.));
#13775=DIRECTION('',(1.,0.,0.));
#13776=DIRECTION('',(-6.12323399573677E-17,0.,1.));
#13777=DIRECTION('',(1.,0.,0.));
#13778=DIRECTION('center_axis',(0.,0.707106781186548,-0.707106781186548));
#13779=DIRECTION('ref_axis',(-4.32978028117747E-17,0.707106781186548,0.707106781186548));
#13780=DIRECTION('',(1.,0.,0.));
#13781=DIRECTION('',(-4.32978028117747E-17,0.707106781186547,0.707106781186547));
#13782=DIRECTION('center_axis',(0.,0.707106781186548,-0.707106781186548));
#13783=DIRECTION('ref_axis',(-4.32978028117747E-17,0.707106781186548,0.707106781186548));
#13784=DIRECTION('',(-4.32978028117747E-17,0.707106781186547,0.707106781186547));
#13785=DIRECTION('',(1.,0.,0.));
#13786=DIRECTION('center_axis',(0.,0.,-1.));
#13787=DIRECTION('ref_axis',(0.,1.,0.));
#13788=DIRECTION('',(1.,0.,0.));
#13789=DIRECTION('',(0.,1.,0.));
#13790=DIRECTION('center_axis',(0.,0.707106781186548,0.707106781186548));
#13791=DIRECTION('ref_axis',(-4.32978028117747E-17,-0.707106781186548,0.707106781186548));
#13792=DIRECTION('',(-4.32978028117747E-17,-0.707106781186547,0.707106781186547));
#13793=DIRECTION('',(1.,0.,0.));
#13794=DIRECTION('center_axis',(0.,0.707106781186548,0.707106781186548));
#13795=DIRECTION('ref_axis',(-4.32978028117747E-17,-0.707106781186548,0.707106781186548));
#13796=DIRECTION('',(1.,0.,0.));
#13797=DIRECTION('',(-4.32978028117747E-17,-0.707106781186547,0.707106781186547));
#13798=DIRECTION('center_axis',(0.,-0.707106781186548,-0.707106781186548));
#13799=DIRECTION('ref_axis',(4.32978028117747E-17,0.707106781186548,-0.707106781186548));
#13800=DIRECTION('',(1.,0.,0.));
#13801=DIRECTION('',(4.32978028117747E-17,0.707106781186547,-0.707106781186547));
#13802=DIRECTION('center_axis',(0.,0.,1.));
#13803=DIRECTION('ref_axis',(0.,-1.,0.));
#13804=DIRECTION('',(0.,-1.,0.));
#13805=DIRECTION('',(1.,0.,0.));
#13806=DIRECTION('center_axis',(0.,0.,1.));
#13807=DIRECTION('ref_axis',(0.,-1.,0.));
#13808=DIRECTION('',(1.,0.,0.));
#13809=DIRECTION('',(0.,-1.,0.));
#13810=DIRECTION('center_axis',(0.,-1.,0.));
#13811=DIRECTION('ref_axis',(1.,0.,0.));
#13812=DIRECTION('',(1.,0.,0.));
#13813=DIRECTION('center_axis',(-1.3675078996474E-16,1.,1.3675078996474E-16));
#13814=DIRECTION('ref_axis',(-1.,-1.1328806373726E-16,-9.06304509898076E-16));
#13815=DIRECTION('',(0.,0.,1.));
#13816=DIRECTION('',(-1.,0.,0.));
#13817=DIRECTION('',(0.,0.,1.));
#13818=DIRECTION('center_axis',(-2.161544744604E-16,1.,2.161544744604E-16));
#13819=DIRECTION('ref_axis',(-1.,-1.79068229778252E-16,0.));
#13820=DIRECTION('center_axis',(0.,-0.707106781186548,0.707106781186548));
#13821=DIRECTION('ref_axis',(4.32978028117747E-17,-0.707106781186548,-0.707106781186548));
#13822=DIRECTION('',(4.32978028117747E-17,-0.707106781186547,-0.707106781186547));
#13823=DIRECTION('center_axis',(0.,0.,-1.));
#13824=DIRECTION('ref_axis',(0.,1.,0.));
#13825=DIRECTION('',(0.,1.,0.));
#13826=DIRECTION('',(1.,0.,0.));
#13827=DIRECTION('center_axis',(0.,-0.707106781186548,-0.707106781186548));
#13828=DIRECTION('ref_axis',(4.32978028117747E-17,0.707106781186548,-0.707106781186548));
#13829=DIRECTION('',(4.32978028117747E-17,0.707106781186547,-0.707106781186547));
#13830=DIRECTION('',(1.,0.,0.));
#13831=DIRECTION('center_axis',(0.,-0.707106781186548,0.707106781186548));
#13832=DIRECTION('ref_axis',(4.32978028117747E-17,-0.707106781186548,-0.707106781186548));
#13833=DIRECTION('',(1.,0.,0.));
#13834=DIRECTION('',(4.32978028117747E-17,-0.707106781186547,-0.707106781186547));
#13835=DIRECTION('center_axis',(0.,1.,0.));
#13836=DIRECTION('ref_axis',(-1.,0.,0.));
#13837=DIRECTION('',(-0.707106781186547,0.707106781186547,0.));
#13838=DIRECTION('center_axis',(1.24088679782822E-16,1.,-1.24088679782822E-16));
#13839=DIRECTION('ref_axis',(-1.,1.02798428206034E-16,1.64477485129654E-15));
#13840=DIRECTION('center_axis',(0.,1.,0.));
#13841=DIRECTION('ref_axis',(-1.,0.,0.));
#13842=DIRECTION('',(0.,1.,0.));
#13843=DIRECTION('center_axis',(-1.24088679782822E-16,1.,1.24088679782822E-16));
#13844=DIRECTION('ref_axis',(-1.,-1.02798428206034E-16,1.64477485129654E-15));
#13845=DIRECTION('center_axis',(0.,-1.,0.));
#13846=DIRECTION('ref_axis',(-1.,0.,0.));
#13847=DIRECTION('',(0.707106781186547,0.707106781186547,0.));
#13848=DIRECTION('center_axis',(0.,1.,0.));
#13849=DIRECTION('ref_axis',(-1.,0.,0.));
#13850=DIRECTION('',(0.707106781186547,-0.707106781186547,0.));
#13851=DIRECTION('center_axis',(-6.32149878138892E-17,1.,6.32149878138892E-17));
#13852=DIRECTION('ref_axis',(-1.,-5.23690105955256E-17,8.3790416952841E-16));
#13853=DIRECTION('center_axis',(0.,1.,0.));
#13854=DIRECTION('ref_axis',(-1.,0.,0.));
#13855=DIRECTION('',(0.,-1.,0.));
#13856=DIRECTION('center_axis',(6.32149878138892E-17,1.,-6.32149878138892E-17));
#13857=DIRECTION('ref_axis',(-1.,5.23690105955256E-17,8.3790416952841E-16));
#13858=DIRECTION('center_axis',(0.,-1.,0.));
#13859=DIRECTION('ref_axis',(-1.,0.,0.));
#13860=DIRECTION('',(-0.707106781186547,-0.707106781186547,0.));
#13861=DIRECTION('center_axis',(0.707106781186548,0.707106781186548,0.));
#13862=DIRECTION('ref_axis',(-0.707106781186548,0.707106781186548,0.));
#13863=DIRECTION('',(0.707106781186547,-0.707106781186547,0.));
#13864=DIRECTION('',(0.,0.,1.));
#13865=DIRECTION('center_axis',(1.,0.,0.));
#13866=DIRECTION('ref_axis',(0.,1.,0.));
#13867=DIRECTION('',(0.,-1.,0.));
#13868=DIRECTION('',(0.,0.,1.));
#13869=DIRECTION('center_axis',(0.707106781186548,-0.707106781186548,0.));
#13870=DIRECTION('ref_axis',(0.707106781186548,0.707106781186548,0.));
#13871=DIRECTION('',(-0.707106781186547,-0.707106781186547,0.));
#13872=DIRECTION('center_axis',(0.,-1.,0.));
#13873=DIRECTION('ref_axis',(1.,0.,0.));
#13874=DIRECTION('',(6.12323399573677E-17,0.,-1.));
#13875=DIRECTION('center_axis',(-0.707106781186548,-0.707106781186548,0.));
#13876=DIRECTION('ref_axis',(0.707106781186548,-0.707106781186548,0.));
#13877=DIRECTION('',(-0.707106781186547,0.707106781186547,0.));
#13878=DIRECTION('',(0.,0.,1.));
#13879=DIRECTION('center_axis',(-1.,0.,0.));
#13880=DIRECTION('ref_axis',(0.,-1.,0.));
#13881=DIRECTION('',(0.,1.,0.));
#13882=DIRECTION('',(0.,0.,1.));
#13883=DIRECTION('center_axis',(-0.707106781186548,0.707106781186548,0.));
#13884=DIRECTION('ref_axis',(-0.707106781186548,-0.707106781186548,0.));
#13885=DIRECTION('',(0.707106781186547,0.707106781186547,0.));
#13886=DIRECTION('center_axis',(1.,0.,6.12323399573677E-17));
#13887=DIRECTION('ref_axis',(6.12323399573677E-17,0.,-1.));
#13888=DIRECTION('center_axis',(0.,0.,1.));
#13889=DIRECTION('ref_axis',(1.,0.,0.));
#13890=DIRECTION('center_axis',(0.,1.,0.));
#13891=DIRECTION('ref_axis',(-1.,0.,0.));
#13892=DIRECTION('',(1.,0.,0.));
#13893=DIRECTION('center_axis',(0.,1.,0.));
#13894=DIRECTION('ref_axis',(-1.,0.,0.));
#13895=DIRECTION('',(0.,0.,1.));
#13896=DIRECTION('',(1.,0.,0.));
#13897=DIRECTION('',(0.,0.,1.));
#13898=DIRECTION('center_axis',(0.,1.,0.));
#13899=DIRECTION('ref_axis',(-1.,0.,9.06304465269599E-16));
#13900=DIRECTION('',(1.,0.,0.));
#13901=DIRECTION('center_axis',(0.,1.,0.));
#13902=DIRECTION('ref_axis',(-1.,0.,0.));
#13903=DIRECTION('',(1.,0.,0.));
#13904=DIRECTION('',(1.04899068466779E-15,0.,1.));
#13905=DIRECTION('',(1.,0.,0.));
#13906=DIRECTION('center_axis',(0.,0.707106781186548,-0.707106781186547));
#13907=DIRECTION('ref_axis',(7.41748426530113E-16,0.707106781186547,0.707106781186548));
#13908=DIRECTION('',(1.,0.,0.));
#13909=DIRECTION('',(7.41748426530113E-16,0.707106781186547,0.707106781186548));
#13910=DIRECTION('center_axis',(0.,0.707106781186548,-0.707106781186547));
#13911=DIRECTION('ref_axis',(7.41748426530113E-16,0.707106781186547,0.707106781186548));
#13912=DIRECTION('',(7.41748426530113E-16,0.707106781186547,0.707106781186548));
#13913=DIRECTION('',(1.,0.,0.));
#13914=DIRECTION('center_axis',(0.,0.,-1.));
#13915=DIRECTION('ref_axis',(0.,1.,0.));
#13916=DIRECTION('',(1.,0.,0.));
#13917=DIRECTION('',(0.,1.,0.));
#13918=DIRECTION('center_axis',(0.,0.707106781186548,0.707106781186547));
#13919=DIRECTION('ref_axis',(7.41748426530113E-16,-0.707106781186547,0.707106781186548));
#13920=DIRECTION('',(7.41748426530113E-16,-0.707106781186547,0.707106781186548));
#13921=DIRECTION('',(1.,0.,0.));
#13922=DIRECTION('center_axis',(0.,0.707106781186548,0.707106781186547));
#13923=DIRECTION('ref_axis',(7.41748426530113E-16,-0.707106781186547,0.707106781186548));
#13924=DIRECTION('',(1.,0.,0.));
#13925=DIRECTION('',(7.41748426530113E-16,-0.707106781186547,0.707106781186548));
#13926=DIRECTION('center_axis',(0.,-0.707106781186548,-0.707106781186547));
#13927=DIRECTION('ref_axis',(-7.41748426530113E-16,0.707106781186547,-0.707106781186548));
#13928=DIRECTION('',(1.,0.,0.));
#13929=DIRECTION('',(-7.41748426530113E-16,0.707106781186547,-0.707106781186548));
#13930=DIRECTION('center_axis',(0.,0.,1.));
#13931=DIRECTION('ref_axis',(0.,-1.,0.));
#13932=DIRECTION('',(0.,-1.,0.));
#13933=DIRECTION('',(1.,0.,0.));
#13934=DIRECTION('center_axis',(0.,0.,1.));
#13935=DIRECTION('ref_axis',(0.,-1.,0.));
#13936=DIRECTION('',(1.,0.,0.));
#13937=DIRECTION('',(0.,-1.,0.));
#13938=DIRECTION('center_axis',(0.,-1.,0.));
#13939=DIRECTION('ref_axis',(1.,0.,0.));
#13940=DIRECTION('',(1.,0.,0.));
#13941=DIRECTION('center_axis',(0.,1.,0.));
#13942=DIRECTION('ref_axis',(-1.,0.,9.06304465269599E-16));
#13943=DIRECTION('',(0.,0.,1.));
#13944=DIRECTION('',(-1.,0.,0.));
#13945=DIRECTION('',(0.,0.,1.));
#13946=DIRECTION('center_axis',(0.,1.,0.));
#13947=DIRECTION('ref_axis',(-1.,0.,0.));
#13948=DIRECTION('center_axis',(0.,-0.707106781186548,0.707106781186547));
#13949=DIRECTION('ref_axis',(-7.41748426530113E-16,-0.707106781186547,-0.707106781186548));
#13950=DIRECTION('',(-7.41748426530113E-16,-0.707106781186547,-0.707106781186548));
#13951=DIRECTION('center_axis',(0.,0.,-1.));
#13952=DIRECTION('ref_axis',(0.,1.,0.));
#13953=DIRECTION('',(0.,1.,0.));
#13954=DIRECTION('',(1.,0.,0.));
#13955=DIRECTION('center_axis',(0.,-0.707106781186548,-0.707106781186547));
#13956=DIRECTION('ref_axis',(-7.41748426530113E-16,0.707106781186547,-0.707106781186548));
#13957=DIRECTION('',(-7.41748426530113E-16,0.707106781186547,-0.707106781186548));
#13958=DIRECTION('',(1.,0.,0.));
#13959=DIRECTION('center_axis',(0.,-0.707106781186548,0.707106781186547));
#13960=DIRECTION('ref_axis',(-7.41748426530113E-16,-0.707106781186547,-0.707106781186548));
#13961=DIRECTION('',(1.,0.,0.));
#13962=DIRECTION('',(-7.41748426530113E-16,-0.707106781186547,-0.707106781186548));
#13963=DIRECTION('center_axis',(0.,-1.,0.));
#13964=DIRECTION('ref_axis',(-1.,0.,-1.11022302462516E-15));
#13965=DIRECTION('',(-0.707106781186548,-0.707106781186547,0.));
#13966=DIRECTION('center_axis',(0.,1.,0.));
#13967=DIRECTION('ref_axis',(-1.,0.,0.));
#13968=DIRECTION('center_axis',(0.,1.,0.));
#13969=DIRECTION('ref_axis',(-1.,0.,-1.11022302462516E-15));
#13970=DIRECTION('',(-0.707106781186548,0.707106781186547,0.));
#13971=DIRECTION('center_axis',(0.,1.,0.));
#13972=DIRECTION('ref_axis',(-1.,0.,0.));
#13973=DIRECTION('center_axis',(0.,1.,0.));
#13974=DIRECTION('ref_axis',(-1.,0.,-1.11022302462516E-15));
#13975=DIRECTION('',(0.,1.,0.));
#13976=DIRECTION('center_axis',(0.,1.,0.));
#13977=DIRECTION('ref_axis',(-1.,0.,0.));
#13978=DIRECTION('center_axis',(0.,-1.,0.));
#13979=DIRECTION('ref_axis',(-1.,0.,-1.11022302462516E-15));
#13980=DIRECTION('',(0.707106781186548,0.707106781186547,0.));
#13981=DIRECTION('center_axis',(0.,1.,0.));
#13982=DIRECTION('ref_axis',(-1.,0.,-1.11022302462516E-15));
#13983=DIRECTION('',(0.707106781186548,-0.707106781186547,0.));
#13984=DIRECTION('center_axis',(0.,1.,0.));
#13985=DIRECTION('ref_axis',(-1.,0.,0.));
#13986=DIRECTION('center_axis',(0.,1.,0.));
#13987=DIRECTION('ref_axis',(-1.,0.,-1.11022302462516E-15));
#13988=DIRECTION('',(0.,-1.,0.));
#13989=DIRECTION('center_axis',(-0.707106781186547,0.707106781186548,0.));
#13990=DIRECTION('ref_axis',(-0.707106781186548,-0.707106781186547,0.));
#13991=DIRECTION('',(0.707106781186548,0.707106781186547,0.));
#13992=DIRECTION('',(0.,0.,1.));
#13993=DIRECTION('center_axis',(0.707106781186547,0.707106781186548,0.));
#13994=DIRECTION('ref_axis',(-0.707106781186548,0.707106781186547,0.));
#13995=DIRECTION('',(0.707106781186548,-0.707106781186547,0.));
#13996=DIRECTION('',(0.,0.,1.));
#13997=DIRECTION('center_axis',(1.,0.,0.));
#13998=DIRECTION('ref_axis',(0.,1.,0.));
#13999=DIRECTION('',(0.,-1.,0.));
#14000=DIRECTION('',(0.,0.,1.));
#14001=DIRECTION('center_axis',(0.707106781186547,-0.707106781186548,0.));
#14002=DIRECTION('ref_axis',(0.707106781186548,0.707106781186547,0.));
#14003=DIRECTION('',(-0.707106781186548,-0.707106781186547,0.));
#14004=DIRECTION('center_axis',(0.,-1.,0.));
#14005=DIRECTION('ref_axis',(1.,0.,0.));
#14006=DIRECTION('',(-1.04899068466779E-15,0.,-1.));
#14007=DIRECTION('center_axis',(-0.707106781186547,-0.707106781186548,0.));
#14008=DIRECTION('ref_axis',(0.707106781186548,-0.707106781186547,0.));
#14009=DIRECTION('',(-0.707106781186548,0.707106781186547,0.));
#14010=DIRECTION('',(0.,0.,1.));
#14011=DIRECTION('center_axis',(-1.,0.,0.));
#14012=DIRECTION('ref_axis',(0.,-1.,0.));
#14013=DIRECTION('',(0.,1.,0.));
#14014=DIRECTION('center_axis',(1.,0.,-1.04899068466779E-15));
#14015=DIRECTION('ref_axis',(-1.04899068466779E-15,0.,-1.));
#14016=DIRECTION('center_axis',(0.,0.,1.));
#14017=DIRECTION('ref_axis',(1.,0.,0.));
#14018=DIRECTION('center_axis',(1.,0.,0.));
#14019=DIRECTION('ref_axis',(0.,0.,-1.));
#14020=DIRECTION('',(0.,1.,0.));
#14021=DIRECTION('',(0.,0.707106781186548,0.707106781186547));
#14022=DIRECTION('',(0.,-1.25780554149376E-16,1.));
#14023=DIRECTION('',(0.,-0.707106781186547,0.707106781186548));
#14024=DIRECTION('',(0.,-1.,0.));
#14025=DIRECTION('',(0.,-0.707106781186547,-0.707106781186548));
#14026=DIRECTION('',(0.,0.,-1.));
#14027=DIRECTION('',(0.,0.707106781186548,-0.707106781186547));
#14028=DIRECTION('',(0.,-0.707106781186547,-0.707106781186548));
#14029=DIRECTION('',(0.,-1.,0.));
#14030=DIRECTION('',(0.,-0.707106781186547,0.707106781186548));
#14031=DIRECTION('',(0.,0.,1.));
#14032=DIRECTION('',(0.,0.707106781186547,0.707106781186548));
#14033=DIRECTION('',(0.,1.,0.));
#14034=DIRECTION('',(0.,0.707106781186547,-0.707106781186548));
#14035=DIRECTION('',(0.,0.,-1.));
#14036=DIRECTION('',(0.,-0.707106781186548,-0.707106781186548));
#14037=DIRECTION('',(0.,-1.,0.));
#14038=DIRECTION('',(0.,-0.707106781186548,0.707106781186548));
#14039=DIRECTION('',(0.,0.,1.));
#14040=DIRECTION('',(0.,0.707106781186548,0.707106781186548));
#14041=DIRECTION('',(0.,1.,0.));
#14042=DIRECTION('',(0.,0.707106781186548,-0.707106781186548));
#14043=DIRECTION('',(0.,0.,-1.));
#14044=DIRECTION('',(0.,-0.707106781186547,-0.707106781186548));
#14045=DIRECTION('',(0.,-1.,0.));
#14046=DIRECTION('',(0.,-0.707106781186547,0.707106781186548));
#14047=DIRECTION('',(0.,0.,1.));
#14048=DIRECTION('',(0.,0.707106781186547,0.707106781186548));
#14049=DIRECTION('',(0.,1.,0.));
#14050=DIRECTION('',(0.,0.707106781186547,-0.707106781186548));
#14051=DIRECTION('',(0.,0.,-1.));
#14052=DIRECTION('center_axis',(1.,0.,0.));
#14053=DIRECTION('ref_axis',(0.,1.,0.));
#14054=DIRECTION('',(0.,1.,0.));
#14055=DIRECTION('',(0.,-0.707106781186548,0.707106781186547));
#14056=DIRECTION('',(0.,0.,-1.));
#14057=DIRECTION('',(0.,-0.707106781186547,-0.707106781186548));
#14058=DIRECTION('',(0.,-1.,0.));
#14059=DIRECTION('',(0.,-0.707106781186547,0.707106781186548));
#14060=DIRECTION('',(0.,-1.25780554149376E-16,1.));
#14061=DIRECTION('',(0.,0.707106781186548,0.707106781186547));
#14062=DIRECTION('',(0.,0.707106781186547,0.707106781186548));
#14063=DIRECTION('',(0.,0.,1.));
#14064=DIRECTION('',(0.,-0.707106781186547,0.707106781186548));
#14065=DIRECTION('',(0.,-1.,0.));
#14066=DIRECTION('',(0.,-0.707106781186547,-0.707106781186548));
#14067=DIRECTION('',(0.,0.,-1.));
#14068=DIRECTION('',(0.,0.707106781186547,-0.707106781186548));
#14069=DIRECTION('',(0.,1.,0.));
#14070=DIRECTION('',(0.,0.707106781186548,0.707106781186548));
#14071=DIRECTION('',(0.,0.,1.));
#14072=DIRECTION('',(0.,-0.707106781186548,0.707106781186548));
#14073=DIRECTION('',(0.,-1.,0.));
#14074=DIRECTION('',(0.,-0.707106781186548,-0.707106781186548));
#14075=DIRECTION('',(0.,0.,-1.));
#14076=DIRECTION('',(0.,0.707106781186548,-0.707106781186548));
#14077=DIRECTION('',(0.,1.,0.));
#14078=DIRECTION('',(0.,0.707106781186547,0.707106781186548));
#14079=DIRECTION('',(0.,0.,1.));
#14080=DIRECTION('',(0.,-0.707106781186547,0.707106781186548));
#14081=DIRECTION('',(0.,-1.,0.));
#14082=DIRECTION('',(0.,-0.707106781186547,-0.707106781186548));
#14083=DIRECTION('',(0.,0.,-1.));
#14084=DIRECTION('',(0.,0.707106781186547,-0.707106781186548));
#14085=DIRECTION('',(0.,1.,0.));
#14086=DIRECTION('center_axis',(0.,-0.707106781186547,-0.707106781186548));
#14087=DIRECTION('ref_axis',(0.,0.707106781186548,-0.707106781186547));
#14088=DIRECTION('',(1.,0.,0.));
#14089=DIRECTION('',(1.,0.,0.));
#14090=DIRECTION('center_axis',(0.,-1.,0.));
#14091=DIRECTION('ref_axis',(0.,0.,-1.));
#14092=DIRECTION('',(1.,0.,0.));
#14093=DIRECTION('center_axis',(0.,-0.707106781186548,0.707106781186547));
#14094=DIRECTION('ref_axis',(0.,-0.707106781186547,-0.707106781186548));
#14095=DIRECTION('',(1.,0.,0.));
#14096=DIRECTION('center_axis',(0.,0.,1.));
#14097=DIRECTION('ref_axis',(0.,-1.,0.));
#14098=DIRECTION('',(1.,0.,0.));
#14099=DIRECTION('center_axis',(0.,0.707106781186548,0.707106781186547));
#14100=DIRECTION('ref_axis',(0.,-0.707106781186547,0.707106781186548));
#14101=DIRECTION('',(1.,0.,0.));
#14102=DIRECTION('center_axis',(0.,1.,1.25780554149376E-16));
#14103=DIRECTION('ref_axis',(0.,-1.25780554149376E-16,1.));
#14104=DIRECTION('',(1.,0.,0.));
#14105=DIRECTION('center_axis',(0.,0.707106781186547,-0.707106781186548));
#14106=DIRECTION('ref_axis',(0.,0.707106781186548,0.707106781186547));
#14107=DIRECTION('',(1.,0.,0.));
#14108=DIRECTION('center_axis',(0.,0.,-1.));
#14109=DIRECTION('ref_axis',(0.,1.,0.));
#14110=DIRECTION('center_axis',(0.,1.,0.));
#14111=DIRECTION('ref_axis',(-1.,0.,0.));
#14112=DIRECTION('',(1.,0.,-5.06488626677322E-17));
#14113=DIRECTION('center_axis',(0.,1.,0.));
#14114=DIRECTION('ref_axis',(-1.,0.,0.));
#14115=DIRECTION('',(0.,0.,1.));
#14116=DIRECTION('',(1.,0.,0.));
#14117=DIRECTION('',(0.,0.,1.));
#14118=DIRECTION('center_axis',(0.,1.,0.));
#14119=DIRECTION('ref_axis',(-1.,0.,0.));
#14120=DIRECTION('',(1.,0.,-5.06488626677322E-17));
#14121=DIRECTION('center_axis',(0.,1.,0.));
#14122=DIRECTION('ref_axis',(-1.,0.,0.));
#14123=DIRECTION('',(1.,0.,-5.06488626677322E-17));
#14124=DIRECTION('',(-5.0532154980743E-16,0.,1.));
#14125=DIRECTION('',(1.,0.,-5.06488626677322E-17));
#14126=DIRECTION('center_axis',(-3.58141542517396E-17,0.707106781186548,
-0.707106781186547));
#14127=DIRECTION('ref_axis',(-3.5731629454853E-16,0.707106781186547,0.707106781186548));
#14128=DIRECTION('',(1.,0.,-5.06488626677322E-17));
#14129=DIRECTION('',(-3.5731629454853E-16,0.707106781186547,0.707106781186548));
#14130=DIRECTION('center_axis',(-3.58141542517396E-17,0.707106781186548,
-0.707106781186547));
#14131=DIRECTION('ref_axis',(-3.5731629454853E-16,0.707106781186547,0.707106781186548));
#14132=DIRECTION('',(-3.5731629454853E-16,0.707106781186547,0.707106781186548));
#14133=DIRECTION('',(1.,0.,-5.06488626677322E-17));
#14134=DIRECTION('center_axis',(-5.06488626677322E-17,0.,-1.));
#14135=DIRECTION('ref_axis',(0.,1.,0.));
#14136=DIRECTION('',(1.,0.,-5.06488626677322E-17));
#14137=DIRECTION('',(0.,1.,0.));
#14138=DIRECTION('center_axis',(3.58141542517396E-17,0.707106781186548,
0.707106781186547));
#14139=DIRECTION('ref_axis',(-3.5731629454853E-16,-0.707106781186547,0.707106781186548));
#14140=DIRECTION('',(-3.5731629454853E-16,-0.707106781186547,0.707106781186548));
#14141=DIRECTION('',(1.,0.,-5.06488626677322E-17));
#14142=DIRECTION('center_axis',(3.58141542517396E-17,0.707106781186548,
0.707106781186547));
#14143=DIRECTION('ref_axis',(-3.5731629454853E-16,-0.707106781186547,0.707106781186548));
#14144=DIRECTION('',(1.,0.,-5.06488626677322E-17));
#14145=DIRECTION('',(-3.5731629454853E-16,-0.707106781186547,0.707106781186548));
#14146=DIRECTION('center_axis',(-3.58141542517396E-17,-0.707106781186548,
-0.707106781186547));
#14147=DIRECTION('ref_axis',(3.5731629454853E-16,0.707106781186547,-0.707106781186548));
#14148=DIRECTION('',(1.,0.,-5.06488626677322E-17));
#14149=DIRECTION('',(3.5731629454853E-16,0.707106781186547,-0.707106781186548));
#14150=DIRECTION('center_axis',(5.06488626677322E-17,0.,1.));
#14151=DIRECTION('ref_axis',(0.,-1.,0.));
#14152=DIRECTION('',(0.,-1.,0.));
#14153=DIRECTION('',(1.,0.,-5.06488626677322E-17));
#14154=DIRECTION('center_axis',(5.06488626677322E-17,0.,1.));
#14155=DIRECTION('ref_axis',(0.,-1.,0.));
#14156=DIRECTION('',(1.,0.,-5.06488626677322E-17));
#14157=DIRECTION('',(0.,-1.,0.));
#14158=DIRECTION('center_axis',(0.,-1.,0.));
#14159=DIRECTION('ref_axis',(1.,0.,0.));
#14160=DIRECTION('',(1.,0.,-5.06488626677322E-17));
#14161=DIRECTION('center_axis',(0.,1.,0.));
#14162=DIRECTION('ref_axis',(-1.,0.,0.));
#14163=DIRECTION('',(0.,0.,1.));
#14164=DIRECTION('',(-1.,0.,0.));
#14165=DIRECTION('',(0.,0.,1.));
#14166=DIRECTION('center_axis',(0.,1.,0.));
#14167=DIRECTION('ref_axis',(-1.,0.,0.));
#14168=DIRECTION('center_axis',(3.58141542517396E-17,-0.707106781186548,
0.707106781186547));
#14169=DIRECTION('ref_axis',(3.5731629454853E-16,-0.707106781186547,-0.707106781186548));
#14170=DIRECTION('',(3.5731629454853E-16,-0.707106781186547,-0.707106781186548));
#14171=DIRECTION('center_axis',(-5.06488626677322E-17,0.,-1.));
#14172=DIRECTION('ref_axis',(0.,1.,0.));
#14173=DIRECTION('',(0.,1.,0.));
#14174=DIRECTION('',(1.,0.,-5.06488626677322E-17));
#14175=DIRECTION('center_axis',(-3.58141542517396E-17,-0.707106781186548,
-0.707106781186547));
#14176=DIRECTION('ref_axis',(3.5731629454853E-16,0.707106781186547,-0.707106781186548));
#14177=DIRECTION('',(3.5731629454853E-16,0.707106781186547,-0.707106781186548));
#14178=DIRECTION('',(1.,0.,-5.06488626677322E-17));
#14179=DIRECTION('center_axis',(3.58141542517396E-17,-0.707106781186548,
0.707106781186547));
#14180=DIRECTION('ref_axis',(3.5731629454853E-16,-0.707106781186547,-0.707106781186548));
#14181=DIRECTION('',(1.,0.,-5.06488626677322E-17));
#14182=DIRECTION('',(3.5731629454853E-16,-0.707106781186547,-0.707106781186548));
#14183=DIRECTION('center_axis',(0.,-1.,0.));
#14184=DIRECTION('ref_axis',(-1.,0.,0.));
#14185=DIRECTION('',(-0.707106781186548,-0.707106781186547,0.));
#14186=DIRECTION('center_axis',(0.,1.,0.));
#14187=DIRECTION('ref_axis',(-1.,0.,8.37904093235802E-16));
#14188=DIRECTION('center_axis',(0.,1.,0.));
#14189=DIRECTION('ref_axis',(-1.,0.,0.));
#14190=DIRECTION('',(-0.707106781186548,0.707106781186547,0.));
#14191=DIRECTION('center_axis',(0.,1.,0.));
#14192=DIRECTION('ref_axis',(-1.,0.,1.64477455732409E-15));
#14193=DIRECTION('center_axis',(0.,1.,0.));
#14194=DIRECTION('ref_axis',(-1.,0.,0.));
#14195=DIRECTION('',(0.,1.,0.));
#14196=DIRECTION('center_axis',(0.,1.,0.));
#14197=DIRECTION('ref_axis',(-1.,0.,1.64477455732409E-15));
#14198=DIRECTION('center_axis',(0.,-1.,0.));
#14199=DIRECTION('ref_axis',(-1.,0.,0.));
#14200=DIRECTION('',(0.707106781186548,0.707106781186547,0.));
#14201=DIRECTION('center_axis',(0.,1.,0.));
#14202=DIRECTION('ref_axis',(-1.,0.,0.));
#14203=DIRECTION('',(0.707106781186548,-0.707106781186547,0.));
#14204=DIRECTION('center_axis',(0.,1.,0.));
#14205=DIRECTION('ref_axis',(-1.,0.,8.37904093235802E-16));
#14206=DIRECTION('center_axis',(0.,1.,0.));
#14207=DIRECTION('ref_axis',(-1.,0.,0.));
#14208=DIRECTION('',(0.,-1.,0.));
#14209=DIRECTION('center_axis',(-0.707106781186547,0.707106781186548,0.));
#14210=DIRECTION('ref_axis',(-0.707106781186548,-0.707106781186547,0.));
#14211=DIRECTION('',(0.707106781186548,0.707106781186547,0.));
#14212=DIRECTION('',(0.,0.,1.));
#14213=DIRECTION('center_axis',(0.707106781186547,0.707106781186548,0.));
#14214=DIRECTION('ref_axis',(-0.707106781186548,0.707106781186547,0.));
#14215=DIRECTION('',(0.707106781186548,-0.707106781186547,0.));
#14216=DIRECTION('',(0.,0.,1.));
#14217=DIRECTION('center_axis',(1.,0.,0.));
#14218=DIRECTION('ref_axis',(0.,1.,0.));
#14219=DIRECTION('',(0.,-1.,0.));
#14220=DIRECTION('',(0.,0.,1.));
#14221=DIRECTION('center_axis',(0.707106781186547,-0.707106781186548,0.));
#14222=DIRECTION('ref_axis',(0.707106781186548,0.707106781186547,0.));
#14223=DIRECTION('',(-0.707106781186548,-0.707106781186547,0.));
#14224=DIRECTION('center_axis',(0.,-1.,0.));
#14225=DIRECTION('ref_axis',(1.,0.,0.));
#14226=DIRECTION('',(5.0532154980743E-16,0.,-1.));
#14227=DIRECTION('center_axis',(-0.707106781186547,-0.707106781186548,0.));
#14228=DIRECTION('ref_axis',(0.707106781186548,-0.707106781186547,0.));
#14229=DIRECTION('',(-0.707106781186548,0.707106781186547,0.));
#14230=DIRECTION('',(0.,0.,1.));
#14231=DIRECTION('center_axis',(-1.,0.,0.));
#14232=DIRECTION('ref_axis',(0.,-1.,0.));
#14233=DIRECTION('',(0.,1.,0.));
#14234=DIRECTION('center_axis',(1.,0.,5.0532154980743E-16));
#14235=DIRECTION('ref_axis',(5.0532154980743E-16,0.,-1.));
#14236=DIRECTION('center_axis',(0.,0.,1.));
#14237=DIRECTION('ref_axis',(1.,0.,0.));
#14238=DIRECTION('center_axis',(0.,1.,0.));
#14239=DIRECTION('ref_axis',(-1.,0.,0.));
#14240=DIRECTION('',(1.,0.,0.));
#14241=DIRECTION('center_axis',(2.161544744604E-16,1.,-2.161544744604E-16));
#14242=DIRECTION('ref_axis',(-1.,1.79068229778252E-16,0.));
#14243=DIRECTION('',(0.,0.,1.));
#14244=DIRECTION('',(1.,0.,0.));
#14245=DIRECTION('',(0.,0.,1.));
#14246=DIRECTION('center_axis',(1.3675078996474E-16,1.,-1.3675078996474E-16));
#14247=DIRECTION('ref_axis',(-1.,1.1328806373726E-16,-9.06304509898076E-16));
#14248=DIRECTION('',(1.,0.,0.));
#14249=DIRECTION('center_axis',(0.,1.,0.));
#14250=DIRECTION('ref_axis',(-1.,0.,0.));
#14251=DIRECTION('',(1.,0.,0.));
#14252=DIRECTION('',(-6.12323399573677E-17,0.,1.));
#14253=DIRECTION('',(1.,0.,0.));
#14254=DIRECTION('center_axis',(0.,0.707106781186548,-0.707106781186548));
#14255=DIRECTION('ref_axis',(-4.32978028117747E-17,0.707106781186548,0.707106781186548));
#14256=DIRECTION('',(1.,0.,0.));
#14257=DIRECTION('',(-4.32978028117747E-17,0.707106781186547,0.707106781186547));
#14258=DIRECTION('center_axis',(0.,0.707106781186548,-0.707106781186548));
#14259=DIRECTION('ref_axis',(-4.32978028117747E-17,0.707106781186548,0.707106781186548));
#14260=DIRECTION('',(-4.32978028117747E-17,0.707106781186547,0.707106781186547));
#14261=DIRECTION('',(1.,0.,0.));
#14262=DIRECTION('center_axis',(0.,0.,-1.));
#14263=DIRECTION('ref_axis',(0.,1.,0.));
#14264=DIRECTION('',(1.,0.,0.));
#14265=DIRECTION('',(0.,1.,0.));
#14266=DIRECTION('center_axis',(0.,0.707106781186548,0.707106781186548));
#14267=DIRECTION('ref_axis',(-4.32978028117747E-17,-0.707106781186548,0.707106781186548));
#14268=DIRECTION('',(-4.32978028117747E-17,-0.707106781186547,0.707106781186547));
#14269=DIRECTION('',(1.,0.,0.));
#14270=DIRECTION('center_axis',(0.,0.707106781186548,0.707106781186548));
#14271=DIRECTION('ref_axis',(-4.32978028117747E-17,-0.707106781186548,0.707106781186548));
#14272=DIRECTION('',(1.,0.,0.));
#14273=DIRECTION('',(-4.32978028117747E-17,-0.707106781186547,0.707106781186547));
#14274=DIRECTION('center_axis',(0.,-0.707106781186548,-0.707106781186548));
#14275=DIRECTION('ref_axis',(4.32978028117747E-17,0.707106781186548,-0.707106781186548));
#14276=DIRECTION('',(1.,0.,0.));
#14277=DIRECTION('',(4.32978028117747E-17,0.707106781186547,-0.707106781186547));
#14278=DIRECTION('center_axis',(0.,0.,1.));
#14279=DIRECTION('ref_axis',(0.,-1.,0.));
#14280=DIRECTION('',(0.,-1.,0.));
#14281=DIRECTION('',(1.,0.,0.));
#14282=DIRECTION('center_axis',(0.,0.,1.));
#14283=DIRECTION('ref_axis',(0.,-1.,0.));
#14284=DIRECTION('',(1.,0.,0.));
#14285=DIRECTION('',(0.,-1.,0.));
#14286=DIRECTION('center_axis',(0.,-1.,0.));
#14287=DIRECTION('ref_axis',(1.,0.,0.));
#14288=DIRECTION('',(1.,0.,0.));
#14289=DIRECTION('center_axis',(-1.3675078996474E-16,1.,1.3675078996474E-16));
#14290=DIRECTION('ref_axis',(-1.,-1.1328806373726E-16,-9.06304509898076E-16));
#14291=DIRECTION('',(0.,0.,1.));
#14292=DIRECTION('',(-1.,0.,0.));
#14293=DIRECTION('',(0.,0.,1.));
#14294=DIRECTION('center_axis',(-2.161544744604E-16,1.,2.161544744604E-16));
#14295=DIRECTION('ref_axis',(-1.,-1.79068229778252E-16,0.));
#14296=DIRECTION('center_axis',(0.,-0.707106781186548,0.707106781186548));
#14297=DIRECTION('ref_axis',(4.32978028117747E-17,-0.707106781186548,-0.707106781186548));
#14298=DIRECTION('',(4.32978028117747E-17,-0.707106781186547,-0.707106781186547));
#14299=DIRECTION('center_axis',(0.,0.,-1.));
#14300=DIRECTION('ref_axis',(0.,1.,0.));
#14301=DIRECTION('',(0.,1.,0.));
#14302=DIRECTION('',(1.,0.,0.));
#14303=DIRECTION('center_axis',(0.,-0.707106781186548,-0.707106781186548));
#14304=DIRECTION('ref_axis',(4.32978028117747E-17,0.707106781186548,-0.707106781186548));
#14305=DIRECTION('',(4.32978028117747E-17,0.707106781186547,-0.707106781186547));
#14306=DIRECTION('',(1.,0.,0.));
#14307=DIRECTION('center_axis',(0.,-0.707106781186548,0.707106781186548));
#14308=DIRECTION('ref_axis',(4.32978028117747E-17,-0.707106781186548,-0.707106781186548));
#14309=DIRECTION('',(1.,0.,0.));
#14310=DIRECTION('',(4.32978028117747E-17,-0.707106781186547,-0.707106781186547));
#14311=DIRECTION('center_axis',(0.,1.,0.));
#14312=DIRECTION('ref_axis',(-1.,0.,0.));
#14313=DIRECTION('',(-0.707106781186547,0.707106781186547,0.));
#14314=DIRECTION('center_axis',(1.24088679782822E-16,1.,-1.24088679782822E-16));
#14315=DIRECTION('ref_axis',(-1.,1.02798428206034E-16,1.64477485129654E-15));
#14316=DIRECTION('center_axis',(0.,1.,0.));
#14317=DIRECTION('ref_axis',(-1.,0.,0.));
#14318=DIRECTION('',(0.,1.,0.));
#14319=DIRECTION('center_axis',(-1.24088679782822E-16,1.,1.24088679782822E-16));
#14320=DIRECTION('ref_axis',(-1.,-1.02798428206034E-16,1.64477485129654E-15));
#14321=DIRECTION('center_axis',(0.,-1.,0.));
#14322=DIRECTION('ref_axis',(-1.,0.,0.));
#14323=DIRECTION('',(0.707106781186547,0.707106781186547,0.));
#14324=DIRECTION('center_axis',(0.,1.,0.));
#14325=DIRECTION('ref_axis',(-1.,0.,0.));
#14326=DIRECTION('',(0.707106781186547,-0.707106781186547,0.));
#14327=DIRECTION('center_axis',(-6.32149878138892E-17,1.,6.32149878138892E-17));
#14328=DIRECTION('ref_axis',(-1.,-5.23690105955256E-17,8.3790416952841E-16));
#14329=DIRECTION('center_axis',(0.,1.,0.));
#14330=DIRECTION('ref_axis',(-1.,0.,0.));
#14331=DIRECTION('',(0.,-1.,0.));
#14332=DIRECTION('center_axis',(6.32149878138892E-17,1.,-6.32149878138892E-17));
#14333=DIRECTION('ref_axis',(-1.,5.23690105955256E-17,8.3790416952841E-16));
#14334=DIRECTION('center_axis',(0.,-1.,0.));
#14335=DIRECTION('ref_axis',(-1.,0.,0.));
#14336=DIRECTION('',(-0.707106781186547,-0.707106781186547,0.));
#14337=DIRECTION('center_axis',(0.707106781186548,0.707106781186548,0.));
#14338=DIRECTION('ref_axis',(-0.707106781186548,0.707106781186548,0.));
#14339=DIRECTION('',(0.707106781186547,-0.707106781186547,0.));
#14340=DIRECTION('',(0.,0.,1.));
#14341=DIRECTION('center_axis',(1.,0.,0.));
#14342=DIRECTION('ref_axis',(0.,1.,0.));
#14343=DIRECTION('',(0.,-1.,0.));
#14344=DIRECTION('',(0.,0.,1.));
#14345=DIRECTION('center_axis',(0.707106781186548,-0.707106781186548,0.));
#14346=DIRECTION('ref_axis',(0.707106781186548,0.707106781186548,0.));
#14347=DIRECTION('',(-0.707106781186547,-0.707106781186547,0.));
#14348=DIRECTION('center_axis',(0.,-1.,0.));
#14349=DIRECTION('ref_axis',(1.,0.,0.));
#14350=DIRECTION('',(6.12323399573677E-17,0.,-1.));
#14351=DIRECTION('center_axis',(-0.707106781186548,-0.707106781186548,0.));
#14352=DIRECTION('ref_axis',(0.707106781186548,-0.707106781186548,0.));
#14353=DIRECTION('',(-0.707106781186547,0.707106781186547,0.));
#14354=DIRECTION('',(0.,0.,1.));
#14355=DIRECTION('center_axis',(-1.,0.,0.));
#14356=DIRECTION('ref_axis',(0.,-1.,0.));
#14357=DIRECTION('',(0.,1.,0.));
#14358=DIRECTION('',(0.,0.,1.));
#14359=DIRECTION('center_axis',(-0.707106781186548,0.707106781186548,0.));
#14360=DIRECTION('ref_axis',(-0.707106781186548,-0.707106781186548,0.));
#14361=DIRECTION('',(0.707106781186547,0.707106781186547,0.));
#14362=DIRECTION('center_axis',(1.,0.,6.12323399573677E-17));
#14363=DIRECTION('ref_axis',(6.12323399573677E-17,0.,-1.));
#14364=DIRECTION('center_axis',(0.,0.,1.));
#14365=DIRECTION('ref_axis',(1.,0.,0.));
#14366=DIRECTION('center_axis',(0.,1.,0.));
#14367=DIRECTION('ref_axis',(-1.,0.,0.));
#14368=DIRECTION('',(1.,0.,0.));
#14369=DIRECTION('center_axis',(0.,1.,0.));
#14370=DIRECTION('ref_axis',(-1.,0.,0.));
#14371=DIRECTION('',(0.,0.,1.));
#14372=DIRECTION('',(1.,0.,0.));
#14373=DIRECTION('',(0.,0.,1.));
#14374=DIRECTION('center_axis',(0.,1.,0.));
#14375=DIRECTION('ref_axis',(-1.,0.,9.06304465269599E-16));
#14376=DIRECTION('',(1.,0.,0.));
#14377=DIRECTION('center_axis',(0.,1.,0.));
#14378=DIRECTION('ref_axis',(-1.,0.,0.));
#14379=DIRECTION('',(1.,0.,0.));
#14380=DIRECTION('',(1.04899068466779E-15,0.,1.));
#14381=DIRECTION('',(1.,0.,0.));
#14382=DIRECTION('center_axis',(0.,0.707106781186548,-0.707106781186547));
#14383=DIRECTION('ref_axis',(7.41748426530113E-16,0.707106781186547,0.707106781186548));
#14384=DIRECTION('',(1.,0.,0.));
#14385=DIRECTION('',(7.41748426530113E-16,0.707106781186547,0.707106781186548));
#14386=DIRECTION('center_axis',(0.,0.707106781186548,-0.707106781186547));
#14387=DIRECTION('ref_axis',(7.41748426530113E-16,0.707106781186547,0.707106781186548));
#14388=DIRECTION('',(7.41748426530113E-16,0.707106781186547,0.707106781186548));
#14389=DIRECTION('',(1.,0.,0.));
#14390=DIRECTION('center_axis',(0.,0.,-1.));
#14391=DIRECTION('ref_axis',(0.,1.,0.));
#14392=DIRECTION('',(1.,0.,0.));
#14393=DIRECTION('',(0.,1.,0.));
#14394=DIRECTION('center_axis',(0.,0.707106781186548,0.707106781186547));
#14395=DIRECTION('ref_axis',(7.41748426530113E-16,-0.707106781186547,0.707106781186548));
#14396=DIRECTION('',(7.41748426530113E-16,-0.707106781186547,0.707106781186548));
#14397=DIRECTION('',(1.,0.,0.));
#14398=DIRECTION('center_axis',(0.,0.707106781186548,0.707106781186547));
#14399=DIRECTION('ref_axis',(7.41748426530113E-16,-0.707106781186547,0.707106781186548));
#14400=DIRECTION('',(1.,0.,0.));
#14401=DIRECTION('',(7.41748426530113E-16,-0.707106781186547,0.707106781186548));
#14402=DIRECTION('center_axis',(0.,-0.707106781186548,-0.707106781186547));
#14403=DIRECTION('ref_axis',(-7.41748426530113E-16,0.707106781186547,-0.707106781186548));
#14404=DIRECTION('',(1.,0.,0.));
#14405=DIRECTION('',(-7.41748426530113E-16,0.707106781186547,-0.707106781186548));
#14406=DIRECTION('center_axis',(0.,0.,1.));
#14407=DIRECTION('ref_axis',(0.,-1.,0.));
#14408=DIRECTION('',(0.,-1.,0.));
#14409=DIRECTION('',(1.,0.,0.));
#14410=DIRECTION('center_axis',(0.,0.,1.));
#14411=DIRECTION('ref_axis',(0.,-1.,0.));
#14412=DIRECTION('',(1.,0.,0.));
#14413=DIRECTION('',(0.,-1.,0.));
#14414=DIRECTION('center_axis',(0.,-1.,0.));
#14415=DIRECTION('ref_axis',(1.,0.,0.));
#14416=DIRECTION('',(1.,0.,0.));
#14417=DIRECTION('center_axis',(0.,1.,0.));
#14418=DIRECTION('ref_axis',(-1.,0.,9.06304465269599E-16));
#14419=DIRECTION('',(0.,0.,1.));
#14420=DIRECTION('',(-1.,0.,0.));
#14421=DIRECTION('',(0.,0.,1.));
#14422=DIRECTION('center_axis',(0.,1.,0.));
#14423=DIRECTION('ref_axis',(-1.,0.,0.));
#14424=DIRECTION('center_axis',(0.,-0.707106781186548,0.707106781186547));
#14425=DIRECTION('ref_axis',(-7.41748426530113E-16,-0.707106781186547,-0.707106781186548));
#14426=DIRECTION('',(-7.41748426530113E-16,-0.707106781186547,-0.707106781186548));
#14427=DIRECTION('center_axis',(0.,0.,-1.));
#14428=DIRECTION('ref_axis',(0.,1.,0.));
#14429=DIRECTION('',(0.,1.,0.));
#14430=DIRECTION('',(1.,0.,0.));
#14431=DIRECTION('center_axis',(0.,-0.707106781186548,-0.707106781186547));
#14432=DIRECTION('ref_axis',(-7.41748426530113E-16,0.707106781186547,-0.707106781186548));
#14433=DIRECTION('',(-7.41748426530113E-16,0.707106781186547,-0.707106781186548));
#14434=DIRECTION('',(1.,0.,0.));
#14435=DIRECTION('center_axis',(0.,-0.707106781186548,0.707106781186547));
#14436=DIRECTION('ref_axis',(-7.41748426530113E-16,-0.707106781186547,-0.707106781186548));
#14437=DIRECTION('',(1.,0.,0.));
#14438=DIRECTION('',(-7.41748426530113E-16,-0.707106781186547,-0.707106781186548));
#14439=DIRECTION('center_axis',(0.,-1.,0.));
#14440=DIRECTION('ref_axis',(-1.,0.,-1.11022302462516E-15));
#14441=DIRECTION('',(-0.707106781186548,-0.707106781186547,0.));
#14442=DIRECTION('center_axis',(0.,1.,0.));
#14443=DIRECTION('ref_axis',(-1.,0.,0.));
#14444=DIRECTION('center_axis',(0.,1.,0.));
#14445=DIRECTION('ref_axis',(-1.,0.,-1.11022302462516E-15));
#14446=DIRECTION('',(-0.707106781186548,0.707106781186547,0.));
#14447=DIRECTION('center_axis',(0.,1.,0.));
#14448=DIRECTION('ref_axis',(-1.,0.,0.));
#14449=DIRECTION('center_axis',(0.,1.,0.));
#14450=DIRECTION('ref_axis',(-1.,0.,-1.11022302462516E-15));
#14451=DIRECTION('',(0.,1.,0.));
#14452=DIRECTION('center_axis',(0.,1.,0.));
#14453=DIRECTION('ref_axis',(-1.,0.,0.));
#14454=DIRECTION('center_axis',(0.,-1.,0.));
#14455=DIRECTION('ref_axis',(-1.,0.,-1.11022302462516E-15));
#14456=DIRECTION('',(0.707106781186548,0.707106781186547,0.));
#14457=DIRECTION('center_axis',(0.,1.,0.));
#14458=DIRECTION('ref_axis',(-1.,0.,-1.11022302462516E-15));
#14459=DIRECTION('',(0.707106781186548,-0.707106781186547,0.));
#14460=DIRECTION('center_axis',(0.,1.,0.));
#14461=DIRECTION('ref_axis',(-1.,0.,0.));
#14462=DIRECTION('center_axis',(0.,1.,0.));
#14463=DIRECTION('ref_axis',(-1.,0.,-1.11022302462516E-15));
#14464=DIRECTION('',(0.,-1.,0.));
#14465=DIRECTION('center_axis',(-0.707106781186547,0.707106781186548,0.));
#14466=DIRECTION('ref_axis',(-0.707106781186548,-0.707106781186547,0.));
#14467=DIRECTION('',(0.707106781186548,0.707106781186547,0.));
#14468=DIRECTION('',(0.,0.,1.));
#14469=DIRECTION('center_axis',(0.707106781186547,0.707106781186548,0.));
#14470=DIRECTION('ref_axis',(-0.707106781186548,0.707106781186547,0.));
#14471=DIRECTION('',(0.707106781186548,-0.707106781186547,0.));
#14472=DIRECTION('',(0.,0.,1.));
#14473=DIRECTION('center_axis',(1.,0.,0.));
#14474=DIRECTION('ref_axis',(0.,1.,0.));
#14475=DIRECTION('',(0.,-1.,0.));
#14476=DIRECTION('',(0.,0.,1.));
#14477=DIRECTION('center_axis',(0.707106781186547,-0.707106781186548,0.));
#14478=DIRECTION('ref_axis',(0.707106781186548,0.707106781186547,0.));
#14479=DIRECTION('',(-0.707106781186548,-0.707106781186547,0.));
#14480=DIRECTION('center_axis',(0.,-1.,0.));
#14481=DIRECTION('ref_axis',(1.,0.,0.));
#14482=DIRECTION('',(-1.04899068466779E-15,0.,-1.));
#14483=DIRECTION('center_axis',(-0.707106781186547,-0.707106781186548,0.));
#14484=DIRECTION('ref_axis',(0.707106781186548,-0.707106781186547,0.));
#14485=DIRECTION('',(-0.707106781186548,0.707106781186547,0.));
#14486=DIRECTION('',(0.,0.,1.));
#14487=DIRECTION('center_axis',(-1.,0.,0.));
#14488=DIRECTION('ref_axis',(0.,-1.,0.));
#14489=DIRECTION('',(0.,1.,0.));
#14490=DIRECTION('center_axis',(1.,0.,-1.04899068466779E-15));
#14491=DIRECTION('ref_axis',(-1.04899068466779E-15,0.,-1.));
#14492=DIRECTION('center_axis',(0.,0.,1.));
#14493=DIRECTION('ref_axis',(1.,0.,0.));
#14494=CARTESIAN_POINT('',(0.,0.,0.));
#14495=CARTESIAN_POINT('Origin',(7.86500000000001,-13.,6.86500000000002));
#14496=CARTESIAN_POINT('',(7.86500000000001,-13.77,3.05500000000002));
#14497=CARTESIAN_POINT('',(7.86500000000001,-12.23,3.05500000000002));
#14498=CARTESIAN_POINT('',(7.86500000000001,-13.77,3.05500000000002));
#14499=CARTESIAN_POINT('',(7.86500000000001,-11.73,3.55500000000002));
#14500=CARTESIAN_POINT('',(7.86500000000001,-12.23,3.05500000000002));
#14501=CARTESIAN_POINT('',(7.86500000000001,-11.73,10.175));
#14502=CARTESIAN_POINT('',(7.86500000000001,-11.73,3.55500000000002));
#14503=CARTESIAN_POINT('',(7.86500000000001,-12.23,10.675));
#14504=CARTESIAN_POINT('',(7.86500000000001,-11.73,10.175));
#14505=CARTESIAN_POINT('',(7.86500000000001,-13.77,10.675));
#14506=CARTESIAN_POINT('',(7.86500000000001,-12.23,10.675));
#14507=CARTESIAN_POINT('',(7.86500000000001,-14.27,10.175));
#14508=CARTESIAN_POINT('',(7.86500000000001,-13.77,10.675));
#14509=CARTESIAN_POINT('',(7.86500000000001,-14.27,3.55500000000002));
#14510=CARTESIAN_POINT('',(7.86500000000001,-14.27,10.175));
#14511=CARTESIAN_POINT('',(7.86500000000001,-13.77,3.05500000000002));
#14512=CARTESIAN_POINT('',(7.86500000000001,-13.225,4.32500012064354));
#14513=CARTESIAN_POINT('',(7.86500000000001,-13.325,4.22500012064354));
#14514=CARTESIAN_POINT('',(7.86500000000001,-12.5337500301609,5.01625009048266));
#14515=CARTESIAN_POINT('',(7.86500000000001,-12.775,4.32500012064354));
#14516=CARTESIAN_POINT('',(7.86500000000001,-12.8875,4.32500012064354));
#14517=CARTESIAN_POINT('',(7.86500000000001,-12.675,4.22500012064354));
#14518=CARTESIAN_POINT('',(7.86500000000001,-13.4162499698391,4.96625009048266));
#14519=CARTESIAN_POINT('',(7.86500000000001,-12.675,3.77500012064352));
#14520=CARTESIAN_POINT('',(7.86500000000001,-12.675,3.43250000000001));
#14521=CARTESIAN_POINT('',(7.86500000000001,-12.775,3.67500012064352));
#14522=CARTESIAN_POINT('',(7.86500000000001,-12.0337500301609,4.41625009048264));
#14523=CARTESIAN_POINT('',(7.86500000000001,-13.225,3.67500012064352));
#14524=CARTESIAN_POINT('',(7.86500000000001,-13.1125,3.67500012064352));
#14525=CARTESIAN_POINT('',(7.86500000000001,-13.325,3.77500012064352));
#14526=CARTESIAN_POINT('',(7.86500000000001,-14.0162499698391,4.46625009048264));
#14527=CARTESIAN_POINT('',(7.86500000000001,-13.325,3.43250000000001));
#14528=CARTESIAN_POINT('',(7.86500000000001,-13.225,9.40500000000002));
#14529=CARTESIAN_POINT('',(7.86500000000001,-13.325,9.30500000000002));
#14530=CARTESIAN_POINT('',(7.86500000000001,-13.80375,8.82625000000002));
#14531=CARTESIAN_POINT('',(7.86500000000001,-12.775,9.40500000000002));
#14532=CARTESIAN_POINT('',(7.86500000000001,-12.8875,9.40500000000002));
#14533=CARTESIAN_POINT('',(7.86500000000001,-12.675,9.30500000000002));
#14534=CARTESIAN_POINT('',(7.86500000000001,-12.14625,8.77625000000002));
#14535=CARTESIAN_POINT('',(7.86500000000001,-12.675,8.85499999999999));
#14536=CARTESIAN_POINT('',(7.86500000000001,-12.675,3.43250000000001));
#14537=CARTESIAN_POINT('',(7.86500000000001,-12.775,8.75499999999999));
#14538=CARTESIAN_POINT('',(7.86500000000001,-13.30375,8.22625));
#14539=CARTESIAN_POINT('',(7.86500000000001,-13.225,8.75499999999999));
#14540=CARTESIAN_POINT('',(7.86500000000001,-13.1125,8.75499999999999));
#14541=CARTESIAN_POINT('',(7.86500000000001,-13.325,8.85499999999999));
#14542=CARTESIAN_POINT('',(7.86500000000001,-12.74625,8.27625));
#14543=CARTESIAN_POINT('',(7.86500000000001,-13.325,3.43250000000001));
#14544=CARTESIAN_POINT('',(7.86500000000001,-13.225,6.86500006032178));
#14545=CARTESIAN_POINT('',(7.86500000000001,-13.325,6.76500006032178));
#14546=CARTESIAN_POINT('',(7.86500000000001,-13.1687500150804,6.92125004524134));
#14547=CARTESIAN_POINT('',(7.86500000000001,-12.775,6.86500006032178));
#14548=CARTESIAN_POINT('',(7.86500000000001,-12.8875,6.86500006032178));
#14549=CARTESIAN_POINT('',(7.86500000000001,-12.675,6.76500006032178));
#14550=CARTESIAN_POINT('',(7.86500000000001,-12.7812499849195,6.87125004524134));
#14551=CARTESIAN_POINT('',(7.86500000000001,-12.675,6.31500006032176));
#14552=CARTESIAN_POINT('',(7.86500000000001,-12.675,3.43250000000001));
#14553=CARTESIAN_POINT('',(7.86500000000001,-12.775,6.21500006032176));
#14554=CARTESIAN_POINT('',(7.86500000000001,-12.6687500150804,6.32125004524132));
#14555=CARTESIAN_POINT('',(7.86500000000001,-13.225,6.21500006032176));
#14556=CARTESIAN_POINT('',(7.86500000000001,-13.1125,6.21500006032176));
#14557=CARTESIAN_POINT('',(7.86500000000001,-13.325,6.31500006032176));
#14558=CARTESIAN_POINT('',(7.86500000000001,-13.3812499849196,6.37125004524132));
#14559=CARTESIAN_POINT('',(7.86500000000001,-13.325,3.43250000000001));
#14560=CARTESIAN_POINT('Origin',(5.36500000000001,-13.,6.86500000000002));
#14561=CARTESIAN_POINT('',(5.36500000000001,-13.77,3.05500000000002));
#14562=CARTESIAN_POINT('',(5.36500000000001,-12.23,3.05500000000002));
#14563=CARTESIAN_POINT('',(5.36500000000001,-13.77,3.05500000000002));
#14564=CARTESIAN_POINT('',(5.36500000000001,-14.27,3.55500000000002));
#14565=CARTESIAN_POINT('',(5.36500000000001,-13.77,3.05500000000002));
#14566=CARTESIAN_POINT('',(5.36500000000001,-14.27,10.175));
#14567=CARTESIAN_POINT('',(5.36500000000001,-14.27,10.175));
#14568=CARTESIAN_POINT('',(5.36500000000001,-13.77,10.675));
#14569=CARTESIAN_POINT('',(5.36500000000001,-13.77,10.675));
#14570=CARTESIAN_POINT('',(5.36500000000001,-12.23,10.675));
#14571=CARTESIAN_POINT('',(5.36500000000001,-12.23,10.675));
#14572=CARTESIAN_POINT('',(5.36500000000001,-11.73,10.175));
#14573=CARTESIAN_POINT('',(5.36500000000001,-11.73,10.175));
#14574=CARTESIAN_POINT('',(5.36500000000001,-11.73,3.55500000000002));
#14575=CARTESIAN_POINT('',(5.36500000000001,-11.73,3.55500000000002));
#14576=CARTESIAN_POINT('',(5.36500000000001,-12.23,3.05500000000002));
#14577=CARTESIAN_POINT('',(5.36500000000001,-13.325,4.22500012064354));
#14578=CARTESIAN_POINT('',(5.36500000000001,-13.225,4.32500012064354));
#14579=CARTESIAN_POINT('',(5.36500000000001,-12.5337500301609,5.01625009048266));
#14580=CARTESIAN_POINT('',(5.36500000000001,-13.325,3.77500012064352));
#14581=CARTESIAN_POINT('',(5.36500000000001,-13.325,3.43250000000001));
#14582=CARTESIAN_POINT('',(5.36500000000001,-13.225,3.67500012064352));
#14583=CARTESIAN_POINT('',(5.36500000000001,-14.0162499698391,4.46625009048264));
#14584=CARTESIAN_POINT('',(5.36500000000001,-12.775,3.67500012064352));
#14585=CARTESIAN_POINT('',(5.36500000000001,-13.1125,3.67500012064352));
#14586=CARTESIAN_POINT('',(5.36500000000001,-12.675,3.77500012064352));
#14587=CARTESIAN_POINT('',(5.36500000000001,-12.0337500301609,4.41625009048264));
#14588=CARTESIAN_POINT('',(5.36500000000001,-12.675,4.22500012064354));
#14589=CARTESIAN_POINT('',(5.36500000000001,-12.675,3.43250000000001));
#14590=CARTESIAN_POINT('',(5.36500000000001,-12.775,4.32500012064354));
#14591=CARTESIAN_POINT('',(5.36500000000001,-13.4162499698391,4.96625009048266));
#14592=CARTESIAN_POINT('',(5.36500000000001,-12.8875,4.32500012064354));
#14593=CARTESIAN_POINT('',(5.36500000000001,-13.325,9.30500000000002));
#14594=CARTESIAN_POINT('',(5.36500000000001,-13.225,9.40500000000002));
#14595=CARTESIAN_POINT('',(5.36500000000001,-13.80375,8.82625000000002));
#14596=CARTESIAN_POINT('',(5.36500000000001,-13.325,8.85499999999999));
#14597=CARTESIAN_POINT('',(5.36500000000001,-13.325,3.43250000000001));
#14598=CARTESIAN_POINT('',(5.36500000000001,-13.225,8.75499999999999));
#14599=CARTESIAN_POINT('',(5.36500000000001,-12.74625,8.27625));
#14600=CARTESIAN_POINT('',(5.36500000000001,-12.775,8.75499999999999));
#14601=CARTESIAN_POINT('',(5.36500000000001,-13.1125,8.75499999999999));
#14602=CARTESIAN_POINT('',(5.36500000000001,-12.675,8.85499999999999));
#14603=CARTESIAN_POINT('',(5.36500000000001,-13.30375,8.22625));
#14604=CARTESIAN_POINT('',(5.36500000000001,-12.675,9.30500000000002));
#14605=CARTESIAN_POINT('',(5.36500000000001,-12.675,3.43250000000001));
#14606=CARTESIAN_POINT('',(5.36500000000001,-12.775,9.40500000000002));
#14607=CARTESIAN_POINT('',(5.36500000000001,-12.14625,8.77625000000002));
#14608=CARTESIAN_POINT('',(5.36500000000001,-12.8875,9.40500000000002));
#14609=CARTESIAN_POINT('',(5.36500000000001,-13.325,6.76500006032178));
#14610=CARTESIAN_POINT('',(5.36500000000001,-13.225,6.86500006032178));
#14611=CARTESIAN_POINT('',(5.36500000000001,-13.1687500150804,6.92125004524134));
#14612=CARTESIAN_POINT('',(5.36500000000001,-13.325,6.31500006032176));
#14613=CARTESIAN_POINT('',(5.36500000000001,-13.325,3.43250000000001));
#14614=CARTESIAN_POINT('',(5.36500000000001,-13.225,6.21500006032176));
#14615=CARTESIAN_POINT('',(5.36500000000001,-13.3812499849196,6.37125004524132));
#14616=CARTESIAN_POINT('',(5.36500000000001,-12.775,6.21500006032176));
#14617=CARTESIAN_POINT('',(5.36500000000001,-13.1125,6.21500006032176));
#14618=CARTESIAN_POINT('',(5.36500000000001,-12.675,6.31500006032176));
#14619=CARTESIAN_POINT('',(5.36500000000001,-12.6687500150804,6.32125004524132));
#14620=CARTESIAN_POINT('',(5.36500000000001,-12.675,6.76500006032178));
#14621=CARTESIAN_POINT('',(5.36500000000001,-12.675,3.43250000000001));
#14622=CARTESIAN_POINT('',(5.36500000000001,-12.775,6.86500006032178));
#14623=CARTESIAN_POINT('',(5.36500000000001,-12.7812499849195,6.87125004524134));
#14624=CARTESIAN_POINT('',(5.36500000000001,-12.8875,6.86500006032178));
#14625=CARTESIAN_POINT('Origin',(5.36500000000001,-14.27,3.55500000000002));
#14626=CARTESIAN_POINT('',(5.36500000000001,-13.77,3.05500000000002));
#14627=CARTESIAN_POINT('',(5.36500000000001,-14.27,3.55500000000002));
#14628=CARTESIAN_POINT('Origin',(5.36500000000001,-14.27,10.175));
#14629=CARTESIAN_POINT('',(5.36500000000001,-14.27,10.175));
#14630=CARTESIAN_POINT('Origin',(5.36500000000001,-13.77,10.675));
#14631=CARTESIAN_POINT('',(5.36500000000001,-13.77,10.675));
#14632=CARTESIAN_POINT('Origin',(5.36500000000001,-12.23,10.675));
#14633=CARTESIAN_POINT('',(5.36500000000001,-12.23,10.675));
#14634=CARTESIAN_POINT('Origin',(5.36500000000001,-11.73,10.175));
#14635=CARTESIAN_POINT('',(5.36500000000001,-11.73,10.175));
#14636=CARTESIAN_POINT('Origin',(5.36500000000001,-11.73,3.55500000000002));
#14637=CARTESIAN_POINT('',(5.36500000000001,-11.73,3.55500000000002));
#14638=CARTESIAN_POINT('Origin',(5.36500000000001,-12.23,3.05500000000002));
#14639=CARTESIAN_POINT('',(5.36500000000001,-12.23,3.05500000000002));
#14640=CARTESIAN_POINT('Origin',(5.36500000000001,-13.77,3.05500000000002));
#14641=CARTESIAN_POINT('Origin',(2.76500000000001,-12.675,0.));
#14642=CARTESIAN_POINT('',(3.54000012064353,-12.675,3.77500012064352));
#14643=CARTESIAN_POINT('',(3.54000012064353,-12.675,3.77500012064352));
#14644=CARTESIAN_POINT('',(2.76500000000001,-12.675,3.));
#14645=CARTESIAN_POINT('Origin',(3.54000012064353,-12.675,3.));
#14646=CARTESIAN_POINT('',(2.76500000000001,-12.675,0.));
#14647=CARTESIAN_POINT('',(2.76500000000001,-12.675,0.));
#14648=CARTESIAN_POINT('',(2.31499999999998,-12.675,0.));
#14649=CARTESIAN_POINT('',(2.31499999999998,-12.675,0.));
#14650=CARTESIAN_POINT('',(2.31499999999998,-12.675,3.));
#14651=CARTESIAN_POINT('',(2.31499999999998,-12.675,0.));
#14652=CARTESIAN_POINT('',(3.54000012064353,-12.675,4.22500012064354));
#14653=CARTESIAN_POINT('Origin',(3.54000012064353,-12.675,3.));
#14654=CARTESIAN_POINT('',(3.54000012064353,-12.675,4.22500012064354));
#14655=CARTESIAN_POINT('Origin',(2.76500000000001,-12.675,0.));
#14656=CARTESIAN_POINT('',(14.4999996758997,-12.675,4.22500012064354));
#14657=CARTESIAN_POINT('',(3.54000012064353,-12.675,4.22500012064354));
#14658=CARTESIAN_POINT('',(14.4999996758997,-12.675,3.77500012064352));
#14659=CARTESIAN_POINT('',(14.4999996758997,-12.675,4.22500012064354));
#14660=CARTESIAN_POINT('',(3.54000012064353,-12.675,3.77500012064352));
#14661=CARTESIAN_POINT('Origin',(3.54000012064353,-12.775,3.67500012064352));
#14662=CARTESIAN_POINT('',(3.54000012064353,-12.775,3.67500012064352));
#14663=CARTESIAN_POINT('',(3.54000012064353,-12.775,3.67500012064352));
#14664=CARTESIAN_POINT('',(3.54000012064353,-12.675,3.77500012064352));
#14665=CARTESIAN_POINT('Origin',(3.54000012064353,-12.775,3.67500012064352));
#14666=CARTESIAN_POINT('',(14.4999996758997,-12.775,3.67500012064352));
#14667=CARTESIAN_POINT('',(14.4999996758997,-12.675,3.77500012064352));
#14668=CARTESIAN_POINT('',(3.54000012064353,-12.775,3.67500012064352));
#14669=CARTESIAN_POINT('Origin',(3.54000012064353,-13.225,3.67500012064352));
#14670=CARTESIAN_POINT('',(3.54000012064353,-13.225,3.67500012064352));
#14671=CARTESIAN_POINT('',(3.54000012064353,-13.225,3.67500012064352));
#14672=CARTESIAN_POINT('',(3.54000012064353,-12.775,3.67500012064352));
#14673=CARTESIAN_POINT('Origin',(3.54000012064353,-12.675,4.22500012064354));
#14674=CARTESIAN_POINT('',(3.54000012064353,-12.775,4.32500012064354));
#14675=CARTESIAN_POINT('',(3.54000012064353,-12.775,4.32500012064354));
#14676=CARTESIAN_POINT('',(3.54000012064353,-12.775,4.32500012064354));
#14677=CARTESIAN_POINT('Origin',(3.54000012064353,-12.675,4.22500012064354));
#14678=CARTESIAN_POINT('',(14.4999996758997,-12.775,4.32500012064354));
#14679=CARTESIAN_POINT('',(3.54000012064353,-12.775,4.32500012064354));
#14680=CARTESIAN_POINT('',(14.4999996758997,-12.775,4.32500012064354));
#14681=CARTESIAN_POINT('Origin',(3.54000012064353,-13.325,3.77500012064352));
#14682=CARTESIAN_POINT('',(3.54000012064353,-13.325,3.77500012064352));
#14683=CARTESIAN_POINT('',(3.54000012064353,-13.325,3.77500012064352));
#14684=CARTESIAN_POINT('',(3.54000012064353,-13.225,3.67500012064352));
#14685=CARTESIAN_POINT('Origin',(3.54000012064353,-12.775,4.32500012064354));
#14686=CARTESIAN_POINT('',(3.54000012064353,-13.225,4.32500012064354));
#14687=CARTESIAN_POINT('',(3.54000012064353,-13.225,4.32500012064354));
#14688=CARTESIAN_POINT('',(3.54000012064353,-13.225,4.32500012064354));
#14689=CARTESIAN_POINT('Origin',(3.54000012064353,-12.775,4.32500012064354));
#14690=CARTESIAN_POINT('',(14.4999996758997,-13.225,4.32500012064354));
#14691=CARTESIAN_POINT('',(3.54000012064353,-13.225,4.32500012064354));
#14692=CARTESIAN_POINT('',(14.4999996758997,-13.225,4.32500012064354));
#14693=CARTESIAN_POINT('Origin',(2.31499999999998,-13.325,0.));
#14694=CARTESIAN_POINT('',(3.54000012064353,-13.325,4.22500012064354));
#14695=CARTESIAN_POINT('',(3.54000012064353,-13.325,4.22500012064354));
#14696=CARTESIAN_POINT('',(2.31499999999998,-13.325,3.));
#14697=CARTESIAN_POINT('Origin',(3.54000012064353,-13.325,3.));
#14698=CARTESIAN_POINT('',(2.31499999999998,-13.325,0.));
#14699=CARTESIAN_POINT('',(2.31499999999998,-13.325,0.));
#14700=CARTESIAN_POINT('',(2.76500000000001,-13.325,0.));
#14701=CARTESIAN_POINT('',(2.76500000000001,-13.325,0.));
#14702=CARTESIAN_POINT('',(2.76500000000001,-13.325,3.));
#14703=CARTESIAN_POINT('',(2.76500000000001,-13.325,0.));
#14704=CARTESIAN_POINT('Origin',(3.54000012064353,-13.325,3.));
#14705=CARTESIAN_POINT('Origin',(3.54000012064353,-13.225,4.32500012064354));
#14706=CARTESIAN_POINT('',(3.54000012064353,-13.325,4.22500012064354));
#14707=CARTESIAN_POINT('Origin',(3.54000012064353,-13.225,3.67500012064352));
#14708=CARTESIAN_POINT('',(14.4999996758997,-13.225,3.67500012064352));
#14709=CARTESIAN_POINT('',(14.4999996758997,-12.775,3.67500012064352));
#14710=CARTESIAN_POINT('',(3.54000012064353,-13.225,3.67500012064352));
#14711=CARTESIAN_POINT('Origin',(3.54000012064353,-13.325,3.77500012064352));
#14712=CARTESIAN_POINT('',(14.4999996758997,-13.325,3.77500012064352));
#14713=CARTESIAN_POINT('',(14.4999996758997,-13.225,3.67500012064352));
#14714=CARTESIAN_POINT('',(3.54000012064353,-13.325,3.77500012064352));
#14715=CARTESIAN_POINT('Origin',(3.54000012064353,-13.225,4.32500012064354));
#14716=CARTESIAN_POINT('',(14.4999996758997,-13.325,4.22500012064354));
#14717=CARTESIAN_POINT('',(3.54000012064353,-13.325,4.22500012064354));
#14718=CARTESIAN_POINT('',(14.4999996758997,-13.325,4.22500012064354));
#14719=CARTESIAN_POINT('Origin',(3.54000012064353,-12.725,3.));
#14720=CARTESIAN_POINT('',(2.21499999999998,-12.775,3.));
#14721=CARTESIAN_POINT('',(2.21499999999998,-12.775,3.));
#14722=CARTESIAN_POINT('Origin',(3.54000012064353,-12.775,3.));
#14723=CARTESIAN_POINT('Origin',(3.54000012064353,-12.725,3.));
#14724=CARTESIAN_POINT('',(2.86500000000001,-12.775,3.));
#14725=CARTESIAN_POINT('',(2.76500000000001,-12.675,3.));
#14726=CARTESIAN_POINT('Origin',(3.54000012064353,-12.775,3.));
#14727=CARTESIAN_POINT('Origin',(3.54000012064353,-13.,3.));
#14728=CARTESIAN_POINT('',(2.86500000000001,-13.225,3.));
#14729=CARTESIAN_POINT('',(2.86500000000001,-12.775,3.));
#14730=CARTESIAN_POINT('Origin',(3.54000012064353,-13.225,3.));
#14731=CARTESIAN_POINT('Origin',(3.54000012064353,-13.275,3.));
#14732=CARTESIAN_POINT('',(2.86500000000001,-13.225,3.));
#14733=CARTESIAN_POINT('Origin',(3.54000012064353,-13.275,3.));
#14734=CARTESIAN_POINT('',(2.21499999999998,-13.225,3.));
#14735=CARTESIAN_POINT('',(2.31499999999998,-13.325,3.));
#14736=CARTESIAN_POINT('Origin',(3.54000012064353,-13.225,3.));
#14737=CARTESIAN_POINT('Origin',(3.54000012064353,-13.,3.));
#14738=CARTESIAN_POINT('',(2.21499999999998,-13.225,3.));
#14739=CARTESIAN_POINT('Origin',(2.31499999999998,-12.675,0.));
#14740=CARTESIAN_POINT('',(2.21499999999998,-12.775,0.));
#14741=CARTESIAN_POINT('',(2.21499999999998,-12.775,0.));
#14742=CARTESIAN_POINT('',(2.21499999999998,-12.775,0.));
#14743=CARTESIAN_POINT('Origin',(2.86500000000001,-12.775,0.));
#14744=CARTESIAN_POINT('',(2.86500000000001,-12.775,0.));
#14745=CARTESIAN_POINT('',(2.76500000000001,-12.675,0.));
#14746=CARTESIAN_POINT('',(2.86500000000001,-12.775,0.));
#14747=CARTESIAN_POINT('Origin',(2.86500000000001,-13.225,0.));
#14748=CARTESIAN_POINT('',(2.86500000000001,-13.225,0.));
#14749=CARTESIAN_POINT('',(2.86500000000001,-12.775,0.));
#14750=CARTESIAN_POINT('',(2.86500000000001,-13.225,0.));
#14751=CARTESIAN_POINT('Origin',(2.76500000000001,-13.325,0.));
#14752=CARTESIAN_POINT('',(2.86500000000001,-13.225,0.));
#14753=CARTESIAN_POINT('Origin',(2.31499999999998,-13.325,0.));
#14754=CARTESIAN_POINT('',(14.4999996758997,-13.325,3.77500012064352));
#14755=CARTESIAN_POINT('Origin',(2.21499999999998,-13.225,0.));
#14756=CARTESIAN_POINT('',(2.21499999999998,-13.225,0.));
#14757=CARTESIAN_POINT('',(2.31499999999998,-13.325,0.));
#14758=CARTESIAN_POINT('',(2.21499999999998,-13.225,0.));
#14759=CARTESIAN_POINT('Origin',(2.21499999999998,-12.775,0.));
#14760=CARTESIAN_POINT('',(2.21499999999998,-13.225,0.));
#14761=CARTESIAN_POINT('Origin',(14.4999996758997,-13.,4.00000012064353));
#14762=CARTESIAN_POINT('Origin',(2.54,-13.,0.));
#14763=CARTESIAN_POINT('Origin',(0.225000000000006,-12.675,0.));
#14764=CARTESIAN_POINT('',(1.,-12.675,8.85499999999999));
#14765=CARTESIAN_POINT('',(1.,-12.675,8.85499999999999));
#14766=CARTESIAN_POINT('',(0.225000000000006,-12.675,8.08));
#14767=CARTESIAN_POINT('Origin',(1.,-12.675,8.08));
#14768=CARTESIAN_POINT('',(0.225000000000006,-12.675,0.));
#14769=CARTESIAN_POINT('',(0.225000000000006,-12.675,0.));
#14770=CARTESIAN_POINT('',(-0.225000000000015,-12.675,0.));
#14771=CARTESIAN_POINT('',(-0.225000000000015,-12.675,0.));
#14772=CARTESIAN_POINT('',(-0.225000000000015,-12.675,8.08));
#14773=CARTESIAN_POINT('',(-0.225000000000015,-12.675,0.));
#14774=CARTESIAN_POINT('',(1.,-12.675,9.30500000000002));
#14775=CARTESIAN_POINT('Origin',(0.999999999999999,-12.675,8.08));
#14776=CARTESIAN_POINT('',(1.,-12.675,9.30500000000002));
#14777=CARTESIAN_POINT('Origin',(0.225000000000006,-12.675,0.));
#14778=CARTESIAN_POINT('',(14.48,-12.675,9.30500000000002));
#14779=CARTESIAN_POINT('',(1.,-12.675,9.30500000000002));
#14780=CARTESIAN_POINT('',(14.48,-12.675,8.85499999999999));
#14781=CARTESIAN_POINT('',(14.48,-12.675,9.30500000000002));
#14782=CARTESIAN_POINT('',(1.,-12.675,8.85499999999999));
#14783=CARTESIAN_POINT('Origin',(1.,-12.775,8.75499999999999));
#14784=CARTESIAN_POINT('',(1.,-12.775,8.75499999999999));
#14785=CARTESIAN_POINT('',(1.,-12.775,8.75499999999999));
#14786=CARTESIAN_POINT('',(1.,-12.675,8.85499999999999));
#14787=CARTESIAN_POINT('Origin',(1.,-12.775,8.75499999999999));
#14788=CARTESIAN_POINT('',(14.48,-12.775,8.75499999999999));
#14789=CARTESIAN_POINT('',(14.48,-12.675,8.85499999999999));
#14790=CARTESIAN_POINT('',(1.,-12.775,8.75499999999999));
#14791=CARTESIAN_POINT('Origin',(1.,-13.225,8.75499999999999));
#14792=CARTESIAN_POINT('',(1.,-13.225,8.75499999999999));
#14793=CARTESIAN_POINT('',(1.,-13.225,8.75499999999999));
#14794=CARTESIAN_POINT('',(1.,-12.775,8.75499999999999));
#14795=CARTESIAN_POINT('Origin',(1.,-12.675,9.30500000000002));
#14796=CARTESIAN_POINT('',(1.,-12.775,9.40500000000002));
#14797=CARTESIAN_POINT('',(1.,-12.775,9.40500000000002));
#14798=CARTESIAN_POINT('',(1.,-12.775,9.40500000000002));
#14799=CARTESIAN_POINT('Origin',(1.,-12.675,9.30500000000002));
#14800=CARTESIAN_POINT('',(14.48,-12.775,9.40500000000002));
#14801=CARTESIAN_POINT('',(1.,-12.775,9.40500000000002));
#14802=CARTESIAN_POINT('',(14.48,-12.775,9.40500000000002));
#14803=CARTESIAN_POINT('Origin',(1.,-13.325,8.85499999999999));
#14804=CARTESIAN_POINT('',(1.,-13.325,8.85499999999999));
#14805=CARTESIAN_POINT('',(1.,-13.325,8.85499999999999));
#14806=CARTESIAN_POINT('',(1.,-13.225,8.75499999999999));
#14807=CARTESIAN_POINT('Origin',(1.,-12.775,9.40500000000002));
#14808=CARTESIAN_POINT('',(1.,-13.225,9.40500000000002));
#14809=CARTESIAN_POINT('',(1.,-13.225,9.40500000000002));
#14810=CARTESIAN_POINT('',(1.,-13.225,9.40500000000002));
#14811=CARTESIAN_POINT('Origin',(1.,-12.775,9.40500000000002));
#14812=CARTESIAN_POINT('',(14.48,-13.225,9.40500000000002));
#14813=CARTESIAN_POINT('',(1.,-13.225,9.40500000000002));
#14814=CARTESIAN_POINT('',(14.48,-13.225,9.40500000000002));
#14815=CARTESIAN_POINT('Origin',(-0.225000000000015,-13.325,0.));
#14816=CARTESIAN_POINT('',(1.,-13.325,9.30500000000002));
#14817=CARTESIAN_POINT('',(1.,-13.325,9.30500000000002));
#14818=CARTESIAN_POINT('',(-0.225000000000015,-13.325,8.08));
#14819=CARTESIAN_POINT('Origin',(0.999999999999999,-13.325,8.08));
#14820=CARTESIAN_POINT('',(-0.225000000000015,-13.325,0.));
#14821=CARTESIAN_POINT('',(-0.225000000000015,-13.325,0.));
#14822=CARTESIAN_POINT('',(0.225000000000006,-13.325,0.));
#14823=CARTESIAN_POINT('',(0.225000000000006,-13.325,0.));
#14824=CARTESIAN_POINT('',(0.225000000000006,-13.325,8.08));
#14825=CARTESIAN_POINT('',(0.225000000000006,-13.325,0.));
#14826=CARTESIAN_POINT('Origin',(1.,-13.325,8.08));
#14827=CARTESIAN_POINT('Origin',(1.,-13.225,9.40500000000002));
#14828=CARTESIAN_POINT('',(1.,-13.325,9.30500000000002));
#14829=CARTESIAN_POINT('Origin',(1.,-13.225,8.75499999999999));
#14830=CARTESIAN_POINT('',(14.48,-13.225,8.75499999999999));
#14831=CARTESIAN_POINT('',(14.48,-12.775,8.75499999999999));
#14832=CARTESIAN_POINT('',(1.,-13.225,8.75499999999999));
#14833=CARTESIAN_POINT('Origin',(1.,-13.325,8.85499999999999));
#14834=CARTESIAN_POINT('',(14.48,-13.325,8.85499999999999));
#14835=CARTESIAN_POINT('',(14.48,-13.225,8.75499999999999));
#14836=CARTESIAN_POINT('',(1.,-13.325,8.85499999999999));
#14837=CARTESIAN_POINT('Origin',(1.,-13.225,9.40500000000002));
#14838=CARTESIAN_POINT('',(14.48,-13.325,9.30500000000002));
#14839=CARTESIAN_POINT('',(1.,-13.325,9.30500000000002));
#14840=CARTESIAN_POINT('',(14.48,-13.325,9.30500000000002));
#14841=CARTESIAN_POINT('Origin',(1.,-12.725,8.08));
#14842=CARTESIAN_POINT('',(0.325000000000006,-12.775,8.08));
#14843=CARTESIAN_POINT('',(0.225000000000006,-12.675,8.08));
#14844=CARTESIAN_POINT('Origin',(1.,-12.775,8.08));
#14845=CARTESIAN_POINT('Origin',(1.,-13.,8.08));
#14846=CARTESIAN_POINT('',(0.325000000000006,-13.225,8.08));
#14847=CARTESIAN_POINT('',(0.325000000000006,-12.775,8.08));
#14848=CARTESIAN_POINT('Origin',(1.,-13.225,8.08));
#14849=CARTESIAN_POINT('Origin',(1.,-13.275,8.08));
#14850=CARTESIAN_POINT('',(0.325000000000006,-13.225,8.08));
#14851=CARTESIAN_POINT('Origin',(1.,-13.275,8.08));
#14852=CARTESIAN_POINT('',(-0.325000000000015,-13.225,8.08));
#14853=CARTESIAN_POINT('',(-0.225000000000015,-13.325,8.08));
#14854=CARTESIAN_POINT('Origin',(1.,-13.225,8.08));
#14855=CARTESIAN_POINT('Origin',(1.,-13.,8.08));
#14856=CARTESIAN_POINT('',(-0.325000000000015,-12.775,8.08));
#14857=CARTESIAN_POINT('',(-0.325000000000015,-13.225,8.08));
#14858=CARTESIAN_POINT('Origin',(1.,-12.775,8.08));
#14859=CARTESIAN_POINT('Origin',(1.,-12.725,8.08));
#14860=CARTESIAN_POINT('',(-0.325000000000015,-12.775,8.08));
#14861=CARTESIAN_POINT('Origin',(0.325000000000006,-12.775,0.));
#14862=CARTESIAN_POINT('',(0.325000000000006,-12.775,0.));
#14863=CARTESIAN_POINT('',(0.225000000000006,-12.675,0.));
#14864=CARTESIAN_POINT('',(0.325000000000006,-12.775,0.));
#14865=CARTESIAN_POINT('Origin',(0.325000000000006,-13.225,0.));
#14866=CARTESIAN_POINT('',(0.325000000000006,-13.225,0.));
#14867=CARTESIAN_POINT('',(0.325000000000006,-12.775,0.));
#14868=CARTESIAN_POINT('',(0.325000000000006,-13.225,0.));
#14869=CARTESIAN_POINT('Origin',(0.225000000000006,-13.325,0.));
#14870=CARTESIAN_POINT('',(0.325000000000006,-13.225,0.));
#14871=CARTESIAN_POINT('Origin',(-0.225000000000015,-13.325,0.));
#14872=CARTESIAN_POINT('',(14.48,-13.325,8.85499999999999));
#14873=CARTESIAN_POINT('Origin',(-0.325000000000015,-13.225,0.));
#14874=CARTESIAN_POINT('',(-0.325000000000015,-13.225,0.));
#14875=CARTESIAN_POINT('',(-0.225000000000015,-13.325,0.));
#14876=CARTESIAN_POINT('',(-0.325000000000015,-13.225,0.));
#14877=CARTESIAN_POINT('Origin',(-0.325000000000015,-12.775,0.));
#14878=CARTESIAN_POINT('',(-0.325000000000015,-12.775,0.));
#14879=CARTESIAN_POINT('',(-0.325000000000015,-13.225,0.));
#14880=CARTESIAN_POINT('',(-0.325000000000015,-12.775,0.));
#14881=CARTESIAN_POINT('Origin',(-0.225000000000015,-12.675,0.));
#14882=CARTESIAN_POINT('',(-0.325000000000015,-12.775,0.));
#14883=CARTESIAN_POINT('Origin',(14.48,-13.,9.08000000000001));
#14884=CARTESIAN_POINT('Origin',(-4.44089209850063E-15,-13.,0.));
#14885=CARTESIAN_POINT('Origin',(1.49500000000001,-12.675,0.));
#14886=CARTESIAN_POINT('',(2.27000006032176,-12.675,6.31500006032176));
#14887=CARTESIAN_POINT('',(2.27000006032176,-12.675,6.31500006032176));
#14888=CARTESIAN_POINT('',(1.49500000000001,-12.675,5.54));
#14889=CARTESIAN_POINT('Origin',(2.27000006032176,-12.675,5.54));
#14890=CARTESIAN_POINT('',(1.49500000000001,-12.675,0.));
#14891=CARTESIAN_POINT('',(1.49500000000001,-12.675,0.));
#14892=CARTESIAN_POINT('',(1.04499999999998,-12.675,0.));
#14893=CARTESIAN_POINT('',(1.04499999999998,-12.675,0.));
#14894=CARTESIAN_POINT('',(1.04499999999998,-12.675,5.54));
#14895=CARTESIAN_POINT('',(1.04499999999998,-12.675,0.));
#14896=CARTESIAN_POINT('',(2.27000006032176,-12.675,6.76500006032178));
#14897=CARTESIAN_POINT('Origin',(2.27000006032176,-12.675,5.54));
#14898=CARTESIAN_POINT('',(2.27000006032176,-12.675,6.76500006032178));
#14899=CARTESIAN_POINT('Origin',(1.49500000000001,-12.675,0.));
#14900=CARTESIAN_POINT('',(14.5000002160668,-12.675,6.76500006032178));
#14901=CARTESIAN_POINT('',(2.27000006032176,-12.675,6.76500006032178));
#14902=CARTESIAN_POINT('',(14.5000002160668,-12.675,6.31500006032176));
#14903=CARTESIAN_POINT('',(14.5000002160668,-12.675,6.76500006032178));
#14904=CARTESIAN_POINT('',(2.27000006032176,-12.675,6.31500006032176));
#14905=CARTESIAN_POINT('Origin',(2.27000006032176,-12.775,6.21500006032176));
#14906=CARTESIAN_POINT('',(2.27000006032176,-12.775,6.21500006032176));
#14907=CARTESIAN_POINT('',(2.27000006032176,-12.775,6.21500006032176));
#14908=CARTESIAN_POINT('',(2.27000006032176,-12.675,6.31500006032176));
#14909=CARTESIAN_POINT('Origin',(2.27000006032176,-12.775,6.21500006032176));
#14910=CARTESIAN_POINT('',(14.5000002160668,-12.775,6.21500006032176));
#14911=CARTESIAN_POINT('',(14.5000002160668,-12.675,6.31500006032176));
#14912=CARTESIAN_POINT('',(2.27000006032176,-12.775,6.21500006032176));
#14913=CARTESIAN_POINT('Origin',(2.27000006032176,-13.225,6.21500006032176));
#14914=CARTESIAN_POINT('',(2.27000006032176,-13.225,6.21500006032176));
#14915=CARTESIAN_POINT('',(2.27000006032176,-13.225,6.21500006032176));
#14916=CARTESIAN_POINT('',(2.27000006032176,-12.775,6.21500006032176));
#14917=CARTESIAN_POINT('Origin',(2.27000006032176,-12.675,6.76500006032178));
#14918=CARTESIAN_POINT('',(2.27000006032176,-12.775,6.86500006032178));
#14919=CARTESIAN_POINT('',(2.27000006032176,-12.775,6.86500006032178));
#14920=CARTESIAN_POINT('',(2.27000006032176,-12.775,6.86500006032178));
#14921=CARTESIAN_POINT('Origin',(2.27000006032176,-12.675,6.76500006032178));
#14922=CARTESIAN_POINT('',(14.5000002160668,-12.775,6.86500006032178));
#14923=CARTESIAN_POINT('',(2.27000006032176,-12.775,6.86500006032178));
#14924=CARTESIAN_POINT('',(14.5000002160668,-12.775,6.86500006032178));
#14925=CARTESIAN_POINT('Origin',(2.27000006032176,-13.325,6.31500006032176));
#14926=CARTESIAN_POINT('',(2.27000006032176,-13.325,6.31500006032176));
#14927=CARTESIAN_POINT('',(2.27000006032176,-13.325,6.31500006032176));
#14928=CARTESIAN_POINT('',(2.27000006032176,-13.225,6.21500006032176));
#14929=CARTESIAN_POINT('Origin',(2.27000006032176,-12.775,6.86500006032178));
#14930=CARTESIAN_POINT('',(2.27000006032176,-13.225,6.86500006032178));
#14931=CARTESIAN_POINT('',(2.27000006032176,-13.225,6.86500006032178));
#14932=CARTESIAN_POINT('',(2.27000006032176,-13.225,6.86500006032178));
#14933=CARTESIAN_POINT('Origin',(2.27000006032176,-12.775,6.86500006032178));
#14934=CARTESIAN_POINT('',(14.5000002160668,-13.225,6.86500006032178));
#14935=CARTESIAN_POINT('',(2.27000006032176,-13.225,6.86500006032178));
#14936=CARTESIAN_POINT('',(14.5000002160668,-13.225,6.86500006032178));
#14937=CARTESIAN_POINT('Origin',(1.04499999999998,-13.325,0.));
#14938=CARTESIAN_POINT('',(2.27000006032176,-13.325,6.76500006032178));
#14939=CARTESIAN_POINT('',(2.27000006032176,-13.325,6.76500006032178));
#14940=CARTESIAN_POINT('',(1.04499999999998,-13.325,5.54));
#14941=CARTESIAN_POINT('Origin',(2.27000006032176,-13.325,5.54));
#14942=CARTESIAN_POINT('',(1.04499999999998,-13.325,0.));
#14943=CARTESIAN_POINT('',(1.04499999999998,-13.325,0.));
#14944=CARTESIAN_POINT('',(1.49500000000001,-13.325,0.));
#14945=CARTESIAN_POINT('',(1.49500000000001,-13.325,0.));
#14946=CARTESIAN_POINT('',(1.49500000000001,-13.325,5.54));
#14947=CARTESIAN_POINT('',(1.49500000000001,-13.325,0.));
#14948=CARTESIAN_POINT('Origin',(2.27000006032176,-13.325,5.54));
#14949=CARTESIAN_POINT('Origin',(2.27000006032176,-13.225,6.86500006032178));
#14950=CARTESIAN_POINT('',(2.27000006032176,-13.325,6.76500006032178));
#14951=CARTESIAN_POINT('Origin',(2.27000006032176,-13.225,6.21500006032176));
#14952=CARTESIAN_POINT('',(14.5000002160668,-13.225,6.21500006032176));
#14953=CARTESIAN_POINT('',(14.5000002160668,-12.775,6.21500006032176));
#14954=CARTESIAN_POINT('',(2.27000006032176,-13.225,6.21500006032176));
#14955=CARTESIAN_POINT('Origin',(2.27000006032176,-13.325,6.31500006032176));
#14956=CARTESIAN_POINT('',(14.5000002160668,-13.325,6.31500006032176));
#14957=CARTESIAN_POINT('',(14.5000002160668,-13.225,6.21500006032176));
#14958=CARTESIAN_POINT('',(2.27000006032176,-13.325,6.31500006032176));
#14959=CARTESIAN_POINT('Origin',(2.27000006032176,-13.225,6.86500006032178));
#14960=CARTESIAN_POINT('',(14.5000002160668,-13.325,6.76500006032178));
#14961=CARTESIAN_POINT('',(2.27000006032176,-13.325,6.76500006032178));
#14962=CARTESIAN_POINT('',(14.5000002160668,-13.325,6.76500006032178));
#14963=CARTESIAN_POINT('Origin',(2.27000006032176,-12.725,5.54));
#14964=CARTESIAN_POINT('',(0.944999999999985,-12.775,5.54));
#14965=CARTESIAN_POINT('',(0.944999999999985,-12.775,5.54));
#14966=CARTESIAN_POINT('Origin',(2.27000006032176,-12.775,5.54));
#14967=CARTESIAN_POINT('Origin',(2.27000006032176,-12.725,5.54));
#14968=CARTESIAN_POINT('',(1.59500000000001,-12.775,5.54));
#14969=CARTESIAN_POINT('',(1.49500000000001,-12.675,5.54));
#14970=CARTESIAN_POINT('Origin',(2.27000006032176,-12.775,5.54));
#14971=CARTESIAN_POINT('Origin',(2.27000006032176,-13.,5.54));
#14972=CARTESIAN_POINT('',(1.59500000000001,-13.225,5.54));
#14973=CARTESIAN_POINT('',(1.59500000000001,-12.775,5.54));
#14974=CARTESIAN_POINT('Origin',(2.27000006032176,-13.225,5.54));
#14975=CARTESIAN_POINT('Origin',(2.27000006032176,-13.275,5.54));
#14976=CARTESIAN_POINT('',(1.59500000000001,-13.225,5.54));
#14977=CARTESIAN_POINT('Origin',(2.27000006032176,-13.275,5.54));
#14978=CARTESIAN_POINT('',(0.944999999999985,-13.225,5.54));
#14979=CARTESIAN_POINT('',(1.04499999999998,-13.325,5.54));
#14980=CARTESIAN_POINT('Origin',(2.27000006032176,-13.225,5.54));
#14981=CARTESIAN_POINT('Origin',(2.27000006032176,-13.,5.54));
#14982=CARTESIAN_POINT('',(0.944999999999985,-13.225,5.54));
#14983=CARTESIAN_POINT('Origin',(1.04499999999998,-12.675,0.));
#14984=CARTESIAN_POINT('',(0.944999999999985,-12.775,0.));
#14985=CARTESIAN_POINT('',(0.944999999999985,-12.775,0.));
#14986=CARTESIAN_POINT('',(0.944999999999985,-12.775,0.));
#14987=CARTESIAN_POINT('Origin',(1.59500000000001,-12.775,0.));
#14988=CARTESIAN_POINT('',(1.59500000000001,-12.775,0.));
#14989=CARTESIAN_POINT('',(1.49500000000001,-12.675,0.));
#14990=CARTESIAN_POINT('',(1.59500000000001,-12.775,0.));
#14991=CARTESIAN_POINT('Origin',(1.59500000000001,-13.225,0.));
#14992=CARTESIAN_POINT('',(1.59500000000001,-13.225,0.));
#14993=CARTESIAN_POINT('',(1.59500000000001,-12.775,0.));
#14994=CARTESIAN_POINT('',(1.59500000000001,-13.225,0.));
#14995=CARTESIAN_POINT('Origin',(1.49500000000001,-13.325,0.));
#14996=CARTESIAN_POINT('',(1.59500000000001,-13.225,0.));
#14997=CARTESIAN_POINT('Origin',(1.04499999999998,-13.325,0.));
#14998=CARTESIAN_POINT('',(14.5000002160668,-13.325,6.31500006032176));
#14999=CARTESIAN_POINT('Origin',(0.944999999999985,-13.225,0.));
#15000=CARTESIAN_POINT('',(0.944999999999985,-13.225,0.));
#15001=CARTESIAN_POINT('',(1.04499999999998,-13.325,0.));
#15002=CARTESIAN_POINT('',(0.944999999999985,-13.225,0.));
#15003=CARTESIAN_POINT('Origin',(0.944999999999985,-12.775,0.));
#15004=CARTESIAN_POINT('',(0.944999999999985,-13.225,0.));
#15005=CARTESIAN_POINT('Origin',(14.5000002160668,-13.,6.54000006032177));
#15006=CARTESIAN_POINT('Origin',(1.27,-13.,0.));
#15007=CARTESIAN_POINT('Origin',(7.86500000000001,-7.8,6.86500000000002));
#15008=CARTESIAN_POINT('',(7.86500000000001,-8.57,3.05500000000002));
#15009=CARTESIAN_POINT('',(7.86500000000001,-7.03,3.05500000000002));
#15010=CARTESIAN_POINT('',(7.86500000000001,-8.57,3.05500000000002));
#15011=CARTESIAN_POINT('',(7.86500000000001,-6.53,3.55500000000002));
#15012=CARTESIAN_POINT('',(7.86500000000001,-7.03,3.05500000000002));
#15013=CARTESIAN_POINT('',(7.86500000000001,-6.53,10.175));
#15014=CARTESIAN_POINT('',(7.86500000000001,-6.53,3.55500000000002));
#15015=CARTESIAN_POINT('',(7.86500000000001,-7.03,10.675));
#15016=CARTESIAN_POINT('',(7.86500000000001,-6.53,10.175));
#15017=CARTESIAN_POINT('',(7.86500000000001,-8.57,10.675));
#15018=CARTESIAN_POINT('',(7.86500000000001,-7.03,10.675));
#15019=CARTESIAN_POINT('',(7.86500000000001,-9.07,10.175));
#15020=CARTESIAN_POINT('',(7.86500000000001,-8.57,10.675));
#15021=CARTESIAN_POINT('',(7.86500000000001,-9.07,3.55500000000002));
#15022=CARTESIAN_POINT('',(7.86500000000001,-9.07,10.175));
#15023=CARTESIAN_POINT('',(7.86500000000001,-8.57,3.05500000000002));
#15024=CARTESIAN_POINT('',(7.86500000000001,-8.02500000000001,4.32500012064354));
#15025=CARTESIAN_POINT('',(7.86500000000001,-8.12500000000001,4.22500012064354));
#15026=CARTESIAN_POINT('',(7.86500000000001,-7.33375003016089,5.01625009048266));
#15027=CARTESIAN_POINT('',(7.86500000000001,-7.57499999999999,4.32500012064354));
#15028=CARTESIAN_POINT('',(7.86500000000001,-7.68749999999999,4.32500012064354));
#15029=CARTESIAN_POINT('',(7.86500000000001,-7.47499999999999,4.22500012064354));
#15030=CARTESIAN_POINT('',(7.86500000000001,-8.21624996983911,4.96625009048266));
#15031=CARTESIAN_POINT('',(7.86500000000001,-7.47499999999999,3.77500012064352));
#15032=CARTESIAN_POINT('',(7.86500000000001,-7.47499999999999,3.43250000000001));
#15033=CARTESIAN_POINT('',(7.86500000000001,-7.57499999999999,3.67500012064352));
#15034=CARTESIAN_POINT('',(7.86500000000001,-6.83375003016086,4.41625009048264));
#15035=CARTESIAN_POINT('',(7.86500000000001,-8.02500000000001,3.67500012064352));
#15036=CARTESIAN_POINT('',(7.86500000000001,-7.9125,3.67500012064352));
#15037=CARTESIAN_POINT('',(7.86500000000001,-8.12500000000001,3.77500012064352));
#15038=CARTESIAN_POINT('',(7.86500000000001,-8.81624996983913,4.46625009048264));
#15039=CARTESIAN_POINT('',(7.86500000000001,-8.12500000000001,3.43250000000001));
#15040=CARTESIAN_POINT('',(7.86500000000001,-8.02500000000001,9.40500000000002));
#15041=CARTESIAN_POINT('',(7.86500000000001,-8.12500000000001,9.30500000000002));
#15042=CARTESIAN_POINT('',(7.86500000000001,-8.60375000000001,8.82625000000002));
#15043=CARTESIAN_POINT('',(7.86500000000001,-7.57499999999999,9.40500000000002));
#15044=CARTESIAN_POINT('',(7.86500000000001,-7.68749999999999,9.40500000000002));
#15045=CARTESIAN_POINT('',(7.86500000000001,-7.47499999999999,9.30500000000002));
#15046=CARTESIAN_POINT('',(7.86500000000001,-6.94624999999999,8.77625000000002));
#15047=CARTESIAN_POINT('',(7.86500000000001,-7.47499999999999,8.85499999999999));
#15048=CARTESIAN_POINT('',(7.86500000000001,-7.47499999999999,3.43250000000001));
#15049=CARTESIAN_POINT('',(7.86500000000001,-7.57499999999999,8.75499999999999));
#15050=CARTESIAN_POINT('',(7.86500000000001,-8.10374999999998,8.22625));
#15051=CARTESIAN_POINT('',(7.86500000000001,-8.02500000000001,8.75499999999999));
#15052=CARTESIAN_POINT('',(7.86500000000001,-7.9125,8.75499999999999));
#15053=CARTESIAN_POINT('',(7.86500000000001,-8.12500000000001,8.85499999999999));
#15054=CARTESIAN_POINT('',(7.86500000000001,-7.54625000000001,8.27625));
#15055=CARTESIAN_POINT('',(7.86500000000001,-8.12500000000001,3.43250000000001));
#15056=CARTESIAN_POINT('',(7.86500000000001,-8.02500000000001,6.86500006032178));
#15057=CARTESIAN_POINT('',(7.86500000000001,-8.12500000000001,6.76500006032178));
#15058=CARTESIAN_POINT('',(7.86500000000001,-7.96875001508045,6.92125004524134));
#15059=CARTESIAN_POINT('',(7.86500000000001,-7.57499999999999,6.86500006032178));
#15060=CARTESIAN_POINT('',(7.86500000000001,-7.68749999999999,6.86500006032178));
#15061=CARTESIAN_POINT('',(7.86500000000001,-7.47499999999999,6.76500006032178));
#15062=CARTESIAN_POINT('',(7.86500000000001,-7.58124998491955,6.87125004524134));
#15063=CARTESIAN_POINT('',(7.86500000000001,-7.47499999999999,6.31500006032176));
#15064=CARTESIAN_POINT('',(7.86500000000001,-7.47499999999999,3.43250000000001));
#15065=CARTESIAN_POINT('',(7.86500000000001,-7.57499999999999,6.21500006032176));
#15066=CARTESIAN_POINT('',(7.86500000000001,-7.46875001508042,6.32125004524132));
#15067=CARTESIAN_POINT('',(7.86500000000001,-8.02500000000001,6.21500006032176));
#15068=CARTESIAN_POINT('',(7.86500000000001,-7.9125,6.21500006032176));
#15069=CARTESIAN_POINT('',(7.86500000000001,-8.12500000000001,6.31500006032176));
#15070=CARTESIAN_POINT('',(7.86500000000001,-8.18124998491957,6.37125004524132));
#15071=CARTESIAN_POINT('',(7.86500000000001,-8.12500000000001,3.43250000000001));
#15072=CARTESIAN_POINT('Origin',(5.36500000000001,-7.8,6.86500000000002));
#15073=CARTESIAN_POINT('',(5.36500000000001,-8.57,3.05500000000002));
#15074=CARTESIAN_POINT('',(5.36500000000001,-7.03,3.05500000000002));
#15075=CARTESIAN_POINT('',(5.36500000000001,-8.57,3.05500000000002));
#15076=CARTESIAN_POINT('',(5.36500000000001,-9.07,3.55500000000002));
#15077=CARTESIAN_POINT('',(5.36500000000001,-8.57,3.05500000000002));
#15078=CARTESIAN_POINT('',(5.36500000000001,-9.07,10.175));
#15079=CARTESIAN_POINT('',(5.36500000000001,-9.07,10.175));
#15080=CARTESIAN_POINT('',(5.36500000000001,-8.57,10.675));
#15081=CARTESIAN_POINT('',(5.36500000000001,-8.57,10.675));
#15082=CARTESIAN_POINT('',(5.36500000000001,-7.03,10.675));
#15083=CARTESIAN_POINT('',(5.36500000000001,-7.03,10.675));
#15084=CARTESIAN_POINT('',(5.36500000000001,-6.53,10.175));
#15085=CARTESIAN_POINT('',(5.36500000000001,-6.53,10.175));
#15086=CARTESIAN_POINT('',(5.36500000000001,-6.53,3.55500000000002));
#15087=CARTESIAN_POINT('',(5.36500000000001,-6.53,3.55500000000002));
#15088=CARTESIAN_POINT('',(5.36500000000001,-7.03,3.05500000000002));
#15089=CARTESIAN_POINT('',(5.36500000000001,-8.12500000000001,4.22500012064354));
#15090=CARTESIAN_POINT('',(5.36500000000001,-8.02500000000001,4.32500012064354));
#15091=CARTESIAN_POINT('',(5.36500000000001,-7.33375003016089,5.01625009048266));
#15092=CARTESIAN_POINT('',(5.36500000000001,-8.12500000000001,3.77500012064352));
#15093=CARTESIAN_POINT('',(5.36500000000001,-8.12500000000001,3.43250000000001));
#15094=CARTESIAN_POINT('',(5.36500000000001,-8.02500000000001,3.67500012064352));
#15095=CARTESIAN_POINT('',(5.36500000000001,-8.81624996983913,4.46625009048264));
#15096=CARTESIAN_POINT('',(5.36500000000001,-7.57499999999999,3.67500012064352));
#15097=CARTESIAN_POINT('',(5.36500000000001,-7.9125,3.67500012064352));
#15098=CARTESIAN_POINT('',(5.36500000000001,-7.47499999999999,3.77500012064352));
#15099=CARTESIAN_POINT('',(5.36500000000001,-6.83375003016086,4.41625009048264));
#15100=CARTESIAN_POINT('',(5.36500000000001,-7.47499999999999,4.22500012064354));
#15101=CARTESIAN_POINT('',(5.36500000000001,-7.47499999999999,3.43250000000001));
#15102=CARTESIAN_POINT('',(5.36500000000001,-7.57499999999999,4.32500012064354));
#15103=CARTESIAN_POINT('',(5.36500000000001,-8.21624996983911,4.96625009048266));
#15104=CARTESIAN_POINT('',(5.36500000000001,-7.68749999999999,4.32500012064354));
#15105=CARTESIAN_POINT('',(5.36500000000001,-8.12500000000001,9.30500000000002));
#15106=CARTESIAN_POINT('',(5.36500000000001,-8.02500000000001,9.40500000000002));
#15107=CARTESIAN_POINT('',(5.36500000000001,-8.60375000000001,8.82625000000002));
#15108=CARTESIAN_POINT('',(5.36500000000001,-8.12500000000001,8.85499999999999));
#15109=CARTESIAN_POINT('',(5.36500000000001,-8.12500000000001,3.43250000000001));
#15110=CARTESIAN_POINT('',(5.36500000000001,-8.02500000000001,8.75499999999999));
#15111=CARTESIAN_POINT('',(5.36500000000001,-7.54625000000001,8.27625));
#15112=CARTESIAN_POINT('',(5.36500000000001,-7.57499999999999,8.75499999999999));
#15113=CARTESIAN_POINT('',(5.36500000000001,-7.9125,8.75499999999999));
#15114=CARTESIAN_POINT('',(5.36500000000001,-7.47499999999999,8.85499999999999));
#15115=CARTESIAN_POINT('',(5.36500000000001,-8.10374999999998,8.22625));
#15116=CARTESIAN_POINT('',(5.36500000000001,-7.47499999999999,9.30500000000002));
#15117=CARTESIAN_POINT('',(5.36500000000001,-7.47499999999999,3.43250000000001));
#15118=CARTESIAN_POINT('',(5.36500000000001,-7.57499999999999,9.40500000000002));
#15119=CARTESIAN_POINT('',(5.36500000000001,-6.94624999999999,8.77625000000002));
#15120=CARTESIAN_POINT('',(5.36500000000001,-7.68749999999999,9.40500000000002));
#15121=CARTESIAN_POINT('',(5.36500000000001,-8.12500000000001,6.76500006032178));
#15122=CARTESIAN_POINT('',(5.36500000000001,-8.02500000000001,6.86500006032178));
#15123=CARTESIAN_POINT('',(5.36500000000001,-7.96875001508045,6.92125004524134));
#15124=CARTESIAN_POINT('',(5.36500000000001,-8.12500000000001,6.31500006032176));
#15125=CARTESIAN_POINT('',(5.36500000000001,-8.12500000000001,3.43250000000001));
#15126=CARTESIAN_POINT('',(5.36500000000001,-8.02500000000001,6.21500006032176));
#15127=CARTESIAN_POINT('',(5.36500000000001,-8.18124998491957,6.37125004524132));
#15128=CARTESIAN_POINT('',(5.36500000000001,-7.57499999999999,6.21500006032176));
#15129=CARTESIAN_POINT('',(5.36500000000001,-7.9125,6.21500006032176));
#15130=CARTESIAN_POINT('',(5.36500000000001,-7.47499999999999,6.31500006032176));
#15131=CARTESIAN_POINT('',(5.36500000000001,-7.46875001508042,6.32125004524132));
#15132=CARTESIAN_POINT('',(5.36500000000001,-7.47499999999999,6.76500006032178));
#15133=CARTESIAN_POINT('',(5.36500000000001,-7.47499999999999,3.43250000000001));
#15134=CARTESIAN_POINT('',(5.36500000000001,-7.57499999999999,6.86500006032178));
#15135=CARTESIAN_POINT('',(5.36500000000001,-7.58124998491955,6.87125004524134));
#15136=CARTESIAN_POINT('',(5.36500000000001,-7.68749999999999,6.86500006032178));
#15137=CARTESIAN_POINT('Origin',(5.36500000000001,-9.07,3.55500000000002));
#15138=CARTESIAN_POINT('',(5.36500000000001,-8.57,3.05500000000002));
#15139=CARTESIAN_POINT('',(5.36500000000001,-9.07,3.55500000000002));
#15140=CARTESIAN_POINT('Origin',(5.36500000000001,-9.07,10.175));
#15141=CARTESIAN_POINT('',(5.36500000000001,-9.07,10.175));
#15142=CARTESIAN_POINT('Origin',(5.36500000000001,-8.57,10.675));
#15143=CARTESIAN_POINT('',(5.36500000000001,-8.57,10.675));
#15144=CARTESIAN_POINT('Origin',(5.36500000000001,-7.03,10.675));
#15145=CARTESIAN_POINT('',(5.36500000000001,-7.03,10.675));
#15146=CARTESIAN_POINT('Origin',(5.36500000000001,-6.53,10.175));
#15147=CARTESIAN_POINT('',(5.36500000000001,-6.53,10.175));
#15148=CARTESIAN_POINT('Origin',(5.36500000000001,-6.53,3.55500000000002));
#15149=CARTESIAN_POINT('',(5.36500000000001,-6.53,3.55500000000002));
#15150=CARTESIAN_POINT('Origin',(5.36500000000001,-7.03,3.05500000000002));
#15151=CARTESIAN_POINT('',(5.36500000000001,-7.03,3.05500000000002));
#15152=CARTESIAN_POINT('Origin',(5.36500000000001,-8.57,3.05500000000002));
#15153=CARTESIAN_POINT('Origin',(2.76500000000001,-7.47499999999999,0.));
#15154=CARTESIAN_POINT('',(3.54000012064353,-7.47499999999999,3.77500012064352));
#15155=CARTESIAN_POINT('',(3.54000012064353,-7.47499999999999,3.77500012064352));
#15156=CARTESIAN_POINT('',(2.76500000000001,-7.47499999999999,3.));
#15157=CARTESIAN_POINT('Origin',(3.54000012064353,-7.47499999999999,3.));
#15158=CARTESIAN_POINT('',(2.76500000000001,-7.47499999999999,0.));
#15159=CARTESIAN_POINT('',(2.76500000000001,-7.47499999999999,0.));
#15160=CARTESIAN_POINT('',(2.31499999999998,-7.47499999999999,0.));
#15161=CARTESIAN_POINT('',(2.31499999999998,-7.47499999999999,0.));
#15162=CARTESIAN_POINT('',(2.31499999999998,-7.47499999999999,3.));
#15163=CARTESIAN_POINT('',(2.31499999999998,-7.47499999999999,0.));
#15164=CARTESIAN_POINT('',(3.54000012064353,-7.47499999999999,4.22500012064354));
#15165=CARTESIAN_POINT('Origin',(3.54000012064353,-7.47499999999999,3.));
#15166=CARTESIAN_POINT('',(3.54000012064353,-7.47499999999999,4.22500012064354));
#15167=CARTESIAN_POINT('Origin',(2.76500000000001,-7.47499999999999,0.));
#15168=CARTESIAN_POINT('',(14.4999996758997,-7.47499999999999,4.22500012064354));
#15169=CARTESIAN_POINT('',(3.54000012064353,-7.47499999999999,4.22500012064354));
#15170=CARTESIAN_POINT('',(14.4999996758997,-7.47499999999999,3.77500012064352));
#15171=CARTESIAN_POINT('',(14.4999996758997,-7.47499999999999,4.22500012064354));
#15172=CARTESIAN_POINT('',(3.54000012064353,-7.47499999999999,3.77500012064352));
#15173=CARTESIAN_POINT('Origin',(3.54000012064353,-7.57499999999999,3.67500012064352));
#15174=CARTESIAN_POINT('',(3.54000012064353,-7.57499999999999,3.67500012064352));
#15175=CARTESIAN_POINT('',(3.54000012064353,-7.57499999999999,3.67500012064352));
#15176=CARTESIAN_POINT('',(3.54000012064353,-7.47499999999999,3.77500012064352));
#15177=CARTESIAN_POINT('Origin',(3.54000012064353,-7.57499999999999,3.67500012064352));
#15178=CARTESIAN_POINT('',(14.4999996758997,-7.57499999999999,3.67500012064352));
#15179=CARTESIAN_POINT('',(14.4999996758997,-7.47499999999999,3.77500012064352));
#15180=CARTESIAN_POINT('',(3.54000012064353,-7.57499999999999,3.67500012064352));
#15181=CARTESIAN_POINT('Origin',(3.54000012064353,-8.02500000000001,3.67500012064352));
#15182=CARTESIAN_POINT('',(3.54000012064353,-8.02500000000001,3.67500012064352));
#15183=CARTESIAN_POINT('',(3.54000012064353,-8.02500000000001,3.67500012064352));
#15184=CARTESIAN_POINT('',(3.54000012064353,-7.57499999999999,3.67500012064352));
#15185=CARTESIAN_POINT('Origin',(3.54000012064353,-7.47499999999999,4.22500012064354));
#15186=CARTESIAN_POINT('',(3.54000012064353,-7.57499999999999,4.32500012064354));
#15187=CARTESIAN_POINT('',(3.54000012064353,-7.57499999999999,4.32500012064354));
#15188=CARTESIAN_POINT('',(3.54000012064353,-7.57499999999999,4.32500012064354));
#15189=CARTESIAN_POINT('Origin',(3.54000012064353,-7.47499999999999,4.22500012064354));
#15190=CARTESIAN_POINT('',(14.4999996758997,-7.57499999999999,4.32500012064354));
#15191=CARTESIAN_POINT('',(3.54000012064353,-7.57499999999999,4.32500012064354));
#15192=CARTESIAN_POINT('',(14.4999996758997,-7.57499999999999,4.32500012064354));
#15193=CARTESIAN_POINT('Origin',(3.54000012064353,-8.12500000000001,3.77500012064352));
#15194=CARTESIAN_POINT('',(3.54000012064353,-8.12500000000001,3.77500012064352));
#15195=CARTESIAN_POINT('',(3.54000012064353,-8.12500000000001,3.77500012064352));
#15196=CARTESIAN_POINT('',(3.54000012064353,-8.02500000000001,3.67500012064352));
#15197=CARTESIAN_POINT('Origin',(3.54000012064353,-7.57499999999999,4.32500012064354));
#15198=CARTESIAN_POINT('',(3.54000012064353,-8.02500000000001,4.32500012064354));
#15199=CARTESIAN_POINT('',(3.54000012064353,-8.02500000000001,4.32500012064354));
#15200=CARTESIAN_POINT('',(3.54000012064353,-8.02500000000001,4.32500012064354));
#15201=CARTESIAN_POINT('Origin',(3.54000012064353,-7.57499999999999,4.32500012064354));
#15202=CARTESIAN_POINT('',(14.4999996758997,-8.02500000000001,4.32500012064354));
#15203=CARTESIAN_POINT('',(3.54000012064353,-8.02500000000001,4.32500012064354));
#15204=CARTESIAN_POINT('',(14.4999996758997,-8.02500000000001,4.32500012064354));
#15205=CARTESIAN_POINT('Origin',(2.31499999999998,-8.12500000000001,0.));
#15206=CARTESIAN_POINT('',(3.54000012064353,-8.12500000000001,4.22500012064354));
#15207=CARTESIAN_POINT('',(3.54000012064353,-8.12500000000001,4.22500012064354));
#15208=CARTESIAN_POINT('',(2.31499999999998,-8.12500000000001,3.));
#15209=CARTESIAN_POINT('Origin',(3.54000012064353,-8.12500000000001,3.));
#15210=CARTESIAN_POINT('',(2.31499999999998,-8.12500000000001,0.));
#15211=CARTESIAN_POINT('',(2.31499999999998,-8.12500000000001,0.));
#15212=CARTESIAN_POINT('',(2.76500000000001,-8.12500000000001,0.));
#15213=CARTESIAN_POINT('',(2.76500000000001,-8.12500000000001,0.));
#15214=CARTESIAN_POINT('',(2.76500000000001,-8.12500000000001,3.));
#15215=CARTESIAN_POINT('',(2.76500000000001,-8.12500000000001,0.));
#15216=CARTESIAN_POINT('Origin',(3.54000012064353,-8.12500000000001,3.));
#15217=CARTESIAN_POINT('Origin',(3.54000012064353,-8.02500000000001,4.32500012064354));
#15218=CARTESIAN_POINT('',(3.54000012064353,-8.12500000000001,4.22500012064354));
#15219=CARTESIAN_POINT('Origin',(3.54000012064353,-8.02500000000001,3.67500012064352));
#15220=CARTESIAN_POINT('',(14.4999996758997,-8.02500000000001,3.67500012064352));
#15221=CARTESIAN_POINT('',(14.4999996758997,-7.57499999999999,3.67500012064352));
#15222=CARTESIAN_POINT('',(3.54000012064353,-8.02500000000001,3.67500012064352));
#15223=CARTESIAN_POINT('Origin',(3.54000012064353,-8.12500000000001,3.77500012064352));
#15224=CARTESIAN_POINT('',(14.4999996758997,-8.12500000000001,3.77500012064352));
#15225=CARTESIAN_POINT('',(14.4999996758997,-8.02500000000001,3.67500012064352));
#15226=CARTESIAN_POINT('',(3.54000012064353,-8.12500000000001,3.77500012064352));
#15227=CARTESIAN_POINT('Origin',(3.54000012064353,-8.02500000000001,4.32500012064354));
#15228=CARTESIAN_POINT('',(14.4999996758997,-8.12500000000001,4.22500012064354));
#15229=CARTESIAN_POINT('',(3.54000012064353,-8.12500000000001,4.22500012064354));
#15230=CARTESIAN_POINT('',(14.4999996758997,-8.12500000000001,4.22500012064354));
#15231=CARTESIAN_POINT('Origin',(3.54000012064353,-7.52499999999999,3.));
#15232=CARTESIAN_POINT('',(2.21499999999998,-7.57499999999999,3.));
#15233=CARTESIAN_POINT('',(2.21499999999998,-7.57499999999999,3.));
#15234=CARTESIAN_POINT('Origin',(3.54000012064353,-7.57499999999999,3.));
#15235=CARTESIAN_POINT('Origin',(3.54000012064353,-7.52499999999999,3.));
#15236=CARTESIAN_POINT('',(2.86500000000001,-7.57499999999999,3.));
#15237=CARTESIAN_POINT('',(2.76500000000001,-7.47499999999999,3.));
#15238=CARTESIAN_POINT('Origin',(3.54000012064353,-7.57499999999999,3.));
#15239=CARTESIAN_POINT('Origin',(3.54000012064353,-7.8,3.));
#15240=CARTESIAN_POINT('',(2.86500000000001,-8.02500000000001,3.));
#15241=CARTESIAN_POINT('',(2.86500000000001,-7.57499999999999,3.));
#15242=CARTESIAN_POINT('Origin',(3.54000012064353,-8.02500000000001,3.));
#15243=CARTESIAN_POINT('Origin',(3.54000012064353,-8.07500000000001,3.));
#15244=CARTESIAN_POINT('',(2.86500000000001,-8.02500000000001,3.));
#15245=CARTESIAN_POINT('Origin',(3.54000012064353,-8.07500000000001,3.));
#15246=CARTESIAN_POINT('',(2.21499999999998,-8.02500000000001,3.));
#15247=CARTESIAN_POINT('',(2.31499999999998,-8.12500000000001,3.));
#15248=CARTESIAN_POINT('Origin',(3.54000012064353,-8.02500000000001,3.));
#15249=CARTESIAN_POINT('Origin',(3.54000012064353,-7.8,3.));
#15250=CARTESIAN_POINT('',(2.21499999999998,-8.02500000000001,3.));
#15251=CARTESIAN_POINT('Origin',(2.31499999999998,-7.47499999999999,0.));
#15252=CARTESIAN_POINT('',(2.21499999999998,-7.57499999999999,0.));
#15253=CARTESIAN_POINT('',(2.21499999999998,-7.57499999999999,0.));
#15254=CARTESIAN_POINT('',(2.21499999999998,-7.57499999999999,0.));
#15255=CARTESIAN_POINT('Origin',(2.86500000000001,-7.57499999999999,0.));
#15256=CARTESIAN_POINT('',(2.86500000000001,-7.57499999999999,0.));
#15257=CARTESIAN_POINT('',(2.76500000000001,-7.47499999999999,0.));
#15258=CARTESIAN_POINT('',(2.86500000000001,-7.57499999999999,0.));
#15259=CARTESIAN_POINT('Origin',(2.86500000000001,-8.02500000000001,0.));
#15260=CARTESIAN_POINT('',(2.86500000000001,-8.02500000000001,0.));
#15261=CARTESIAN_POINT('',(2.86500000000001,-7.57499999999999,0.));
#15262=CARTESIAN_POINT('',(2.86500000000001,-8.02500000000001,0.));
#15263=CARTESIAN_POINT('Origin',(2.76500000000001,-8.12500000000001,0.));
#15264=CARTESIAN_POINT('',(2.86500000000001,-8.02500000000001,0.));
#15265=CARTESIAN_POINT('Origin',(2.31499999999998,-8.12500000000001,0.));
#15266=CARTESIAN_POINT('',(14.4999996758997,-8.12500000000001,3.77500012064352));
#15267=CARTESIAN_POINT('Origin',(2.21499999999998,-8.02500000000001,0.));
#15268=CARTESIAN_POINT('',(2.21499999999998,-8.02500000000001,0.));
#15269=CARTESIAN_POINT('',(2.31499999999998,-8.12500000000001,0.));
#15270=CARTESIAN_POINT('',(2.21499999999998,-8.02500000000001,0.));
#15271=CARTESIAN_POINT('Origin',(2.21499999999998,-7.57499999999999,0.));
#15272=CARTESIAN_POINT('',(2.21499999999998,-8.02500000000001,0.));
#15273=CARTESIAN_POINT('Origin',(14.4999996758997,-7.8,4.00000012064353));
#15274=CARTESIAN_POINT('Origin',(2.54,-7.8,0.));
#15275=CARTESIAN_POINT('Origin',(0.225000000000006,-7.47499999999999,0.));
#15276=CARTESIAN_POINT('',(1.,-7.47499999999999,8.85499999999999));
#15277=CARTESIAN_POINT('',(1.,-7.47499999999999,8.85499999999999));
#15278=CARTESIAN_POINT('',(0.225000000000006,-7.47499999999999,8.08));
#15279=CARTESIAN_POINT('Origin',(1.,-7.47499999999999,8.08));
#15280=CARTESIAN_POINT('',(0.225000000000006,-7.47499999999999,0.));
#15281=CARTESIAN_POINT('',(0.225000000000006,-7.47499999999999,0.));
#15282=CARTESIAN_POINT('',(-0.225000000000015,-7.47499999999999,0.));
#15283=CARTESIAN_POINT('',(-0.225000000000015,-7.47499999999999,0.));
#15284=CARTESIAN_POINT('',(-0.225000000000015,-7.47499999999999,8.08));
#15285=CARTESIAN_POINT('',(-0.225000000000015,-7.47499999999999,0.));
#15286=CARTESIAN_POINT('',(1.,-7.47499999999999,9.30500000000002));
#15287=CARTESIAN_POINT('Origin',(0.999999999999999,-7.47499999999999,8.08));
#15288=CARTESIAN_POINT('',(1.,-7.47499999999999,9.30500000000002));
#15289=CARTESIAN_POINT('Origin',(0.225000000000006,-7.47499999999999,0.));
#15290=CARTESIAN_POINT('',(14.48,-7.47499999999999,9.30500000000002));
#15291=CARTESIAN_POINT('',(1.,-7.47499999999999,9.30500000000002));
#15292=CARTESIAN_POINT('',(14.48,-7.47499999999999,8.85499999999999));
#15293=CARTESIAN_POINT('',(14.48,-7.47499999999999,9.30500000000002));
#15294=CARTESIAN_POINT('',(1.,-7.47499999999999,8.85499999999999));
#15295=CARTESIAN_POINT('Origin',(1.,-7.57499999999999,8.75499999999999));
#15296=CARTESIAN_POINT('',(1.,-7.57499999999999,8.75499999999999));
#15297=CARTESIAN_POINT('',(1.,-7.57499999999999,8.75499999999999));
#15298=CARTESIAN_POINT('',(1.,-7.47499999999999,8.85499999999999));
#15299=CARTESIAN_POINT('Origin',(1.,-7.57499999999999,8.75499999999999));
#15300=CARTESIAN_POINT('',(14.48,-7.57499999999999,8.75499999999999));
#15301=CARTESIAN_POINT('',(14.48,-7.47499999999999,8.85499999999999));
#15302=CARTESIAN_POINT('',(1.,-7.57499999999999,8.75499999999999));
#15303=CARTESIAN_POINT('Origin',(1.,-8.02500000000001,8.75499999999999));
#15304=CARTESIAN_POINT('',(1.,-8.02500000000001,8.75499999999999));
#15305=CARTESIAN_POINT('',(1.,-8.02500000000001,8.75499999999999));
#15306=CARTESIAN_POINT('',(1.,-7.57499999999999,8.75499999999999));
#15307=CARTESIAN_POINT('Origin',(1.,-7.47499999999999,9.30500000000002));
#15308=CARTESIAN_POINT('',(1.,-7.57499999999999,9.40500000000002));
#15309=CARTESIAN_POINT('',(1.,-7.57499999999999,9.40500000000002));
#15310=CARTESIAN_POINT('',(1.,-7.57499999999999,9.40500000000002));
#15311=CARTESIAN_POINT('Origin',(1.,-7.47499999999999,9.30500000000002));
#15312=CARTESIAN_POINT('',(14.48,-7.57499999999999,9.40500000000002));
#15313=CARTESIAN_POINT('',(1.,-7.57499999999999,9.40500000000002));
#15314=CARTESIAN_POINT('',(14.48,-7.57499999999999,9.40500000000002));
#15315=CARTESIAN_POINT('Origin',(1.,-8.12500000000001,8.85499999999999));
#15316=CARTESIAN_POINT('',(1.,-8.12500000000001,8.85499999999999));
#15317=CARTESIAN_POINT('',(1.,-8.12500000000001,8.85499999999999));
#15318=CARTESIAN_POINT('',(1.,-8.02500000000001,8.75499999999999));
#15319=CARTESIAN_POINT('Origin',(1.,-7.57499999999999,9.40500000000002));
#15320=CARTESIAN_POINT('',(1.,-8.02500000000001,9.40500000000002));
#15321=CARTESIAN_POINT('',(1.,-8.02500000000001,9.40500000000002));
#15322=CARTESIAN_POINT('',(1.,-8.02500000000001,9.40500000000002));
#15323=CARTESIAN_POINT('Origin',(1.,-7.57499999999999,9.40500000000002));
#15324=CARTESIAN_POINT('',(14.48,-8.02500000000001,9.40500000000002));
#15325=CARTESIAN_POINT('',(1.,-8.02500000000001,9.40500000000002));
#15326=CARTESIAN_POINT('',(14.48,-8.02500000000001,9.40500000000002));
#15327=CARTESIAN_POINT('Origin',(-0.225000000000015,-8.12500000000001,0.));
#15328=CARTESIAN_POINT('',(1.,-8.12500000000001,9.30500000000002));
#15329=CARTESIAN_POINT('',(1.,-8.12500000000001,9.30500000000002));
#15330=CARTESIAN_POINT('',(-0.225000000000015,-8.12500000000001,8.08));
#15331=CARTESIAN_POINT('Origin',(0.999999999999999,-8.12500000000001,8.08));
#15332=CARTESIAN_POINT('',(-0.225000000000015,-8.12500000000001,0.));
#15333=CARTESIAN_POINT('',(-0.225000000000015,-8.12500000000001,0.));
#15334=CARTESIAN_POINT('',(0.225000000000006,-8.12500000000001,0.));
#15335=CARTESIAN_POINT('',(0.225000000000006,-8.12500000000001,0.));
#15336=CARTESIAN_POINT('',(0.225000000000006,-8.12500000000001,8.08));
#15337=CARTESIAN_POINT('',(0.225000000000006,-8.12500000000001,0.));
#15338=CARTESIAN_POINT('Origin',(1.,-8.12500000000001,8.08));
#15339=CARTESIAN_POINT('Origin',(1.,-8.02500000000001,9.40500000000002));
#15340=CARTESIAN_POINT('',(1.,-8.12500000000001,9.30500000000002));
#15341=CARTESIAN_POINT('Origin',(1.,-8.02500000000001,8.75499999999999));
#15342=CARTESIAN_POINT('',(14.48,-8.02500000000001,8.75499999999999));
#15343=CARTESIAN_POINT('',(14.48,-7.57499999999999,8.75499999999999));
#15344=CARTESIAN_POINT('',(1.,-8.02500000000001,8.75499999999999));
#15345=CARTESIAN_POINT('Origin',(1.,-8.12500000000001,8.85499999999999));
#15346=CARTESIAN_POINT('',(14.48,-8.12500000000001,8.85499999999999));
#15347=CARTESIAN_POINT('',(14.48,-8.02500000000001,8.75499999999999));
#15348=CARTESIAN_POINT('',(1.,-8.12500000000001,8.85499999999999));
#15349=CARTESIAN_POINT('Origin',(1.,-8.02500000000001,9.40500000000002));
#15350=CARTESIAN_POINT('',(14.48,-8.12500000000001,9.30500000000002));
#15351=CARTESIAN_POINT('',(1.,-8.12500000000001,9.30500000000002));
#15352=CARTESIAN_POINT('',(14.48,-8.12500000000001,9.30500000000002));
#15353=CARTESIAN_POINT('Origin',(1.,-7.52499999999999,8.08));
#15354=CARTESIAN_POINT('',(0.325000000000006,-7.57499999999999,8.08));
#15355=CARTESIAN_POINT('',(0.225000000000006,-7.47499999999999,8.08));
#15356=CARTESIAN_POINT('Origin',(1.,-7.57499999999999,8.08));
#15357=CARTESIAN_POINT('Origin',(1.,-7.8,8.08));
#15358=CARTESIAN_POINT('',(0.325000000000006,-8.02500000000001,8.08));
#15359=CARTESIAN_POINT('',(0.325000000000006,-7.57499999999999,8.08));
#15360=CARTESIAN_POINT('Origin',(1.,-8.02500000000001,8.08));
#15361=CARTESIAN_POINT('Origin',(1.,-8.07500000000001,8.08));
#15362=CARTESIAN_POINT('',(0.325000000000006,-8.02500000000001,8.08));
#15363=CARTESIAN_POINT('Origin',(1.,-8.07500000000001,8.08));
#15364=CARTESIAN_POINT('',(-0.325000000000015,-8.02500000000001,8.08));
#15365=CARTESIAN_POINT('',(-0.225000000000015,-8.12500000000001,8.08));
#15366=CARTESIAN_POINT('Origin',(1.,-8.02500000000001,8.08));
#15367=CARTESIAN_POINT('Origin',(1.,-7.8,8.08));
#15368=CARTESIAN_POINT('',(-0.325000000000015,-7.57499999999999,8.08));
#15369=CARTESIAN_POINT('',(-0.325000000000015,-8.02500000000001,8.08));
#15370=CARTESIAN_POINT('Origin',(1.,-7.57499999999999,8.08));
#15371=CARTESIAN_POINT('Origin',(1.,-7.52499999999999,8.08));
#15372=CARTESIAN_POINT('',(-0.325000000000015,-7.57499999999999,8.08));
#15373=CARTESIAN_POINT('Origin',(0.325000000000006,-7.57499999999999,0.));
#15374=CARTESIAN_POINT('',(0.325000000000006,-7.57499999999999,0.));
#15375=CARTESIAN_POINT('',(0.225000000000006,-7.47499999999999,0.));
#15376=CARTESIAN_POINT('',(0.325000000000006,-7.57499999999999,0.));
#15377=CARTESIAN_POINT('Origin',(0.325000000000006,-8.02500000000001,0.));
#15378=CARTESIAN_POINT('',(0.325000000000006,-8.02500000000001,0.));
#15379=CARTESIAN_POINT('',(0.325000000000006,-7.57499999999999,0.));
#15380=CARTESIAN_POINT('',(0.325000000000006,-8.02500000000001,0.));
#15381=CARTESIAN_POINT('Origin',(0.225000000000006,-8.12500000000001,0.));
#15382=CARTESIAN_POINT('',(0.325000000000006,-8.02500000000001,0.));
#15383=CARTESIAN_POINT('Origin',(-0.225000000000015,-8.12500000000001,0.));
#15384=CARTESIAN_POINT('',(14.48,-8.12500000000001,8.85499999999999));
#15385=CARTESIAN_POINT('Origin',(-0.325000000000015,-8.02500000000001,0.));
#15386=CARTESIAN_POINT('',(-0.325000000000015,-8.02500000000001,0.));
#15387=CARTESIAN_POINT('',(-0.225000000000015,-8.12500000000001,0.));
#15388=CARTESIAN_POINT('',(-0.325000000000015,-8.02500000000001,0.));
#15389=CARTESIAN_POINT('Origin',(-0.325000000000015,-7.57499999999999,0.));
#15390=CARTESIAN_POINT('',(-0.325000000000015,-7.57499999999999,0.));
#15391=CARTESIAN_POINT('',(-0.325000000000015,-8.02500000000001,0.));
#15392=CARTESIAN_POINT('',(-0.325000000000015,-7.57499999999999,0.));
#15393=CARTESIAN_POINT('Origin',(-0.225000000000015,-7.47499999999999,0.));
#15394=CARTESIAN_POINT('',(-0.325000000000015,-7.57499999999999,0.));
#15395=CARTESIAN_POINT('Origin',(14.48,-7.8,9.08000000000001));
#15396=CARTESIAN_POINT('Origin',(-4.44089209850063E-15,-7.8,0.));
#15397=CARTESIAN_POINT('Origin',(1.49500000000001,-7.47499999999999,0.));
#15398=CARTESIAN_POINT('',(2.27000006032176,-7.47499999999999,6.31500006032176));
#15399=CARTESIAN_POINT('',(2.27000006032176,-7.47499999999999,6.31500006032176));
#15400=CARTESIAN_POINT('',(1.49500000000001,-7.47499999999999,5.54));
#15401=CARTESIAN_POINT('Origin',(2.27000006032176,-7.47499999999999,5.54));
#15402=CARTESIAN_POINT('',(1.49500000000001,-7.47499999999999,0.));
#15403=CARTESIAN_POINT('',(1.49500000000001,-7.47499999999999,0.));
#15404=CARTESIAN_POINT('',(1.04499999999998,-7.47499999999999,0.));
#15405=CARTESIAN_POINT('',(1.04499999999998,-7.47499999999999,0.));
#15406=CARTESIAN_POINT('',(1.04499999999998,-7.47499999999999,5.54));
#15407=CARTESIAN_POINT('',(1.04499999999998,-7.47499999999999,0.));
#15408=CARTESIAN_POINT('',(2.27000006032176,-7.47499999999999,6.76500006032178));
#15409=CARTESIAN_POINT('Origin',(2.27000006032176,-7.47499999999999,5.54));
#15410=CARTESIAN_POINT('',(2.27000006032176,-7.47499999999999,6.76500006032178));
#15411=CARTESIAN_POINT('Origin',(1.49500000000001,-7.47499999999999,0.));
#15412=CARTESIAN_POINT('',(14.5000002160668,-7.47499999999999,6.76500006032178));
#15413=CARTESIAN_POINT('',(2.27000006032176,-7.47499999999999,6.76500006032178));
#15414=CARTESIAN_POINT('',(14.5000002160668,-7.47499999999999,6.31500006032176));
#15415=CARTESIAN_POINT('',(14.5000002160668,-7.47499999999999,6.76500006032178));
#15416=CARTESIAN_POINT('',(2.27000006032176,-7.47499999999999,6.31500006032176));
#15417=CARTESIAN_POINT('Origin',(2.27000006032176,-7.57499999999999,6.21500006032176));
#15418=CARTESIAN_POINT('',(2.27000006032176,-7.57499999999999,6.21500006032176));
#15419=CARTESIAN_POINT('',(2.27000006032176,-7.57499999999999,6.21500006032176));
#15420=CARTESIAN_POINT('',(2.27000006032176,-7.47499999999999,6.31500006032176));
#15421=CARTESIAN_POINT('Origin',(2.27000006032176,-7.57499999999999,6.21500006032176));
#15422=CARTESIAN_POINT('',(14.5000002160668,-7.57499999999999,6.21500006032176));
#15423=CARTESIAN_POINT('',(14.5000002160668,-7.47499999999999,6.31500006032176));
#15424=CARTESIAN_POINT('',(2.27000006032176,-7.57499999999999,6.21500006032176));
#15425=CARTESIAN_POINT('Origin',(2.27000006032176,-8.02500000000001,6.21500006032176));
#15426=CARTESIAN_POINT('',(2.27000006032176,-8.02500000000001,6.21500006032176));
#15427=CARTESIAN_POINT('',(2.27000006032176,-8.02500000000001,6.21500006032176));
#15428=CARTESIAN_POINT('',(2.27000006032176,-7.57499999999999,6.21500006032176));
#15429=CARTESIAN_POINT('Origin',(2.27000006032176,-7.47499999999999,6.76500006032178));
#15430=CARTESIAN_POINT('',(2.27000006032176,-7.57499999999999,6.86500006032178));
#15431=CARTESIAN_POINT('',(2.27000006032176,-7.57499999999999,6.86500006032178));
#15432=CARTESIAN_POINT('',(2.27000006032176,-7.57499999999999,6.86500006032178));
#15433=CARTESIAN_POINT('Origin',(2.27000006032176,-7.47499999999999,6.76500006032178));
#15434=CARTESIAN_POINT('',(14.5000002160668,-7.57499999999999,6.86500006032178));
#15435=CARTESIAN_POINT('',(2.27000006032176,-7.57499999999999,6.86500006032178));
#15436=CARTESIAN_POINT('',(14.5000002160668,-7.57499999999999,6.86500006032178));
#15437=CARTESIAN_POINT('Origin',(2.27000006032176,-8.12500000000001,6.31500006032176));
#15438=CARTESIAN_POINT('',(2.27000006032176,-8.12500000000001,6.31500006032176));
#15439=CARTESIAN_POINT('',(2.27000006032176,-8.12500000000001,6.31500006032176));
#15440=CARTESIAN_POINT('',(2.27000006032176,-8.02500000000001,6.21500006032176));
#15441=CARTESIAN_POINT('Origin',(2.27000006032176,-7.57499999999999,6.86500006032178));
#15442=CARTESIAN_POINT('',(2.27000006032176,-8.02500000000001,6.86500006032178));
#15443=CARTESIAN_POINT('',(2.27000006032176,-8.02500000000001,6.86500006032178));
#15444=CARTESIAN_POINT('',(2.27000006032176,-8.02500000000001,6.86500006032178));
#15445=CARTESIAN_POINT('Origin',(2.27000006032176,-7.57499999999999,6.86500006032178));
#15446=CARTESIAN_POINT('',(14.5000002160668,-8.02500000000001,6.86500006032178));
#15447=CARTESIAN_POINT('',(2.27000006032176,-8.02500000000001,6.86500006032178));
#15448=CARTESIAN_POINT('',(14.5000002160668,-8.02500000000001,6.86500006032178));
#15449=CARTESIAN_POINT('Origin',(1.04499999999998,-8.12500000000001,0.));
#15450=CARTESIAN_POINT('',(2.27000006032176,-8.12500000000001,6.76500006032178));
#15451=CARTESIAN_POINT('',(2.27000006032176,-8.12500000000001,6.76500006032178));
#15452=CARTESIAN_POINT('',(1.04499999999998,-8.12500000000001,5.54));
#15453=CARTESIAN_POINT('Origin',(2.27000006032176,-8.12500000000001,5.54));
#15454=CARTESIAN_POINT('',(1.04499999999998,-8.12500000000001,0.));
#15455=CARTESIAN_POINT('',(1.04499999999998,-8.12500000000001,0.));
#15456=CARTESIAN_POINT('',(1.49500000000001,-8.12500000000001,0.));
#15457=CARTESIAN_POINT('',(1.49500000000001,-8.12500000000001,0.));
#15458=CARTESIAN_POINT('',(1.49500000000001,-8.12500000000001,5.54));
#15459=CARTESIAN_POINT('',(1.49500000000001,-8.12500000000001,0.));
#15460=CARTESIAN_POINT('Origin',(2.27000006032176,-8.12500000000001,5.54));
#15461=CARTESIAN_POINT('Origin',(2.27000006032176,-8.02500000000001,6.86500006032178));
#15462=CARTESIAN_POINT('',(2.27000006032176,-8.12500000000001,6.76500006032178));
#15463=CARTESIAN_POINT('Origin',(2.27000006032176,-8.02500000000001,6.21500006032176));
#15464=CARTESIAN_POINT('',(14.5000002160668,-8.02500000000001,6.21500006032176));
#15465=CARTESIAN_POINT('',(14.5000002160668,-7.57499999999999,6.21500006032176));
#15466=CARTESIAN_POINT('',(2.27000006032176,-8.02500000000001,6.21500006032176));
#15467=CARTESIAN_POINT('Origin',(2.27000006032176,-8.12500000000001,6.31500006032176));
#15468=CARTESIAN_POINT('',(14.5000002160668,-8.12500000000001,6.31500006032176));
#15469=CARTESIAN_POINT('',(14.5000002160668,-8.02500000000001,6.21500006032176));
#15470=CARTESIAN_POINT('',(2.27000006032176,-8.12500000000001,6.31500006032176));
#15471=CARTESIAN_POINT('Origin',(2.27000006032176,-8.02500000000001,6.86500006032178));
#15472=CARTESIAN_POINT('',(14.5000002160668,-8.12500000000001,6.76500006032178));
#15473=CARTESIAN_POINT('',(2.27000006032176,-8.12500000000001,6.76500006032178));
#15474=CARTESIAN_POINT('',(14.5000002160668,-8.12500000000001,6.76500006032178));
#15475=CARTESIAN_POINT('Origin',(2.27000006032176,-7.52499999999999,5.54));
#15476=CARTESIAN_POINT('',(0.944999999999985,-7.57499999999999,5.54));
#15477=CARTESIAN_POINT('',(0.944999999999985,-7.57499999999999,5.54));
#15478=CARTESIAN_POINT('Origin',(2.27000006032176,-7.57499999999999,5.54));
#15479=CARTESIAN_POINT('Origin',(2.27000006032176,-7.52499999999999,5.54));
#15480=CARTESIAN_POINT('',(1.59500000000001,-7.57499999999999,5.54));
#15481=CARTESIAN_POINT('',(1.49500000000001,-7.47499999999999,5.54));
#15482=CARTESIAN_POINT('Origin',(2.27000006032176,-7.57499999999999,5.54));
#15483=CARTESIAN_POINT('Origin',(2.27000006032176,-7.8,5.54));
#15484=CARTESIAN_POINT('',(1.59500000000001,-8.02500000000001,5.54));
#15485=CARTESIAN_POINT('',(1.59500000000001,-7.57499999999999,5.54));
#15486=CARTESIAN_POINT('Origin',(2.27000006032176,-8.02500000000001,5.54));
#15487=CARTESIAN_POINT('Origin',(2.27000006032176,-8.07500000000001,5.54));
#15488=CARTESIAN_POINT('',(1.59500000000001,-8.02500000000001,5.54));
#15489=CARTESIAN_POINT('Origin',(2.27000006032176,-8.07500000000001,5.54));
#15490=CARTESIAN_POINT('',(0.944999999999985,-8.02500000000001,5.54));
#15491=CARTESIAN_POINT('',(1.04499999999998,-8.12500000000001,5.54));
#15492=CARTESIAN_POINT('Origin',(2.27000006032176,-8.02500000000001,5.54));
#15493=CARTESIAN_POINT('Origin',(2.27000006032176,-7.8,5.54));
#15494=CARTESIAN_POINT('',(0.944999999999985,-8.02500000000001,5.54));
#15495=CARTESIAN_POINT('Origin',(1.04499999999998,-7.47499999999999,0.));
#15496=CARTESIAN_POINT('',(0.944999999999985,-7.57499999999999,0.));
#15497=CARTESIAN_POINT('',(0.944999999999985,-7.57499999999999,0.));
#15498=CARTESIAN_POINT('',(0.944999999999985,-7.57499999999999,0.));
#15499=CARTESIAN_POINT('Origin',(1.59500000000001,-7.57499999999999,0.));
#15500=CARTESIAN_POINT('',(1.59500000000001,-7.57499999999999,0.));
#15501=CARTESIAN_POINT('',(1.49500000000001,-7.47499999999999,0.));
#15502=CARTESIAN_POINT('',(1.59500000000001,-7.57499999999999,0.));
#15503=CARTESIAN_POINT('Origin',(1.59500000000001,-8.02500000000001,0.));
#15504=CARTESIAN_POINT('',(1.59500000000001,-8.02500000000001,0.));
#15505=CARTESIAN_POINT('',(1.59500000000001,-7.57499999999999,0.));
#15506=CARTESIAN_POINT('',(1.59500000000001,-8.02500000000001,0.));
#15507=CARTESIAN_POINT('Origin',(1.49500000000001,-8.12500000000001,0.));
#15508=CARTESIAN_POINT('',(1.59500000000001,-8.02500000000001,0.));
#15509=CARTESIAN_POINT('Origin',(1.04499999999998,-8.12500000000001,0.));
#15510=CARTESIAN_POINT('',(14.5000002160668,-8.12500000000001,6.31500006032176));
#15511=CARTESIAN_POINT('Origin',(0.944999999999985,-8.02500000000001,0.));
#15512=CARTESIAN_POINT('',(0.944999999999985,-8.02500000000001,0.));
#15513=CARTESIAN_POINT('',(1.04499999999998,-8.12500000000001,0.));
#15514=CARTESIAN_POINT('',(0.944999999999985,-8.02500000000001,0.));
#15515=CARTESIAN_POINT('Origin',(0.944999999999985,-7.57499999999999,0.));
#15516=CARTESIAN_POINT('',(0.944999999999985,-8.02500000000001,0.));
#15517=CARTESIAN_POINT('Origin',(14.5000002160668,-7.8,6.54000006032177));
#15518=CARTESIAN_POINT('Origin',(1.27,-7.8,0.));
#15519=CARTESIAN_POINT('Origin',(7.86500000000001,-2.6,6.86500000000002));
#15520=CARTESIAN_POINT('',(7.86500000000001,-3.37,3.05500000000002));
#15521=CARTESIAN_POINT('',(7.86500000000001,-1.83,3.05500000000002));
#15522=CARTESIAN_POINT('',(7.86500000000001,-3.37,3.05500000000002));
#15523=CARTESIAN_POINT('',(7.86500000000001,-1.33,3.55500000000002));
#15524=CARTESIAN_POINT('',(7.86500000000001,-1.83,3.05500000000002));
#15525=CARTESIAN_POINT('',(7.86500000000001,-1.33,10.175));
#15526=CARTESIAN_POINT('',(7.86500000000001,-1.33,3.55500000000002));
#15527=CARTESIAN_POINT('',(7.86500000000001,-1.83,10.675));
#15528=CARTESIAN_POINT('',(7.86500000000001,-1.33,10.175));
#15529=CARTESIAN_POINT('',(7.86500000000001,-3.37,10.675));
#15530=CARTESIAN_POINT('',(7.86500000000001,-1.83,10.675));
#15531=CARTESIAN_POINT('',(7.86500000000001,-3.87,10.175));
#15532=CARTESIAN_POINT('',(7.86500000000001,-3.37,10.675));
#15533=CARTESIAN_POINT('',(7.86500000000001,-3.87,3.55500000000002));
#15534=CARTESIAN_POINT('',(7.86500000000001,-3.87,10.175));
#15535=CARTESIAN_POINT('',(7.86500000000001,-3.37,3.05500000000002));
#15536=CARTESIAN_POINT('',(7.86500000000001,-2.82500000000001,4.32500012064354));
#15537=CARTESIAN_POINT('',(7.86500000000001,-2.92500000000001,4.22500012064354));
#15538=CARTESIAN_POINT('',(7.86500000000001,-2.13375003016089,5.01625009048266));
#15539=CARTESIAN_POINT('',(7.86500000000001,-2.37499999999998,4.32500012064354));
#15540=CARTESIAN_POINT('',(7.86500000000001,-2.48749999999999,4.32500012064354));
#15541=CARTESIAN_POINT('',(7.86500000000001,-2.27499999999998,4.22500012064354));
#15542=CARTESIAN_POINT('',(7.86500000000001,-3.01624996983911,4.96625009048266));
#15543=CARTESIAN_POINT('',(7.86500000000001,-2.27499999999998,3.77500012064352));
#15544=CARTESIAN_POINT('',(7.86500000000001,-2.27499999999998,3.43250000000001));
#15545=CARTESIAN_POINT('',(7.86500000000001,-2.37499999999998,3.67500012064352));
#15546=CARTESIAN_POINT('',(7.86500000000001,-1.63375003016086,4.41625009048264));
#15547=CARTESIAN_POINT('',(7.86500000000001,-2.82500000000001,3.67500012064352));
#15548=CARTESIAN_POINT('',(7.86500000000001,-2.7125,3.67500012064352));
#15549=CARTESIAN_POINT('',(7.86500000000001,-2.92500000000001,3.77500012064352));
#15550=CARTESIAN_POINT('',(7.86500000000001,-3.61624996983913,4.46625009048264));
#15551=CARTESIAN_POINT('',(7.86500000000001,-2.92500000000001,3.43250000000001));
#15552=CARTESIAN_POINT('',(7.86500000000001,-2.82500000000001,9.40500000000002));
#15553=CARTESIAN_POINT('',(7.86500000000001,-2.92500000000001,9.30500000000002));
#15554=CARTESIAN_POINT('',(7.86500000000001,-3.40375,8.82625000000002));
#15555=CARTESIAN_POINT('',(7.86500000000001,-2.37499999999998,9.40500000000002));
#15556=CARTESIAN_POINT('',(7.86500000000001,-2.48749999999999,9.40500000000002));
#15557=CARTESIAN_POINT('',(7.86500000000001,-2.27499999999998,9.30500000000002));
#15558=CARTESIAN_POINT('',(7.86500000000001,-1.74624999999999,8.77625000000002));
#15559=CARTESIAN_POINT('',(7.86500000000001,-2.27499999999998,8.85499999999999));
#15560=CARTESIAN_POINT('',(7.86500000000001,-2.27499999999998,3.43250000000001));
#15561=CARTESIAN_POINT('',(7.86500000000001,-2.37499999999998,8.75499999999999));
#15562=CARTESIAN_POINT('',(7.86500000000001,-2.90374999999998,8.22625));
#15563=CARTESIAN_POINT('',(7.86500000000001,-2.82500000000001,8.75499999999999));
#15564=CARTESIAN_POINT('',(7.86500000000001,-2.7125,8.75499999999999));
#15565=CARTESIAN_POINT('',(7.86500000000001,-2.92500000000001,8.85499999999999));
#15566=CARTESIAN_POINT('',(7.86500000000001,-2.34625000000001,8.27625));
#15567=CARTESIAN_POINT('',(7.86500000000001,-2.92500000000001,3.43250000000001));
#15568=CARTESIAN_POINT('',(7.86500000000001,-2.82500000000001,6.86500006032178));
#15569=CARTESIAN_POINT('',(7.86500000000001,-2.92500000000001,6.76500006032178));
#15570=CARTESIAN_POINT('',(7.86500000000001,-2.76875001508045,6.92125004524134));
#15571=CARTESIAN_POINT('',(7.86500000000001,-2.37499999999998,6.86500006032178));
#15572=CARTESIAN_POINT('',(7.86500000000001,-2.48749999999999,6.86500006032178));
#15573=CARTESIAN_POINT('',(7.86500000000001,-2.27499999999998,6.76500006032178));
#15574=CARTESIAN_POINT('',(7.86500000000001,-2.38124998491955,6.87125004524134));
#15575=CARTESIAN_POINT('',(7.86500000000001,-2.27499999999998,6.31500006032176));
#15576=CARTESIAN_POINT('',(7.86500000000001,-2.27499999999998,3.43250000000001));
#15577=CARTESIAN_POINT('',(7.86500000000001,-2.37499999999998,6.21500006032176));
#15578=CARTESIAN_POINT('',(7.86500000000001,-2.26875001508042,6.32125004524132));
#15579=CARTESIAN_POINT('',(7.86500000000001,-2.82500000000001,6.21500006032176));
#15580=CARTESIAN_POINT('',(7.86500000000001,-2.7125,6.21500006032176));
#15581=CARTESIAN_POINT('',(7.86500000000001,-2.92500000000001,6.31500006032176));
#15582=CARTESIAN_POINT('',(7.86500000000001,-2.98124998491957,6.37125004524132));
#15583=CARTESIAN_POINT('',(7.86500000000001,-2.92500000000001,3.43250000000001));
#15584=CARTESIAN_POINT('Origin',(5.36500000000001,-2.6,6.86500000000002));
#15585=CARTESIAN_POINT('',(5.36500000000001,-3.37,3.05500000000002));
#15586=CARTESIAN_POINT('',(5.36500000000001,-1.83,3.05500000000002));
#15587=CARTESIAN_POINT('',(5.36500000000001,-3.37,3.05500000000002));
#15588=CARTESIAN_POINT('',(5.36500000000001,-3.87,3.55500000000002));
#15589=CARTESIAN_POINT('',(5.36500000000001,-3.37,3.05500000000002));
#15590=CARTESIAN_POINT('',(5.36500000000001,-3.87,10.175));
#15591=CARTESIAN_POINT('',(5.36500000000001,-3.87,10.175));
#15592=CARTESIAN_POINT('',(5.36500000000001,-3.37,10.675));
#15593=CARTESIAN_POINT('',(5.36500000000001,-3.37,10.675));
#15594=CARTESIAN_POINT('',(5.36500000000001,-1.83,10.675));
#15595=CARTESIAN_POINT('',(5.36500000000001,-1.83,10.675));
#15596=CARTESIAN_POINT('',(5.36500000000001,-1.33,10.175));
#15597=CARTESIAN_POINT('',(5.36500000000001,-1.33,10.175));
#15598=CARTESIAN_POINT('',(5.36500000000001,-1.33,3.55500000000002));
#15599=CARTESIAN_POINT('',(5.36500000000001,-1.33,3.55500000000002));
#15600=CARTESIAN_POINT('',(5.36500000000001,-1.83,3.05500000000002));
#15601=CARTESIAN_POINT('',(5.36500000000001,-2.92500000000001,4.22500012064354));
#15602=CARTESIAN_POINT('',(5.36500000000001,-2.82500000000001,4.32500012064354));
#15603=CARTESIAN_POINT('',(5.36500000000001,-2.13375003016089,5.01625009048266));
#15604=CARTESIAN_POINT('',(5.36500000000001,-2.92500000000001,3.77500012064352));
#15605=CARTESIAN_POINT('',(5.36500000000001,-2.92500000000001,3.43250000000001));
#15606=CARTESIAN_POINT('',(5.36500000000001,-2.82500000000001,3.67500012064352));
#15607=CARTESIAN_POINT('',(5.36500000000001,-3.61624996983913,4.46625009048264));
#15608=CARTESIAN_POINT('',(5.36500000000001,-2.37499999999998,3.67500012064352));
#15609=CARTESIAN_POINT('',(5.36500000000001,-2.7125,3.67500012064352));
#15610=CARTESIAN_POINT('',(5.36500000000001,-2.27499999999998,3.77500012064352));
#15611=CARTESIAN_POINT('',(5.36500000000001,-1.63375003016086,4.41625009048264));
#15612=CARTESIAN_POINT('',(5.36500000000001,-2.27499999999998,4.22500012064354));
#15613=CARTESIAN_POINT('',(5.36500000000001,-2.27499999999998,3.43250000000001));
#15614=CARTESIAN_POINT('',(5.36500000000001,-2.37499999999998,4.32500012064354));
#15615=CARTESIAN_POINT('',(5.36500000000001,-3.01624996983911,4.96625009048266));
#15616=CARTESIAN_POINT('',(5.36500000000001,-2.48749999999999,4.32500012064354));
#15617=CARTESIAN_POINT('',(5.36500000000001,-2.92500000000001,9.30500000000002));
#15618=CARTESIAN_POINT('',(5.36500000000001,-2.82500000000001,9.40500000000002));
#15619=CARTESIAN_POINT('',(5.36500000000001,-3.40375,8.82625000000002));
#15620=CARTESIAN_POINT('',(5.36500000000001,-2.92500000000001,8.85499999999999));
#15621=CARTESIAN_POINT('',(5.36500000000001,-2.92500000000001,3.43250000000001));
#15622=CARTESIAN_POINT('',(5.36500000000001,-2.82500000000001,8.75499999999999));
#15623=CARTESIAN_POINT('',(5.36500000000001,-2.34625000000001,8.27625));
#15624=CARTESIAN_POINT('',(5.36500000000001,-2.37499999999998,8.75499999999999));
#15625=CARTESIAN_POINT('',(5.36500000000001,-2.7125,8.75499999999999));
#15626=CARTESIAN_POINT('',(5.36500000000001,-2.27499999999998,8.85499999999999));
#15627=CARTESIAN_POINT('',(5.36500000000001,-2.90374999999998,8.22625));
#15628=CARTESIAN_POINT('',(5.36500000000001,-2.27499999999998,9.30500000000002));
#15629=CARTESIAN_POINT('',(5.36500000000001,-2.27499999999998,3.43250000000001));
#15630=CARTESIAN_POINT('',(5.36500000000001,-2.37499999999998,9.40500000000002));
#15631=CARTESIAN_POINT('',(5.36500000000001,-1.74624999999999,8.77625000000002));
#15632=CARTESIAN_POINT('',(5.36500000000001,-2.48749999999999,9.40500000000002));
#15633=CARTESIAN_POINT('',(5.36500000000001,-2.92500000000001,6.76500006032178));
#15634=CARTESIAN_POINT('',(5.36500000000001,-2.82500000000001,6.86500006032178));
#15635=CARTESIAN_POINT('',(5.36500000000001,-2.76875001508045,6.92125004524134));
#15636=CARTESIAN_POINT('',(5.36500000000001,-2.92500000000001,6.31500006032176));
#15637=CARTESIAN_POINT('',(5.36500000000001,-2.92500000000001,3.43250000000001));
#15638=CARTESIAN_POINT('',(5.36500000000001,-2.82500000000001,6.21500006032176));
#15639=CARTESIAN_POINT('',(5.36500000000001,-2.98124998491957,6.37125004524132));
#15640=CARTESIAN_POINT('',(5.36500000000001,-2.37499999999998,6.21500006032176));
#15641=CARTESIAN_POINT('',(5.36500000000001,-2.7125,6.21500006032176));
#15642=CARTESIAN_POINT('',(5.36500000000001,-2.27499999999998,6.31500006032176));
#15643=CARTESIAN_POINT('',(5.36500000000001,-2.26875001508042,6.32125004524132));
#15644=CARTESIAN_POINT('',(5.36500000000001,-2.27499999999998,6.76500006032178));
#15645=CARTESIAN_POINT('',(5.36500000000001,-2.27499999999998,3.43250000000001));
#15646=CARTESIAN_POINT('',(5.36500000000001,-2.37499999999998,6.86500006032178));
#15647=CARTESIAN_POINT('',(5.36500000000001,-2.38124998491955,6.87125004524134));
#15648=CARTESIAN_POINT('',(5.36500000000001,-2.48749999999999,6.86500006032178));
#15649=CARTESIAN_POINT('Origin',(5.36500000000001,-3.87,3.55500000000002));
#15650=CARTESIAN_POINT('',(5.36500000000001,-3.37,3.05500000000002));
#15651=CARTESIAN_POINT('',(5.36500000000001,-3.87,3.55500000000002));
#15652=CARTESIAN_POINT('Origin',(5.36500000000001,-3.87,10.175));
#15653=CARTESIAN_POINT('',(5.36500000000001,-3.87,10.175));
#15654=CARTESIAN_POINT('Origin',(5.36500000000001,-3.37,10.675));
#15655=CARTESIAN_POINT('',(5.36500000000001,-3.37,10.675));
#15656=CARTESIAN_POINT('Origin',(5.36500000000001,-1.83,10.675));
#15657=CARTESIAN_POINT('',(5.36500000000001,-1.83,10.675));
#15658=CARTESIAN_POINT('Origin',(5.36500000000001,-1.33,10.175));
#15659=CARTESIAN_POINT('',(5.36500000000001,-1.33,10.175));
#15660=CARTESIAN_POINT('Origin',(5.36500000000001,-1.33,3.55500000000002));
#15661=CARTESIAN_POINT('',(5.36500000000001,-1.33,3.55500000000002));
#15662=CARTESIAN_POINT('Origin',(5.36500000000001,-1.83,3.05500000000002));
#15663=CARTESIAN_POINT('',(5.36500000000001,-1.83,3.05500000000002));
#15664=CARTESIAN_POINT('Origin',(5.36500000000001,-3.37,3.05500000000002));
#15665=CARTESIAN_POINT('Origin',(2.76500000000001,-2.27499999999998,0.));
#15666=CARTESIAN_POINT('',(3.54000012064353,-2.27499999999998,3.77500012064352));
#15667=CARTESIAN_POINT('',(3.54000012064353,-2.27499999999998,3.77500012064352));
#15668=CARTESIAN_POINT('',(2.76500000000001,-2.27499999999998,3.));
#15669=CARTESIAN_POINT('Origin',(3.54000012064353,-2.27499999999998,3.));
#15670=CARTESIAN_POINT('',(2.76500000000001,-2.27499999999998,0.));
#15671=CARTESIAN_POINT('',(2.76500000000001,-2.27499999999998,0.));
#15672=CARTESIAN_POINT('',(2.31499999999998,-2.27499999999998,0.));
#15673=CARTESIAN_POINT('',(2.31499999999998,-2.27499999999998,0.));
#15674=CARTESIAN_POINT('',(2.31499999999998,-2.27499999999998,3.));
#15675=CARTESIAN_POINT('',(2.31499999999998,-2.27499999999998,0.));
#15676=CARTESIAN_POINT('',(3.54000012064353,-2.27499999999998,4.22500012064354));
#15677=CARTESIAN_POINT('Origin',(3.54000012064353,-2.27499999999998,3.));
#15678=CARTESIAN_POINT('',(3.54000012064353,-2.27499999999998,4.22500012064354));
#15679=CARTESIAN_POINT('Origin',(2.76500000000001,-2.27499999999998,0.));
#15680=CARTESIAN_POINT('',(14.4999996758997,-2.27499999999998,4.22500012064354));
#15681=CARTESIAN_POINT('',(3.54000012064353,-2.27499999999998,4.22500012064354));
#15682=CARTESIAN_POINT('',(14.4999996758997,-2.27499999999998,3.77500012064352));
#15683=CARTESIAN_POINT('',(14.4999996758997,-2.27499999999998,4.22500012064354));
#15684=CARTESIAN_POINT('',(3.54000012064353,-2.27499999999998,3.77500012064352));
#15685=CARTESIAN_POINT('Origin',(3.54000012064353,-2.37499999999998,3.67500012064352));
#15686=CARTESIAN_POINT('',(3.54000012064353,-2.37499999999998,3.67500012064352));
#15687=CARTESIAN_POINT('',(3.54000012064353,-2.37499999999998,3.67500012064352));
#15688=CARTESIAN_POINT('',(3.54000012064353,-2.27499999999998,3.77500012064352));
#15689=CARTESIAN_POINT('Origin',(3.54000012064353,-2.37499999999998,3.67500012064352));
#15690=CARTESIAN_POINT('',(14.4999996758997,-2.37499999999998,3.67500012064352));
#15691=CARTESIAN_POINT('',(14.4999996758997,-2.27499999999998,3.77500012064352));
#15692=CARTESIAN_POINT('',(3.54000012064353,-2.37499999999998,3.67500012064352));
#15693=CARTESIAN_POINT('Origin',(3.54000012064353,-2.82500000000001,3.67500012064352));
#15694=CARTESIAN_POINT('',(3.54000012064353,-2.82500000000001,3.67500012064352));
#15695=CARTESIAN_POINT('',(3.54000012064353,-2.82500000000001,3.67500012064352));
#15696=CARTESIAN_POINT('',(3.54000012064353,-2.37499999999998,3.67500012064352));
#15697=CARTESIAN_POINT('Origin',(3.54000012064353,-2.27499999999998,4.22500012064354));
#15698=CARTESIAN_POINT('',(3.54000012064353,-2.37499999999998,4.32500012064354));
#15699=CARTESIAN_POINT('',(3.54000012064353,-2.37499999999998,4.32500012064354));
#15700=CARTESIAN_POINT('',(3.54000012064353,-2.37499999999998,4.32500012064354));
#15701=CARTESIAN_POINT('Origin',(3.54000012064353,-2.27499999999998,4.22500012064354));
#15702=CARTESIAN_POINT('',(14.4999996758997,-2.37499999999998,4.32500012064354));
#15703=CARTESIAN_POINT('',(3.54000012064353,-2.37499999999998,4.32500012064354));
#15704=CARTESIAN_POINT('',(14.4999996758997,-2.37499999999998,4.32500012064354));
#15705=CARTESIAN_POINT('Origin',(3.54000012064353,-2.92500000000001,3.77500012064352));
#15706=CARTESIAN_POINT('',(3.54000012064353,-2.92500000000001,3.77500012064352));
#15707=CARTESIAN_POINT('',(3.54000012064353,-2.92500000000001,3.77500012064352));
#15708=CARTESIAN_POINT('',(3.54000012064353,-2.82500000000001,3.67500012064352));
#15709=CARTESIAN_POINT('Origin',(3.54000012064353,-2.37499999999998,4.32500012064354));
#15710=CARTESIAN_POINT('',(3.54000012064353,-2.82500000000001,4.32500012064354));
#15711=CARTESIAN_POINT('',(3.54000012064353,-2.82500000000001,4.32500012064354));
#15712=CARTESIAN_POINT('',(3.54000012064353,-2.82500000000001,4.32500012064354));
#15713=CARTESIAN_POINT('Origin',(3.54000012064353,-2.37499999999998,4.32500012064354));
#15714=CARTESIAN_POINT('',(14.4999996758997,-2.82500000000001,4.32500012064354));
#15715=CARTESIAN_POINT('',(3.54000012064353,-2.82500000000001,4.32500012064354));
#15716=CARTESIAN_POINT('',(14.4999996758997,-2.82500000000001,4.32500012064354));
#15717=CARTESIAN_POINT('Origin',(2.31499999999998,-2.92500000000001,0.));
#15718=CARTESIAN_POINT('',(3.54000012064353,-2.92500000000001,4.22500012064354));
#15719=CARTESIAN_POINT('',(3.54000012064353,-2.92500000000001,4.22500012064354));
#15720=CARTESIAN_POINT('',(2.31499999999998,-2.92500000000001,3.));
#15721=CARTESIAN_POINT('Origin',(3.54000012064353,-2.92500000000001,3.));
#15722=CARTESIAN_POINT('',(2.31499999999998,-2.92500000000001,0.));
#15723=CARTESIAN_POINT('',(2.31499999999998,-2.92500000000001,0.));
#15724=CARTESIAN_POINT('',(2.76500000000001,-2.92500000000001,0.));
#15725=CARTESIAN_POINT('',(2.76500000000001,-2.92500000000001,0.));
#15726=CARTESIAN_POINT('',(2.76500000000001,-2.92500000000001,3.));
#15727=CARTESIAN_POINT('',(2.76500000000001,-2.92500000000001,0.));
#15728=CARTESIAN_POINT('Origin',(3.54000012064353,-2.92500000000001,3.));
#15729=CARTESIAN_POINT('Origin',(3.54000012064353,-2.82500000000001,4.32500012064354));
#15730=CARTESIAN_POINT('',(3.54000012064353,-2.92500000000001,4.22500012064354));
#15731=CARTESIAN_POINT('Origin',(3.54000012064353,-2.82500000000001,3.67500012064352));
#15732=CARTESIAN_POINT('',(14.4999996758997,-2.82500000000001,3.67500012064352));
#15733=CARTESIAN_POINT('',(14.4999996758997,-2.37499999999998,3.67500012064352));
#15734=CARTESIAN_POINT('',(3.54000012064353,-2.82500000000001,3.67500012064352));
#15735=CARTESIAN_POINT('Origin',(3.54000012064353,-2.92500000000001,3.77500012064352));
#15736=CARTESIAN_POINT('',(14.4999996758997,-2.92500000000001,3.77500012064352));
#15737=CARTESIAN_POINT('',(14.4999996758997,-2.82500000000001,3.67500012064352));
#15738=CARTESIAN_POINT('',(3.54000012064353,-2.92500000000001,3.77500012064352));
#15739=CARTESIAN_POINT('Origin',(3.54000012064353,-2.82500000000001,4.32500012064354));
#15740=CARTESIAN_POINT('',(14.4999996758997,-2.92500000000001,4.22500012064354));
#15741=CARTESIAN_POINT('',(3.54000012064353,-2.92500000000001,4.22500012064354));
#15742=CARTESIAN_POINT('',(14.4999996758997,-2.92500000000001,4.22500012064354));
#15743=CARTESIAN_POINT('Origin',(3.54000012064353,-2.32499999999999,3.));
#15744=CARTESIAN_POINT('',(2.21499999999998,-2.37499999999998,3.));
#15745=CARTESIAN_POINT('',(2.21499999999998,-2.37499999999998,3.));
#15746=CARTESIAN_POINT('Origin',(3.54000012064353,-2.37499999999998,3.));
#15747=CARTESIAN_POINT('Origin',(3.54000012064353,-2.32499999999999,3.));
#15748=CARTESIAN_POINT('',(2.86500000000001,-2.37499999999998,3.));
#15749=CARTESIAN_POINT('',(2.76500000000001,-2.27499999999998,3.));
#15750=CARTESIAN_POINT('Origin',(3.54000012064353,-2.37499999999998,3.));
#15751=CARTESIAN_POINT('Origin',(3.54000012064353,-2.6,3.));
#15752=CARTESIAN_POINT('',(2.86500000000001,-2.82500000000001,3.));
#15753=CARTESIAN_POINT('',(2.86500000000001,-2.37499999999998,3.));
#15754=CARTESIAN_POINT('Origin',(3.54000012064353,-2.82500000000001,3.));
#15755=CARTESIAN_POINT('Origin',(3.54000012064353,-2.87500000000001,3.));
#15756=CARTESIAN_POINT('',(2.86500000000001,-2.82500000000001,3.));
#15757=CARTESIAN_POINT('Origin',(3.54000012064353,-2.87500000000001,3.));
#15758=CARTESIAN_POINT('',(2.21499999999998,-2.82500000000001,3.));
#15759=CARTESIAN_POINT('',(2.31499999999998,-2.92500000000001,3.));
#15760=CARTESIAN_POINT('Origin',(3.54000012064353,-2.82500000000001,3.));
#15761=CARTESIAN_POINT('Origin',(3.54000012064353,-2.6,3.));
#15762=CARTESIAN_POINT('',(2.21499999999998,-2.82500000000001,3.));
#15763=CARTESIAN_POINT('Origin',(2.31499999999998,-2.27499999999998,0.));
#15764=CARTESIAN_POINT('',(2.21499999999998,-2.37499999999998,0.));
#15765=CARTESIAN_POINT('',(2.21499999999998,-2.37499999999998,0.));
#15766=CARTESIAN_POINT('',(2.21499999999998,-2.37499999999998,0.));
#15767=CARTESIAN_POINT('Origin',(2.86500000000001,-2.37499999999998,0.));
#15768=CARTESIAN_POINT('',(2.86500000000001,-2.37499999999998,0.));
#15769=CARTESIAN_POINT('',(2.76500000000001,-2.27499999999998,0.));
#15770=CARTESIAN_POINT('',(2.86500000000001,-2.37499999999998,0.));
#15771=CARTESIAN_POINT('Origin',(2.86500000000001,-2.82500000000001,0.));
#15772=CARTESIAN_POINT('',(2.86500000000001,-2.82500000000001,0.));
#15773=CARTESIAN_POINT('',(2.86500000000001,-2.37499999999998,0.));
#15774=CARTESIAN_POINT('',(2.86500000000001,-2.82500000000001,0.));
#15775=CARTESIAN_POINT('Origin',(2.76500000000001,-2.92500000000001,0.));
#15776=CARTESIAN_POINT('',(2.86500000000001,-2.82500000000001,0.));
#15777=CARTESIAN_POINT('Origin',(2.31499999999998,-2.92500000000001,0.));
#15778=CARTESIAN_POINT('',(14.4999996758997,-2.92500000000001,3.77500012064352));
#15779=CARTESIAN_POINT('Origin',(2.21499999999998,-2.82500000000001,0.));
#15780=CARTESIAN_POINT('',(2.21499999999998,-2.82500000000001,0.));
#15781=CARTESIAN_POINT('',(2.31499999999998,-2.92500000000001,0.));
#15782=CARTESIAN_POINT('',(2.21499999999998,-2.82500000000001,0.));
#15783=CARTESIAN_POINT('Origin',(2.21499999999998,-2.37499999999998,0.));
#15784=CARTESIAN_POINT('',(2.21499999999998,-2.82500000000001,0.));
#15785=CARTESIAN_POINT('Origin',(14.4999996758997,-2.6,4.00000012064353));
#15786=CARTESIAN_POINT('Origin',(2.54,-2.6,0.));
#15787=CARTESIAN_POINT('Origin',(0.225000000000006,-2.27499999999998,0.));
#15788=CARTESIAN_POINT('',(1.,-2.27499999999998,8.85499999999999));
#15789=CARTESIAN_POINT('',(1.,-2.27499999999998,8.85499999999999));
#15790=CARTESIAN_POINT('',(0.225000000000006,-2.27499999999998,8.08));
#15791=CARTESIAN_POINT('Origin',(1.,-2.27499999999998,8.08));
#15792=CARTESIAN_POINT('',(0.225000000000006,-2.27499999999998,0.));
#15793=CARTESIAN_POINT('',(0.225000000000006,-2.27499999999998,0.));
#15794=CARTESIAN_POINT('',(-0.225000000000015,-2.27499999999998,0.));
#15795=CARTESIAN_POINT('',(-0.225000000000015,-2.27499999999998,0.));
#15796=CARTESIAN_POINT('',(-0.225000000000015,-2.27499999999998,8.08));
#15797=CARTESIAN_POINT('',(-0.225000000000015,-2.27499999999998,0.));
#15798=CARTESIAN_POINT('',(1.,-2.27499999999998,9.30500000000002));
#15799=CARTESIAN_POINT('Origin',(0.999999999999999,-2.27499999999998,8.08));
#15800=CARTESIAN_POINT('',(1.,-2.27499999999998,9.30500000000002));
#15801=CARTESIAN_POINT('Origin',(0.225000000000006,-2.27499999999998,0.));
#15802=CARTESIAN_POINT('',(14.48,-2.27499999999998,9.30500000000002));
#15803=CARTESIAN_POINT('',(1.,-2.27499999999998,9.30500000000002));
#15804=CARTESIAN_POINT('',(14.48,-2.27499999999998,8.85499999999999));
#15805=CARTESIAN_POINT('',(14.48,-2.27499999999998,9.30500000000002));
#15806=CARTESIAN_POINT('',(1.,-2.27499999999998,8.85499999999999));
#15807=CARTESIAN_POINT('Origin',(1.,-2.37499999999998,8.75499999999999));
#15808=CARTESIAN_POINT('',(1.,-2.37499999999998,8.75499999999999));
#15809=CARTESIAN_POINT('',(1.,-2.37499999999998,8.75499999999999));
#15810=CARTESIAN_POINT('',(1.,-2.27499999999998,8.85499999999999));
#15811=CARTESIAN_POINT('Origin',(1.,-2.37499999999998,8.75499999999999));
#15812=CARTESIAN_POINT('',(14.48,-2.37499999999998,8.75499999999999));
#15813=CARTESIAN_POINT('',(14.48,-2.27499999999998,8.85499999999999));
#15814=CARTESIAN_POINT('',(1.,-2.37499999999998,8.75499999999999));
#15815=CARTESIAN_POINT('Origin',(1.,-2.82500000000001,8.75499999999999));
#15816=CARTESIAN_POINT('',(1.,-2.82500000000001,8.75499999999999));
#15817=CARTESIAN_POINT('',(1.,-2.82500000000001,8.75499999999999));
#15818=CARTESIAN_POINT('',(1.,-2.37499999999998,8.75499999999999));
#15819=CARTESIAN_POINT('Origin',(1.,-2.27499999999998,9.30500000000002));
#15820=CARTESIAN_POINT('',(1.,-2.37499999999998,9.40500000000002));
#15821=CARTESIAN_POINT('',(1.,-2.37499999999998,9.40500000000002));
#15822=CARTESIAN_POINT('',(1.,-2.37499999999998,9.40500000000002));
#15823=CARTESIAN_POINT('Origin',(1.,-2.27499999999998,9.30500000000002));
#15824=CARTESIAN_POINT('',(14.48,-2.37499999999998,9.40500000000002));
#15825=CARTESIAN_POINT('',(1.,-2.37499999999998,9.40500000000002));
#15826=CARTESIAN_POINT('',(14.48,-2.37499999999998,9.40500000000002));
#15827=CARTESIAN_POINT('Origin',(1.,-2.92500000000001,8.85499999999999));
#15828=CARTESIAN_POINT('',(1.,-2.92500000000001,8.85499999999999));
#15829=CARTESIAN_POINT('',(1.,-2.92500000000001,8.85499999999999));
#15830=CARTESIAN_POINT('',(1.,-2.82500000000001,8.75499999999999));
#15831=CARTESIAN_POINT('Origin',(1.,-2.37499999999998,9.40500000000002));
#15832=CARTESIAN_POINT('',(1.,-2.82500000000001,9.40500000000002));
#15833=CARTESIAN_POINT('',(1.,-2.82500000000001,9.40500000000002));
#15834=CARTESIAN_POINT('',(1.,-2.82500000000001,9.40500000000002));
#15835=CARTESIAN_POINT('Origin',(1.,-2.37499999999998,9.40500000000002));
#15836=CARTESIAN_POINT('',(14.48,-2.82500000000001,9.40500000000002));
#15837=CARTESIAN_POINT('',(1.,-2.82500000000001,9.40500000000002));
#15838=CARTESIAN_POINT('',(14.48,-2.82500000000001,9.40500000000002));
#15839=CARTESIAN_POINT('Origin',(-0.225000000000015,-2.92500000000001,0.));
#15840=CARTESIAN_POINT('',(1.,-2.92500000000001,9.30500000000002));
#15841=CARTESIAN_POINT('',(1.,-2.92500000000001,9.30500000000002));
#15842=CARTESIAN_POINT('',(-0.225000000000015,-2.92500000000001,8.08));
#15843=CARTESIAN_POINT('Origin',(0.999999999999999,-2.92500000000001,8.08));
#15844=CARTESIAN_POINT('',(-0.225000000000015,-2.92500000000001,0.));
#15845=CARTESIAN_POINT('',(-0.225000000000015,-2.92500000000001,0.));
#15846=CARTESIAN_POINT('',(0.225000000000006,-2.92500000000001,0.));
#15847=CARTESIAN_POINT('',(0.225000000000006,-2.92500000000001,0.));
#15848=CARTESIAN_POINT('',(0.225000000000006,-2.92500000000001,8.08));
#15849=CARTESIAN_POINT('',(0.225000000000006,-2.92500000000001,0.));
#15850=CARTESIAN_POINT('Origin',(1.,-2.92500000000001,8.08));
#15851=CARTESIAN_POINT('Origin',(1.,-2.82500000000001,9.40500000000002));
#15852=CARTESIAN_POINT('',(1.,-2.92500000000001,9.30500000000002));
#15853=CARTESIAN_POINT('Origin',(1.,-2.82500000000001,8.75499999999999));
#15854=CARTESIAN_POINT('',(14.48,-2.82500000000001,8.75499999999999));
#15855=CARTESIAN_POINT('',(14.48,-2.37499999999998,8.75499999999999));
#15856=CARTESIAN_POINT('',(1.,-2.82500000000001,8.75499999999999));
#15857=CARTESIAN_POINT('Origin',(1.,-2.92500000000001,8.85499999999999));
#15858=CARTESIAN_POINT('',(14.48,-2.92500000000001,8.85499999999999));
#15859=CARTESIAN_POINT('',(14.48,-2.82500000000001,8.75499999999999));
#15860=CARTESIAN_POINT('',(1.,-2.92500000000001,8.85499999999999));
#15861=CARTESIAN_POINT('Origin',(1.,-2.82500000000001,9.40500000000002));
#15862=CARTESIAN_POINT('',(14.48,-2.92500000000001,9.30500000000002));
#15863=CARTESIAN_POINT('',(1.,-2.92500000000001,9.30500000000002));
#15864=CARTESIAN_POINT('',(14.48,-2.92500000000001,9.30500000000002));
#15865=CARTESIAN_POINT('Origin',(1.,-2.32499999999999,8.08));
#15866=CARTESIAN_POINT('',(0.325000000000006,-2.37499999999998,8.08));
#15867=CARTESIAN_POINT('',(0.225000000000006,-2.27499999999998,8.08));
#15868=CARTESIAN_POINT('Origin',(1.,-2.37499999999998,8.08));
#15869=CARTESIAN_POINT('Origin',(1.,-2.6,8.08));
#15870=CARTESIAN_POINT('',(0.325000000000006,-2.82500000000001,8.08));
#15871=CARTESIAN_POINT('',(0.325000000000006,-2.37499999999998,8.08));
#15872=CARTESIAN_POINT('Origin',(1.,-2.82500000000001,8.08));
#15873=CARTESIAN_POINT('Origin',(1.,-2.87500000000001,8.08));
#15874=CARTESIAN_POINT('',(0.325000000000006,-2.82500000000001,8.08));
#15875=CARTESIAN_POINT('Origin',(1.,-2.87500000000001,8.08));
#15876=CARTESIAN_POINT('',(-0.325000000000015,-2.82500000000001,8.08));
#15877=CARTESIAN_POINT('',(-0.225000000000015,-2.92500000000001,8.08));
#15878=CARTESIAN_POINT('Origin',(1.,-2.82500000000001,8.08));
#15879=CARTESIAN_POINT('Origin',(1.,-2.6,8.08));
#15880=CARTESIAN_POINT('',(-0.325000000000015,-2.37499999999998,8.08));
#15881=CARTESIAN_POINT('',(-0.325000000000015,-2.82500000000001,8.08));
#15882=CARTESIAN_POINT('Origin',(1.,-2.37499999999998,8.08));
#15883=CARTESIAN_POINT('Origin',(1.,-2.32499999999999,8.08));
#15884=CARTESIAN_POINT('',(-0.325000000000015,-2.37499999999998,8.08));
#15885=CARTESIAN_POINT('Origin',(0.325000000000006,-2.37499999999998,0.));
#15886=CARTESIAN_POINT('',(0.325000000000006,-2.37499999999998,0.));
#15887=CARTESIAN_POINT('',(0.225000000000006,-2.27499999999998,0.));
#15888=CARTESIAN_POINT('',(0.325000000000006,-2.37499999999998,0.));
#15889=CARTESIAN_POINT('Origin',(0.325000000000006,-2.82500000000001,0.));
#15890=CARTESIAN_POINT('',(0.325000000000006,-2.82500000000001,0.));
#15891=CARTESIAN_POINT('',(0.325000000000006,-2.37499999999998,0.));
#15892=CARTESIAN_POINT('',(0.325000000000006,-2.82500000000001,0.));
#15893=CARTESIAN_POINT('Origin',(0.225000000000006,-2.92500000000001,0.));
#15894=CARTESIAN_POINT('',(0.325000000000006,-2.82500000000001,0.));
#15895=CARTESIAN_POINT('Origin',(-0.225000000000015,-2.92500000000001,0.));
#15896=CARTESIAN_POINT('',(14.48,-2.92500000000001,8.85499999999999));
#15897=CARTESIAN_POINT('Origin',(-0.325000000000015,-2.82500000000001,0.));
#15898=CARTESIAN_POINT('',(-0.325000000000015,-2.82500000000001,0.));
#15899=CARTESIAN_POINT('',(-0.225000000000015,-2.92500000000001,0.));
#15900=CARTESIAN_POINT('',(-0.325000000000015,-2.82500000000001,0.));
#15901=CARTESIAN_POINT('Origin',(-0.325000000000015,-2.37499999999998,0.));
#15902=CARTESIAN_POINT('',(-0.325000000000015,-2.37499999999998,0.));
#15903=CARTESIAN_POINT('',(-0.325000000000015,-2.82500000000001,0.));
#15904=CARTESIAN_POINT('',(-0.325000000000015,-2.37499999999998,0.));
#15905=CARTESIAN_POINT('Origin',(-0.225000000000015,-2.27499999999998,0.));
#15906=CARTESIAN_POINT('',(-0.325000000000015,-2.37499999999998,0.));
#15907=CARTESIAN_POINT('Origin',(14.48,-2.6,9.08000000000001));
#15908=CARTESIAN_POINT('Origin',(-4.44089209850063E-15,-2.6,0.));
#15909=CARTESIAN_POINT('Origin',(1.49500000000001,-2.27499999999998,0.));
#15910=CARTESIAN_POINT('',(2.27000006032176,-2.27499999999998,6.31500006032176));
#15911=CARTESIAN_POINT('',(2.27000006032176,-2.27499999999998,6.31500006032176));
#15912=CARTESIAN_POINT('',(1.49500000000001,-2.27499999999998,5.54));
#15913=CARTESIAN_POINT('Origin',(2.27000006032176,-2.27499999999998,5.54));
#15914=CARTESIAN_POINT('',(1.49500000000001,-2.27499999999998,0.));
#15915=CARTESIAN_POINT('',(1.49500000000001,-2.27499999999998,0.));
#15916=CARTESIAN_POINT('',(1.04499999999998,-2.27499999999998,0.));
#15917=CARTESIAN_POINT('',(1.04499999999998,-2.27499999999998,0.));
#15918=CARTESIAN_POINT('',(1.04499999999998,-2.27499999999998,5.54));
#15919=CARTESIAN_POINT('',(1.04499999999998,-2.27499999999998,0.));
#15920=CARTESIAN_POINT('',(2.27000006032176,-2.27499999999998,6.76500006032178));
#15921=CARTESIAN_POINT('Origin',(2.27000006032176,-2.27499999999998,5.54));
#15922=CARTESIAN_POINT('',(2.27000006032176,-2.27499999999998,6.76500006032178));
#15923=CARTESIAN_POINT('Origin',(1.49500000000001,-2.27499999999998,0.));
#15924=CARTESIAN_POINT('',(14.5000002160668,-2.27499999999998,6.76500006032178));
#15925=CARTESIAN_POINT('',(2.27000006032176,-2.27499999999998,6.76500006032178));
#15926=CARTESIAN_POINT('',(14.5000002160668,-2.27499999999998,6.31500006032176));
#15927=CARTESIAN_POINT('',(14.5000002160668,-2.27499999999998,6.76500006032178));
#15928=CARTESIAN_POINT('',(2.27000006032176,-2.27499999999998,6.31500006032176));
#15929=CARTESIAN_POINT('Origin',(2.27000006032176,-2.37499999999998,6.21500006032176));
#15930=CARTESIAN_POINT('',(2.27000006032176,-2.37499999999998,6.21500006032176));
#15931=CARTESIAN_POINT('',(2.27000006032176,-2.37499999999998,6.21500006032176));
#15932=CARTESIAN_POINT('',(2.27000006032176,-2.27499999999998,6.31500006032176));
#15933=CARTESIAN_POINT('Origin',(2.27000006032176,-2.37499999999998,6.21500006032176));
#15934=CARTESIAN_POINT('',(14.5000002160668,-2.37499999999998,6.21500006032176));
#15935=CARTESIAN_POINT('',(14.5000002160668,-2.27499999999998,6.31500006032176));
#15936=CARTESIAN_POINT('',(2.27000006032176,-2.37499999999998,6.21500006032176));
#15937=CARTESIAN_POINT('Origin',(2.27000006032176,-2.82500000000001,6.21500006032176));
#15938=CARTESIAN_POINT('',(2.27000006032176,-2.82500000000001,6.21500006032176));
#15939=CARTESIAN_POINT('',(2.27000006032176,-2.82500000000001,6.21500006032176));
#15940=CARTESIAN_POINT('',(2.27000006032176,-2.37499999999998,6.21500006032176));
#15941=CARTESIAN_POINT('Origin',(2.27000006032176,-2.27499999999998,6.76500006032178));
#15942=CARTESIAN_POINT('',(2.27000006032176,-2.37499999999998,6.86500006032178));
#15943=CARTESIAN_POINT('',(2.27000006032176,-2.37499999999998,6.86500006032178));
#15944=CARTESIAN_POINT('',(2.27000006032176,-2.37499999999998,6.86500006032178));
#15945=CARTESIAN_POINT('Origin',(2.27000006032176,-2.27499999999998,6.76500006032178));
#15946=CARTESIAN_POINT('',(14.5000002160668,-2.37499999999998,6.86500006032178));
#15947=CARTESIAN_POINT('',(2.27000006032176,-2.37499999999998,6.86500006032178));
#15948=CARTESIAN_POINT('',(14.5000002160668,-2.37499999999998,6.86500006032178));
#15949=CARTESIAN_POINT('Origin',(2.27000006032176,-2.92500000000001,6.31500006032176));
#15950=CARTESIAN_POINT('',(2.27000006032176,-2.92500000000001,6.31500006032176));
#15951=CARTESIAN_POINT('',(2.27000006032176,-2.92500000000001,6.31500006032176));
#15952=CARTESIAN_POINT('',(2.27000006032176,-2.82500000000001,6.21500006032176));
#15953=CARTESIAN_POINT('Origin',(2.27000006032176,-2.37499999999998,6.86500006032178));
#15954=CARTESIAN_POINT('',(2.27000006032176,-2.82500000000001,6.86500006032178));
#15955=CARTESIAN_POINT('',(2.27000006032176,-2.82500000000001,6.86500006032178));
#15956=CARTESIAN_POINT('',(2.27000006032176,-2.82500000000001,6.86500006032178));
#15957=CARTESIAN_POINT('Origin',(2.27000006032176,-2.37499999999998,6.86500006032178));
#15958=CARTESIAN_POINT('',(14.5000002160668,-2.82500000000001,6.86500006032178));
#15959=CARTESIAN_POINT('',(2.27000006032176,-2.82500000000001,6.86500006032178));
#15960=CARTESIAN_POINT('',(14.5000002160668,-2.82500000000001,6.86500006032178));
#15961=CARTESIAN_POINT('Origin',(1.04499999999998,-2.92500000000001,0.));
#15962=CARTESIAN_POINT('',(2.27000006032176,-2.92500000000001,6.76500006032178));
#15963=CARTESIAN_POINT('',(2.27000006032176,-2.92500000000001,6.76500006032178));
#15964=CARTESIAN_POINT('',(1.04499999999998,-2.92500000000001,5.54));
#15965=CARTESIAN_POINT('Origin',(2.27000006032176,-2.92500000000001,5.54));
#15966=CARTESIAN_POINT('',(1.04499999999998,-2.92500000000001,0.));
#15967=CARTESIAN_POINT('',(1.04499999999998,-2.92500000000001,0.));
#15968=CARTESIAN_POINT('',(1.49500000000001,-2.92500000000001,0.));
#15969=CARTESIAN_POINT('',(1.49500000000001,-2.92500000000001,0.));
#15970=CARTESIAN_POINT('',(1.49500000000001,-2.92500000000001,5.54));
#15971=CARTESIAN_POINT('',(1.49500000000001,-2.92500000000001,0.));
#15972=CARTESIAN_POINT('Origin',(2.27000006032176,-2.92500000000001,5.54));
#15973=CARTESIAN_POINT('Origin',(2.27000006032176,-2.82500000000001,6.86500006032178));
#15974=CARTESIAN_POINT('',(2.27000006032176,-2.92500000000001,6.76500006032178));
#15975=CARTESIAN_POINT('Origin',(2.27000006032176,-2.82500000000001,6.21500006032176));
#15976=CARTESIAN_POINT('',(14.5000002160668,-2.82500000000001,6.21500006032176));
#15977=CARTESIAN_POINT('',(14.5000002160668,-2.37499999999998,6.21500006032176));
#15978=CARTESIAN_POINT('',(2.27000006032176,-2.82500000000001,6.21500006032176));
#15979=CARTESIAN_POINT('Origin',(2.27000006032176,-2.92500000000001,6.31500006032176));
#15980=CARTESIAN_POINT('',(14.5000002160668,-2.92500000000001,6.31500006032176));
#15981=CARTESIAN_POINT('',(14.5000002160668,-2.82500000000001,6.21500006032176));
#15982=CARTESIAN_POINT('',(2.27000006032176,-2.92500000000001,6.31500006032176));
#15983=CARTESIAN_POINT('Origin',(2.27000006032176,-2.82500000000001,6.86500006032178));
#15984=CARTESIAN_POINT('',(14.5000002160668,-2.92500000000001,6.76500006032178));
#15985=CARTESIAN_POINT('',(2.27000006032176,-2.92500000000001,6.76500006032178));
#15986=CARTESIAN_POINT('',(14.5000002160668,-2.92500000000001,6.76500006032178));
#15987=CARTESIAN_POINT('Origin',(2.27000006032176,-2.32499999999999,5.54));
#15988=CARTESIAN_POINT('',(0.944999999999985,-2.37499999999998,5.54));
#15989=CARTESIAN_POINT('',(0.944999999999985,-2.37499999999998,5.54));
#15990=CARTESIAN_POINT('Origin',(2.27000006032176,-2.37499999999998,5.54));
#15991=CARTESIAN_POINT('Origin',(2.27000006032176,-2.32499999999999,5.54));
#15992=CARTESIAN_POINT('',(1.59500000000001,-2.37499999999998,5.54));
#15993=CARTESIAN_POINT('',(1.49500000000001,-2.27499999999998,5.54));
#15994=CARTESIAN_POINT('Origin',(2.27000006032176,-2.37499999999998,5.54));
#15995=CARTESIAN_POINT('Origin',(2.27000006032176,-2.6,5.54));
#15996=CARTESIAN_POINT('',(1.59500000000001,-2.82500000000001,5.54));
#15997=CARTESIAN_POINT('',(1.59500000000001,-2.37499999999998,5.54));
#15998=CARTESIAN_POINT('Origin',(2.27000006032176,-2.82500000000001,5.54));
#15999=CARTESIAN_POINT('Origin',(2.27000006032176,-2.87500000000001,5.54));
#16000=CARTESIAN_POINT('',(1.59500000000001,-2.82500000000001,5.54));
#16001=CARTESIAN_POINT('Origin',(2.27000006032176,-2.87500000000001,5.54));
#16002=CARTESIAN_POINT('',(0.944999999999985,-2.82500000000001,5.54));
#16003=CARTESIAN_POINT('',(1.04499999999998,-2.92500000000001,5.54));
#16004=CARTESIAN_POINT('Origin',(2.27000006032176,-2.82500000000001,5.54));
#16005=CARTESIAN_POINT('Origin',(2.27000006032176,-2.6,5.54));
#16006=CARTESIAN_POINT('',(0.944999999999985,-2.82500000000001,5.54));
#16007=CARTESIAN_POINT('Origin',(1.04499999999998,-2.27499999999998,0.));
#16008=CARTESIAN_POINT('',(0.944999999999985,-2.37499999999998,0.));
#16009=CARTESIAN_POINT('',(0.944999999999985,-2.37499999999998,0.));
#16010=CARTESIAN_POINT('',(0.944999999999985,-2.37499999999998,0.));
#16011=CARTESIAN_POINT('Origin',(1.59500000000001,-2.37499999999998,0.));
#16012=CARTESIAN_POINT('',(1.59500000000001,-2.37499999999998,0.));
#16013=CARTESIAN_POINT('',(1.49500000000001,-2.27499999999998,0.));
#16014=CARTESIAN_POINT('',(1.59500000000001,-2.37499999999998,0.));
#16015=CARTESIAN_POINT('Origin',(1.59500000000001,-2.82500000000001,0.));
#16016=CARTESIAN_POINT('',(1.59500000000001,-2.82500000000001,0.));
#16017=CARTESIAN_POINT('',(1.59500000000001,-2.37499999999998,0.));
#16018=CARTESIAN_POINT('',(1.59500000000001,-2.82500000000001,0.));
#16019=CARTESIAN_POINT('Origin',(1.49500000000001,-2.92500000000001,0.));
#16020=CARTESIAN_POINT('',(1.59500000000001,-2.82500000000001,0.));
#16021=CARTESIAN_POINT('Origin',(1.04499999999998,-2.92500000000001,0.));
#16022=CARTESIAN_POINT('',(14.5000002160668,-2.92500000000001,6.31500006032176));
#16023=CARTESIAN_POINT('Origin',(0.944999999999985,-2.82500000000001,0.));
#16024=CARTESIAN_POINT('',(0.944999999999985,-2.82500000000001,0.));
#16025=CARTESIAN_POINT('',(1.04499999999998,-2.92500000000001,0.));
#16026=CARTESIAN_POINT('',(0.944999999999985,-2.82500000000001,0.));
#16027=CARTESIAN_POINT('Origin',(0.944999999999985,-2.37499999999998,0.));
#16028=CARTESIAN_POINT('',(0.944999999999985,-2.82500000000001,0.));
#16029=CARTESIAN_POINT('Origin',(14.5000002160668,-2.6,6.54000006032177));
#16030=CARTESIAN_POINT('Origin',(1.27,-2.6,0.));
#16031=CARTESIAN_POINT('Origin',(7.86500000000001,-10.4,6.86500000000002));
#16032=CARTESIAN_POINT('',(7.86500000000001,-11.17,3.05500000000002));
#16033=CARTESIAN_POINT('',(7.86500000000001,-9.63,3.05500000000002));
#16034=CARTESIAN_POINT('',(7.86500000000001,-11.17,3.05500000000002));
#16035=CARTESIAN_POINT('',(7.86500000000001,-9.13,3.55500000000002));
#16036=CARTESIAN_POINT('',(7.86500000000001,-9.63,3.05500000000002));
#16037=CARTESIAN_POINT('',(7.86500000000001,-9.13,10.175));
#16038=CARTESIAN_POINT('',(7.86500000000001,-9.13,3.55500000000002));
#16039=CARTESIAN_POINT('',(7.86500000000001,-9.63,10.675));
#16040=CARTESIAN_POINT('',(7.86500000000001,-9.13,10.175));
#16041=CARTESIAN_POINT('',(7.86500000000001,-11.17,10.675));
#16042=CARTESIAN_POINT('',(7.86500000000001,-9.63,10.675));
#16043=CARTESIAN_POINT('',(7.86500000000001,-11.67,10.175));
#16044=CARTESIAN_POINT('',(7.86500000000001,-11.17,10.675));
#16045=CARTESIAN_POINT('',(7.86500000000001,-11.67,3.55500000000002));
#16046=CARTESIAN_POINT('',(7.86500000000001,-11.67,10.175));
#16047=CARTESIAN_POINT('',(7.86500000000001,-11.17,3.05500000000002));
#16048=CARTESIAN_POINT('',(7.86500000000001,-10.625,4.32500012064354));
#16049=CARTESIAN_POINT('',(7.86500000000001,-10.725,4.22500012064354));
#16050=CARTESIAN_POINT('',(7.86500000000001,-9.93375003016089,5.01625009048266));
#16051=CARTESIAN_POINT('',(7.86500000000001,-10.175,4.32500012064354));
#16052=CARTESIAN_POINT('',(7.86500000000001,-10.2875,4.32500012064354));
#16053=CARTESIAN_POINT('',(7.86500000000001,-10.075,4.22500012064354));
#16054=CARTESIAN_POINT('',(7.86500000000001,-10.8162499698391,4.96625009048266));
#16055=CARTESIAN_POINT('',(7.86500000000001,-10.075,3.77500012064352));
#16056=CARTESIAN_POINT('',(7.86500000000001,-10.075,3.43250000000001));
#16057=CARTESIAN_POINT('',(7.86500000000001,-10.175,3.67500012064352));
#16058=CARTESIAN_POINT('',(7.86500000000001,-9.43375003016086,4.41625009048264));
#16059=CARTESIAN_POINT('',(7.86500000000001,-10.625,3.67500012064352));
#16060=CARTESIAN_POINT('',(7.86500000000001,-10.5125,3.67500012064352));
#16061=CARTESIAN_POINT('',(7.86500000000001,-10.725,3.77500012064352));
#16062=CARTESIAN_POINT('',(7.86500000000001,-11.4162499698391,4.46625009048264));
#16063=CARTESIAN_POINT('',(7.86500000000001,-10.725,3.43250000000001));
#16064=CARTESIAN_POINT('',(7.86500000000001,-10.625,9.40500000000002));
#16065=CARTESIAN_POINT('',(7.86500000000001,-10.725,9.30500000000002));
#16066=CARTESIAN_POINT('',(7.86500000000001,-11.20375,8.82625000000002));
#16067=CARTESIAN_POINT('',(7.86500000000001,-10.175,9.40500000000002));
#16068=CARTESIAN_POINT('',(7.86500000000001,-10.2875,9.40500000000002));
#16069=CARTESIAN_POINT('',(7.86500000000001,-10.075,9.30500000000002));
#16070=CARTESIAN_POINT('',(7.86500000000001,-9.54624999999999,8.77625000000002));
#16071=CARTESIAN_POINT('',(7.86500000000001,-10.075,8.85499999999999));
#16072=CARTESIAN_POINT('',(7.86500000000001,-10.075,3.43250000000001));
#16073=CARTESIAN_POINT('',(7.86500000000001,-10.175,8.75499999999999));
#16074=CARTESIAN_POINT('',(7.86500000000001,-10.70375,8.22625));
#16075=CARTESIAN_POINT('',(7.86500000000001,-10.625,8.75499999999999));
#16076=CARTESIAN_POINT('',(7.86500000000001,-10.5125,8.75499999999999));
#16077=CARTESIAN_POINT('',(7.86500000000001,-10.725,8.85499999999999));
#16078=CARTESIAN_POINT('',(7.86500000000001,-10.14625,8.27625));
#16079=CARTESIAN_POINT('',(7.86500000000001,-10.725,3.43250000000001));
#16080=CARTESIAN_POINT('',(7.86500000000001,-10.625,6.86500006032178));
#16081=CARTESIAN_POINT('',(7.86500000000001,-10.725,6.76500006032178));
#16082=CARTESIAN_POINT('',(7.86500000000001,-10.5687500150804,6.92125004524134));
#16083=CARTESIAN_POINT('',(7.86500000000001,-10.175,6.86500006032178));
#16084=CARTESIAN_POINT('',(7.86500000000001,-10.2875,6.86500006032178));
#16085=CARTESIAN_POINT('',(7.86500000000001,-10.075,6.76500006032178));
#16086=CARTESIAN_POINT('',(7.86500000000001,-10.1812499849195,6.87125004524134));
#16087=CARTESIAN_POINT('',(7.86500000000001,-10.075,6.31500006032176));
#16088=CARTESIAN_POINT('',(7.86500000000001,-10.075,3.43250000000001));
#16089=CARTESIAN_POINT('',(7.86500000000001,-10.175,6.21500006032176));
#16090=CARTESIAN_POINT('',(7.86500000000001,-10.0687500150804,6.32125004524132));
#16091=CARTESIAN_POINT('',(7.86500000000001,-10.625,6.21500006032176));
#16092=CARTESIAN_POINT('',(7.86500000000001,-10.5125,6.21500006032176));
#16093=CARTESIAN_POINT('',(7.86500000000001,-10.725,6.31500006032176));
#16094=CARTESIAN_POINT('',(7.86500000000001,-10.7812499849196,6.37125004524132));
#16095=CARTESIAN_POINT('',(7.86500000000001,-10.725,3.43250000000001));
#16096=CARTESIAN_POINT('Origin',(5.36500000000001,-10.4,6.86500000000002));
#16097=CARTESIAN_POINT('',(5.36500000000001,-11.17,3.05500000000002));
#16098=CARTESIAN_POINT('',(5.36500000000001,-9.63,3.05500000000002));
#16099=CARTESIAN_POINT('',(5.36500000000001,-11.17,3.05500000000002));
#16100=CARTESIAN_POINT('',(5.36500000000001,-11.67,3.55500000000002));
#16101=CARTESIAN_POINT('',(5.36500000000001,-11.17,3.05500000000002));
#16102=CARTESIAN_POINT('',(5.36500000000001,-11.67,10.175));
#16103=CARTESIAN_POINT('',(5.36500000000001,-11.67,10.175));
#16104=CARTESIAN_POINT('',(5.36500000000001,-11.17,10.675));
#16105=CARTESIAN_POINT('',(5.36500000000001,-11.17,10.675));
#16106=CARTESIAN_POINT('',(5.36500000000001,-9.63,10.675));
#16107=CARTESIAN_POINT('',(5.36500000000001,-9.63,10.675));
#16108=CARTESIAN_POINT('',(5.36500000000001,-9.13,10.175));
#16109=CARTESIAN_POINT('',(5.36500000000001,-9.13,10.175));
#16110=CARTESIAN_POINT('',(5.36500000000001,-9.13,3.55500000000002));
#16111=CARTESIAN_POINT('',(5.36500000000001,-9.13,3.55500000000002));
#16112=CARTESIAN_POINT('',(5.36500000000001,-9.63,3.05500000000002));
#16113=CARTESIAN_POINT('',(5.36500000000001,-10.725,4.22500012064354));
#16114=CARTESIAN_POINT('',(5.36500000000001,-10.625,4.32500012064354));
#16115=CARTESIAN_POINT('',(5.36500000000001,-9.93375003016089,5.01625009048266));
#16116=CARTESIAN_POINT('',(5.36500000000001,-10.725,3.77500012064352));
#16117=CARTESIAN_POINT('',(5.36500000000001,-10.725,3.43250000000001));
#16118=CARTESIAN_POINT('',(5.36500000000001,-10.625,3.67500012064352));
#16119=CARTESIAN_POINT('',(5.36500000000001,-11.4162499698391,4.46625009048264));
#16120=CARTESIAN_POINT('',(5.36500000000001,-10.175,3.67500012064352));
#16121=CARTESIAN_POINT('',(5.36500000000001,-10.5125,3.67500012064352));
#16122=CARTESIAN_POINT('',(5.36500000000001,-10.075,3.77500012064352));
#16123=CARTESIAN_POINT('',(5.36500000000001,-9.43375003016086,4.41625009048264));
#16124=CARTESIAN_POINT('',(5.36500000000001,-10.075,4.22500012064354));
#16125=CARTESIAN_POINT('',(5.36500000000001,-10.075,3.43250000000001));
#16126=CARTESIAN_POINT('',(5.36500000000001,-10.175,4.32500012064354));
#16127=CARTESIAN_POINT('',(5.36500000000001,-10.8162499698391,4.96625009048266));
#16128=CARTESIAN_POINT('',(5.36500000000001,-10.2875,4.32500012064354));
#16129=CARTESIAN_POINT('',(5.36500000000001,-10.725,9.30500000000002));
#16130=CARTESIAN_POINT('',(5.36500000000001,-10.625,9.40500000000002));
#16131=CARTESIAN_POINT('',(5.36500000000001,-11.20375,8.82625000000002));
#16132=CARTESIAN_POINT('',(5.36500000000001,-10.725,8.85499999999999));
#16133=CARTESIAN_POINT('',(5.36500000000001,-10.725,3.43250000000001));
#16134=CARTESIAN_POINT('',(5.36500000000001,-10.625,8.75499999999999));
#16135=CARTESIAN_POINT('',(5.36500000000001,-10.14625,8.27625));
#16136=CARTESIAN_POINT('',(5.36500000000001,-10.175,8.75499999999999));
#16137=CARTESIAN_POINT('',(5.36500000000001,-10.5125,8.75499999999999));
#16138=CARTESIAN_POINT('',(5.36500000000001,-10.075,8.85499999999999));
#16139=CARTESIAN_POINT('',(5.36500000000001,-10.70375,8.22625));
#16140=CARTESIAN_POINT('',(5.36500000000001,-10.075,9.30500000000002));
#16141=CARTESIAN_POINT('',(5.36500000000001,-10.075,3.43250000000001));
#16142=CARTESIAN_POINT('',(5.36500000000001,-10.175,9.40500000000002));
#16143=CARTESIAN_POINT('',(5.36500000000001,-9.54624999999999,8.77625000000002));
#16144=CARTESIAN_POINT('',(5.36500000000001,-10.2875,9.40500000000002));
#16145=CARTESIAN_POINT('',(5.36500000000001,-10.725,6.76500006032178));
#16146=CARTESIAN_POINT('',(5.36500000000001,-10.625,6.86500006032178));
#16147=CARTESIAN_POINT('',(5.36500000000001,-10.5687500150804,6.92125004524134));
#16148=CARTESIAN_POINT('',(5.36500000000001,-10.725,6.31500006032176));
#16149=CARTESIAN_POINT('',(5.36500000000001,-10.725,3.43250000000001));
#16150=CARTESIAN_POINT('',(5.36500000000001,-10.625,6.21500006032176));
#16151=CARTESIAN_POINT('',(5.36500000000001,-10.7812499849196,6.37125004524132));
#16152=CARTESIAN_POINT('',(5.36500000000001,-10.175,6.21500006032176));
#16153=CARTESIAN_POINT('',(5.36500000000001,-10.5125,6.21500006032176));
#16154=CARTESIAN_POINT('',(5.36500000000001,-10.075,6.31500006032176));
#16155=CARTESIAN_POINT('',(5.36500000000001,-10.0687500150804,6.32125004524132));
#16156=CARTESIAN_POINT('',(5.36500000000001,-10.075,6.76500006032178));
#16157=CARTESIAN_POINT('',(5.36500000000001,-10.075,3.43250000000001));
#16158=CARTESIAN_POINT('',(5.36500000000001,-10.175,6.86500006032178));
#16159=CARTESIAN_POINT('',(5.36500000000001,-10.1812499849195,6.87125004524134));
#16160=CARTESIAN_POINT('',(5.36500000000001,-10.2875,6.86500006032178));
#16161=CARTESIAN_POINT('Origin',(5.36500000000001,-11.67,3.55500000000002));
#16162=CARTESIAN_POINT('',(5.36500000000001,-11.17,3.05500000000002));
#16163=CARTESIAN_POINT('',(5.36500000000001,-11.67,3.55500000000002));
#16164=CARTESIAN_POINT('Origin',(5.36500000000001,-11.67,10.175));
#16165=CARTESIAN_POINT('',(5.36500000000001,-11.67,10.175));
#16166=CARTESIAN_POINT('Origin',(5.36500000000001,-11.17,10.675));
#16167=CARTESIAN_POINT('',(5.36500000000001,-11.17,10.675));
#16168=CARTESIAN_POINT('Origin',(5.36500000000001,-9.63,10.675));
#16169=CARTESIAN_POINT('',(5.36500000000001,-9.63,10.675));
#16170=CARTESIAN_POINT('Origin',(5.36500000000001,-9.13,10.175));
#16171=CARTESIAN_POINT('',(5.36500000000001,-9.13,10.175));
#16172=CARTESIAN_POINT('Origin',(5.36500000000001,-9.13,3.55500000000002));
#16173=CARTESIAN_POINT('',(5.36500000000001,-9.13,3.55500000000002));
#16174=CARTESIAN_POINT('Origin',(5.36500000000001,-9.63,3.05500000000002));
#16175=CARTESIAN_POINT('',(5.36500000000001,-9.63,3.05500000000002));
#16176=CARTESIAN_POINT('Origin',(5.36500000000001,-11.17,3.05500000000002));
#16177=CARTESIAN_POINT('Origin',(2.76500000000001,-10.075,0.));
#16178=CARTESIAN_POINT('',(3.54000012064353,-10.075,3.77500012064352));
#16179=CARTESIAN_POINT('',(3.54000012064353,-10.075,3.77500012064352));
#16180=CARTESIAN_POINT('',(2.76500000000001,-10.075,3.));
#16181=CARTESIAN_POINT('Origin',(3.54000012064353,-10.075,3.));
#16182=CARTESIAN_POINT('',(2.76500000000001,-10.075,0.));
#16183=CARTESIAN_POINT('',(2.76500000000001,-10.075,0.));
#16184=CARTESIAN_POINT('',(2.31499999999998,-10.075,0.));
#16185=CARTESIAN_POINT('',(2.31499999999998,-10.075,0.));
#16186=CARTESIAN_POINT('',(2.31499999999998,-10.075,3.));
#16187=CARTESIAN_POINT('',(2.31499999999998,-10.075,0.));
#16188=CARTESIAN_POINT('',(3.54000012064353,-10.075,4.22500012064354));
#16189=CARTESIAN_POINT('Origin',(3.54000012064353,-10.075,3.));
#16190=CARTESIAN_POINT('',(3.54000012064353,-10.075,4.22500012064354));
#16191=CARTESIAN_POINT('Origin',(2.76500000000001,-10.075,0.));
#16192=CARTESIAN_POINT('',(14.4999996758997,-10.075,4.22500012064354));
#16193=CARTESIAN_POINT('',(3.54000012064353,-10.075,4.22500012064354));
#16194=CARTESIAN_POINT('',(14.4999996758997,-10.075,3.77500012064352));
#16195=CARTESIAN_POINT('',(14.4999996758997,-10.075,4.22500012064354));
#16196=CARTESIAN_POINT('',(3.54000012064353,-10.075,3.77500012064352));
#16197=CARTESIAN_POINT('Origin',(3.54000012064353,-10.175,3.67500012064352));
#16198=CARTESIAN_POINT('',(3.54000012064353,-10.175,3.67500012064352));
#16199=CARTESIAN_POINT('',(3.54000012064353,-10.175,3.67500012064352));
#16200=CARTESIAN_POINT('',(3.54000012064353,-10.075,3.77500012064352));
#16201=CARTESIAN_POINT('Origin',(3.54000012064353,-10.175,3.67500012064352));
#16202=CARTESIAN_POINT('',(14.4999996758997,-10.175,3.67500012064352));
#16203=CARTESIAN_POINT('',(14.4999996758997,-10.075,3.77500012064352));
#16204=CARTESIAN_POINT('',(3.54000012064353,-10.175,3.67500012064352));
#16205=CARTESIAN_POINT('Origin',(3.54000012064353,-10.625,3.67500012064352));
#16206=CARTESIAN_POINT('',(3.54000012064353,-10.625,3.67500012064352));
#16207=CARTESIAN_POINT('',(3.54000012064353,-10.625,3.67500012064352));
#16208=CARTESIAN_POINT('',(3.54000012064353,-10.175,3.67500012064352));
#16209=CARTESIAN_POINT('Origin',(3.54000012064353,-10.075,4.22500012064354));
#16210=CARTESIAN_POINT('',(3.54000012064353,-10.175,4.32500012064354));
#16211=CARTESIAN_POINT('',(3.54000012064353,-10.175,4.32500012064354));
#16212=CARTESIAN_POINT('',(3.54000012064353,-10.175,4.32500012064354));
#16213=CARTESIAN_POINT('Origin',(3.54000012064353,-10.075,4.22500012064354));
#16214=CARTESIAN_POINT('',(14.4999996758997,-10.175,4.32500012064354));
#16215=CARTESIAN_POINT('',(3.54000012064353,-10.175,4.32500012064354));
#16216=CARTESIAN_POINT('',(14.4999996758997,-10.175,4.32500012064354));
#16217=CARTESIAN_POINT('Origin',(3.54000012064353,-10.725,3.77500012064352));
#16218=CARTESIAN_POINT('',(3.54000012064353,-10.725,3.77500012064352));
#16219=CARTESIAN_POINT('',(3.54000012064353,-10.725,3.77500012064352));
#16220=CARTESIAN_POINT('',(3.54000012064353,-10.625,3.67500012064352));
#16221=CARTESIAN_POINT('Origin',(3.54000012064353,-10.175,4.32500012064354));
#16222=CARTESIAN_POINT('',(3.54000012064353,-10.625,4.32500012064354));
#16223=CARTESIAN_POINT('',(3.54000012064353,-10.625,4.32500012064354));
#16224=CARTESIAN_POINT('',(3.54000012064353,-10.625,4.32500012064354));
#16225=CARTESIAN_POINT('Origin',(3.54000012064353,-10.175,4.32500012064354));
#16226=CARTESIAN_POINT('',(14.4999996758997,-10.625,4.32500012064354));
#16227=CARTESIAN_POINT('',(3.54000012064353,-10.625,4.32500012064354));
#16228=CARTESIAN_POINT('',(14.4999996758997,-10.625,4.32500012064354));
#16229=CARTESIAN_POINT('Origin',(2.31499999999998,-10.725,0.));
#16230=CARTESIAN_POINT('',(3.54000012064353,-10.725,4.22500012064354));
#16231=CARTESIAN_POINT('',(3.54000012064353,-10.725,4.22500012064354));
#16232=CARTESIAN_POINT('',(2.31499999999998,-10.725,3.));
#16233=CARTESIAN_POINT('Origin',(3.54000012064353,-10.725,3.));
#16234=CARTESIAN_POINT('',(2.31499999999998,-10.725,0.));
#16235=CARTESIAN_POINT('',(2.31499999999998,-10.725,0.));
#16236=CARTESIAN_POINT('',(2.76500000000001,-10.725,0.));
#16237=CARTESIAN_POINT('',(2.76500000000001,-10.725,0.));
#16238=CARTESIAN_POINT('',(2.76500000000001,-10.725,3.));
#16239=CARTESIAN_POINT('',(2.76500000000001,-10.725,0.));
#16240=CARTESIAN_POINT('Origin',(3.54000012064353,-10.725,3.));
#16241=CARTESIAN_POINT('Origin',(3.54000012064353,-10.625,4.32500012064354));
#16242=CARTESIAN_POINT('',(3.54000012064353,-10.725,4.22500012064354));
#16243=CARTESIAN_POINT('Origin',(3.54000012064353,-10.625,3.67500012064352));
#16244=CARTESIAN_POINT('',(14.4999996758997,-10.625,3.67500012064352));
#16245=CARTESIAN_POINT('',(14.4999996758997,-10.175,3.67500012064352));
#16246=CARTESIAN_POINT('',(3.54000012064353,-10.625,3.67500012064352));
#16247=CARTESIAN_POINT('Origin',(3.54000012064353,-10.725,3.77500012064352));
#16248=CARTESIAN_POINT('',(14.4999996758997,-10.725,3.77500012064352));
#16249=CARTESIAN_POINT('',(14.4999996758997,-10.625,3.67500012064352));
#16250=CARTESIAN_POINT('',(3.54000012064353,-10.725,3.77500012064352));
#16251=CARTESIAN_POINT('Origin',(3.54000012064353,-10.625,4.32500012064354));
#16252=CARTESIAN_POINT('',(14.4999996758997,-10.725,4.22500012064354));
#16253=CARTESIAN_POINT('',(3.54000012064353,-10.725,4.22500012064354));
#16254=CARTESIAN_POINT('',(14.4999996758997,-10.725,4.22500012064354));
#16255=CARTESIAN_POINT('Origin',(3.54000012064353,-10.125,3.));
#16256=CARTESIAN_POINT('',(2.21499999999998,-10.175,3.));
#16257=CARTESIAN_POINT('',(2.21499999999998,-10.175,3.));
#16258=CARTESIAN_POINT('Origin',(3.54000012064353,-10.175,3.));
#16259=CARTESIAN_POINT('Origin',(3.54000012064353,-10.125,3.));
#16260=CARTESIAN_POINT('',(2.86500000000001,-10.175,3.));
#16261=CARTESIAN_POINT('',(2.76500000000001,-10.075,3.));
#16262=CARTESIAN_POINT('Origin',(3.54000012064353,-10.175,3.));
#16263=CARTESIAN_POINT('Origin',(3.54000012064353,-10.4,3.));
#16264=CARTESIAN_POINT('',(2.86500000000001,-10.625,3.));
#16265=CARTESIAN_POINT('',(2.86500000000001,-10.175,3.));
#16266=CARTESIAN_POINT('Origin',(3.54000012064353,-10.625,3.));
#16267=CARTESIAN_POINT('Origin',(3.54000012064353,-10.675,3.));
#16268=CARTESIAN_POINT('',(2.86500000000001,-10.625,3.));
#16269=CARTESIAN_POINT('Origin',(3.54000012064353,-10.675,3.));
#16270=CARTESIAN_POINT('',(2.21499999999998,-10.625,3.));
#16271=CARTESIAN_POINT('',(2.31499999999998,-10.725,3.));
#16272=CARTESIAN_POINT('Origin',(3.54000012064353,-10.625,3.));
#16273=CARTESIAN_POINT('Origin',(3.54000012064353,-10.4,3.));
#16274=CARTESIAN_POINT('',(2.21499999999998,-10.625,3.));
#16275=CARTESIAN_POINT('Origin',(2.31499999999998,-10.075,0.));
#16276=CARTESIAN_POINT('',(2.21499999999998,-10.175,0.));
#16277=CARTESIAN_POINT('',(2.21499999999998,-10.175,0.));
#16278=CARTESIAN_POINT('',(2.21499999999998,-10.175,0.));
#16279=CARTESIAN_POINT('Origin',(2.86500000000001,-10.175,0.));
#16280=CARTESIAN_POINT('',(2.86500000000001,-10.175,0.));
#16281=CARTESIAN_POINT('',(2.76500000000001,-10.075,0.));
#16282=CARTESIAN_POINT('',(2.86500000000001,-10.175,0.));
#16283=CARTESIAN_POINT('Origin',(2.86500000000001,-10.625,0.));
#16284=CARTESIAN_POINT('',(2.86500000000001,-10.625,0.));
#16285=CARTESIAN_POINT('',(2.86500000000001,-10.175,0.));
#16286=CARTESIAN_POINT('',(2.86500000000001,-10.625,0.));
#16287=CARTESIAN_POINT('Origin',(2.76500000000001,-10.725,0.));
#16288=CARTESIAN_POINT('',(2.86500000000001,-10.625,0.));
#16289=CARTESIAN_POINT('Origin',(2.31499999999998,-10.725,0.));
#16290=CARTESIAN_POINT('',(14.4999996758997,-10.725,3.77500012064352));
#16291=CARTESIAN_POINT('Origin',(2.21499999999998,-10.625,0.));
#16292=CARTESIAN_POINT('',(2.21499999999998,-10.625,0.));
#16293=CARTESIAN_POINT('',(2.31499999999998,-10.725,0.));
#16294=CARTESIAN_POINT('',(2.21499999999998,-10.625,0.));
#16295=CARTESIAN_POINT('Origin',(2.21499999999998,-10.175,0.));
#16296=CARTESIAN_POINT('',(2.21499999999998,-10.625,0.));
#16297=CARTESIAN_POINT('Origin',(14.4999996758997,-10.4,4.00000012064353));
#16298=CARTESIAN_POINT('Origin',(2.54,-10.4,0.));
#16299=CARTESIAN_POINT('Origin',(0.225000000000006,-10.075,0.));
#16300=CARTESIAN_POINT('',(1.,-10.075,8.85499999999999));
#16301=CARTESIAN_POINT('',(1.,-10.075,8.85499999999999));
#16302=CARTESIAN_POINT('',(0.225000000000006,-10.075,8.08));
#16303=CARTESIAN_POINT('Origin',(1.,-10.075,8.08));
#16304=CARTESIAN_POINT('',(0.225000000000006,-10.075,0.));
#16305=CARTESIAN_POINT('',(0.225000000000006,-10.075,0.));
#16306=CARTESIAN_POINT('',(-0.225000000000015,-10.075,0.));
#16307=CARTESIAN_POINT('',(-0.225000000000015,-10.075,0.));
#16308=CARTESIAN_POINT('',(-0.225000000000015,-10.075,8.08));
#16309=CARTESIAN_POINT('',(-0.225000000000015,-10.075,0.));
#16310=CARTESIAN_POINT('',(1.,-10.075,9.30500000000002));
#16311=CARTESIAN_POINT('Origin',(0.999999999999999,-10.075,8.08));
#16312=CARTESIAN_POINT('',(1.,-10.075,9.30500000000002));
#16313=CARTESIAN_POINT('Origin',(0.225000000000006,-10.075,0.));
#16314=CARTESIAN_POINT('',(14.48,-10.075,9.30500000000002));
#16315=CARTESIAN_POINT('',(1.,-10.075,9.30500000000002));
#16316=CARTESIAN_POINT('',(14.48,-10.075,8.85499999999999));
#16317=CARTESIAN_POINT('',(14.48,-10.075,9.30500000000002));
#16318=CARTESIAN_POINT('',(1.,-10.075,8.85499999999999));
#16319=CARTESIAN_POINT('Origin',(1.,-10.175,8.75499999999999));
#16320=CARTESIAN_POINT('',(1.,-10.175,8.75499999999999));
#16321=CARTESIAN_POINT('',(1.,-10.175,8.75499999999999));
#16322=CARTESIAN_POINT('',(1.,-10.075,8.85499999999999));
#16323=CARTESIAN_POINT('Origin',(1.,-10.175,8.75499999999999));
#16324=CARTESIAN_POINT('',(14.48,-10.175,8.75499999999999));
#16325=CARTESIAN_POINT('',(14.48,-10.075,8.85499999999999));
#16326=CARTESIAN_POINT('',(1.,-10.175,8.75499999999999));
#16327=CARTESIAN_POINT('Origin',(1.,-10.625,8.75499999999999));
#16328=CARTESIAN_POINT('',(1.,-10.625,8.75499999999999));
#16329=CARTESIAN_POINT('',(1.,-10.625,8.75499999999999));
#16330=CARTESIAN_POINT('',(1.,-10.175,8.75499999999999));
#16331=CARTESIAN_POINT('Origin',(1.,-10.075,9.30500000000002));
#16332=CARTESIAN_POINT('',(1.,-10.175,9.40500000000002));
#16333=CARTESIAN_POINT('',(1.,-10.175,9.40500000000002));
#16334=CARTESIAN_POINT('',(1.,-10.175,9.40500000000002));
#16335=CARTESIAN_POINT('Origin',(1.,-10.075,9.30500000000002));
#16336=CARTESIAN_POINT('',(14.48,-10.175,9.40500000000002));
#16337=CARTESIAN_POINT('',(1.,-10.175,9.40500000000002));
#16338=CARTESIAN_POINT('',(14.48,-10.175,9.40500000000002));
#16339=CARTESIAN_POINT('Origin',(1.,-10.725,8.85499999999999));
#16340=CARTESIAN_POINT('',(1.,-10.725,8.85499999999999));
#16341=CARTESIAN_POINT('',(1.,-10.725,8.85499999999999));
#16342=CARTESIAN_POINT('',(1.,-10.625,8.75499999999999));
#16343=CARTESIAN_POINT('Origin',(1.,-10.175,9.40500000000002));
#16344=CARTESIAN_POINT('',(1.,-10.625,9.40500000000002));
#16345=CARTESIAN_POINT('',(1.,-10.625,9.40500000000002));
#16346=CARTESIAN_POINT('',(1.,-10.625,9.40500000000002));
#16347=CARTESIAN_POINT('Origin',(1.,-10.175,9.40500000000002));
#16348=CARTESIAN_POINT('',(14.48,-10.625,9.40500000000002));
#16349=CARTESIAN_POINT('',(1.,-10.625,9.40500000000002));
#16350=CARTESIAN_POINT('',(14.48,-10.625,9.40500000000002));
#16351=CARTESIAN_POINT('Origin',(-0.225000000000015,-10.725,0.));
#16352=CARTESIAN_POINT('',(1.,-10.725,9.30500000000002));
#16353=CARTESIAN_POINT('',(1.,-10.725,9.30500000000002));
#16354=CARTESIAN_POINT('',(-0.225000000000015,-10.725,8.08));
#16355=CARTESIAN_POINT('Origin',(0.999999999999999,-10.725,8.08));
#16356=CARTESIAN_POINT('',(-0.225000000000015,-10.725,0.));
#16357=CARTESIAN_POINT('',(-0.225000000000015,-10.725,0.));
#16358=CARTESIAN_POINT('',(0.225000000000006,-10.725,0.));
#16359=CARTESIAN_POINT('',(0.225000000000006,-10.725,0.));
#16360=CARTESIAN_POINT('',(0.225000000000006,-10.725,8.08));
#16361=CARTESIAN_POINT('',(0.225000000000006,-10.725,0.));
#16362=CARTESIAN_POINT('Origin',(1.,-10.725,8.08));
#16363=CARTESIAN_POINT('Origin',(1.,-10.625,9.40500000000002));
#16364=CARTESIAN_POINT('',(1.,-10.725,9.30500000000002));
#16365=CARTESIAN_POINT('Origin',(1.,-10.625,8.75499999999999));
#16366=CARTESIAN_POINT('',(14.48,-10.625,8.75499999999999));
#16367=CARTESIAN_POINT('',(14.48,-10.175,8.75499999999999));
#16368=CARTESIAN_POINT('',(1.,-10.625,8.75499999999999));
#16369=CARTESIAN_POINT('Origin',(1.,-10.725,8.85499999999999));
#16370=CARTESIAN_POINT('',(14.48,-10.725,8.85499999999999));
#16371=CARTESIAN_POINT('',(14.48,-10.625,8.75499999999999));
#16372=CARTESIAN_POINT('',(1.,-10.725,8.85499999999999));
#16373=CARTESIAN_POINT('Origin',(1.,-10.625,9.40500000000002));
#16374=CARTESIAN_POINT('',(14.48,-10.725,9.30500000000002));
#16375=CARTESIAN_POINT('',(1.,-10.725,9.30500000000002));
#16376=CARTESIAN_POINT('',(14.48,-10.725,9.30500000000002));
#16377=CARTESIAN_POINT('Origin',(1.,-10.125,8.08));
#16378=CARTESIAN_POINT('',(0.325000000000006,-10.175,8.08));
#16379=CARTESIAN_POINT('',(0.225000000000006,-10.075,8.08));
#16380=CARTESIAN_POINT('Origin',(1.,-10.175,8.08));
#16381=CARTESIAN_POINT('Origin',(1.,-10.4,8.08));
#16382=CARTESIAN_POINT('',(0.325000000000006,-10.625,8.08));
#16383=CARTESIAN_POINT('',(0.325000000000006,-10.175,8.08));
#16384=CARTESIAN_POINT('Origin',(1.,-10.625,8.08));
#16385=CARTESIAN_POINT('Origin',(1.,-10.675,8.08));
#16386=CARTESIAN_POINT('',(0.325000000000006,-10.625,8.08));
#16387=CARTESIAN_POINT('Origin',(1.,-10.675,8.08));
#16388=CARTESIAN_POINT('',(-0.325000000000015,-10.625,8.08));
#16389=CARTESIAN_POINT('',(-0.225000000000015,-10.725,8.08));
#16390=CARTESIAN_POINT('Origin',(1.,-10.625,8.08));
#16391=CARTESIAN_POINT('Origin',(1.,-10.4,8.08));
#16392=CARTESIAN_POINT('',(-0.325000000000015,-10.175,8.08));
#16393=CARTESIAN_POINT('',(-0.325000000000015,-10.625,8.08));
#16394=CARTESIAN_POINT('Origin',(1.,-10.175,8.08));
#16395=CARTESIAN_POINT('Origin',(1.,-10.125,8.08));
#16396=CARTESIAN_POINT('',(-0.325000000000015,-10.175,8.08));
#16397=CARTESIAN_POINT('Origin',(0.325000000000006,-10.175,0.));
#16398=CARTESIAN_POINT('',(0.325000000000006,-10.175,0.));
#16399=CARTESIAN_POINT('',(0.225000000000006,-10.075,0.));
#16400=CARTESIAN_POINT('',(0.325000000000006,-10.175,0.));
#16401=CARTESIAN_POINT('Origin',(0.325000000000006,-10.625,0.));
#16402=CARTESIAN_POINT('',(0.325000000000006,-10.625,0.));
#16403=CARTESIAN_POINT('',(0.325000000000006,-10.175,0.));
#16404=CARTESIAN_POINT('',(0.325000000000006,-10.625,0.));
#16405=CARTESIAN_POINT('Origin',(0.225000000000006,-10.725,0.));
#16406=CARTESIAN_POINT('',(0.325000000000006,-10.625,0.));
#16407=CARTESIAN_POINT('Origin',(-0.225000000000015,-10.725,0.));
#16408=CARTESIAN_POINT('',(14.48,-10.725,8.85499999999999));
#16409=CARTESIAN_POINT('Origin',(-0.325000000000015,-10.625,0.));
#16410=CARTESIAN_POINT('',(-0.325000000000015,-10.625,0.));
#16411=CARTESIAN_POINT('',(-0.225000000000015,-10.725,0.));
#16412=CARTESIAN_POINT('',(-0.325000000000015,-10.625,0.));
#16413=CARTESIAN_POINT('Origin',(-0.325000000000015,-10.175,0.));
#16414=CARTESIAN_POINT('',(-0.325000000000015,-10.175,0.));
#16415=CARTESIAN_POINT('',(-0.325000000000015,-10.625,0.));
#16416=CARTESIAN_POINT('',(-0.325000000000015,-10.175,0.));
#16417=CARTESIAN_POINT('Origin',(-0.225000000000015,-10.075,0.));
#16418=CARTESIAN_POINT('',(-0.325000000000015,-10.175,0.));
#16419=CARTESIAN_POINT('Origin',(14.48,-10.4,9.08000000000001));
#16420=CARTESIAN_POINT('Origin',(-4.44089209850063E-15,-10.4,0.));
#16421=CARTESIAN_POINT('Origin',(1.49500000000001,-10.075,0.));
#16422=CARTESIAN_POINT('',(2.27000006032176,-10.075,6.31500006032176));
#16423=CARTESIAN_POINT('',(2.27000006032176,-10.075,6.31500006032176));
#16424=CARTESIAN_POINT('',(1.49500000000001,-10.075,5.54));
#16425=CARTESIAN_POINT('Origin',(2.27000006032176,-10.075,5.54));
#16426=CARTESIAN_POINT('',(1.49500000000001,-10.075,0.));
#16427=CARTESIAN_POINT('',(1.49500000000001,-10.075,0.));
#16428=CARTESIAN_POINT('',(1.04499999999998,-10.075,0.));
#16429=CARTESIAN_POINT('',(1.04499999999998,-10.075,0.));
#16430=CARTESIAN_POINT('',(1.04499999999998,-10.075,5.54));
#16431=CARTESIAN_POINT('',(1.04499999999998,-10.075,0.));
#16432=CARTESIAN_POINT('',(2.27000006032176,-10.075,6.76500006032178));
#16433=CARTESIAN_POINT('Origin',(2.27000006032176,-10.075,5.54));
#16434=CARTESIAN_POINT('',(2.27000006032176,-10.075,6.76500006032178));
#16435=CARTESIAN_POINT('Origin',(1.49500000000001,-10.075,0.));
#16436=CARTESIAN_POINT('',(14.5000002160668,-10.075,6.76500006032178));
#16437=CARTESIAN_POINT('',(2.27000006032176,-10.075,6.76500006032178));
#16438=CARTESIAN_POINT('',(14.5000002160668,-10.075,6.31500006032176));
#16439=CARTESIAN_POINT('',(14.5000002160668,-10.075,6.76500006032178));
#16440=CARTESIAN_POINT('',(2.27000006032176,-10.075,6.31500006032176));
#16441=CARTESIAN_POINT('Origin',(2.27000006032176,-10.175,6.21500006032176));
#16442=CARTESIAN_POINT('',(2.27000006032176,-10.175,6.21500006032176));
#16443=CARTESIAN_POINT('',(2.27000006032176,-10.175,6.21500006032176));
#16444=CARTESIAN_POINT('',(2.27000006032176,-10.075,6.31500006032176));
#16445=CARTESIAN_POINT('Origin',(2.27000006032176,-10.175,6.21500006032176));
#16446=CARTESIAN_POINT('',(14.5000002160668,-10.175,6.21500006032176));
#16447=CARTESIAN_POINT('',(14.5000002160668,-10.075,6.31500006032176));
#16448=CARTESIAN_POINT('',(2.27000006032176,-10.175,6.21500006032176));
#16449=CARTESIAN_POINT('Origin',(2.27000006032176,-10.625,6.21500006032176));
#16450=CARTESIAN_POINT('',(2.27000006032176,-10.625,6.21500006032176));
#16451=CARTESIAN_POINT('',(2.27000006032176,-10.625,6.21500006032176));
#16452=CARTESIAN_POINT('',(2.27000006032176,-10.175,6.21500006032176));
#16453=CARTESIAN_POINT('Origin',(2.27000006032176,-10.075,6.76500006032178));
#16454=CARTESIAN_POINT('',(2.27000006032176,-10.175,6.86500006032178));
#16455=CARTESIAN_POINT('',(2.27000006032176,-10.175,6.86500006032178));
#16456=CARTESIAN_POINT('',(2.27000006032176,-10.175,6.86500006032178));
#16457=CARTESIAN_POINT('Origin',(2.27000006032176,-10.075,6.76500006032178));
#16458=CARTESIAN_POINT('',(14.5000002160668,-10.175,6.86500006032178));
#16459=CARTESIAN_POINT('',(2.27000006032176,-10.175,6.86500006032178));
#16460=CARTESIAN_POINT('',(14.5000002160668,-10.175,6.86500006032178));
#16461=CARTESIAN_POINT('Origin',(2.27000006032176,-10.725,6.31500006032176));
#16462=CARTESIAN_POINT('',(2.27000006032176,-10.725,6.31500006032176));
#16463=CARTESIAN_POINT('',(2.27000006032176,-10.725,6.31500006032176));
#16464=CARTESIAN_POINT('',(2.27000006032176,-10.625,6.21500006032176));
#16465=CARTESIAN_POINT('Origin',(2.27000006032176,-10.175,6.86500006032178));
#16466=CARTESIAN_POINT('',(2.27000006032176,-10.625,6.86500006032178));
#16467=CARTESIAN_POINT('',(2.27000006032176,-10.625,6.86500006032178));
#16468=CARTESIAN_POINT('',(2.27000006032176,-10.625,6.86500006032178));
#16469=CARTESIAN_POINT('Origin',(2.27000006032176,-10.175,6.86500006032178));
#16470=CARTESIAN_POINT('',(14.5000002160668,-10.625,6.86500006032178));
#16471=CARTESIAN_POINT('',(2.27000006032176,-10.625,6.86500006032178));
#16472=CARTESIAN_POINT('',(14.5000002160668,-10.625,6.86500006032178));
#16473=CARTESIAN_POINT('Origin',(1.04499999999998,-10.725,0.));
#16474=CARTESIAN_POINT('',(2.27000006032176,-10.725,6.76500006032178));
#16475=CARTESIAN_POINT('',(2.27000006032176,-10.725,6.76500006032178));
#16476=CARTESIAN_POINT('',(1.04499999999998,-10.725,5.54));
#16477=CARTESIAN_POINT('Origin',(2.27000006032176,-10.725,5.54));
#16478=CARTESIAN_POINT('',(1.04499999999998,-10.725,0.));
#16479=CARTESIAN_POINT('',(1.04499999999998,-10.725,0.));
#16480=CARTESIAN_POINT('',(1.49500000000001,-10.725,0.));
#16481=CARTESIAN_POINT('',(1.49500000000001,-10.725,0.));
#16482=CARTESIAN_POINT('',(1.49500000000001,-10.725,5.54));
#16483=CARTESIAN_POINT('',(1.49500000000001,-10.725,0.));
#16484=CARTESIAN_POINT('Origin',(2.27000006032176,-10.725,5.54));
#16485=CARTESIAN_POINT('Origin',(2.27000006032176,-10.625,6.86500006032178));
#16486=CARTESIAN_POINT('',(2.27000006032176,-10.725,6.76500006032178));
#16487=CARTESIAN_POINT('Origin',(2.27000006032176,-10.625,6.21500006032176));
#16488=CARTESIAN_POINT('',(14.5000002160668,-10.625,6.21500006032176));
#16489=CARTESIAN_POINT('',(14.5000002160668,-10.175,6.21500006032176));
#16490=CARTESIAN_POINT('',(2.27000006032176,-10.625,6.21500006032176));
#16491=CARTESIAN_POINT('Origin',(2.27000006032176,-10.725,6.31500006032176));
#16492=CARTESIAN_POINT('',(14.5000002160668,-10.725,6.31500006032176));
#16493=CARTESIAN_POINT('',(14.5000002160668,-10.625,6.21500006032176));
#16494=CARTESIAN_POINT('',(2.27000006032176,-10.725,6.31500006032176));
#16495=CARTESIAN_POINT('Origin',(2.27000006032176,-10.625,6.86500006032178));
#16496=CARTESIAN_POINT('',(14.5000002160668,-10.725,6.76500006032178));
#16497=CARTESIAN_POINT('',(2.27000006032176,-10.725,6.76500006032178));
#16498=CARTESIAN_POINT('',(14.5000002160668,-10.725,6.76500006032178));
#16499=CARTESIAN_POINT('Origin',(2.27000006032176,-10.125,5.54));
#16500=CARTESIAN_POINT('',(0.944999999999985,-10.175,5.54));
#16501=CARTESIAN_POINT('',(0.944999999999985,-10.175,5.54));
#16502=CARTESIAN_POINT('Origin',(2.27000006032176,-10.175,5.54));
#16503=CARTESIAN_POINT('Origin',(2.27000006032176,-10.125,5.54));
#16504=CARTESIAN_POINT('',(1.59500000000001,-10.175,5.54));
#16505=CARTESIAN_POINT('',(1.49500000000001,-10.075,5.54));
#16506=CARTESIAN_POINT('Origin',(2.27000006032176,-10.175,5.54));
#16507=CARTESIAN_POINT('Origin',(2.27000006032176,-10.4,5.54));
#16508=CARTESIAN_POINT('',(1.59500000000001,-10.625,5.54));
#16509=CARTESIAN_POINT('',(1.59500000000001,-10.175,5.54));
#16510=CARTESIAN_POINT('Origin',(2.27000006032176,-10.625,5.54));
#16511=CARTESIAN_POINT('Origin',(2.27000006032176,-10.675,5.54));
#16512=CARTESIAN_POINT('',(1.59500000000001,-10.625,5.54));
#16513=CARTESIAN_POINT('Origin',(2.27000006032176,-10.675,5.54));
#16514=CARTESIAN_POINT('',(0.944999999999985,-10.625,5.54));
#16515=CARTESIAN_POINT('',(1.04499999999998,-10.725,5.54));
#16516=CARTESIAN_POINT('Origin',(2.27000006032176,-10.625,5.54));
#16517=CARTESIAN_POINT('Origin',(2.27000006032176,-10.4,5.54));
#16518=CARTESIAN_POINT('',(0.944999999999985,-10.625,5.54));
#16519=CARTESIAN_POINT('Origin',(1.04499999999998,-10.075,0.));
#16520=CARTESIAN_POINT('',(0.944999999999985,-10.175,0.));
#16521=CARTESIAN_POINT('',(0.944999999999985,-10.175,0.));
#16522=CARTESIAN_POINT('',(0.944999999999985,-10.175,0.));
#16523=CARTESIAN_POINT('Origin',(1.59500000000001,-10.175,0.));
#16524=CARTESIAN_POINT('',(1.59500000000001,-10.175,0.));
#16525=CARTESIAN_POINT('',(1.49500000000001,-10.075,0.));
#16526=CARTESIAN_POINT('',(1.59500000000001,-10.175,0.));
#16527=CARTESIAN_POINT('Origin',(1.59500000000001,-10.625,0.));
#16528=CARTESIAN_POINT('',(1.59500000000001,-10.625,0.));
#16529=CARTESIAN_POINT('',(1.59500000000001,-10.175,0.));
#16530=CARTESIAN_POINT('',(1.59500000000001,-10.625,0.));
#16531=CARTESIAN_POINT('Origin',(1.49500000000001,-10.725,0.));
#16532=CARTESIAN_POINT('',(1.59500000000001,-10.625,0.));
#16533=CARTESIAN_POINT('Origin',(1.04499999999998,-10.725,0.));
#16534=CARTESIAN_POINT('',(14.5000002160668,-10.725,6.31500006032176));
#16535=CARTESIAN_POINT('Origin',(0.944999999999985,-10.625,0.));
#16536=CARTESIAN_POINT('',(0.944999999999985,-10.625,0.));
#16537=CARTESIAN_POINT('',(1.04499999999998,-10.725,0.));
#16538=CARTESIAN_POINT('',(0.944999999999985,-10.625,0.));
#16539=CARTESIAN_POINT('Origin',(0.944999999999985,-10.175,0.));
#16540=CARTESIAN_POINT('',(0.944999999999985,-10.625,0.));
#16541=CARTESIAN_POINT('Origin',(14.5000002160668,-10.4,6.54000006032177));
#16542=CARTESIAN_POINT('Origin',(1.27,-10.4,0.));
#16543=CARTESIAN_POINT('Origin',(7.86500000000001,-5.2,6.86500000000002));
#16544=CARTESIAN_POINT('',(7.86500000000001,-5.97,3.05500000000002));
#16545=CARTESIAN_POINT('',(7.86500000000001,-4.43,3.05500000000002));
#16546=CARTESIAN_POINT('',(7.86500000000001,-5.97,3.05500000000002));
#16547=CARTESIAN_POINT('',(7.86500000000001,-3.93,3.55500000000002));
#16548=CARTESIAN_POINT('',(7.86500000000001,-4.43,3.05500000000002));
#16549=CARTESIAN_POINT('',(7.86500000000001,-3.93,10.175));
#16550=CARTESIAN_POINT('',(7.86500000000001,-3.93,3.55500000000002));
#16551=CARTESIAN_POINT('',(7.86500000000001,-4.43,10.675));
#16552=CARTESIAN_POINT('',(7.86500000000001,-3.93,10.175));
#16553=CARTESIAN_POINT('',(7.86500000000001,-5.97,10.675));
#16554=CARTESIAN_POINT('',(7.86500000000001,-4.43,10.675));
#16555=CARTESIAN_POINT('',(7.86500000000001,-6.47,10.175));
#16556=CARTESIAN_POINT('',(7.86500000000001,-5.97,10.675));
#16557=CARTESIAN_POINT('',(7.86500000000001,-6.47,3.55500000000002));
#16558=CARTESIAN_POINT('',(7.86500000000001,-6.47,10.175));
#16559=CARTESIAN_POINT('',(7.86500000000001,-5.97,3.05500000000002));
#16560=CARTESIAN_POINT('',(7.86500000000001,-5.42500000000001,4.32500012064354));
#16561=CARTESIAN_POINT('',(7.86500000000001,-5.52500000000001,4.22500012064354));
#16562=CARTESIAN_POINT('',(7.86500000000001,-4.73375003016089,5.01625009048266));
#16563=CARTESIAN_POINT('',(7.86500000000001,-4.97499999999999,4.32500012064354));
#16564=CARTESIAN_POINT('',(7.86500000000001,-5.08749999999999,4.32500012064354));
#16565=CARTESIAN_POINT('',(7.86500000000001,-4.87499999999998,4.22500012064354));
#16566=CARTESIAN_POINT('',(7.86500000000001,-5.61624996983911,4.96625009048266));
#16567=CARTESIAN_POINT('',(7.86500000000001,-4.87499999999998,3.77500012064352));
#16568=CARTESIAN_POINT('',(7.86500000000001,-4.87499999999998,3.43250000000001));
#16569=CARTESIAN_POINT('',(7.86500000000001,-4.97499999999999,3.67500012064352));
#16570=CARTESIAN_POINT('',(7.86500000000001,-4.23375003016086,4.41625009048264));
#16571=CARTESIAN_POINT('',(7.86500000000001,-5.42500000000001,3.67500012064352));
#16572=CARTESIAN_POINT('',(7.86500000000001,-5.3125,3.67500012064352));
#16573=CARTESIAN_POINT('',(7.86500000000001,-5.52500000000001,3.77500012064352));
#16574=CARTESIAN_POINT('',(7.86500000000001,-6.21624996983913,4.46625009048264));
#16575=CARTESIAN_POINT('',(7.86500000000001,-5.52500000000001,3.43250000000001));
#16576=CARTESIAN_POINT('',(7.86500000000001,-5.42500000000001,9.40500000000002));
#16577=CARTESIAN_POINT('',(7.86500000000001,-5.52500000000001,9.30500000000002));
#16578=CARTESIAN_POINT('',(7.86500000000001,-6.00375,8.82625000000002));
#16579=CARTESIAN_POINT('',(7.86500000000001,-4.97499999999999,9.40500000000002));
#16580=CARTESIAN_POINT('',(7.86500000000001,-5.08749999999999,9.40500000000002));
#16581=CARTESIAN_POINT('',(7.86500000000001,-4.87499999999998,9.30500000000002));
#16582=CARTESIAN_POINT('',(7.86500000000001,-4.34624999999999,8.77625000000002));
#16583=CARTESIAN_POINT('',(7.86500000000001,-4.87499999999998,8.85499999999999));
#16584=CARTESIAN_POINT('',(7.86500000000001,-4.87499999999998,3.43250000000001));
#16585=CARTESIAN_POINT('',(7.86500000000001,-4.97499999999999,8.75499999999999));
#16586=CARTESIAN_POINT('',(7.86500000000001,-5.50374999999998,8.22625));
#16587=CARTESIAN_POINT('',(7.86500000000001,-5.42500000000001,8.75499999999999));
#16588=CARTESIAN_POINT('',(7.86500000000001,-5.3125,8.75499999999999));
#16589=CARTESIAN_POINT('',(7.86500000000001,-5.52500000000001,8.85499999999999));
#16590=CARTESIAN_POINT('',(7.86500000000001,-4.94625000000001,8.27625));
#16591=CARTESIAN_POINT('',(7.86500000000001,-5.52500000000001,3.43250000000001));
#16592=CARTESIAN_POINT('',(7.86500000000001,-5.42500000000001,6.86500006032178));
#16593=CARTESIAN_POINT('',(7.86500000000001,-5.52500000000001,6.76500006032178));
#16594=CARTESIAN_POINT('',(7.86500000000001,-5.36875001508045,6.92125004524134));
#16595=CARTESIAN_POINT('',(7.86500000000001,-4.97499999999999,6.86500006032178));
#16596=CARTESIAN_POINT('',(7.86500000000001,-5.08749999999999,6.86500006032178));
#16597=CARTESIAN_POINT('',(7.86500000000001,-4.87499999999998,6.76500006032178));
#16598=CARTESIAN_POINT('',(7.86500000000001,-4.98124998491955,6.87125004524134));
#16599=CARTESIAN_POINT('',(7.86500000000001,-4.87499999999998,6.31500006032176));
#16600=CARTESIAN_POINT('',(7.86500000000001,-4.87499999999998,3.43250000000001));
#16601=CARTESIAN_POINT('',(7.86500000000001,-4.97499999999999,6.21500006032176));
#16602=CARTESIAN_POINT('',(7.86500000000001,-4.86875001508042,6.32125004524132));
#16603=CARTESIAN_POINT('',(7.86500000000001,-5.42500000000001,6.21500006032176));
#16604=CARTESIAN_POINT('',(7.86500000000001,-5.3125,6.21500006032176));
#16605=CARTESIAN_POINT('',(7.86500000000001,-5.52500000000001,6.31500006032176));
#16606=CARTESIAN_POINT('',(7.86500000000001,-5.58124998491957,6.37125004524132));
#16607=CARTESIAN_POINT('',(7.86500000000001,-5.52500000000001,3.43250000000001));
#16608=CARTESIAN_POINT('Origin',(5.36500000000001,-5.2,6.86500000000002));
#16609=CARTESIAN_POINT('',(5.36500000000001,-5.97,3.05500000000002));
#16610=CARTESIAN_POINT('',(5.36500000000001,-4.43,3.05500000000002));
#16611=CARTESIAN_POINT('',(5.36500000000001,-5.97,3.05500000000002));
#16612=CARTESIAN_POINT('',(5.36500000000001,-6.47,3.55500000000002));
#16613=CARTESIAN_POINT('',(5.36500000000001,-5.97,3.05500000000002));
#16614=CARTESIAN_POINT('',(5.36500000000001,-6.47,10.175));
#16615=CARTESIAN_POINT('',(5.36500000000001,-6.47,10.175));
#16616=CARTESIAN_POINT('',(5.36500000000001,-5.97,10.675));
#16617=CARTESIAN_POINT('',(5.36500000000001,-5.97,10.675));
#16618=CARTESIAN_POINT('',(5.36500000000001,-4.43,10.675));
#16619=CARTESIAN_POINT('',(5.36500000000001,-4.43,10.675));
#16620=CARTESIAN_POINT('',(5.36500000000001,-3.93,10.175));
#16621=CARTESIAN_POINT('',(5.36500000000001,-3.93,10.175));
#16622=CARTESIAN_POINT('',(5.36500000000001,-3.93,3.55500000000002));
#16623=CARTESIAN_POINT('',(5.36500000000001,-3.93,3.55500000000002));
#16624=CARTESIAN_POINT('',(5.36500000000001,-4.43,3.05500000000002));
#16625=CARTESIAN_POINT('',(5.36500000000001,-5.52500000000001,4.22500012064354));
#16626=CARTESIAN_POINT('',(5.36500000000001,-5.42500000000001,4.32500012064354));
#16627=CARTESIAN_POINT('',(5.36500000000001,-4.73375003016089,5.01625009048266));
#16628=CARTESIAN_POINT('',(5.36500000000001,-5.52500000000001,3.77500012064352));
#16629=CARTESIAN_POINT('',(5.36500000000001,-5.52500000000001,3.43250000000001));
#16630=CARTESIAN_POINT('',(5.36500000000001,-5.42500000000001,3.67500012064352));
#16631=CARTESIAN_POINT('',(5.36500000000001,-6.21624996983913,4.46625009048264));
#16632=CARTESIAN_POINT('',(5.36500000000001,-4.97499999999999,3.67500012064352));
#16633=CARTESIAN_POINT('',(5.36500000000001,-5.3125,3.67500012064352));
#16634=CARTESIAN_POINT('',(5.36500000000001,-4.87499999999998,3.77500012064352));
#16635=CARTESIAN_POINT('',(5.36500000000001,-4.23375003016086,4.41625009048264));
#16636=CARTESIAN_POINT('',(5.36500000000001,-4.87499999999998,4.22500012064354));
#16637=CARTESIAN_POINT('',(5.36500000000001,-4.87499999999998,3.43250000000001));
#16638=CARTESIAN_POINT('',(5.36500000000001,-4.97499999999999,4.32500012064354));
#16639=CARTESIAN_POINT('',(5.36500000000001,-5.61624996983911,4.96625009048266));
#16640=CARTESIAN_POINT('',(5.36500000000001,-5.08749999999999,4.32500012064354));
#16641=CARTESIAN_POINT('',(5.36500000000001,-5.52500000000001,9.30500000000002));
#16642=CARTESIAN_POINT('',(5.36500000000001,-5.42500000000001,9.40500000000002));
#16643=CARTESIAN_POINT('',(5.36500000000001,-6.00375,8.82625000000002));
#16644=CARTESIAN_POINT('',(5.36500000000001,-5.52500000000001,8.85499999999999));
#16645=CARTESIAN_POINT('',(5.36500000000001,-5.52500000000001,3.43250000000001));
#16646=CARTESIAN_POINT('',(5.36500000000001,-5.42500000000001,8.75499999999999));
#16647=CARTESIAN_POINT('',(5.36500000000001,-4.94625000000001,8.27625));
#16648=CARTESIAN_POINT('',(5.36500000000001,-4.97499999999999,8.75499999999999));
#16649=CARTESIAN_POINT('',(5.36500000000001,-5.3125,8.75499999999999));
#16650=CARTESIAN_POINT('',(5.36500000000001,-4.87499999999998,8.85499999999999));
#16651=CARTESIAN_POINT('',(5.36500000000001,-5.50374999999998,8.22625));
#16652=CARTESIAN_POINT('',(5.36500000000001,-4.87499999999998,9.30500000000002));
#16653=CARTESIAN_POINT('',(5.36500000000001,-4.87499999999998,3.43250000000001));
#16654=CARTESIAN_POINT('',(5.36500000000001,-4.97499999999999,9.40500000000002));
#16655=CARTESIAN_POINT('',(5.36500000000001,-4.34624999999999,8.77625000000002));
#16656=CARTESIAN_POINT('',(5.36500000000001,-5.08749999999999,9.40500000000002));
#16657=CARTESIAN_POINT('',(5.36500000000001,-5.52500000000001,6.76500006032178));
#16658=CARTESIAN_POINT('',(5.36500000000001,-5.42500000000001,6.86500006032178));
#16659=CARTESIAN_POINT('',(5.36500000000001,-5.36875001508045,6.92125004524134));
#16660=CARTESIAN_POINT('',(5.36500000000001,-5.52500000000001,6.31500006032176));
#16661=CARTESIAN_POINT('',(5.36500000000001,-5.52500000000001,3.43250000000001));
#16662=CARTESIAN_POINT('',(5.36500000000001,-5.42500000000001,6.21500006032176));
#16663=CARTESIAN_POINT('',(5.36500000000001,-5.58124998491957,6.37125004524132));
#16664=CARTESIAN_POINT('',(5.36500000000001,-4.97499999999999,6.21500006032176));
#16665=CARTESIAN_POINT('',(5.36500000000001,-5.3125,6.21500006032176));
#16666=CARTESIAN_POINT('',(5.36500000000001,-4.87499999999998,6.31500006032176));
#16667=CARTESIAN_POINT('',(5.36500000000001,-4.86875001508042,6.32125004524132));
#16668=CARTESIAN_POINT('',(5.36500000000001,-4.87499999999998,6.76500006032178));
#16669=CARTESIAN_POINT('',(5.36500000000001,-4.87499999999998,3.43250000000001));
#16670=CARTESIAN_POINT('',(5.36500000000001,-4.97499999999999,6.86500006032178));
#16671=CARTESIAN_POINT('',(5.36500000000001,-4.98124998491955,6.87125004524134));
#16672=CARTESIAN_POINT('',(5.36500000000001,-5.08749999999999,6.86500006032178));
#16673=CARTESIAN_POINT('Origin',(5.36500000000001,-6.47,3.55500000000002));
#16674=CARTESIAN_POINT('',(5.36500000000001,-5.97,3.05500000000002));
#16675=CARTESIAN_POINT('',(5.36500000000001,-6.47,3.55500000000002));
#16676=CARTESIAN_POINT('Origin',(5.36500000000001,-6.47,10.175));
#16677=CARTESIAN_POINT('',(5.36500000000001,-6.47,10.175));
#16678=CARTESIAN_POINT('Origin',(5.36500000000001,-5.97,10.675));
#16679=CARTESIAN_POINT('',(5.36500000000001,-5.97,10.675));
#16680=CARTESIAN_POINT('Origin',(5.36500000000001,-4.43,10.675));
#16681=CARTESIAN_POINT('',(5.36500000000001,-4.43,10.675));
#16682=CARTESIAN_POINT('Origin',(5.36500000000001,-3.93,10.175));
#16683=CARTESIAN_POINT('',(5.36500000000001,-3.93,10.175));
#16684=CARTESIAN_POINT('Origin',(5.36500000000001,-3.93,3.55500000000002));
#16685=CARTESIAN_POINT('',(5.36500000000001,-3.93,3.55500000000002));
#16686=CARTESIAN_POINT('Origin',(5.36500000000001,-4.43,3.05500000000002));
#16687=CARTESIAN_POINT('',(5.36500000000001,-4.43,3.05500000000002));
#16688=CARTESIAN_POINT('Origin',(5.36500000000001,-5.97,3.05500000000002));
#16689=CARTESIAN_POINT('Origin',(2.76500000000001,-4.87499999999998,0.));
#16690=CARTESIAN_POINT('',(3.54000012064353,-4.87499999999998,3.77500012064352));
#16691=CARTESIAN_POINT('',(3.54000012064353,-4.87499999999998,3.77500012064352));
#16692=CARTESIAN_POINT('',(2.76500000000001,-4.87499999999998,3.));
#16693=CARTESIAN_POINT('Origin',(3.54000012064353,-4.87499999999998,3.));
#16694=CARTESIAN_POINT('',(2.76500000000001,-4.87499999999998,0.));
#16695=CARTESIAN_POINT('',(2.76500000000001,-4.87499999999998,0.));
#16696=CARTESIAN_POINT('',(2.31499999999998,-4.87499999999998,0.));
#16697=CARTESIAN_POINT('',(2.31499999999998,-4.87499999999998,0.));
#16698=CARTESIAN_POINT('',(2.31499999999998,-4.87499999999998,3.));
#16699=CARTESIAN_POINT('',(2.31499999999998,-4.87499999999998,0.));
#16700=CARTESIAN_POINT('',(3.54000012064353,-4.87499999999998,4.22500012064354));
#16701=CARTESIAN_POINT('Origin',(3.54000012064353,-4.87499999999998,3.));
#16702=CARTESIAN_POINT('',(3.54000012064353,-4.87499999999998,4.22500012064354));
#16703=CARTESIAN_POINT('Origin',(2.76500000000001,-4.87499999999998,0.));
#16704=CARTESIAN_POINT('',(14.4999996758997,-4.87499999999998,4.22500012064354));
#16705=CARTESIAN_POINT('',(3.54000012064353,-4.87499999999998,4.22500012064354));
#16706=CARTESIAN_POINT('',(14.4999996758997,-4.87499999999998,3.77500012064352));
#16707=CARTESIAN_POINT('',(14.4999996758997,-4.87499999999998,4.22500012064354));
#16708=CARTESIAN_POINT('',(3.54000012064353,-4.87499999999998,3.77500012064352));
#16709=CARTESIAN_POINT('Origin',(3.54000012064353,-4.97499999999999,3.67500012064352));
#16710=CARTESIAN_POINT('',(3.54000012064353,-4.97499999999999,3.67500012064352));
#16711=CARTESIAN_POINT('',(3.54000012064353,-4.97499999999999,3.67500012064352));
#16712=CARTESIAN_POINT('',(3.54000012064353,-4.87499999999998,3.77500012064352));
#16713=CARTESIAN_POINT('Origin',(3.54000012064353,-4.97499999999999,3.67500012064352));
#16714=CARTESIAN_POINT('',(14.4999996758997,-4.97499999999999,3.67500012064352));
#16715=CARTESIAN_POINT('',(14.4999996758997,-4.87499999999998,3.77500012064352));
#16716=CARTESIAN_POINT('',(3.54000012064353,-4.97499999999999,3.67500012064352));
#16717=CARTESIAN_POINT('Origin',(3.54000012064353,-5.42500000000001,3.67500012064352));
#16718=CARTESIAN_POINT('',(3.54000012064353,-5.42500000000001,3.67500012064352));
#16719=CARTESIAN_POINT('',(3.54000012064353,-5.42500000000001,3.67500012064352));
#16720=CARTESIAN_POINT('',(3.54000012064353,-4.97499999999999,3.67500012064352));
#16721=CARTESIAN_POINT('Origin',(3.54000012064353,-4.87499999999998,4.22500012064354));
#16722=CARTESIAN_POINT('',(3.54000012064353,-4.97499999999999,4.32500012064354));
#16723=CARTESIAN_POINT('',(3.54000012064353,-4.97499999999999,4.32500012064354));
#16724=CARTESIAN_POINT('',(3.54000012064353,-4.97499999999999,4.32500012064354));
#16725=CARTESIAN_POINT('Origin',(3.54000012064353,-4.87499999999998,4.22500012064354));
#16726=CARTESIAN_POINT('',(14.4999996758997,-4.97499999999999,4.32500012064354));
#16727=CARTESIAN_POINT('',(3.54000012064353,-4.97499999999999,4.32500012064354));
#16728=CARTESIAN_POINT('',(14.4999996758997,-4.97499999999999,4.32500012064354));
#16729=CARTESIAN_POINT('Origin',(3.54000012064353,-5.52500000000001,3.77500012064352));
#16730=CARTESIAN_POINT('',(3.54000012064353,-5.52500000000001,3.77500012064352));
#16731=CARTESIAN_POINT('',(3.54000012064353,-5.52500000000001,3.77500012064352));
#16732=CARTESIAN_POINT('',(3.54000012064353,-5.42500000000001,3.67500012064352));
#16733=CARTESIAN_POINT('Origin',(3.54000012064353,-4.97499999999999,4.32500012064354));
#16734=CARTESIAN_POINT('',(3.54000012064353,-5.42500000000001,4.32500012064354));
#16735=CARTESIAN_POINT('',(3.54000012064353,-5.42500000000001,4.32500012064354));
#16736=CARTESIAN_POINT('',(3.54000012064353,-5.42500000000001,4.32500012064354));
#16737=CARTESIAN_POINT('Origin',(3.54000012064353,-4.97499999999999,4.32500012064354));
#16738=CARTESIAN_POINT('',(14.4999996758997,-5.42500000000001,4.32500012064354));
#16739=CARTESIAN_POINT('',(3.54000012064353,-5.42500000000001,4.32500012064354));
#16740=CARTESIAN_POINT('',(14.4999996758997,-5.42500000000001,4.32500012064354));
#16741=CARTESIAN_POINT('Origin',(2.31499999999998,-5.52500000000001,0.));
#16742=CARTESIAN_POINT('',(3.54000012064353,-5.52500000000001,4.22500012064354));
#16743=CARTESIAN_POINT('',(3.54000012064353,-5.52500000000001,4.22500012064354));
#16744=CARTESIAN_POINT('',(2.31499999999998,-5.52500000000001,3.));
#16745=CARTESIAN_POINT('Origin',(3.54000012064353,-5.52500000000001,3.));
#16746=CARTESIAN_POINT('',(2.31499999999998,-5.52500000000001,0.));
#16747=CARTESIAN_POINT('',(2.31499999999998,-5.52500000000001,0.));
#16748=CARTESIAN_POINT('',(2.76500000000001,-5.52500000000001,0.));
#16749=CARTESIAN_POINT('',(2.76500000000001,-5.52500000000001,0.));
#16750=CARTESIAN_POINT('',(2.76500000000001,-5.52500000000001,3.));
#16751=CARTESIAN_POINT('',(2.76500000000001,-5.52500000000001,0.));
#16752=CARTESIAN_POINT('Origin',(3.54000012064353,-5.52500000000001,3.));
#16753=CARTESIAN_POINT('Origin',(3.54000012064353,-5.42500000000001,4.32500012064354));
#16754=CARTESIAN_POINT('',(3.54000012064353,-5.52500000000001,4.22500012064354));
#16755=CARTESIAN_POINT('Origin',(3.54000012064353,-5.42500000000001,3.67500012064352));
#16756=CARTESIAN_POINT('',(14.4999996758997,-5.42500000000001,3.67500012064352));
#16757=CARTESIAN_POINT('',(14.4999996758997,-4.97499999999999,3.67500012064352));
#16758=CARTESIAN_POINT('',(3.54000012064353,-5.42500000000001,3.67500012064352));
#16759=CARTESIAN_POINT('Origin',(3.54000012064353,-5.52500000000001,3.77500012064352));
#16760=CARTESIAN_POINT('',(14.4999996758997,-5.52500000000001,3.77500012064352));
#16761=CARTESIAN_POINT('',(14.4999996758997,-5.42500000000001,3.67500012064352));
#16762=CARTESIAN_POINT('',(3.54000012064353,-5.52500000000001,3.77500012064352));
#16763=CARTESIAN_POINT('Origin',(3.54000012064353,-5.42500000000001,4.32500012064354));
#16764=CARTESIAN_POINT('',(14.4999996758997,-5.52500000000001,4.22500012064354));
#16765=CARTESIAN_POINT('',(3.54000012064353,-5.52500000000001,4.22500012064354));
#16766=CARTESIAN_POINT('',(14.4999996758997,-5.52500000000001,4.22500012064354));
#16767=CARTESIAN_POINT('Origin',(3.54000012064353,-4.92499999999998,3.));
#16768=CARTESIAN_POINT('',(2.21499999999998,-4.97499999999999,3.));
#16769=CARTESIAN_POINT('',(2.21499999999998,-4.97499999999999,3.));
#16770=CARTESIAN_POINT('Origin',(3.54000012064353,-4.97499999999999,3.));
#16771=CARTESIAN_POINT('Origin',(3.54000012064353,-4.92499999999998,3.));
#16772=CARTESIAN_POINT('',(2.86500000000001,-4.97499999999999,3.));
#16773=CARTESIAN_POINT('',(2.76500000000001,-4.87499999999998,3.));
#16774=CARTESIAN_POINT('Origin',(3.54000012064353,-4.97499999999999,3.));
#16775=CARTESIAN_POINT('Origin',(3.54000012064353,-5.2,3.));
#16776=CARTESIAN_POINT('',(2.86500000000001,-5.42500000000001,3.));
#16777=CARTESIAN_POINT('',(2.86500000000001,-4.97499999999999,3.));
#16778=CARTESIAN_POINT('Origin',(3.54000012064353,-5.42500000000001,3.));
#16779=CARTESIAN_POINT('Origin',(3.54000012064353,-5.47500000000001,3.));
#16780=CARTESIAN_POINT('',(2.86500000000001,-5.42500000000001,3.));
#16781=CARTESIAN_POINT('Origin',(3.54000012064353,-5.47500000000001,3.));
#16782=CARTESIAN_POINT('',(2.21499999999998,-5.42500000000001,3.));
#16783=CARTESIAN_POINT('',(2.31499999999998,-5.52500000000001,3.));
#16784=CARTESIAN_POINT('Origin',(3.54000012064353,-5.42500000000001,3.));
#16785=CARTESIAN_POINT('Origin',(3.54000012064353,-5.2,3.));
#16786=CARTESIAN_POINT('',(2.21499999999998,-5.42500000000001,3.));
#16787=CARTESIAN_POINT('Origin',(2.31499999999998,-4.87499999999998,0.));
#16788=CARTESIAN_POINT('',(2.21499999999998,-4.97499999999999,0.));
#16789=CARTESIAN_POINT('',(2.21499999999998,-4.97499999999999,0.));
#16790=CARTESIAN_POINT('',(2.21499999999998,-4.97499999999999,0.));
#16791=CARTESIAN_POINT('Origin',(2.86500000000001,-4.97499999999999,0.));
#16792=CARTESIAN_POINT('',(2.86500000000001,-4.97499999999999,0.));
#16793=CARTESIAN_POINT('',(2.76500000000001,-4.87499999999998,0.));
#16794=CARTESIAN_POINT('',(2.86500000000001,-4.97499999999999,0.));
#16795=CARTESIAN_POINT('Origin',(2.86500000000001,-5.42500000000001,0.));
#16796=CARTESIAN_POINT('',(2.86500000000001,-5.42500000000001,0.));
#16797=CARTESIAN_POINT('',(2.86500000000001,-4.97499999999999,0.));
#16798=CARTESIAN_POINT('',(2.86500000000001,-5.42500000000001,0.));
#16799=CARTESIAN_POINT('Origin',(2.76500000000001,-5.52500000000001,0.));
#16800=CARTESIAN_POINT('',(2.86500000000001,-5.42500000000001,0.));
#16801=CARTESIAN_POINT('Origin',(2.31499999999998,-5.52500000000001,0.));
#16802=CARTESIAN_POINT('',(14.4999996758997,-5.52500000000001,3.77500012064352));
#16803=CARTESIAN_POINT('Origin',(2.21499999999998,-5.42500000000001,0.));
#16804=CARTESIAN_POINT('',(2.21499999999998,-5.42500000000001,0.));
#16805=CARTESIAN_POINT('',(2.31499999999998,-5.52500000000001,0.));
#16806=CARTESIAN_POINT('',(2.21499999999998,-5.42500000000001,0.));
#16807=CARTESIAN_POINT('Origin',(2.21499999999998,-4.97499999999999,0.));
#16808=CARTESIAN_POINT('',(2.21499999999998,-5.42500000000001,0.));
#16809=CARTESIAN_POINT('Origin',(14.4999996758997,-5.2,4.00000012064353));
#16810=CARTESIAN_POINT('Origin',(2.54,-5.2,0.));
#16811=CARTESIAN_POINT('Origin',(0.225000000000006,-4.87499999999998,0.));
#16812=CARTESIAN_POINT('',(1.,-4.87499999999998,8.85499999999999));
#16813=CARTESIAN_POINT('',(1.,-4.87499999999998,8.85499999999999));
#16814=CARTESIAN_POINT('',(0.225000000000006,-4.87499999999998,8.08));
#16815=CARTESIAN_POINT('Origin',(1.,-4.87499999999998,8.08));
#16816=CARTESIAN_POINT('',(0.225000000000006,-4.87499999999998,0.));
#16817=CARTESIAN_POINT('',(0.225000000000006,-4.87499999999998,0.));
#16818=CARTESIAN_POINT('',(-0.225000000000015,-4.87499999999998,0.));
#16819=CARTESIAN_POINT('',(-0.225000000000015,-4.87499999999998,0.));
#16820=CARTESIAN_POINT('',(-0.225000000000015,-4.87499999999998,8.08));
#16821=CARTESIAN_POINT('',(-0.225000000000015,-4.87499999999998,0.));
#16822=CARTESIAN_POINT('',(1.,-4.87499999999998,9.30500000000002));
#16823=CARTESIAN_POINT('Origin',(0.999999999999999,-4.87499999999998,8.08));
#16824=CARTESIAN_POINT('',(1.,-4.87499999999998,9.30500000000002));
#16825=CARTESIAN_POINT('Origin',(0.225000000000006,-4.87499999999998,0.));
#16826=CARTESIAN_POINT('',(14.48,-4.87499999999998,9.30500000000002));
#16827=CARTESIAN_POINT('',(1.,-4.87499999999998,9.30500000000002));
#16828=CARTESIAN_POINT('',(14.48,-4.87499999999998,8.85499999999999));
#16829=CARTESIAN_POINT('',(14.48,-4.87499999999998,9.30500000000002));
#16830=CARTESIAN_POINT('',(1.,-4.87499999999998,8.85499999999999));
#16831=CARTESIAN_POINT('Origin',(1.,-4.97499999999999,8.75499999999999));
#16832=CARTESIAN_POINT('',(1.,-4.97499999999999,8.75499999999999));
#16833=CARTESIAN_POINT('',(1.,-4.97499999999999,8.75499999999999));
#16834=CARTESIAN_POINT('',(1.,-4.87499999999998,8.85499999999999));
#16835=CARTESIAN_POINT('Origin',(1.,-4.97499999999999,8.75499999999999));
#16836=CARTESIAN_POINT('',(14.48,-4.97499999999999,8.75499999999999));
#16837=CARTESIAN_POINT('',(14.48,-4.87499999999998,8.85499999999999));
#16838=CARTESIAN_POINT('',(1.,-4.97499999999999,8.75499999999999));
#16839=CARTESIAN_POINT('Origin',(1.,-5.42500000000001,8.75499999999999));
#16840=CARTESIAN_POINT('',(1.,-5.42500000000001,8.75499999999999));
#16841=CARTESIAN_POINT('',(1.,-5.42500000000001,8.75499999999999));
#16842=CARTESIAN_POINT('',(1.,-4.97499999999999,8.75499999999999));
#16843=CARTESIAN_POINT('Origin',(1.,-4.87499999999998,9.30500000000002));
#16844=CARTESIAN_POINT('',(1.,-4.97499999999999,9.40500000000002));
#16845=CARTESIAN_POINT('',(1.,-4.97499999999999,9.40500000000002));
#16846=CARTESIAN_POINT('',(1.,-4.97499999999999,9.40500000000002));
#16847=CARTESIAN_POINT('Origin',(1.,-4.87499999999998,9.30500000000002));
#16848=CARTESIAN_POINT('',(14.48,-4.97499999999999,9.40500000000002));
#16849=CARTESIAN_POINT('',(1.,-4.97499999999999,9.40500000000002));
#16850=CARTESIAN_POINT('',(14.48,-4.97499999999999,9.40500000000002));
#16851=CARTESIAN_POINT('Origin',(1.,-5.52500000000001,8.85499999999999));
#16852=CARTESIAN_POINT('',(1.,-5.52500000000001,8.85499999999999));
#16853=CARTESIAN_POINT('',(1.,-5.52500000000001,8.85499999999999));
#16854=CARTESIAN_POINT('',(1.,-5.42500000000001,8.75499999999999));
#16855=CARTESIAN_POINT('Origin',(1.,-4.97499999999999,9.40500000000002));
#16856=CARTESIAN_POINT('',(1.,-5.42500000000001,9.40500000000002));
#16857=CARTESIAN_POINT('',(1.,-5.42500000000001,9.40500000000002));
#16858=CARTESIAN_POINT('',(1.,-5.42500000000001,9.40500000000002));
#16859=CARTESIAN_POINT('Origin',(1.,-4.97499999999999,9.40500000000002));
#16860=CARTESIAN_POINT('',(14.48,-5.42500000000001,9.40500000000002));
#16861=CARTESIAN_POINT('',(1.,-5.42500000000001,9.40500000000002));
#16862=CARTESIAN_POINT('',(14.48,-5.42500000000001,9.40500000000002));
#16863=CARTESIAN_POINT('Origin',(-0.225000000000015,-5.52500000000001,0.));
#16864=CARTESIAN_POINT('',(1.,-5.52500000000001,9.30500000000002));
#16865=CARTESIAN_POINT('',(1.,-5.52500000000001,9.30500000000002));
#16866=CARTESIAN_POINT('',(-0.225000000000015,-5.52500000000001,8.08));
#16867=CARTESIAN_POINT('Origin',(0.999999999999999,-5.52500000000001,8.08));
#16868=CARTESIAN_POINT('',(-0.225000000000015,-5.52500000000001,0.));
#16869=CARTESIAN_POINT('',(-0.225000000000015,-5.52500000000001,0.));
#16870=CARTESIAN_POINT('',(0.225000000000006,-5.52500000000001,0.));
#16871=CARTESIAN_POINT('',(0.225000000000006,-5.52500000000001,0.));
#16872=CARTESIAN_POINT('',(0.225000000000006,-5.52500000000001,8.08));
#16873=CARTESIAN_POINT('',(0.225000000000006,-5.52500000000001,0.));
#16874=CARTESIAN_POINT('Origin',(1.,-5.52500000000001,8.08));
#16875=CARTESIAN_POINT('Origin',(1.,-5.42500000000001,9.40500000000002));
#16876=CARTESIAN_POINT('',(1.,-5.52500000000001,9.30500000000002));
#16877=CARTESIAN_POINT('Origin',(1.,-5.42500000000001,8.75499999999999));
#16878=CARTESIAN_POINT('',(14.48,-5.42500000000001,8.75499999999999));
#16879=CARTESIAN_POINT('',(14.48,-4.97499999999999,8.75499999999999));
#16880=CARTESIAN_POINT('',(1.,-5.42500000000001,8.75499999999999));
#16881=CARTESIAN_POINT('Origin',(1.,-5.52500000000001,8.85499999999999));
#16882=CARTESIAN_POINT('',(14.48,-5.52500000000001,8.85499999999999));
#16883=CARTESIAN_POINT('',(14.48,-5.42500000000001,8.75499999999999));
#16884=CARTESIAN_POINT('',(1.,-5.52500000000001,8.85499999999999));
#16885=CARTESIAN_POINT('Origin',(1.,-5.42500000000001,9.40500000000002));
#16886=CARTESIAN_POINT('',(14.48,-5.52500000000001,9.30500000000002));
#16887=CARTESIAN_POINT('',(1.,-5.52500000000001,9.30500000000002));
#16888=CARTESIAN_POINT('',(14.48,-5.52500000000001,9.30500000000002));
#16889=CARTESIAN_POINT('Origin',(1.,-4.92499999999998,8.08));
#16890=CARTESIAN_POINT('',(0.325000000000006,-4.97499999999999,8.08));
#16891=CARTESIAN_POINT('',(0.225000000000006,-4.87499999999998,8.08));
#16892=CARTESIAN_POINT('Origin',(1.,-4.97499999999999,8.08));
#16893=CARTESIAN_POINT('Origin',(1.,-5.2,8.08));
#16894=CARTESIAN_POINT('',(0.325000000000006,-5.42500000000001,8.08));
#16895=CARTESIAN_POINT('',(0.325000000000006,-4.97499999999999,8.08));
#16896=CARTESIAN_POINT('Origin',(1.,-5.42500000000001,8.08));
#16897=CARTESIAN_POINT('Origin',(1.,-5.47500000000001,8.08));
#16898=CARTESIAN_POINT('',(0.325000000000006,-5.42500000000001,8.08));
#16899=CARTESIAN_POINT('Origin',(1.,-5.47500000000001,8.08));
#16900=CARTESIAN_POINT('',(-0.325000000000015,-5.42500000000001,8.08));
#16901=CARTESIAN_POINT('',(-0.225000000000015,-5.52500000000001,8.08));
#16902=CARTESIAN_POINT('Origin',(1.,-5.42500000000001,8.08));
#16903=CARTESIAN_POINT('Origin',(1.,-5.2,8.08));
#16904=CARTESIAN_POINT('',(-0.325000000000015,-4.97499999999999,8.08));
#16905=CARTESIAN_POINT('',(-0.325000000000015,-5.42500000000001,8.08));
#16906=CARTESIAN_POINT('Origin',(1.,-4.97499999999999,8.08));
#16907=CARTESIAN_POINT('Origin',(1.,-4.92499999999998,8.08));
#16908=CARTESIAN_POINT('',(-0.325000000000015,-4.97499999999999,8.08));
#16909=CARTESIAN_POINT('Origin',(0.325000000000006,-4.97499999999999,0.));
#16910=CARTESIAN_POINT('',(0.325000000000006,-4.97499999999999,0.));
#16911=CARTESIAN_POINT('',(0.225000000000006,-4.87499999999998,0.));
#16912=CARTESIAN_POINT('',(0.325000000000006,-4.97499999999999,0.));
#16913=CARTESIAN_POINT('Origin',(0.325000000000006,-5.42500000000001,0.));
#16914=CARTESIAN_POINT('',(0.325000000000006,-5.42500000000001,0.));
#16915=CARTESIAN_POINT('',(0.325000000000006,-4.97499999999999,0.));
#16916=CARTESIAN_POINT('',(0.325000000000006,-5.42500000000001,0.));
#16917=CARTESIAN_POINT('Origin',(0.225000000000006,-5.52500000000001,0.));
#16918=CARTESIAN_POINT('',(0.325000000000006,-5.42500000000001,0.));
#16919=CARTESIAN_POINT('Origin',(-0.225000000000015,-5.52500000000001,0.));
#16920=CARTESIAN_POINT('',(14.48,-5.52500000000001,8.85499999999999));
#16921=CARTESIAN_POINT('Origin',(-0.325000000000015,-5.42500000000001,0.));
#16922=CARTESIAN_POINT('',(-0.325000000000015,-5.42500000000001,0.));
#16923=CARTESIAN_POINT('',(-0.225000000000015,-5.52500000000001,0.));
#16924=CARTESIAN_POINT('',(-0.325000000000015,-5.42500000000001,0.));
#16925=CARTESIAN_POINT('Origin',(-0.325000000000015,-4.97499999999999,0.));
#16926=CARTESIAN_POINT('',(-0.325000000000015,-4.97499999999999,0.));
#16927=CARTESIAN_POINT('',(-0.325000000000015,-5.42500000000001,0.));
#16928=CARTESIAN_POINT('',(-0.325000000000015,-4.97499999999999,0.));
#16929=CARTESIAN_POINT('Origin',(-0.225000000000015,-4.87499999999998,0.));
#16930=CARTESIAN_POINT('',(-0.325000000000015,-4.97499999999999,0.));
#16931=CARTESIAN_POINT('Origin',(14.48,-5.2,9.08000000000001));
#16932=CARTESIAN_POINT('Origin',(-4.44089209850063E-15,-5.2,0.));
#16933=CARTESIAN_POINT('Origin',(1.49500000000001,-4.87499999999998,0.));
#16934=CARTESIAN_POINT('',(2.27000006032176,-4.87499999999998,6.31500006032176));
#16935=CARTESIAN_POINT('',(2.27000006032176,-4.87499999999998,6.31500006032176));
#16936=CARTESIAN_POINT('',(1.49500000000001,-4.87499999999998,5.54));
#16937=CARTESIAN_POINT('Origin',(2.27000006032176,-4.87499999999998,5.54));
#16938=CARTESIAN_POINT('',(1.49500000000001,-4.87499999999998,0.));
#16939=CARTESIAN_POINT('',(1.49500000000001,-4.87499999999998,0.));
#16940=CARTESIAN_POINT('',(1.04499999999998,-4.87499999999998,0.));
#16941=CARTESIAN_POINT('',(1.04499999999998,-4.87499999999998,0.));
#16942=CARTESIAN_POINT('',(1.04499999999998,-4.87499999999998,5.54));
#16943=CARTESIAN_POINT('',(1.04499999999998,-4.87499999999998,0.));
#16944=CARTESIAN_POINT('',(2.27000006032176,-4.87499999999998,6.76500006032178));
#16945=CARTESIAN_POINT('Origin',(2.27000006032176,-4.87499999999998,5.54));
#16946=CARTESIAN_POINT('',(2.27000006032176,-4.87499999999998,6.76500006032178));
#16947=CARTESIAN_POINT('Origin',(1.49500000000001,-4.87499999999998,0.));
#16948=CARTESIAN_POINT('',(14.5000002160668,-4.87499999999998,6.76500006032178));
#16949=CARTESIAN_POINT('',(2.27000006032176,-4.87499999999998,6.76500006032178));
#16950=CARTESIAN_POINT('',(14.5000002160668,-4.87499999999998,6.31500006032176));
#16951=CARTESIAN_POINT('',(14.5000002160668,-4.87499999999998,6.76500006032178));
#16952=CARTESIAN_POINT('',(2.27000006032176,-4.87499999999998,6.31500006032176));
#16953=CARTESIAN_POINT('Origin',(2.27000006032176,-4.97499999999999,6.21500006032176));
#16954=CARTESIAN_POINT('',(2.27000006032176,-4.97499999999999,6.21500006032176));
#16955=CARTESIAN_POINT('',(2.27000006032176,-4.97499999999999,6.21500006032176));
#16956=CARTESIAN_POINT('',(2.27000006032176,-4.87499999999998,6.31500006032176));
#16957=CARTESIAN_POINT('Origin',(2.27000006032176,-4.97499999999999,6.21500006032176));
#16958=CARTESIAN_POINT('',(14.5000002160668,-4.97499999999999,6.21500006032176));
#16959=CARTESIAN_POINT('',(14.5000002160668,-4.87499999999998,6.31500006032176));
#16960=CARTESIAN_POINT('',(2.27000006032176,-4.97499999999999,6.21500006032176));
#16961=CARTESIAN_POINT('Origin',(2.27000006032176,-5.42500000000001,6.21500006032176));
#16962=CARTESIAN_POINT('',(2.27000006032176,-5.42500000000001,6.21500006032176));
#16963=CARTESIAN_POINT('',(2.27000006032176,-5.42500000000001,6.21500006032176));
#16964=CARTESIAN_POINT('',(2.27000006032176,-4.97499999999999,6.21500006032176));
#16965=CARTESIAN_POINT('Origin',(2.27000006032176,-4.87499999999998,6.76500006032178));
#16966=CARTESIAN_POINT('',(2.27000006032176,-4.97499999999999,6.86500006032178));
#16967=CARTESIAN_POINT('',(2.27000006032176,-4.97499999999999,6.86500006032178));
#16968=CARTESIAN_POINT('',(2.27000006032176,-4.97499999999999,6.86500006032178));
#16969=CARTESIAN_POINT('Origin',(2.27000006032176,-4.87499999999998,6.76500006032178));
#16970=CARTESIAN_POINT('',(14.5000002160668,-4.97499999999999,6.86500006032178));
#16971=CARTESIAN_POINT('',(2.27000006032176,-4.97499999999999,6.86500006032178));
#16972=CARTESIAN_POINT('',(14.5000002160668,-4.97499999999999,6.86500006032178));
#16973=CARTESIAN_POINT('Origin',(2.27000006032176,-5.52500000000001,6.31500006032176));
#16974=CARTESIAN_POINT('',(2.27000006032176,-5.52500000000001,6.31500006032176));
#16975=CARTESIAN_POINT('',(2.27000006032176,-5.52500000000001,6.31500006032176));
#16976=CARTESIAN_POINT('',(2.27000006032176,-5.42500000000001,6.21500006032176));
#16977=CARTESIAN_POINT('Origin',(2.27000006032176,-4.97499999999999,6.86500006032178));
#16978=CARTESIAN_POINT('',(2.27000006032176,-5.42500000000001,6.86500006032178));
#16979=CARTESIAN_POINT('',(2.27000006032176,-5.42500000000001,6.86500006032178));
#16980=CARTESIAN_POINT('',(2.27000006032176,-5.42500000000001,6.86500006032178));
#16981=CARTESIAN_POINT('Origin',(2.27000006032176,-4.97499999999999,6.86500006032178));
#16982=CARTESIAN_POINT('',(14.5000002160668,-5.42500000000001,6.86500006032178));
#16983=CARTESIAN_POINT('',(2.27000006032176,-5.42500000000001,6.86500006032178));
#16984=CARTESIAN_POINT('',(14.5000002160668,-5.42500000000001,6.86500006032178));
#16985=CARTESIAN_POINT('Origin',(1.04499999999998,-5.52500000000001,0.));
#16986=CARTESIAN_POINT('',(2.27000006032176,-5.52500000000001,6.76500006032178));
#16987=CARTESIAN_POINT('',(2.27000006032176,-5.52500000000001,6.76500006032178));
#16988=CARTESIAN_POINT('',(1.04499999999998,-5.52500000000001,5.54));
#16989=CARTESIAN_POINT('Origin',(2.27000006032176,-5.52500000000001,5.54));
#16990=CARTESIAN_POINT('',(1.04499999999998,-5.52500000000001,0.));
#16991=CARTESIAN_POINT('',(1.04499999999998,-5.52500000000001,0.));
#16992=CARTESIAN_POINT('',(1.49500000000001,-5.52500000000001,0.));
#16993=CARTESIAN_POINT('',(1.49500000000001,-5.52500000000001,0.));
#16994=CARTESIAN_POINT('',(1.49500000000001,-5.52500000000001,5.54));
#16995=CARTESIAN_POINT('',(1.49500000000001,-5.52500000000001,0.));
#16996=CARTESIAN_POINT('Origin',(2.27000006032176,-5.52500000000001,5.54));
#16997=CARTESIAN_POINT('Origin',(2.27000006032176,-5.42500000000001,6.86500006032178));
#16998=CARTESIAN_POINT('',(2.27000006032176,-5.52500000000001,6.76500006032178));
#16999=CARTESIAN_POINT('Origin',(2.27000006032176,-5.42500000000001,6.21500006032176));
#17000=CARTESIAN_POINT('',(14.5000002160668,-5.42500000000001,6.21500006032176));
#17001=CARTESIAN_POINT('',(14.5000002160668,-4.97499999999999,6.21500006032176));
#17002=CARTESIAN_POINT('',(2.27000006032176,-5.42500000000001,6.21500006032176));
#17003=CARTESIAN_POINT('Origin',(2.27000006032176,-5.52500000000001,6.31500006032176));
#17004=CARTESIAN_POINT('',(14.5000002160668,-5.52500000000001,6.31500006032176));
#17005=CARTESIAN_POINT('',(14.5000002160668,-5.42500000000001,6.21500006032176));
#17006=CARTESIAN_POINT('',(2.27000006032176,-5.52500000000001,6.31500006032176));
#17007=CARTESIAN_POINT('Origin',(2.27000006032176,-5.42500000000001,6.86500006032178));
#17008=CARTESIAN_POINT('',(14.5000002160668,-5.52500000000001,6.76500006032178));
#17009=CARTESIAN_POINT('',(2.27000006032176,-5.52500000000001,6.76500006032178));
#17010=CARTESIAN_POINT('',(14.5000002160668,-5.52500000000001,6.76500006032178));
#17011=CARTESIAN_POINT('Origin',(2.27000006032176,-4.92499999999998,5.54));
#17012=CARTESIAN_POINT('',(0.944999999999985,-4.97499999999999,5.54));
#17013=CARTESIAN_POINT('',(0.944999999999985,-4.97499999999999,5.54));
#17014=CARTESIAN_POINT('Origin',(2.27000006032176,-4.97499999999999,5.54));
#17015=CARTESIAN_POINT('Origin',(2.27000006032176,-4.92499999999998,5.54));
#17016=CARTESIAN_POINT('',(1.59500000000001,-4.97499999999999,5.54));
#17017=CARTESIAN_POINT('',(1.49500000000001,-4.87499999999998,5.54));
#17018=CARTESIAN_POINT('Origin',(2.27000006032176,-4.97499999999999,5.54));
#17019=CARTESIAN_POINT('Origin',(2.27000006032176,-5.2,5.54));
#17020=CARTESIAN_POINT('',(1.59500000000001,-5.42500000000001,5.54));
#17021=CARTESIAN_POINT('',(1.59500000000001,-4.97499999999999,5.54));
#17022=CARTESIAN_POINT('Origin',(2.27000006032176,-5.42500000000001,5.54));
#17023=CARTESIAN_POINT('Origin',(2.27000006032176,-5.47500000000001,5.54));
#17024=CARTESIAN_POINT('',(1.59500000000001,-5.42500000000001,5.54));
#17025=CARTESIAN_POINT('Origin',(2.27000006032176,-5.47500000000001,5.54));
#17026=CARTESIAN_POINT('',(0.944999999999985,-5.42500000000001,5.54));
#17027=CARTESIAN_POINT('',(1.04499999999998,-5.52500000000001,5.54));
#17028=CARTESIAN_POINT('Origin',(2.27000006032176,-5.42500000000001,5.54));
#17029=CARTESIAN_POINT('Origin',(2.27000006032176,-5.2,5.54));
#17030=CARTESIAN_POINT('',(0.944999999999985,-5.42500000000001,5.54));
#17031=CARTESIAN_POINT('Origin',(1.04499999999998,-4.87499999999998,0.));
#17032=CARTESIAN_POINT('',(0.944999999999985,-4.97499999999999,0.));
#17033=CARTESIAN_POINT('',(0.944999999999985,-4.97499999999999,0.));
#17034=CARTESIAN_POINT('',(0.944999999999985,-4.97499999999999,0.));
#17035=CARTESIAN_POINT('Origin',(1.59500000000001,-4.97499999999999,0.));
#17036=CARTESIAN_POINT('',(1.59500000000001,-4.97499999999999,0.));
#17037=CARTESIAN_POINT('',(1.49500000000001,-4.87499999999998,0.));
#17038=CARTESIAN_POINT('',(1.59500000000001,-4.97499999999999,0.));
#17039=CARTESIAN_POINT('Origin',(1.59500000000001,-5.42500000000001,0.));
#17040=CARTESIAN_POINT('',(1.59500000000001,-5.42500000000001,0.));
#17041=CARTESIAN_POINT('',(1.59500000000001,-4.97499999999999,0.));
#17042=CARTESIAN_POINT('',(1.59500000000001,-5.42500000000001,0.));
#17043=CARTESIAN_POINT('Origin',(1.49500000000001,-5.52500000000001,0.));
#17044=CARTESIAN_POINT('',(1.59500000000001,-5.42500000000001,0.));
#17045=CARTESIAN_POINT('Origin',(1.04499999999998,-5.52500000000001,0.));
#17046=CARTESIAN_POINT('',(14.5000002160668,-5.52500000000001,6.31500006032176));
#17047=CARTESIAN_POINT('Origin',(0.944999999999985,-5.42500000000001,0.));
#17048=CARTESIAN_POINT('',(0.944999999999985,-5.42500000000001,0.));
#17049=CARTESIAN_POINT('',(1.04499999999998,-5.52500000000001,0.));
#17050=CARTESIAN_POINT('',(0.944999999999985,-5.42500000000001,0.));
#17051=CARTESIAN_POINT('Origin',(0.944999999999985,-4.97499999999999,0.));
#17052=CARTESIAN_POINT('',(0.944999999999985,-5.42500000000001,0.));
#17053=CARTESIAN_POINT('Origin',(14.5000002160668,-5.2,6.54000006032177));
#17054=CARTESIAN_POINT('Origin',(1.27,-5.2,0.));
#17055=CARTESIAN_POINT('Origin',(7.86500000000001,1.11022302462516E-15,
6.86500000000002));
#17056=CARTESIAN_POINT('',(7.86500000000001,-0.769999999999999,3.05500000000002));
#17057=CARTESIAN_POINT('',(7.86500000000001,0.770000000000001,3.05500000000002));
#17058=CARTESIAN_POINT('',(7.86500000000001,-0.769999999999999,3.05500000000002));
#17059=CARTESIAN_POINT('',(7.86500000000001,1.27,3.55500000000002));
#17060=CARTESIAN_POINT('',(7.86500000000001,0.770000000000001,3.05500000000002));
#17061=CARTESIAN_POINT('',(7.86500000000001,1.27,10.175));
#17062=CARTESIAN_POINT('',(7.86500000000001,1.27,3.55500000000002));
#17063=CARTESIAN_POINT('',(7.86500000000001,0.770000000000001,10.675));
#17064=CARTESIAN_POINT('',(7.86500000000001,1.27,10.175));
#17065=CARTESIAN_POINT('',(7.86500000000001,-0.769999999999999,10.675));
#17066=CARTESIAN_POINT('',(7.86500000000001,0.770000000000001,10.675));
#17067=CARTESIAN_POINT('',(7.86500000000001,-1.27,10.175));
#17068=CARTESIAN_POINT('',(7.86500000000001,-0.769999999999999,10.675));
#17069=CARTESIAN_POINT('',(7.86500000000001,-1.27,3.55500000000002));
#17070=CARTESIAN_POINT('',(7.86500000000001,-1.27,10.175));
#17071=CARTESIAN_POINT('',(7.86500000000001,-0.769999999999999,3.05500000000002));
#17072=CARTESIAN_POINT('',(7.86500000000001,-0.225000000000006,4.32500012064354));
#17073=CARTESIAN_POINT('',(7.86500000000001,-0.325000000000006,4.22500012064354));
#17074=CARTESIAN_POINT('',(7.86500000000001,0.466249969839115,5.01625009048266));
#17075=CARTESIAN_POINT('',(7.86500000000001,0.225000000000015,4.32500012064354));
#17076=CARTESIAN_POINT('',(7.86500000000001,0.112500000000008,4.32500012064354));
#17077=CARTESIAN_POINT('',(7.86500000000001,0.325000000000015,4.22500012064354));
#17078=CARTESIAN_POINT('',(7.86500000000001,-0.416249969839107,4.96625009048266));
#17079=CARTESIAN_POINT('',(7.86500000000001,0.325000000000015,3.77500012064352));
#17080=CARTESIAN_POINT('',(7.86500000000001,0.325000000000015,3.43250000000001));
#17081=CARTESIAN_POINT('',(7.86500000000001,0.225000000000015,3.67500012064352));
#17082=CARTESIAN_POINT('',(7.86500000000001,0.966249969839136,4.41625009048264));
#17083=CARTESIAN_POINT('',(7.86500000000001,-0.225000000000006,3.67500012064352));
#17084=CARTESIAN_POINT('',(7.86500000000001,-0.112500000000003,3.67500012064352));
#17085=CARTESIAN_POINT('',(7.86500000000001,-0.325000000000006,3.77500012064352));
#17086=CARTESIAN_POINT('',(7.86500000000001,-1.01624996983913,4.46625009048264));
#17087=CARTESIAN_POINT('',(7.86500000000001,-0.325000000000006,3.43250000000001));
#17088=CARTESIAN_POINT('',(7.86500000000001,-0.225000000000006,9.40500000000002));
#17089=CARTESIAN_POINT('',(7.86500000000001,-0.325000000000006,9.30500000000002));
#17090=CARTESIAN_POINT('',(7.86500000000001,-0.803750000000004,8.82625000000002));
#17091=CARTESIAN_POINT('',(7.86500000000001,0.225000000000015,9.40500000000002));
#17092=CARTESIAN_POINT('',(7.86500000000001,0.112500000000008,9.40500000000002));
#17093=CARTESIAN_POINT('',(7.86500000000001,0.325000000000015,9.30500000000002));
#17094=CARTESIAN_POINT('',(7.86500000000001,0.853750000000012,8.77625000000002));
#17095=CARTESIAN_POINT('',(7.86500000000001,0.325000000000015,8.85499999999999));
#17096=CARTESIAN_POINT('',(7.86500000000001,0.325000000000015,3.43250000000001));
#17097=CARTESIAN_POINT('',(7.86500000000001,0.225000000000015,8.75499999999999));
#17098=CARTESIAN_POINT('',(7.86500000000001,-0.303749999999982,8.22625));
#17099=CARTESIAN_POINT('',(7.86500000000001,-0.225000000000006,8.75499999999999));
#17100=CARTESIAN_POINT('',(7.86500000000001,-0.112500000000003,8.75499999999999));
#17101=CARTESIAN_POINT('',(7.86500000000001,-0.325000000000006,8.85499999999999));
#17102=CARTESIAN_POINT('',(7.86500000000001,0.25374999999999,8.27625));
#17103=CARTESIAN_POINT('',(7.86500000000001,-0.325000000000006,3.43250000000001));
#17104=CARTESIAN_POINT('',(7.86500000000001,-0.225000000000006,6.86500006032178));
#17105=CARTESIAN_POINT('',(7.86500000000001,-0.325000000000006,6.76500006032178));
#17106=CARTESIAN_POINT('',(7.86500000000001,-0.168750015080445,6.92125004524134));
#17107=CARTESIAN_POINT('',(7.86500000000001,0.225000000000015,6.86500006032178));
#17108=CARTESIAN_POINT('',(7.86500000000001,0.112500000000008,6.86500006032178));
#17109=CARTESIAN_POINT('',(7.86500000000001,0.325000000000015,6.76500006032178));
#17110=CARTESIAN_POINT('',(7.86500000000001,0.218750015080452,6.87125004524134));
#17111=CARTESIAN_POINT('',(7.86500000000001,0.325000000000015,6.31500006032176));
#17112=CARTESIAN_POINT('',(7.86500000000001,0.325000000000015,3.43250000000001));
#17113=CARTESIAN_POINT('',(7.86500000000001,0.225000000000015,6.21500006032176));
#17114=CARTESIAN_POINT('',(7.86500000000001,0.331249984919576,6.32125004524132));
#17115=CARTESIAN_POINT('',(7.86500000000001,-0.225000000000006,6.21500006032176));
#17116=CARTESIAN_POINT('',(7.86500000000001,-0.112500000000003,6.21500006032176));
#17117=CARTESIAN_POINT('',(7.86500000000001,-0.325000000000006,6.31500006032176));
#17118=CARTESIAN_POINT('',(7.86500000000001,-0.38124998491957,6.37125004524132));
#17119=CARTESIAN_POINT('',(7.86500000000001,-0.325000000000006,3.43250000000001));
#17120=CARTESIAN_POINT('Origin',(5.36500000000001,1.11022302462516E-15,
6.86500000000002));
#17121=CARTESIAN_POINT('',(5.36500000000001,-0.769999999999999,3.05500000000002));
#17122=CARTESIAN_POINT('',(5.36500000000001,0.770000000000001,3.05500000000002));
#17123=CARTESIAN_POINT('',(5.36500000000001,-0.769999999999999,3.05500000000002));
#17124=CARTESIAN_POINT('',(5.36500000000001,-1.27,3.55500000000002));
#17125=CARTESIAN_POINT('',(5.36500000000001,-0.769999999999999,3.05500000000002));
#17126=CARTESIAN_POINT('',(5.36500000000001,-1.27,10.175));
#17127=CARTESIAN_POINT('',(5.36500000000001,-1.27,10.175));
#17128=CARTESIAN_POINT('',(5.36500000000001,-0.769999999999999,10.675));
#17129=CARTESIAN_POINT('',(5.36500000000001,-0.769999999999999,10.675));
#17130=CARTESIAN_POINT('',(5.36500000000001,0.770000000000001,10.675));
#17131=CARTESIAN_POINT('',(5.36500000000001,0.770000000000001,10.675));
#17132=CARTESIAN_POINT('',(5.36500000000001,1.27,10.175));
#17133=CARTESIAN_POINT('',(5.36500000000001,1.27,10.175));
#17134=CARTESIAN_POINT('',(5.36500000000001,1.27,3.55500000000002));
#17135=CARTESIAN_POINT('',(5.36500000000001,1.27,3.55500000000002));
#17136=CARTESIAN_POINT('',(5.36500000000001,0.770000000000001,3.05500000000002));
#17137=CARTESIAN_POINT('',(5.36500000000001,-0.325000000000006,4.22500012064354));
#17138=CARTESIAN_POINT('',(5.36500000000001,-0.225000000000006,4.32500012064354));
#17139=CARTESIAN_POINT('',(5.36500000000001,0.466249969839115,5.01625009048266));
#17140=CARTESIAN_POINT('',(5.36500000000001,-0.325000000000006,3.77500012064352));
#17141=CARTESIAN_POINT('',(5.36500000000001,-0.325000000000006,3.43250000000001));
#17142=CARTESIAN_POINT('',(5.36500000000001,-0.225000000000006,3.67500012064352));
#17143=CARTESIAN_POINT('',(5.36500000000001,-1.01624996983913,4.46625009048264));
#17144=CARTESIAN_POINT('',(5.36500000000001,0.225000000000015,3.67500012064352));
#17145=CARTESIAN_POINT('',(5.36500000000001,-0.112500000000003,3.67500012064352));
#17146=CARTESIAN_POINT('',(5.36500000000001,0.325000000000015,3.77500012064352));
#17147=CARTESIAN_POINT('',(5.36500000000001,0.966249969839136,4.41625009048264));
#17148=CARTESIAN_POINT('',(5.36500000000001,0.325000000000015,4.22500012064354));
#17149=CARTESIAN_POINT('',(5.36500000000001,0.325000000000015,3.43250000000001));
#17150=CARTESIAN_POINT('',(5.36500000000001,0.225000000000015,4.32500012064354));
#17151=CARTESIAN_POINT('',(5.36500000000001,-0.416249969839107,4.96625009048266));
#17152=CARTESIAN_POINT('',(5.36500000000001,0.112500000000008,4.32500012064354));
#17153=CARTESIAN_POINT('',(5.36500000000001,-0.325000000000006,9.30500000000002));
#17154=CARTESIAN_POINT('',(5.36500000000001,-0.225000000000006,9.40500000000002));
#17155=CARTESIAN_POINT('',(5.36500000000001,-0.803750000000004,8.82625000000002));
#17156=CARTESIAN_POINT('',(5.36500000000001,-0.325000000000006,8.85499999999999));
#17157=CARTESIAN_POINT('',(5.36500000000001,-0.325000000000006,3.43250000000001));
#17158=CARTESIAN_POINT('',(5.36500000000001,-0.225000000000006,8.75499999999999));
#17159=CARTESIAN_POINT('',(5.36500000000001,0.25374999999999,8.27625));
#17160=CARTESIAN_POINT('',(5.36500000000001,0.225000000000015,8.75499999999999));
#17161=CARTESIAN_POINT('',(5.36500000000001,-0.112500000000003,8.75499999999999));
#17162=CARTESIAN_POINT('',(5.36500000000001,0.325000000000015,8.85499999999999));
#17163=CARTESIAN_POINT('',(5.36500000000001,-0.303749999999982,8.22625));
#17164=CARTESIAN_POINT('',(5.36500000000001,0.325000000000015,9.30500000000002));
#17165=CARTESIAN_POINT('',(5.36500000000001,0.325000000000015,3.43250000000001));
#17166=CARTESIAN_POINT('',(5.36500000000001,0.225000000000015,9.40500000000002));
#17167=CARTESIAN_POINT('',(5.36500000000001,0.853750000000012,8.77625000000002));
#17168=CARTESIAN_POINT('',(5.36500000000001,0.112500000000008,9.40500000000002));
#17169=CARTESIAN_POINT('',(5.36500000000001,-0.325000000000006,6.76500006032178));
#17170=CARTESIAN_POINT('',(5.36500000000001,-0.225000000000006,6.86500006032178));
#17171=CARTESIAN_POINT('',(5.36500000000001,-0.168750015080445,6.92125004524134));
#17172=CARTESIAN_POINT('',(5.36500000000001,-0.325000000000006,6.31500006032176));
#17173=CARTESIAN_POINT('',(5.36500000000001,-0.325000000000006,3.43250000000001));
#17174=CARTESIAN_POINT('',(5.36500000000001,-0.225000000000006,6.21500006032176));
#17175=CARTESIAN_POINT('',(5.36500000000001,-0.38124998491957,6.37125004524132));
#17176=CARTESIAN_POINT('',(5.36500000000001,0.225000000000015,6.21500006032176));
#17177=CARTESIAN_POINT('',(5.36500000000001,-0.112500000000003,6.21500006032176));
#17178=CARTESIAN_POINT('',(5.36500000000001,0.325000000000015,6.31500006032176));
#17179=CARTESIAN_POINT('',(5.36500000000001,0.331249984919576,6.32125004524132));
#17180=CARTESIAN_POINT('',(5.36500000000001,0.325000000000015,6.76500006032178));
#17181=CARTESIAN_POINT('',(5.36500000000001,0.325000000000015,3.43250000000001));
#17182=CARTESIAN_POINT('',(5.36500000000001,0.225000000000015,6.86500006032178));
#17183=CARTESIAN_POINT('',(5.36500000000001,0.218750015080452,6.87125004524134));
#17184=CARTESIAN_POINT('',(5.36500000000001,0.112500000000008,6.86500006032178));
#17185=CARTESIAN_POINT('Origin',(5.36500000000001,-1.27,3.55500000000002));
#17186=CARTESIAN_POINT('',(5.36500000000001,-0.769999999999999,3.05500000000002));
#17187=CARTESIAN_POINT('',(5.36500000000001,-1.27,3.55500000000002));
#17188=CARTESIAN_POINT('Origin',(5.36500000000001,-1.27,10.175));
#17189=CARTESIAN_POINT('',(5.36500000000001,-1.27,10.175));
#17190=CARTESIAN_POINT('Origin',(5.36500000000001,-0.769999999999999,10.675));
#17191=CARTESIAN_POINT('',(5.36500000000001,-0.769999999999999,10.675));
#17192=CARTESIAN_POINT('Origin',(5.36500000000001,0.770000000000001,10.675));
#17193=CARTESIAN_POINT('',(5.36500000000001,0.770000000000001,10.675));
#17194=CARTESIAN_POINT('Origin',(5.36500000000001,1.27,10.175));
#17195=CARTESIAN_POINT('',(5.36500000000001,1.27,10.175));
#17196=CARTESIAN_POINT('Origin',(5.36500000000001,1.27,3.55500000000002));
#17197=CARTESIAN_POINT('',(5.36500000000001,1.27,3.55500000000002));
#17198=CARTESIAN_POINT('Origin',(5.36500000000001,0.770000000000001,3.05500000000002));
#17199=CARTESIAN_POINT('',(5.36500000000001,0.770000000000001,3.05500000000002));
#17200=CARTESIAN_POINT('Origin',(5.36500000000001,-0.769999999999999,3.05500000000002));
#17201=CARTESIAN_POINT('Origin',(2.76500000000001,0.325000000000015,0.));
#17202=CARTESIAN_POINT('',(3.54000012064353,0.325000000000015,3.77500012064352));
#17203=CARTESIAN_POINT('',(3.54000012064353,0.325000000000015,3.77500012064352));
#17204=CARTESIAN_POINT('',(2.76500000000001,0.325000000000015,3.));
#17205=CARTESIAN_POINT('Origin',(3.54000012064353,0.325000000000015,3.));
#17206=CARTESIAN_POINT('',(2.76500000000001,0.325000000000015,0.));
#17207=CARTESIAN_POINT('',(2.76500000000001,0.325000000000015,0.));
#17208=CARTESIAN_POINT('',(2.31499999999998,0.325000000000015,0.));
#17209=CARTESIAN_POINT('',(2.31499999999998,0.325000000000015,0.));
#17210=CARTESIAN_POINT('',(2.31499999999998,0.325000000000015,3.));
#17211=CARTESIAN_POINT('',(2.31499999999998,0.325000000000015,0.));
#17212=CARTESIAN_POINT('',(3.54000012064353,0.325000000000015,4.22500012064354));
#17213=CARTESIAN_POINT('Origin',(3.54000012064353,0.325000000000015,3.));
#17214=CARTESIAN_POINT('',(3.54000012064353,0.325000000000015,4.22500012064354));
#17215=CARTESIAN_POINT('Origin',(2.76500000000001,0.325000000000015,0.));
#17216=CARTESIAN_POINT('',(14.4999996758997,0.325000000000015,4.22500012064354));
#17217=CARTESIAN_POINT('',(3.54000012064353,0.325000000000015,4.22500012064354));
#17218=CARTESIAN_POINT('',(14.4999996758997,0.325000000000015,3.77500012064352));
#17219=CARTESIAN_POINT('',(14.4999996758997,0.325000000000015,4.22500012064354));
#17220=CARTESIAN_POINT('',(3.54000012064353,0.325000000000015,3.77500012064352));
#17221=CARTESIAN_POINT('Origin',(3.54000012064353,0.225000000000015,3.67500012064352));
#17222=CARTESIAN_POINT('',(3.54000012064353,0.225000000000015,3.67500012064352));
#17223=CARTESIAN_POINT('',(3.54000012064353,0.225000000000015,3.67500012064352));
#17224=CARTESIAN_POINT('',(3.54000012064353,0.325000000000015,3.77500012064352));
#17225=CARTESIAN_POINT('Origin',(3.54000012064353,0.225000000000015,3.67500012064352));
#17226=CARTESIAN_POINT('',(14.4999996758997,0.225000000000015,3.67500012064352));
#17227=CARTESIAN_POINT('',(14.4999996758997,0.325000000000015,3.77500012064352));
#17228=CARTESIAN_POINT('',(3.54000012064353,0.225000000000015,3.67500012064352));
#17229=CARTESIAN_POINT('Origin',(3.54000012064353,-0.225000000000006,3.67500012064352));
#17230=CARTESIAN_POINT('',(3.54000012064353,-0.225000000000006,3.67500012064352));
#17231=CARTESIAN_POINT('',(3.54000012064353,-0.225000000000006,3.67500012064352));
#17232=CARTESIAN_POINT('',(3.54000012064353,0.225000000000015,3.67500012064352));
#17233=CARTESIAN_POINT('Origin',(3.54000012064353,0.325000000000015,4.22500012064354));
#17234=CARTESIAN_POINT('',(3.54000012064353,0.225000000000015,4.32500012064354));
#17235=CARTESIAN_POINT('',(3.54000012064353,0.225000000000015,4.32500012064354));
#17236=CARTESIAN_POINT('',(3.54000012064353,0.225000000000015,4.32500012064354));
#17237=CARTESIAN_POINT('Origin',(3.54000012064353,0.325000000000015,4.22500012064354));
#17238=CARTESIAN_POINT('',(14.4999996758997,0.225000000000015,4.32500012064354));
#17239=CARTESIAN_POINT('',(3.54000012064353,0.225000000000015,4.32500012064354));
#17240=CARTESIAN_POINT('',(14.4999996758997,0.225000000000015,4.32500012064354));
#17241=CARTESIAN_POINT('Origin',(3.54000012064353,-0.325000000000006,3.77500012064352));
#17242=CARTESIAN_POINT('',(3.54000012064353,-0.325000000000006,3.77500012064352));
#17243=CARTESIAN_POINT('',(3.54000012064353,-0.325000000000006,3.77500012064352));
#17244=CARTESIAN_POINT('',(3.54000012064353,-0.225000000000006,3.67500012064352));
#17245=CARTESIAN_POINT('Origin',(3.54000012064353,0.225000000000015,4.32500012064354));
#17246=CARTESIAN_POINT('',(3.54000012064353,-0.225000000000006,4.32500012064354));
#17247=CARTESIAN_POINT('',(3.54000012064353,-0.225000000000006,4.32500012064354));
#17248=CARTESIAN_POINT('',(3.54000012064353,-0.225000000000006,4.32500012064354));
#17249=CARTESIAN_POINT('Origin',(3.54000012064353,0.225000000000015,4.32500012064354));
#17250=CARTESIAN_POINT('',(14.4999996758997,-0.225000000000006,4.32500012064354));
#17251=CARTESIAN_POINT('',(3.54000012064353,-0.225000000000006,4.32500012064354));
#17252=CARTESIAN_POINT('',(14.4999996758997,-0.225000000000006,4.32500012064354));
#17253=CARTESIAN_POINT('Origin',(2.31499999999998,-0.325000000000006,0.));
#17254=CARTESIAN_POINT('',(3.54000012064353,-0.325000000000006,4.22500012064354));
#17255=CARTESIAN_POINT('',(3.54000012064353,-0.325000000000006,4.22500012064354));
#17256=CARTESIAN_POINT('',(2.31499999999998,-0.325000000000006,3.));
#17257=CARTESIAN_POINT('Origin',(3.54000012064353,-0.325000000000006,3.));
#17258=CARTESIAN_POINT('',(2.31499999999998,-0.325000000000006,0.));
#17259=CARTESIAN_POINT('',(2.31499999999998,-0.325000000000006,0.));
#17260=CARTESIAN_POINT('',(2.76500000000001,-0.325000000000006,0.));
#17261=CARTESIAN_POINT('',(2.76500000000001,-0.325000000000006,0.));
#17262=CARTESIAN_POINT('',(2.76500000000001,-0.325000000000006,3.));
#17263=CARTESIAN_POINT('',(2.76500000000001,-0.325000000000006,0.));
#17264=CARTESIAN_POINT('Origin',(3.54000012064353,-0.325000000000006,3.));
#17265=CARTESIAN_POINT('Origin',(3.54000012064353,-0.225000000000006,4.32500012064354));
#17266=CARTESIAN_POINT('',(3.54000012064353,-0.325000000000006,4.22500012064354));
#17267=CARTESIAN_POINT('Origin',(3.54000012064353,-0.225000000000006,3.67500012064352));
#17268=CARTESIAN_POINT('',(14.4999996758997,-0.225000000000006,3.67500012064352));
#17269=CARTESIAN_POINT('',(14.4999996758997,0.225000000000015,3.67500012064352));
#17270=CARTESIAN_POINT('',(3.54000012064353,-0.225000000000006,3.67500012064352));
#17271=CARTESIAN_POINT('Origin',(3.54000012064353,-0.325000000000006,3.77500012064352));
#17272=CARTESIAN_POINT('',(14.4999996758997,-0.325000000000006,3.77500012064352));
#17273=CARTESIAN_POINT('',(14.4999996758997,-0.225000000000006,3.67500012064352));
#17274=CARTESIAN_POINT('',(3.54000012064353,-0.325000000000006,3.77500012064352));
#17275=CARTESIAN_POINT('Origin',(3.54000012064353,-0.225000000000006,4.32500012064354));
#17276=CARTESIAN_POINT('',(14.4999996758997,-0.325000000000006,4.22500012064354));
#17277=CARTESIAN_POINT('',(3.54000012064353,-0.325000000000006,4.22500012064354));
#17278=CARTESIAN_POINT('',(14.4999996758997,-0.325000000000006,4.22500012064354));
#17279=CARTESIAN_POINT('Origin',(3.54000012064353,0.275000000000015,3.));
#17280=CARTESIAN_POINT('',(2.21499999999998,0.225000000000015,3.));
#17281=CARTESIAN_POINT('',(2.21499999999998,0.225000000000015,3.));
#17282=CARTESIAN_POINT('Origin',(3.54000012064353,0.225000000000015,3.));
#17283=CARTESIAN_POINT('Origin',(3.54000012064353,0.275000000000015,3.));
#17284=CARTESIAN_POINT('',(2.86500000000001,0.225000000000015,3.));
#17285=CARTESIAN_POINT('',(2.76500000000001,0.325000000000015,3.));
#17286=CARTESIAN_POINT('Origin',(3.54000012064353,0.225000000000015,3.));
#17287=CARTESIAN_POINT('Origin',(3.54000012064353,4.44089209850063E-15,
3.));
#17288=CARTESIAN_POINT('',(2.86500000000001,-0.225000000000006,3.));
#17289=CARTESIAN_POINT('',(2.86500000000001,0.225000000000015,3.));
#17290=CARTESIAN_POINT('Origin',(3.54000012064353,-0.225000000000006,3.));
#17291=CARTESIAN_POINT('Origin',(3.54000012064353,-0.275000000000006,3.));
#17292=CARTESIAN_POINT('',(2.86500000000001,-0.225000000000006,3.));
#17293=CARTESIAN_POINT('Origin',(3.54000012064353,-0.275000000000006,3.));
#17294=CARTESIAN_POINT('',(2.21499999999998,-0.225000000000006,3.));
#17295=CARTESIAN_POINT('',(2.31499999999998,-0.325000000000006,3.));
#17296=CARTESIAN_POINT('Origin',(3.54000012064353,-0.225000000000006,3.));
#17297=CARTESIAN_POINT('Origin',(3.54000012064353,4.44089209850063E-15,
3.));
#17298=CARTESIAN_POINT('',(2.21499999999998,-0.225000000000006,3.));
#17299=CARTESIAN_POINT('Origin',(2.31499999999998,0.325000000000015,0.));
#17300=CARTESIAN_POINT('',(2.21499999999998,0.225000000000015,0.));
#17301=CARTESIAN_POINT('',(2.21499999999998,0.225000000000015,0.));
#17302=CARTESIAN_POINT('',(2.21499999999998,0.225000000000015,0.));
#17303=CARTESIAN_POINT('Origin',(2.86500000000001,0.225000000000015,0.));
#17304=CARTESIAN_POINT('',(2.86500000000001,0.225000000000015,0.));
#17305=CARTESIAN_POINT('',(2.76500000000001,0.325000000000015,0.));
#17306=CARTESIAN_POINT('',(2.86500000000001,0.225000000000015,0.));
#17307=CARTESIAN_POINT('Origin',(2.86500000000001,-0.225000000000006,0.));
#17308=CARTESIAN_POINT('',(2.86500000000001,-0.225000000000006,0.));
#17309=CARTESIAN_POINT('',(2.86500000000001,0.225000000000015,0.));
#17310=CARTESIAN_POINT('',(2.86500000000001,-0.225000000000006,0.));
#17311=CARTESIAN_POINT('Origin',(2.76500000000001,-0.325000000000006,0.));
#17312=CARTESIAN_POINT('',(2.86500000000001,-0.225000000000006,0.));
#17313=CARTESIAN_POINT('Origin',(2.31499999999998,-0.325000000000006,0.));
#17314=CARTESIAN_POINT('',(14.4999996758997,-0.325000000000006,3.77500012064352));
#17315=CARTESIAN_POINT('Origin',(2.21499999999998,-0.225000000000006,0.));
#17316=CARTESIAN_POINT('',(2.21499999999998,-0.225000000000006,0.));
#17317=CARTESIAN_POINT('',(2.31499999999998,-0.325000000000006,0.));
#17318=CARTESIAN_POINT('',(2.21499999999998,-0.225000000000006,0.));
#17319=CARTESIAN_POINT('Origin',(2.21499999999998,0.225000000000015,0.));
#17320=CARTESIAN_POINT('',(2.21499999999998,-0.225000000000006,0.));
#17321=CARTESIAN_POINT('Origin',(14.4999996758997,4.44089209850063E-15,
4.00000012064353));
#17322=CARTESIAN_POINT('Origin',(2.54,4.44089209850063E-15,0.));
#17323=CARTESIAN_POINT('Origin',(0.225000000000006,0.325000000000015,0.));
#17324=CARTESIAN_POINT('',(1.,0.325000000000015,8.85499999999999));
#17325=CARTESIAN_POINT('',(1.,0.325000000000015,8.85499999999999));
#17326=CARTESIAN_POINT('',(0.225000000000006,0.325000000000015,8.08));
#17327=CARTESIAN_POINT('Origin',(1.,0.325000000000015,8.08));
#17328=CARTESIAN_POINT('',(0.225000000000006,0.325000000000015,0.));
#17329=CARTESIAN_POINT('',(0.225000000000006,0.325000000000015,0.));
#17330=CARTESIAN_POINT('',(-0.225000000000015,0.325000000000015,0.));
#17331=CARTESIAN_POINT('',(-0.225000000000015,0.325000000000015,0.));
#17332=CARTESIAN_POINT('',(-0.225000000000015,0.325000000000015,8.08));
#17333=CARTESIAN_POINT('',(-0.225000000000015,0.325000000000015,0.));
#17334=CARTESIAN_POINT('',(1.,0.325000000000015,9.30500000000002));
#17335=CARTESIAN_POINT('Origin',(0.999999999999999,0.325000000000015,8.08));
#17336=CARTESIAN_POINT('',(1.,0.325000000000015,9.30500000000002));
#17337=CARTESIAN_POINT('Origin',(0.225000000000006,0.325000000000015,0.));
#17338=CARTESIAN_POINT('',(14.48,0.325000000000015,9.30500000000002));
#17339=CARTESIAN_POINT('',(1.,0.325000000000015,9.30500000000002));
#17340=CARTESIAN_POINT('',(14.48,0.325000000000015,8.85499999999999));
#17341=CARTESIAN_POINT('',(14.48,0.325000000000015,9.30500000000002));
#17342=CARTESIAN_POINT('',(1.,0.325000000000015,8.85499999999999));
#17343=CARTESIAN_POINT('Origin',(1.,0.225000000000015,8.75499999999999));
#17344=CARTESIAN_POINT('',(1.,0.225000000000015,8.75499999999999));
#17345=CARTESIAN_POINT('',(1.,0.225000000000015,8.75499999999999));
#17346=CARTESIAN_POINT('',(1.,0.325000000000015,8.85499999999999));
#17347=CARTESIAN_POINT('Origin',(1.,0.225000000000015,8.75499999999999));
#17348=CARTESIAN_POINT('',(14.48,0.225000000000015,8.75499999999999));
#17349=CARTESIAN_POINT('',(14.48,0.325000000000015,8.85499999999999));
#17350=CARTESIAN_POINT('',(1.,0.225000000000015,8.75499999999999));
#17351=CARTESIAN_POINT('Origin',(1.,-0.225000000000006,8.75499999999999));
#17352=CARTESIAN_POINT('',(1.,-0.225000000000006,8.75499999999999));
#17353=CARTESIAN_POINT('',(1.,-0.225000000000006,8.75499999999999));
#17354=CARTESIAN_POINT('',(1.,0.225000000000015,8.75499999999999));
#17355=CARTESIAN_POINT('Origin',(1.,0.325000000000015,9.30500000000002));
#17356=CARTESIAN_POINT('',(1.,0.225000000000015,9.40500000000002));
#17357=CARTESIAN_POINT('',(1.,0.225000000000015,9.40500000000002));
#17358=CARTESIAN_POINT('',(1.,0.225000000000015,9.40500000000002));
#17359=CARTESIAN_POINT('Origin',(1.,0.325000000000015,9.30500000000002));
#17360=CARTESIAN_POINT('',(14.48,0.225000000000015,9.40500000000002));
#17361=CARTESIAN_POINT('',(1.,0.225000000000015,9.40500000000002));
#17362=CARTESIAN_POINT('',(14.48,0.225000000000015,9.40500000000002));
#17363=CARTESIAN_POINT('Origin',(1.,-0.325000000000006,8.85499999999999));
#17364=CARTESIAN_POINT('',(1.,-0.325000000000006,8.85499999999999));
#17365=CARTESIAN_POINT('',(1.,-0.325000000000006,8.85499999999999));
#17366=CARTESIAN_POINT('',(1.,-0.225000000000006,8.75499999999999));
#17367=CARTESIAN_POINT('Origin',(1.,0.225000000000015,9.40500000000002));
#17368=CARTESIAN_POINT('',(1.,-0.225000000000006,9.40500000000002));
#17369=CARTESIAN_POINT('',(1.,-0.225000000000006,9.40500000000002));
#17370=CARTESIAN_POINT('',(1.,-0.225000000000006,9.40500000000002));
#17371=CARTESIAN_POINT('Origin',(1.,0.225000000000015,9.40500000000002));
#17372=CARTESIAN_POINT('',(14.48,-0.225000000000006,9.40500000000002));
#17373=CARTESIAN_POINT('',(1.,-0.225000000000006,9.40500000000002));
#17374=CARTESIAN_POINT('',(14.48,-0.225000000000006,9.40500000000002));
#17375=CARTESIAN_POINT('Origin',(-0.225000000000015,-0.325000000000006,
0.));
#17376=CARTESIAN_POINT('',(1.,-0.325000000000006,9.30500000000002));
#17377=CARTESIAN_POINT('',(1.,-0.325000000000006,9.30500000000002));
#17378=CARTESIAN_POINT('',(-0.225000000000015,-0.325000000000006,8.08));
#17379=CARTESIAN_POINT('Origin',(0.999999999999999,-0.325000000000006,8.08));
#17380=CARTESIAN_POINT('',(-0.225000000000015,-0.325000000000006,0.));
#17381=CARTESIAN_POINT('',(-0.225000000000015,-0.325000000000006,0.));
#17382=CARTESIAN_POINT('',(0.225000000000006,-0.325000000000006,0.));
#17383=CARTESIAN_POINT('',(0.225000000000006,-0.325000000000006,0.));
#17384=CARTESIAN_POINT('',(0.225000000000006,-0.325000000000006,8.08));
#17385=CARTESIAN_POINT('',(0.225000000000006,-0.325000000000006,0.));
#17386=CARTESIAN_POINT('Origin',(1.,-0.325000000000006,8.08));
#17387=CARTESIAN_POINT('Origin',(1.,-0.225000000000006,9.40500000000002));
#17388=CARTESIAN_POINT('',(1.,-0.325000000000006,9.30500000000002));
#17389=CARTESIAN_POINT('Origin',(1.,-0.225000000000006,8.75499999999999));
#17390=CARTESIAN_POINT('',(14.48,-0.225000000000006,8.75499999999999));
#17391=CARTESIAN_POINT('',(14.48,0.225000000000015,8.75499999999999));
#17392=CARTESIAN_POINT('',(1.,-0.225000000000006,8.75499999999999));
#17393=CARTESIAN_POINT('Origin',(1.,-0.325000000000006,8.85499999999999));
#17394=CARTESIAN_POINT('',(14.48,-0.325000000000006,8.85499999999999));
#17395=CARTESIAN_POINT('',(14.48,-0.225000000000006,8.75499999999999));
#17396=CARTESIAN_POINT('',(1.,-0.325000000000006,8.85499999999999));
#17397=CARTESIAN_POINT('Origin',(1.,-0.225000000000006,9.40500000000002));
#17398=CARTESIAN_POINT('',(14.48,-0.325000000000006,9.30500000000002));
#17399=CARTESIAN_POINT('',(1.,-0.325000000000006,9.30500000000002));
#17400=CARTESIAN_POINT('',(14.48,-0.325000000000006,9.30500000000002));
#17401=CARTESIAN_POINT('Origin',(1.,0.275000000000015,8.08));
#17402=CARTESIAN_POINT('',(0.325000000000006,0.225000000000015,8.08));
#17403=CARTESIAN_POINT('',(0.225000000000006,0.325000000000015,8.08));
#17404=CARTESIAN_POINT('Origin',(1.,0.225000000000015,8.08));
#17405=CARTESIAN_POINT('Origin',(1.,4.44089209850063E-15,8.08));
#17406=CARTESIAN_POINT('',(0.325000000000006,-0.225000000000006,8.08));
#17407=CARTESIAN_POINT('',(0.325000000000006,0.225000000000015,8.08));
#17408=CARTESIAN_POINT('Origin',(1.,-0.225000000000006,8.08));
#17409=CARTESIAN_POINT('Origin',(1.,-0.275000000000006,8.08));
#17410=CARTESIAN_POINT('',(0.325000000000006,-0.225000000000006,8.08));
#17411=CARTESIAN_POINT('Origin',(1.,-0.275000000000006,8.08));
#17412=CARTESIAN_POINT('',(-0.325000000000015,-0.225000000000006,8.08));
#17413=CARTESIAN_POINT('',(-0.225000000000015,-0.325000000000006,8.08));
#17414=CARTESIAN_POINT('Origin',(1.,-0.225000000000006,8.08));
#17415=CARTESIAN_POINT('Origin',(1.,4.44089209850063E-15,8.08));
#17416=CARTESIAN_POINT('',(-0.325000000000015,0.225000000000015,8.08));
#17417=CARTESIAN_POINT('',(-0.325000000000015,-0.225000000000006,8.08));
#17418=CARTESIAN_POINT('Origin',(1.,0.225000000000015,8.08));
#17419=CARTESIAN_POINT('Origin',(1.,0.275000000000015,8.08));
#17420=CARTESIAN_POINT('',(-0.325000000000015,0.225000000000015,8.08));
#17421=CARTESIAN_POINT('Origin',(0.325000000000006,0.225000000000015,0.));
#17422=CARTESIAN_POINT('',(0.325000000000006,0.225000000000015,0.));
#17423=CARTESIAN_POINT('',(0.225000000000006,0.325000000000015,0.));
#17424=CARTESIAN_POINT('',(0.325000000000006,0.225000000000015,0.));
#17425=CARTESIAN_POINT('Origin',(0.325000000000006,-0.225000000000006,0.));
#17426=CARTESIAN_POINT('',(0.325000000000006,-0.225000000000006,0.));
#17427=CARTESIAN_POINT('',(0.325000000000006,0.225000000000015,0.));
#17428=CARTESIAN_POINT('',(0.325000000000006,-0.225000000000006,0.));
#17429=CARTESIAN_POINT('Origin',(0.225000000000006,-0.325000000000006,0.));
#17430=CARTESIAN_POINT('',(0.325000000000006,-0.225000000000006,0.));
#17431=CARTESIAN_POINT('Origin',(-0.225000000000015,-0.325000000000006,
0.));
#17432=CARTESIAN_POINT('',(14.48,-0.325000000000006,8.85499999999999));
#17433=CARTESIAN_POINT('Origin',(-0.325000000000015,-0.225000000000006,
0.));
#17434=CARTESIAN_POINT('',(-0.325000000000015,-0.225000000000006,0.));
#17435=CARTESIAN_POINT('',(-0.225000000000015,-0.325000000000006,0.));
#17436=CARTESIAN_POINT('',(-0.325000000000015,-0.225000000000006,0.));
#17437=CARTESIAN_POINT('Origin',(-0.325000000000015,0.225000000000015,0.));
#17438=CARTESIAN_POINT('',(-0.325000000000015,0.225000000000015,0.));
#17439=CARTESIAN_POINT('',(-0.325000000000015,-0.225000000000006,0.));
#17440=CARTESIAN_POINT('',(-0.325000000000015,0.225000000000015,0.));
#17441=CARTESIAN_POINT('Origin',(-0.225000000000015,0.325000000000015,0.));
#17442=CARTESIAN_POINT('',(-0.325000000000015,0.225000000000015,0.));
#17443=CARTESIAN_POINT('Origin',(14.48,4.44089209850063E-15,9.08000000000001));
#17444=CARTESIAN_POINT('Origin',(-4.44089209850063E-15,4.44089209850063E-15,
0.));
#17445=CARTESIAN_POINT('Origin',(1.49500000000001,0.325000000000015,0.));
#17446=CARTESIAN_POINT('',(2.27000006032176,0.325000000000015,6.31500006032176));
#17447=CARTESIAN_POINT('',(2.27000006032176,0.325000000000015,6.31500006032176));
#17448=CARTESIAN_POINT('',(1.49500000000001,0.325000000000015,5.54));
#17449=CARTESIAN_POINT('Origin',(2.27000006032176,0.325000000000015,5.54));
#17450=CARTESIAN_POINT('',(1.49500000000001,0.325000000000015,0.));
#17451=CARTESIAN_POINT('',(1.49500000000001,0.325000000000015,0.));
#17452=CARTESIAN_POINT('',(1.04499999999998,0.325000000000015,0.));
#17453=CARTESIAN_POINT('',(1.04499999999998,0.325000000000015,0.));
#17454=CARTESIAN_POINT('',(1.04499999999998,0.325000000000015,5.54));
#17455=CARTESIAN_POINT('',(1.04499999999998,0.325000000000015,0.));
#17456=CARTESIAN_POINT('',(2.27000006032176,0.325000000000015,6.76500006032178));
#17457=CARTESIAN_POINT('Origin',(2.27000006032176,0.325000000000015,5.54));
#17458=CARTESIAN_POINT('',(2.27000006032176,0.325000000000015,6.76500006032178));
#17459=CARTESIAN_POINT('Origin',(1.49500000000001,0.325000000000015,0.));
#17460=CARTESIAN_POINT('',(14.5000002160668,0.325000000000015,6.76500006032178));
#17461=CARTESIAN_POINT('',(2.27000006032176,0.325000000000015,6.76500006032178));
#17462=CARTESIAN_POINT('',(14.5000002160668,0.325000000000015,6.31500006032176));
#17463=CARTESIAN_POINT('',(14.5000002160668,0.325000000000015,6.76500006032178));
#17464=CARTESIAN_POINT('',(2.27000006032176,0.325000000000015,6.31500006032176));
#17465=CARTESIAN_POINT('Origin',(2.27000006032176,0.225000000000015,6.21500006032176));
#17466=CARTESIAN_POINT('',(2.27000006032176,0.225000000000015,6.21500006032176));
#17467=CARTESIAN_POINT('',(2.27000006032176,0.225000000000015,6.21500006032176));
#17468=CARTESIAN_POINT('',(2.27000006032176,0.325000000000015,6.31500006032176));
#17469=CARTESIAN_POINT('Origin',(2.27000006032176,0.225000000000015,6.21500006032176));
#17470=CARTESIAN_POINT('',(14.5000002160668,0.225000000000015,6.21500006032176));
#17471=CARTESIAN_POINT('',(14.5000002160668,0.325000000000015,6.31500006032176));
#17472=CARTESIAN_POINT('',(2.27000006032176,0.225000000000015,6.21500006032176));
#17473=CARTESIAN_POINT('Origin',(2.27000006032176,-0.225000000000006,6.21500006032176));
#17474=CARTESIAN_POINT('',(2.27000006032176,-0.225000000000006,6.21500006032176));
#17475=CARTESIAN_POINT('',(2.27000006032176,-0.225000000000006,6.21500006032176));
#17476=CARTESIAN_POINT('',(2.27000006032176,0.225000000000015,6.21500006032176));
#17477=CARTESIAN_POINT('Origin',(2.27000006032176,0.325000000000015,6.76500006032178));
#17478=CARTESIAN_POINT('',(2.27000006032176,0.225000000000015,6.86500006032178));
#17479=CARTESIAN_POINT('',(2.27000006032176,0.225000000000015,6.86500006032178));
#17480=CARTESIAN_POINT('',(2.27000006032176,0.225000000000015,6.86500006032178));
#17481=CARTESIAN_POINT('Origin',(2.27000006032176,0.325000000000015,6.76500006032178));
#17482=CARTESIAN_POINT('',(14.5000002160668,0.225000000000015,6.86500006032178));
#17483=CARTESIAN_POINT('',(2.27000006032176,0.225000000000015,6.86500006032178));
#17484=CARTESIAN_POINT('',(14.5000002160668,0.225000000000015,6.86500006032178));
#17485=CARTESIAN_POINT('Origin',(2.27000006032176,-0.325000000000006,6.31500006032176));
#17486=CARTESIAN_POINT('',(2.27000006032176,-0.325000000000006,6.31500006032176));
#17487=CARTESIAN_POINT('',(2.27000006032176,-0.325000000000006,6.31500006032176));
#17488=CARTESIAN_POINT('',(2.27000006032176,-0.225000000000006,6.21500006032176));
#17489=CARTESIAN_POINT('Origin',(2.27000006032176,0.225000000000015,6.86500006032178));
#17490=CARTESIAN_POINT('',(2.27000006032176,-0.225000000000006,6.86500006032178));
#17491=CARTESIAN_POINT('',(2.27000006032176,-0.225000000000006,6.86500006032178));
#17492=CARTESIAN_POINT('',(2.27000006032176,-0.225000000000006,6.86500006032178));
#17493=CARTESIAN_POINT('Origin',(2.27000006032176,0.225000000000015,6.86500006032178));
#17494=CARTESIAN_POINT('',(14.5000002160668,-0.225000000000006,6.86500006032178));
#17495=CARTESIAN_POINT('',(2.27000006032176,-0.225000000000006,6.86500006032178));
#17496=CARTESIAN_POINT('',(14.5000002160668,-0.225000000000006,6.86500006032178));
#17497=CARTESIAN_POINT('Origin',(1.04499999999998,-0.325000000000006,0.));
#17498=CARTESIAN_POINT('',(2.27000006032176,-0.325000000000006,6.76500006032178));
#17499=CARTESIAN_POINT('',(2.27000006032176,-0.325000000000006,6.76500006032178));
#17500=CARTESIAN_POINT('',(1.04499999999998,-0.325000000000006,5.54));
#17501=CARTESIAN_POINT('Origin',(2.27000006032176,-0.325000000000006,5.54));
#17502=CARTESIAN_POINT('',(1.04499999999998,-0.325000000000006,0.));
#17503=CARTESIAN_POINT('',(1.04499999999998,-0.325000000000006,0.));
#17504=CARTESIAN_POINT('',(1.49500000000001,-0.325000000000006,0.));
#17505=CARTESIAN_POINT('',(1.49500000000001,-0.325000000000006,0.));
#17506=CARTESIAN_POINT('',(1.49500000000001,-0.325000000000006,5.54));
#17507=CARTESIAN_POINT('',(1.49500000000001,-0.325000000000006,0.));
#17508=CARTESIAN_POINT('Origin',(2.27000006032176,-0.325000000000006,5.54));
#17509=CARTESIAN_POINT('Origin',(2.27000006032176,-0.225000000000006,6.86500006032178));
#17510=CARTESIAN_POINT('',(2.27000006032176,-0.325000000000006,6.76500006032178));
#17511=CARTESIAN_POINT('Origin',(2.27000006032176,-0.225000000000006,6.21500006032176));
#17512=CARTESIAN_POINT('',(14.5000002160668,-0.225000000000006,6.21500006032176));
#17513=CARTESIAN_POINT('',(14.5000002160668,0.225000000000015,6.21500006032176));
#17514=CARTESIAN_POINT('',(2.27000006032176,-0.225000000000006,6.21500006032176));
#17515=CARTESIAN_POINT('Origin',(2.27000006032176,-0.325000000000006,6.31500006032176));
#17516=CARTESIAN_POINT('',(14.5000002160668,-0.325000000000006,6.31500006032176));
#17517=CARTESIAN_POINT('',(14.5000002160668,-0.225000000000006,6.21500006032176));
#17518=CARTESIAN_POINT('',(2.27000006032176,-0.325000000000006,6.31500006032176));
#17519=CARTESIAN_POINT('Origin',(2.27000006032176,-0.225000000000006,6.86500006032178));
#17520=CARTESIAN_POINT('',(14.5000002160668,-0.325000000000006,6.76500006032178));
#17521=CARTESIAN_POINT('',(2.27000006032176,-0.325000000000006,6.76500006032178));
#17522=CARTESIAN_POINT('',(14.5000002160668,-0.325000000000006,6.76500006032178));
#17523=CARTESIAN_POINT('Origin',(2.27000006032176,0.275000000000015,5.54));
#17524=CARTESIAN_POINT('',(0.944999999999985,0.225000000000015,5.54));
#17525=CARTESIAN_POINT('',(0.944999999999985,0.225000000000015,5.54));
#17526=CARTESIAN_POINT('Origin',(2.27000006032176,0.225000000000015,5.54));
#17527=CARTESIAN_POINT('Origin',(2.27000006032176,0.275000000000015,5.54));
#17528=CARTESIAN_POINT('',(1.59500000000001,0.225000000000015,5.54));
#17529=CARTESIAN_POINT('',(1.49500000000001,0.325000000000015,5.54));
#17530=CARTESIAN_POINT('Origin',(2.27000006032176,0.225000000000015,5.54));
#17531=CARTESIAN_POINT('Origin',(2.27000006032176,4.44089209850063E-15,
5.54));
#17532=CARTESIAN_POINT('',(1.59500000000001,-0.225000000000006,5.54));
#17533=CARTESIAN_POINT('',(1.59500000000001,0.225000000000015,5.54));
#17534=CARTESIAN_POINT('Origin',(2.27000006032176,-0.225000000000006,5.54));
#17535=CARTESIAN_POINT('Origin',(2.27000006032176,-0.275000000000006,5.54));
#17536=CARTESIAN_POINT('',(1.59500000000001,-0.225000000000006,5.54));
#17537=CARTESIAN_POINT('Origin',(2.27000006032176,-0.275000000000006,5.54));
#17538=CARTESIAN_POINT('',(0.944999999999985,-0.225000000000006,5.54));
#17539=CARTESIAN_POINT('',(1.04499999999998,-0.325000000000006,5.54));
#17540=CARTESIAN_POINT('Origin',(2.27000006032176,-0.225000000000006,5.54));
#17541=CARTESIAN_POINT('Origin',(2.27000006032176,4.44089209850063E-15,
5.54));
#17542=CARTESIAN_POINT('',(0.944999999999985,-0.225000000000006,5.54));
#17543=CARTESIAN_POINT('Origin',(1.04499999999998,0.325000000000015,0.));
#17544=CARTESIAN_POINT('',(0.944999999999985,0.225000000000015,0.));
#17545=CARTESIAN_POINT('',(0.944999999999985,0.225000000000015,0.));
#17546=CARTESIAN_POINT('',(0.944999999999985,0.225000000000015,0.));
#17547=CARTESIAN_POINT('Origin',(1.59500000000001,0.225000000000015,0.));
#17548=CARTESIAN_POINT('',(1.59500000000001,0.225000000000015,0.));
#17549=CARTESIAN_POINT('',(1.49500000000001,0.325000000000015,0.));
#17550=CARTESIAN_POINT('',(1.59500000000001,0.225000000000015,0.));
#17551=CARTESIAN_POINT('Origin',(1.59500000000001,-0.225000000000006,0.));
#17552=CARTESIAN_POINT('',(1.59500000000001,-0.225000000000006,0.));
#17553=CARTESIAN_POINT('',(1.59500000000001,0.225000000000015,0.));
#17554=CARTESIAN_POINT('',(1.59500000000001,-0.225000000000006,0.));
#17555=CARTESIAN_POINT('Origin',(1.49500000000001,-0.325000000000006,0.));
#17556=CARTESIAN_POINT('',(1.59500000000001,-0.225000000000006,0.));
#17557=CARTESIAN_POINT('Origin',(1.04499999999998,-0.325000000000006,0.));
#17558=CARTESIAN_POINT('',(14.5000002160668,-0.325000000000006,6.31500006032176));
#17559=CARTESIAN_POINT('Origin',(0.944999999999985,-0.225000000000006,0.));
#17560=CARTESIAN_POINT('',(0.944999999999985,-0.225000000000006,0.));
#17561=CARTESIAN_POINT('',(1.04499999999998,-0.325000000000006,0.));
#17562=CARTESIAN_POINT('',(0.944999999999985,-0.225000000000006,0.));
#17563=CARTESIAN_POINT('Origin',(0.944999999999985,0.225000000000015,0.));
#17564=CARTESIAN_POINT('',(0.944999999999985,-0.225000000000006,0.));
#17565=CARTESIAN_POINT('Origin',(14.5000002160668,4.44089209850063E-15,
6.54000006032177));
#17566=CARTESIAN_POINT('Origin',(1.27,4.44089209850063E-15,0.));
#17567=UNCERTAINTY_MEASURE_WITH_UNIT(LENGTH_MEASURE(0.01),#17571,
'DISTANCE_ACCURACY_VALUE',
'Maximum model space distance between geometric entities at asserted c
onnectivities');
#17568=UNCERTAINTY_MEASURE_WITH_UNIT(LENGTH_MEASURE(0.01),#17571,
'DISTANCE_ACCURACY_VALUE',
'Maximum model space distance between geometric entities at asserted c
onnectivities');
#17569=(
GEOMETRIC_REPRESENTATION_CONTEXT(3)
GLOBAL_UNCERTAINTY_ASSIGNED_CONTEXT((#17567))
GLOBAL_UNIT_ASSIGNED_CONTEXT((#17571,#17573,#17574))
REPRESENTATION_CONTEXT('','3D')
);
#17570=(
GEOMETRIC_REPRESENTATION_CONTEXT(3)
GLOBAL_UNCERTAINTY_ASSIGNED_CONTEXT((#17568))
GLOBAL_UNIT_ASSIGNED_CONTEXT((#17571,#17573,#17574))
REPRESENTATION_CONTEXT('','3D')
);
#17571=(
LENGTH_UNIT()
NAMED_UNIT(*)
SI_UNIT(.MILLI.,.METRE.)
);
#17572=(
LENGTH_UNIT()
NAMED_UNIT(*)
SI_UNIT($,.METRE.)
);
#17573=(
NAMED_UNIT(*)
PLANE_ANGLE_UNIT()
SI_UNIT($,.RADIAN.)
);
#17574=(
NAMED_UNIT(*)
SI_UNIT($,.STERADIAN.)
SOLID_ANGLE_UNIT()
);
#17575=SHAPE_DEFINITION_REPRESENTATION(#17576,#17577);
#17576=PRODUCT_DEFINITION_SHAPE('',$,#17579);
#17577=SHAPE_REPRESENTATION('',(#10891),#17569);
#17578=PRODUCT_DEFINITION_CONTEXT('part definition',#17583,'design');
#17579=PRODUCT_DEFINITION('Elecrical Unit - 2','Elecrical Unit - 2 v3',
#17580,#17578);
#17580=PRODUCT_DEFINITION_FORMATION('',$,#17585);
#17581=PRODUCT_RELATED_PRODUCT_CATEGORY('Elecrical Unit - 2 v3',
'Elecrical Unit - 2 v3',(#17585));
#17582=APPLICATION_PROTOCOL_DEFINITION('international standard',
'automotive_design',2009,#17583);
#17583=APPLICATION_CONTEXT(
'Core Data for Automotive Mechanical Design Process');
#17584=PRODUCT_CONTEXT('part definition',#17583,'mechanical');
#17585=PRODUCT('Elecrical Unit - 2','Elecrical Unit - 2 v3',$,(#17584));
#17586=PRESENTATION_STYLE_ASSIGNMENT((#17588));
#17587=PRESENTATION_STYLE_ASSIGNMENT((#17589));
#17588=SURFACE_STYLE_USAGE(.BOTH.,#17590);
#17589=SURFACE_STYLE_USAGE(.BOTH.,#17591);
#17590=SURFACE_SIDE_STYLE('',(#17592));
#17591=SURFACE_SIDE_STYLE('',(#17593));
#17592=SURFACE_STYLE_FILL_AREA(#17594);
#17593=SURFACE_STYLE_FILL_AREA(#17595);
#17594=FILL_AREA_STYLE('Steel - Satin',(#17596));
#17595=FILL_AREA_STYLE('Paint - Metallic (Black)',(#17597));
#17596=FILL_AREA_STYLE_COLOUR('Steel - Satin',#17598);
#17597=FILL_AREA_STYLE_COLOUR('Paint - Metallic (Black)',#17599);
#17598=COLOUR_RGB('Steel - Satin',0.627450980392157,0.627450980392157,0.627450980392157);
#17599=COLOUR_RGB('Paint - Metallic (Black)',0.0980392156862745,0.0980392156862745,
0.0980392156862745);
ENDSEC;
END-ISO-10303-21;
