ISO-10303-21;
HEADER;
/* Generated by software containing ST-Developer
 * from STEP Tools, Inc. (www.steptools.com) 
 */

FILE_DESCRIPTION(
/* description */ (''),
/* implementation_level */ '2;1');

FILE_NAME(
/* name */ 'Elecrical Unit - 1.step',
/* time_stamp */ '2026-07-19T11:30:19+05:30',
/* author */ (''),
/* organization */ (''),
/* preprocessor_version */ 'ST-DEVELOPER v20.1',
/* originating_system */ 'Autodesk Translation Framework v15.8.0.0',
/* authorisation */ '');

FILE_SCHEMA (('AUTOMOTIVE_DESIGN { 1 0 10303 214 3 1 1 }'));
ENDSEC;

DATA;
#10=MECHANICAL_DESIGN_GEOMETRIC_PRESENTATION_REPRESENTATION('',(#13),#6587);
#11=SHAPE_REPRESENTATION_RELATIONSHIP('SRR','None',#6594,#12);
#12=ADVANCED_BREP_SHAPE_REPRESENTATION('',(#14),#6586);
#13=STYLED_ITEM('',(#6604),#14);
#14=MANIFOLD_SOLID_BREP('Body1',#4175);
#15=FACE_BOUND('',#294,.T.);
#16=FACE_BOUND('',#295,.T.);
#17=FACE_BOUND('',#296,.T.);
#18=FACE_BOUND('',#297,.T.);
#19=FACE_BOUND('',#298,.T.);
#20=FACE_BOUND('',#299,.T.);
#21=FACE_BOUND('',#300,.T.);
#22=FACE_BOUND('',#301,.T.);
#23=FACE_BOUND('',#302,.T.);
#24=FACE_BOUND('',#303,.T.);
#25=FACE_BOUND('',#431,.T.);
#26=FACE_BOUND('',#432,.T.);
#27=FACE_BOUND('',#433,.T.);
#28=FACE_BOUND('',#434,.T.);
#29=FACE_BOUND('',#435,.T.);
#30=FACE_BOUND('',#436,.T.);
#31=FACE_BOUND('',#437,.T.);
#32=FACE_BOUND('',#438,.T.);
#33=FACE_BOUND('',#439,.T.);
#34=FACE_BOUND('',#440,.T.);
#35=FACE_OUTER_BOUND('',#249,.T.);
#36=FACE_OUTER_BOUND('',#250,.T.);
#37=FACE_OUTER_BOUND('',#251,.T.);
#38=FACE_OUTER_BOUND('',#252,.T.);
#39=FACE_OUTER_BOUND('',#253,.T.);
#40=FACE_OUTER_BOUND('',#254,.T.);
#41=FACE_OUTER_BOUND('',#255,.T.);
#42=FACE_OUTER_BOUND('',#256,.T.);
#43=FACE_OUTER_BOUND('',#257,.T.);
#44=FACE_OUTER_BOUND('',#258,.T.);
#45=FACE_OUTER_BOUND('',#259,.T.);
#46=FACE_OUTER_BOUND('',#260,.T.);
#47=FACE_OUTER_BOUND('',#261,.T.);
#48=FACE_OUTER_BOUND('',#262,.T.);
#49=FACE_OUTER_BOUND('',#263,.T.);
#50=FACE_OUTER_BOUND('',#264,.T.);
#51=FACE_OUTER_BOUND('',#265,.T.);
#52=FACE_OUTER_BOUND('',#266,.T.);
#53=FACE_OUTER_BOUND('',#267,.T.);
#54=FACE_OUTER_BOUND('',#268,.T.);
#55=FACE_OUTER_BOUND('',#269,.T.);
#56=FACE_OUTER_BOUND('',#270,.T.);
#57=FACE_OUTER_BOUND('',#271,.T.);
#58=FACE_OUTER_BOUND('',#272,.T.);
#59=FACE_OUTER_BOUND('',#273,.T.);
#60=FACE_OUTER_BOUND('',#274,.T.);
#61=FACE_OUTER_BOUND('',#275,.T.);
#62=FACE_OUTER_BOUND('',#276,.T.);
#63=FACE_OUTER_BOUND('',#277,.T.);
#64=FACE_OUTER_BOUND('',#278,.T.);
#65=FACE_OUTER_BOUND('',#279,.T.);
#66=FACE_OUTER_BOUND('',#280,.T.);
#67=FACE_OUTER_BOUND('',#281,.T.);
#68=FACE_OUTER_BOUND('',#282,.T.);
#69=FACE_OUTER_BOUND('',#283,.T.);
#70=FACE_OUTER_BOUND('',#284,.T.);
#71=FACE_OUTER_BOUND('',#285,.T.);
#72=FACE_OUTER_BOUND('',#286,.T.);
#73=FACE_OUTER_BOUND('',#287,.T.);
#74=FACE_OUTER_BOUND('',#288,.T.);
#75=FACE_OUTER_BOUND('',#289,.T.);
#76=FACE_OUTER_BOUND('',#290,.T.);
#77=FACE_OUTER_BOUND('',#291,.T.);
#78=FACE_OUTER_BOUND('',#292,.T.);
#79=FACE_OUTER_BOUND('',#293,.T.);
#80=FACE_OUTER_BOUND('',#304,.T.);
#81=FACE_OUTER_BOUND('',#305,.T.);
#82=FACE_OUTER_BOUND('',#306,.T.);
#83=FACE_OUTER_BOUND('',#307,.T.);
#84=FACE_OUTER_BOUND('',#308,.T.);
#85=FACE_OUTER_BOUND('',#309,.T.);
#86=FACE_OUTER_BOUND('',#310,.T.);
#87=FACE_OUTER_BOUND('',#311,.T.);
#88=FACE_OUTER_BOUND('',#312,.T.);
#89=FACE_OUTER_BOUND('',#313,.T.);
#90=FACE_OUTER_BOUND('',#314,.T.);
#91=FACE_OUTER_BOUND('',#315,.T.);
#92=FACE_OUTER_BOUND('',#316,.T.);
#93=FACE_OUTER_BOUND('',#317,.T.);
#94=FACE_OUTER_BOUND('',#318,.T.);
#95=FACE_OUTER_BOUND('',#319,.T.);
#96=FACE_OUTER_BOUND('',#320,.T.);
#97=FACE_OUTER_BOUND('',#321,.T.);
#98=FACE_OUTER_BOUND('',#322,.T.);
#99=FACE_OUTER_BOUND('',#323,.T.);
#100=FACE_OUTER_BOUND('',#324,.T.);
#101=FACE_OUTER_BOUND('',#325,.T.);
#102=FACE_OUTER_BOUND('',#326,.T.);
#103=FACE_OUTER_BOUND('',#327,.T.);
#104=FACE_OUTER_BOUND('',#328,.T.);
#105=FACE_OUTER_BOUND('',#329,.T.);
#106=FACE_OUTER_BOUND('',#330,.T.);
#107=FACE_OUTER_BOUND('',#331,.T.);
#108=FACE_OUTER_BOUND('',#332,.T.);
#109=FACE_OUTER_BOUND('',#333,.T.);
#110=FACE_OUTER_BOUND('',#334,.T.);
#111=FACE_OUTER_BOUND('',#335,.T.);
#112=FACE_OUTER_BOUND('',#336,.T.);
#113=FACE_OUTER_BOUND('',#337,.T.);
#114=FACE_OUTER_BOUND('',#338,.T.);
#115=FACE_OUTER_BOUND('',#339,.T.);
#116=FACE_OUTER_BOUND('',#340,.T.);
#117=FACE_OUTER_BOUND('',#341,.T.);
#118=FACE_OUTER_BOUND('',#342,.T.);
#119=FACE_OUTER_BOUND('',#343,.T.);
#120=FACE_OUTER_BOUND('',#344,.T.);
#121=FACE_OUTER_BOUND('',#345,.T.);
#122=FACE_OUTER_BOUND('',#346,.T.);
#123=FACE_OUTER_BOUND('',#347,.T.);
#124=FACE_OUTER_BOUND('',#348,.T.);
#125=FACE_OUTER_BOUND('',#349,.T.);
#126=FACE_OUTER_BOUND('',#350,.T.);
#127=FACE_OUTER_BOUND('',#351,.T.);
#128=FACE_OUTER_BOUND('',#352,.T.);
#129=FACE_OUTER_BOUND('',#353,.T.);
#130=FACE_OUTER_BOUND('',#354,.T.);
#131=FACE_OUTER_BOUND('',#355,.T.);
#132=FACE_OUTER_BOUND('',#356,.T.);
#133=FACE_OUTER_BOUND('',#357,.T.);
#134=FACE_OUTER_BOUND('',#358,.T.);
#135=FACE_OUTER_BOUND('',#359,.T.);
#136=FACE_OUTER_BOUND('',#360,.T.);
#137=FACE_OUTER_BOUND('',#361,.T.);
#138=FACE_OUTER_BOUND('',#362,.T.);
#139=FACE_OUTER_BOUND('',#363,.T.);
#140=FACE_OUTER_BOUND('',#364,.T.);
#141=FACE_OUTER_BOUND('',#365,.T.);
#142=FACE_OUTER_BOUND('',#366,.T.);
#143=FACE_OUTER_BOUND('',#367,.T.);
#144=FACE_OUTER_BOUND('',#368,.T.);
#145=FACE_OUTER_BOUND('',#369,.T.);
#146=FACE_OUTER_BOUND('',#370,.T.);
#147=FACE_OUTER_BOUND('',#371,.T.);
#148=FACE_OUTER_BOUND('',#372,.T.);
#149=FACE_OUTER_BOUND('',#373,.T.);
#150=FACE_OUTER_BOUND('',#374,.T.);
#151=FACE_OUTER_BOUND('',#375,.T.);
#152=FACE_OUTER_BOUND('',#376,.T.);
#153=FACE_OUTER_BOUND('',#377,.T.);
#154=FACE_OUTER_BOUND('',#378,.T.);
#155=FACE_OUTER_BOUND('',#379,.T.);
#156=FACE_OUTER_BOUND('',#380,.T.);
#157=FACE_OUTER_BOUND('',#381,.T.);
#158=FACE_OUTER_BOUND('',#382,.T.);
#159=FACE_OUTER_BOUND('',#383,.T.);
#160=FACE_OUTER_BOUND('',#384,.T.);
#161=FACE_OUTER_BOUND('',#385,.T.);
#162=FACE_OUTER_BOUND('',#386,.T.);
#163=FACE_OUTER_BOUND('',#387,.T.);
#164=FACE_OUTER_BOUND('',#388,.T.);
#165=FACE_OUTER_BOUND('',#389,.T.);
#166=FACE_OUTER_BOUND('',#390,.T.);
#167=FACE_OUTER_BOUND('',#391,.T.);
#168=FACE_OUTER_BOUND('',#392,.T.);
#169=FACE_OUTER_BOUND('',#393,.T.);
#170=FACE_OUTER_BOUND('',#394,.T.);
#171=FACE_OUTER_BOUND('',#395,.T.);
#172=FACE_OUTER_BOUND('',#396,.T.);
#173=FACE_OUTER_BOUND('',#397,.T.);
#174=FACE_OUTER_BOUND('',#398,.T.);
#175=FACE_OUTER_BOUND('',#399,.T.);
#176=FACE_OUTER_BOUND('',#400,.T.);
#177=FACE_OUTER_BOUND('',#401,.T.);
#178=FACE_OUTER_BOUND('',#402,.T.);
#179=FACE_OUTER_BOUND('',#403,.T.);
#180=FACE_OUTER_BOUND('',#404,.T.);
#181=FACE_OUTER_BOUND('',#405,.T.);
#182=FACE_OUTER_BOUND('',#406,.T.);
#183=FACE_OUTER_BOUND('',#407,.T.);
#184=FACE_OUTER_BOUND('',#408,.T.);
#185=FACE_OUTER_BOUND('',#409,.T.);
#186=FACE_OUTER_BOUND('',#410,.T.);
#187=FACE_OUTER_BOUND('',#411,.T.);
#188=FACE_OUTER_BOUND('',#412,.T.);
#189=FACE_OUTER_BOUND('',#413,.T.);
#190=FACE_OUTER_BOUND('',#414,.T.);
#191=FACE_OUTER_BOUND('',#415,.T.);
#192=FACE_OUTER_BOUND('',#416,.T.);
#193=FACE_OUTER_BOUND('',#417,.T.);
#194=FACE_OUTER_BOUND('',#418,.T.);
#195=FACE_OUTER_BOUND('',#419,.T.);
#196=FACE_OUTER_BOUND('',#420,.T.);
#197=FACE_OUTER_BOUND('',#421,.T.);
#198=FACE_OUTER_BOUND('',#422,.T.);
#199=FACE_OUTER_BOUND('',#423,.T.);
#200=FACE_OUTER_BOUND('',#424,.T.);
#201=FACE_OUTER_BOUND('',#425,.T.);
#202=FACE_OUTER_BOUND('',#426,.T.);
#203=FACE_OUTER_BOUND('',#427,.T.);
#204=FACE_OUTER_BOUND('',#428,.T.);
#205=FACE_OUTER_BOUND('',#429,.T.);
#206=FACE_OUTER_BOUND('',#430,.T.);
#207=FACE_OUTER_BOUND('',#441,.T.);
#208=FACE_OUTER_BOUND('',#442,.T.);
#209=FACE_OUTER_BOUND('',#443,.T.);
#210=FACE_OUTER_BOUND('',#444,.T.);
#211=FACE_OUTER_BOUND('',#445,.T.);
#212=FACE_OUTER_BOUND('',#446,.T.);
#213=FACE_OUTER_BOUND('',#447,.T.);
#214=FACE_OUTER_BOUND('',#448,.T.);
#215=FACE_OUTER_BOUND('',#449,.T.);
#216=FACE_OUTER_BOUND('',#450,.T.);
#217=FACE_OUTER_BOUND('',#451,.T.);
#218=FACE_OUTER_BOUND('',#452,.T.);
#219=FACE_OUTER_BOUND('',#453,.T.);
#220=FACE_OUTER_BOUND('',#454,.T.);
#221=FACE_OUTER_BOUND('',#455,.T.);
#222=FACE_OUTER_BOUND('',#456,.T.);
#223=FACE_OUTER_BOUND('',#457,.T.);
#224=FACE_OUTER_BOUND('',#458,.T.);
#225=FACE_OUTER_BOUND('',#459,.T.);
#226=FACE_OUTER_BOUND('',#460,.T.);
#227=FACE_OUTER_BOUND('',#461,.T.);
#228=FACE_OUTER_BOUND('',#462,.T.);
#229=FACE_OUTER_BOUND('',#463,.T.);
#230=FACE_OUTER_BOUND('',#464,.T.);
#231=FACE_OUTER_BOUND('',#465,.T.);
#232=FACE_OUTER_BOUND('',#466,.T.);
#233=FACE_OUTER_BOUND('',#467,.T.);
#234=FACE_OUTER_BOUND('',#468,.T.);
#235=FACE_OUTER_BOUND('',#469,.T.);
#236=FACE_OUTER_BOUND('',#470,.T.);
#237=FACE_OUTER_BOUND('',#471,.T.);
#238=FACE_OUTER_BOUND('',#472,.T.);
#239=FACE_OUTER_BOUND('',#473,.T.);
#240=FACE_OUTER_BOUND('',#474,.T.);
#241=FACE_OUTER_BOUND('',#475,.T.);
#242=FACE_OUTER_BOUND('',#476,.T.);
#243=FACE_OUTER_BOUND('',#477,.T.);
#244=FACE_OUTER_BOUND('',#478,.T.);
#245=FACE_OUTER_BOUND('',#479,.T.);
#246=FACE_OUTER_BOUND('',#480,.T.);
#247=FACE_OUTER_BOUND('',#481,.T.);
#248=FACE_OUTER_BOUND('',#482,.T.);
#249=EDGE_LOOP('',(#2595,#2596,#2597,#2598));
#250=EDGE_LOOP('',(#2599,#2600,#2601,#2602));
#251=EDGE_LOOP('',(#2603,#2604,#2605,#2606));
#252=EDGE_LOOP('',(#2607,#2608,#2609,#2610));
#253=EDGE_LOOP('',(#2611,#2612,#2613,#2614));
#254=EDGE_LOOP('',(#2615,#2616,#2617,#2618));
#255=EDGE_LOOP('',(#2619,#2620,#2621,#2622));
#256=EDGE_LOOP('',(#2623,#2624,#2625,#2626));
#257=EDGE_LOOP('',(#2627,#2628,#2629,#2630));
#258=EDGE_LOOP('',(#2631,#2632,#2633,#2634));
#259=EDGE_LOOP('',(#2635,#2636,#2637,#2638));
#260=EDGE_LOOP('',(#2639,#2640,#2641,#2642));
#261=EDGE_LOOP('',(#2643,#2644,#2645,#2646));
#262=EDGE_LOOP('',(#2647,#2648,#2649,#2650));
#263=EDGE_LOOP('',(#2651,#2652,#2653,#2654));
#264=EDGE_LOOP('',(#2655,#2656,#2657,#2658));
#265=EDGE_LOOP('',(#2659,#2660,#2661,#2662));
#266=EDGE_LOOP('',(#2663,#2664,#2665,#2666));
#267=EDGE_LOOP('',(#2667,#2668,#2669,#2670));
#268=EDGE_LOOP('',(#2671,#2672,#2673,#2674));
#269=EDGE_LOOP('',(#2675,#2676,#2677,#2678));
#270=EDGE_LOOP('',(#2679,#2680,#2681,#2682));
#271=EDGE_LOOP('',(#2683,#2684,#2685,#2686));
#272=EDGE_LOOP('',(#2687,#2688,#2689,#2690,#2691,#2692,#2693,#2694));
#273=EDGE_LOOP('',(#2695,#2696,#2697,#2698,#2699,#2700,#2701,#2702));
#274=EDGE_LOOP('',(#2703,#2704,#2705,#2706));
#275=EDGE_LOOP('',(#2707,#2708,#2709,#2710));
#276=EDGE_LOOP('',(#2711,#2712,#2713,#2714));
#277=EDGE_LOOP('',(#2715,#2716,#2717,#2718));
#278=EDGE_LOOP('',(#2719,#2720,#2721,#2722));
#279=EDGE_LOOP('',(#2723,#2724,#2725,#2726));
#280=EDGE_LOOP('',(#2727,#2728,#2729,#2730));
#281=EDGE_LOOP('',(#2731,#2732,#2733,#2734));
#282=EDGE_LOOP('',(#2735,#2736,#2737,#2738));
#283=EDGE_LOOP('',(#2739,#2740,#2741,#2742));
#284=EDGE_LOOP('',(#2743,#2744,#2745,#2746));
#285=EDGE_LOOP('',(#2747,#2748,#2749,#2750));
#286=EDGE_LOOP('',(#2751,#2752,#2753,#2754));
#287=EDGE_LOOP('',(#2755,#2756,#2757,#2758));
#288=EDGE_LOOP('',(#2759,#2760,#2761,#2762));
#289=EDGE_LOOP('',(#2763,#2764,#2765,#2766));
#290=EDGE_LOOP('',(#2767,#2768,#2769,#2770,#2771,#2772,#2773,#2774));
#291=EDGE_LOOP('',(#2775,#2776,#2777,#2778,#2779,#2780,#2781,#2782));
#292=EDGE_LOOP('',(#2783,#2784,#2785,#2786));
#293=EDGE_LOOP('',(#2787,#2788,#2789,#2790,#2791,#2792,#2793,#2794,#2795,
#2796,#2797,#2798,#2799,#2800,#2801,#2802,#2803,#2804,#2805,#2806,#2807,
#2808,#2809,#2810,#2811,#2812,#2813,#2814,#2815,#2816,#2817,#2818));
#294=EDGE_LOOP('',(#2819,#2820,#2821,#2822,#2823,#2824,#2825,#2826));
#295=EDGE_LOOP('',(#2827,#2828,#2829,#2830,#2831,#2832,#2833,#2834));
#296=EDGE_LOOP('',(#2835,#2836,#2837,#2838,#2839,#2840,#2841,#2842));
#297=EDGE_LOOP('',(#2843,#2844,#2845,#2846,#2847,#2848,#2849,#2850));
#298=EDGE_LOOP('',(#2851,#2852,#2853,#2854,#2855,#2856,#2857,#2858));
#299=EDGE_LOOP('',(#2859,#2860,#2861,#2862,#2863,#2864,#2865,#2866));
#300=EDGE_LOOP('',(#2867,#2868,#2869,#2870,#2871,#2872,#2873,#2874));
#301=EDGE_LOOP('',(#2875,#2876,#2877,#2878,#2879,#2880,#2881,#2882));
#302=EDGE_LOOP('',(#2883,#2884,#2885,#2886,#2887,#2888,#2889,#2890));
#303=EDGE_LOOP('',(#2891,#2892,#2893,#2894,#2895,#2896,#2897,#2898));
#304=EDGE_LOOP('',(#2899,#2900,#2901,#2902));
#305=EDGE_LOOP('',(#2903,#2904,#2905,#2906));
#306=EDGE_LOOP('',(#2907,#2908,#2909,#2910));
#307=EDGE_LOOP('',(#2911,#2912,#2913,#2914));
#308=EDGE_LOOP('',(#2915,#2916,#2917,#2918));
#309=EDGE_LOOP('',(#2919,#2920,#2921,#2922));
#310=EDGE_LOOP('',(#2923,#2924,#2925,#2926));
#311=EDGE_LOOP('',(#2927,#2928,#2929,#2930));
#312=EDGE_LOOP('',(#2931,#2932,#2933,#2934));
#313=EDGE_LOOP('',(#2935,#2936,#2937,#2938));
#314=EDGE_LOOP('',(#2939,#2940,#2941,#2942));
#315=EDGE_LOOP('',(#2943,#2944,#2945,#2946));
#316=EDGE_LOOP('',(#2947,#2948,#2949,#2950));
#317=EDGE_LOOP('',(#2951,#2952,#2953,#2954));
#318=EDGE_LOOP('',(#2955,#2956,#2957,#2958));
#319=EDGE_LOOP('',(#2959,#2960,#2961,#2962));
#320=EDGE_LOOP('',(#2963,#2964,#2965,#2966));
#321=EDGE_LOOP('',(#2967,#2968,#2969,#2970));
#322=EDGE_LOOP('',(#2971,#2972,#2973,#2974));
#323=EDGE_LOOP('',(#2975,#2976,#2977,#2978));
#324=EDGE_LOOP('',(#2979,#2980,#2981,#2982));
#325=EDGE_LOOP('',(#2983,#2984,#2985,#2986,#2987,#2988,#2989,#2990));
#326=EDGE_LOOP('',(#2991,#2992,#2993,#2994,#2995,#2996,#2997,#2998));
#327=EDGE_LOOP('',(#2999,#3000,#3001,#3002));
#328=EDGE_LOOP('',(#3003,#3004,#3005,#3006));
#329=EDGE_LOOP('',(#3007,#3008,#3009,#3010));
#330=EDGE_LOOP('',(#3011,#3012,#3013,#3014));
#331=EDGE_LOOP('',(#3015,#3016,#3017,#3018));
#332=EDGE_LOOP('',(#3019,#3020,#3021,#3022));
#333=EDGE_LOOP('',(#3023,#3024,#3025,#3026));
#334=EDGE_LOOP('',(#3027,#3028,#3029,#3030));
#335=EDGE_LOOP('',(#3031,#3032,#3033,#3034));
#336=EDGE_LOOP('',(#3035,#3036,#3037,#3038));
#337=EDGE_LOOP('',(#3039,#3040,#3041,#3042));
#338=EDGE_LOOP('',(#3043,#3044,#3045,#3046));
#339=EDGE_LOOP('',(#3047,#3048,#3049,#3050));
#340=EDGE_LOOP('',(#3051,#3052,#3053,#3054));
#341=EDGE_LOOP('',(#3055,#3056,#3057,#3058));
#342=EDGE_LOOP('',(#3059,#3060,#3061,#3062));
#343=EDGE_LOOP('',(#3063,#3064,#3065,#3066,#3067,#3068,#3069,#3070));
#344=EDGE_LOOP('',(#3071,#3072,#3073,#3074,#3075,#3076,#3077,#3078));
#345=EDGE_LOOP('',(#3079,#3080,#3081,#3082));
#346=EDGE_LOOP('',(#3083,#3084,#3085,#3086));
#347=EDGE_LOOP('',(#3087,#3088,#3089,#3090));
#348=EDGE_LOOP('',(#3091,#3092,#3093,#3094));
#349=EDGE_LOOP('',(#3095,#3096,#3097,#3098));
#350=EDGE_LOOP('',(#3099,#3100,#3101,#3102));
#351=EDGE_LOOP('',(#3103,#3104,#3105,#3106));
#352=EDGE_LOOP('',(#3107,#3108,#3109,#3110));
#353=EDGE_LOOP('',(#3111,#3112,#3113,#3114));
#354=EDGE_LOOP('',(#3115,#3116,#3117,#3118));
#355=EDGE_LOOP('',(#3119,#3120,#3121,#3122));
#356=EDGE_LOOP('',(#3123,#3124,#3125,#3126));
#357=EDGE_LOOP('',(#3127,#3128,#3129,#3130));
#358=EDGE_LOOP('',(#3131,#3132,#3133,#3134));
#359=EDGE_LOOP('',(#3135,#3136,#3137,#3138));
#360=EDGE_LOOP('',(#3139,#3140,#3141,#3142));
#361=EDGE_LOOP('',(#3143,#3144,#3145,#3146));
#362=EDGE_LOOP('',(#3147,#3148,#3149,#3150));
#363=EDGE_LOOP('',(#3151,#3152,#3153,#3154));
#364=EDGE_LOOP('',(#3155,#3156,#3157,#3158));
#365=EDGE_LOOP('',(#3159,#3160,#3161,#3162));
#366=EDGE_LOOP('',(#3163,#3164,#3165,#3166));
#367=EDGE_LOOP('',(#3167,#3168,#3169,#3170,#3171,#3172,#3173,#3174));
#368=EDGE_LOOP('',(#3175,#3176,#3177,#3178,#3179,#3180,#3181,#3182));
#369=EDGE_LOOP('',(#3183,#3184,#3185,#3186));
#370=EDGE_LOOP('',(#3187,#3188,#3189,#3190));
#371=EDGE_LOOP('',(#3191,#3192,#3193,#3194));
#372=EDGE_LOOP('',(#3195,#3196,#3197,#3198));
#373=EDGE_LOOP('',(#3199,#3200,#3201,#3202));
#374=EDGE_LOOP('',(#3203,#3204,#3205,#3206));
#375=EDGE_LOOP('',(#3207,#3208,#3209,#3210));
#376=EDGE_LOOP('',(#3211,#3212,#3213,#3214));
#377=EDGE_LOOP('',(#3215,#3216,#3217,#3218));
#378=EDGE_LOOP('',(#3219,#3220,#3221,#3222));
#379=EDGE_LOOP('',(#3223,#3224,#3225,#3226));
#380=EDGE_LOOP('',(#3227,#3228,#3229,#3230));
#381=EDGE_LOOP('',(#3231,#3232,#3233,#3234));
#382=EDGE_LOOP('',(#3235,#3236,#3237,#3238));
#383=EDGE_LOOP('',(#3239,#3240,#3241,#3242));
#384=EDGE_LOOP('',(#3243,#3244,#3245,#3246));
#385=EDGE_LOOP('',(#3247,#3248,#3249,#3250,#3251,#3252,#3253,#3254));
#386=EDGE_LOOP('',(#3255,#3256,#3257,#3258,#3259,#3260,#3261,#3262));
#387=EDGE_LOOP('',(#3263,#3264,#3265,#3266));
#388=EDGE_LOOP('',(#3267,#3268,#3269,#3270));
#389=EDGE_LOOP('',(#3271,#3272,#3273,#3274));
#390=EDGE_LOOP('',(#3275,#3276,#3277,#3278));
#391=EDGE_LOOP('',(#3279,#3280,#3281,#3282));
#392=EDGE_LOOP('',(#3283,#3284,#3285,#3286));
#393=EDGE_LOOP('',(#3287,#3288,#3289,#3290));
#394=EDGE_LOOP('',(#3291,#3292,#3293,#3294));
#395=EDGE_LOOP('',(#3295,#3296,#3297,#3298));
#396=EDGE_LOOP('',(#3299,#3300,#3301,#3302));
#397=EDGE_LOOP('',(#3303,#3304,#3305,#3306));
#398=EDGE_LOOP('',(#3307,#3308,#3309,#3310));
#399=EDGE_LOOP('',(#3311,#3312,#3313,#3314));
#400=EDGE_LOOP('',(#3315,#3316,#3317,#3318));
#401=EDGE_LOOP('',(#3319,#3320,#3321,#3322));
#402=EDGE_LOOP('',(#3323,#3324,#3325,#3326));
#403=EDGE_LOOP('',(#3327,#3328,#3329,#3330));
#404=EDGE_LOOP('',(#3331,#3332,#3333,#3334));
#405=EDGE_LOOP('',(#3335,#3336,#3337,#3338));
#406=EDGE_LOOP('',(#3339,#3340,#3341,#3342));
#407=EDGE_LOOP('',(#3343,#3344,#3345,#3346));
#408=EDGE_LOOP('',(#3347,#3348,#3349,#3350));
#409=EDGE_LOOP('',(#3351,#3352,#3353,#3354,#3355,#3356,#3357,#3358));
#410=EDGE_LOOP('',(#3359,#3360,#3361,#3362,#3363,#3364,#3365,#3366));
#411=EDGE_LOOP('',(#3367,#3368,#3369,#3370));
#412=EDGE_LOOP('',(#3371,#3372,#3373,#3374));
#413=EDGE_LOOP('',(#3375,#3376,#3377,#3378));
#414=EDGE_LOOP('',(#3379,#3380,#3381,#3382));
#415=EDGE_LOOP('',(#3383,#3384,#3385,#3386));
#416=EDGE_LOOP('',(#3387,#3388,#3389,#3390));
#417=EDGE_LOOP('',(#3391,#3392,#3393,#3394));
#418=EDGE_LOOP('',(#3395,#3396,#3397,#3398));
#419=EDGE_LOOP('',(#3399,#3400,#3401,#3402));
#420=EDGE_LOOP('',(#3403,#3404,#3405,#3406));
#421=EDGE_LOOP('',(#3407,#3408,#3409,#3410));
#422=EDGE_LOOP('',(#3411,#3412,#3413,#3414));
#423=EDGE_LOOP('',(#3415,#3416,#3417,#3418));
#424=EDGE_LOOP('',(#3419,#3420,#3421,#3422));
#425=EDGE_LOOP('',(#3423,#3424,#3425,#3426));
#426=EDGE_LOOP('',(#3427,#3428,#3429,#3430));
#427=EDGE_LOOP('',(#3431,#3432,#3433,#3434,#3435,#3436,#3437,#3438));
#428=EDGE_LOOP('',(#3439,#3440,#3441,#3442,#3443,#3444,#3445,#3446));
#429=EDGE_LOOP('',(#3447,#3448,#3449,#3450));
#430=EDGE_LOOP('',(#3451,#3452,#3453,#3454,#3455,#3456,#3457,#3458,#3459,
#3460,#3461,#3462,#3463,#3464,#3465,#3466,#3467,#3468,#3469,#3470,#3471,
#3472,#3473,#3474,#3475,#3476,#3477,#3478,#3479,#3480,#3481,#3482));
#431=EDGE_LOOP('',(#3483,#3484,#3485,#3486,#3487,#3488,#3489,#3490));
#432=EDGE_LOOP('',(#3491,#3492,#3493,#3494,#3495,#3496,#3497,#3498));
#433=EDGE_LOOP('',(#3499,#3500,#3501,#3502,#3503,#3504,#3505,#3506));
#434=EDGE_LOOP('',(#3507,#3508,#3509,#3510,#3511,#3512,#3513,#3514));
#435=EDGE_LOOP('',(#3515,#3516,#3517,#3518,#3519,#3520,#3521,#3522));
#436=EDGE_LOOP('',(#3523,#3524,#3525,#3526,#3527,#3528,#3529,#3530));
#437=EDGE_LOOP('',(#3531,#3532,#3533,#3534,#3535,#3536,#3537,#3538));
#438=EDGE_LOOP('',(#3539,#3540,#3541,#3542,#3543,#3544,#3545,#3546));
#439=EDGE_LOOP('',(#3547,#3548,#3549,#3550,#3551,#3552,#3553,#3554));
#440=EDGE_LOOP('',(#3555,#3556,#3557,#3558,#3559,#3560,#3561,#3562));
#441=EDGE_LOOP('',(#3563,#3564,#3565,#3566));
#442=EDGE_LOOP('',(#3567,#3568,#3569,#3570));
#443=EDGE_LOOP('',(#3571,#3572,#3573,#3574));
#444=EDGE_LOOP('',(#3575,#3576,#3577,#3578));
#445=EDGE_LOOP('',(#3579,#3580,#3581,#3582));
#446=EDGE_LOOP('',(#3583,#3584,#3585,#3586));
#447=EDGE_LOOP('',(#3587,#3588,#3589,#3590));
#448=EDGE_LOOP('',(#3591,#3592,#3593,#3594));
#449=EDGE_LOOP('',(#3595,#3596,#3597,#3598));
#450=EDGE_LOOP('',(#3599,#3600,#3601,#3602));
#451=EDGE_LOOP('',(#3603,#3604,#3605,#3606));
#452=EDGE_LOOP('',(#3607,#3608,#3609,#3610));
#453=EDGE_LOOP('',(#3611,#3612,#3613,#3614));
#454=EDGE_LOOP('',(#3615,#3616,#3617,#3618));
#455=EDGE_LOOP('',(#3619,#3620,#3621,#3622));
#456=EDGE_LOOP('',(#3623,#3624,#3625,#3626));
#457=EDGE_LOOP('',(#3627,#3628,#3629,#3630));
#458=EDGE_LOOP('',(#3631,#3632,#3633,#3634));
#459=EDGE_LOOP('',(#3635,#3636,#3637,#3638));
#460=EDGE_LOOP('',(#3639,#3640,#3641,#3642));
#461=EDGE_LOOP('',(#3643,#3644,#3645,#3646));
#462=EDGE_LOOP('',(#3647,#3648,#3649,#3650));
#463=EDGE_LOOP('',(#3651,#3652,#3653,#3654,#3655,#3656,#3657,#3658));
#464=EDGE_LOOP('',(#3659,#3660,#3661,#3662,#3663,#3664,#3665,#3666));
#465=EDGE_LOOP('',(#3667,#3668,#3669,#3670));
#466=EDGE_LOOP('',(#3671,#3672,#3673,#3674));
#467=EDGE_LOOP('',(#3675,#3676,#3677,#3678));
#468=EDGE_LOOP('',(#3679,#3680,#3681,#3682));
#469=EDGE_LOOP('',(#3683,#3684,#3685,#3686));
#470=EDGE_LOOP('',(#3687,#3688,#3689,#3690));
#471=EDGE_LOOP('',(#3691,#3692,#3693,#3694));
#472=EDGE_LOOP('',(#3695,#3696,#3697,#3698));
#473=EDGE_LOOP('',(#3699,#3700,#3701,#3702));
#474=EDGE_LOOP('',(#3703,#3704,#3705,#3706));
#475=EDGE_LOOP('',(#3707,#3708,#3709,#3710));
#476=EDGE_LOOP('',(#3711,#3712,#3713,#3714));
#477=EDGE_LOOP('',(#3715,#3716,#3717,#3718));
#478=EDGE_LOOP('',(#3719,#3720,#3721,#3722));
#479=EDGE_LOOP('',(#3723,#3724,#3725,#3726));
#480=EDGE_LOOP('',(#3727,#3728,#3729,#3730));
#481=EDGE_LOOP('',(#3731,#3732,#3733,#3734,#3735,#3736,#3737,#3738));
#482=EDGE_LOOP('',(#3739,#3740,#3741,#3742,#3743,#3744,#3745,#3746));
#483=LINE('',#5413,#1059);
#484=LINE('',#5415,#1060);
#485=LINE('',#5417,#1061);
#486=LINE('',#5418,#1062);
#487=LINE('',#5422,#1063);
#488=LINE('',#5424,#1064);
#489=LINE('',#5426,#1065);
#490=LINE('',#5427,#1066);
#491=LINE('',#5430,#1067);
#492=LINE('',#5432,#1068);
#493=LINE('',#5433,#1069);
#494=LINE('',#5436,#1070);
#495=LINE('',#5438,#1071);
#496=LINE('',#5439,#1072);
#497=LINE('',#5442,#1073);
#498=LINE('',#5444,#1074);
#499=LINE('',#5445,#1075);
#500=LINE('',#5448,#1076);
#501=LINE('',#5450,#1077);
#502=LINE('',#5451,#1078);
#503=LINE('',#5453,#1079);
#504=LINE('',#5454,#1080);
#505=LINE('',#5458,#1081);
#506=LINE('',#5460,#1082);
#507=LINE('',#5462,#1083);
#508=LINE('',#5463,#1084);
#509=LINE('',#5467,#1085);
#510=LINE('',#5469,#1086);
#511=LINE('',#5471,#1087);
#512=LINE('',#5472,#1088);
#513=LINE('',#5475,#1089);
#514=LINE('',#5477,#1090);
#515=LINE('',#5478,#1091);
#516=LINE('',#5481,#1092);
#517=LINE('',#5483,#1093);
#518=LINE('',#5484,#1094);
#519=LINE('',#5487,#1095);
#520=LINE('',#5489,#1096);
#521=LINE('',#5490,#1097);
#522=LINE('',#5493,#1098);
#523=LINE('',#5495,#1099);
#524=LINE('',#5496,#1100);
#525=LINE('',#5499,#1101);
#526=LINE('',#5501,#1102);
#527=LINE('',#5502,#1103);
#528=LINE('',#5505,#1104);
#529=LINE('',#5507,#1105);
#530=LINE('',#5508,#1106);
#531=LINE('',#5511,#1107);
#532=LINE('',#5513,#1108);
#533=LINE('',#5514,#1109);
#534=LINE('',#5517,#1110);
#535=LINE('',#5519,#1111);
#536=LINE('',#5520,#1112);
#537=LINE('',#5523,#1113);
#538=LINE('',#5525,#1114);
#539=LINE('',#5526,#1115);
#540=LINE('',#5528,#1116);
#541=LINE('',#5529,#1117);
#542=LINE('',#5532,#1118);
#543=LINE('',#5534,#1119);
#544=LINE('',#5535,#1120);
#545=LINE('',#5538,#1121);
#546=LINE('',#5540,#1122);
#547=LINE('',#5541,#1123);
#548=LINE('',#5544,#1124);
#549=LINE('',#5546,#1125);
#550=LINE('',#5547,#1126);
#551=LINE('',#5549,#1127);
#552=LINE('',#5550,#1128);
#553=LINE('',#5556,#1129);
#554=LINE('',#5558,#1130);
#555=LINE('',#5560,#1131);
#556=LINE('',#5561,#1132);
#557=LINE('',#5565,#1133);
#558=LINE('',#5567,#1134);
#559=LINE('',#5569,#1135);
#560=LINE('',#5570,#1136);
#561=LINE('',#5573,#1137);
#562=LINE('',#5575,#1138);
#563=LINE('',#5576,#1139);
#564=LINE('',#5579,#1140);
#565=LINE('',#5581,#1141);
#566=LINE('',#5582,#1142);
#567=LINE('',#5585,#1143);
#568=LINE('',#5587,#1144);
#569=LINE('',#5588,#1145);
#570=LINE('',#5591,#1146);
#571=LINE('',#5593,#1147);
#572=LINE('',#5594,#1148);
#573=LINE('',#5597,#1149);
#574=LINE('',#5599,#1150);
#575=LINE('',#5600,#1151);
#576=LINE('',#5603,#1152);
#577=LINE('',#5605,#1153);
#578=LINE('',#5606,#1154);
#579=LINE('',#5609,#1155);
#580=LINE('',#5611,#1156);
#581=LINE('',#5612,#1157);
#582=LINE('',#5615,#1158);
#583=LINE('',#5617,#1159);
#584=LINE('',#5618,#1160);
#585=LINE('',#5621,#1161);
#586=LINE('',#5623,#1162);
#587=LINE('',#5624,#1163);
#588=LINE('',#5626,#1164);
#589=LINE('',#5627,#1165);
#590=LINE('',#5630,#1166);
#591=LINE('',#5632,#1167);
#592=LINE('',#5633,#1168);
#593=LINE('',#5636,#1169);
#594=LINE('',#5638,#1170);
#595=LINE('',#5639,#1171);
#596=LINE('',#5642,#1172);
#597=LINE('',#5644,#1173);
#598=LINE('',#5645,#1174);
#599=LINE('',#5647,#1175);
#600=LINE('',#5648,#1176);
#601=LINE('',#5653,#1177);
#602=LINE('',#5655,#1178);
#603=LINE('',#5656,#1179);
#604=LINE('',#5659,#1180);
#605=LINE('',#5661,#1181);
#606=LINE('',#5663,#1182);
#607=LINE('',#5665,#1183);
#608=LINE('',#5667,#1184);
#609=LINE('',#5669,#1185);
#610=LINE('',#5671,#1186);
#611=LINE('',#5673,#1187);
#612=LINE('',#5675,#1188);
#613=LINE('',#5677,#1189);
#614=LINE('',#5679,#1190);
#615=LINE('',#5681,#1191);
#616=LINE('',#5683,#1192);
#617=LINE('',#5685,#1193);
#618=LINE('',#5687,#1194);
#619=LINE('',#5689,#1195);
#620=LINE('',#5691,#1196);
#621=LINE('',#5693,#1197);
#622=LINE('',#5695,#1198);
#623=LINE('',#5697,#1199);
#624=LINE('',#5699,#1200);
#625=LINE('',#5701,#1201);
#626=LINE('',#5703,#1202);
#627=LINE('',#5704,#1203);
#628=LINE('',#5707,#1204);
#629=LINE('',#5709,#1205);
#630=LINE('',#5711,#1206);
#631=LINE('',#5713,#1207);
#632=LINE('',#5715,#1208);
#633=LINE('',#5717,#1209);
#634=LINE('',#5719,#1210);
#635=LINE('',#5720,#1211);
#636=LINE('',#5723,#1212);
#637=LINE('',#5725,#1213);
#638=LINE('',#5727,#1214);
#639=LINE('',#5729,#1215);
#640=LINE('',#5731,#1216);
#641=LINE('',#5733,#1217);
#642=LINE('',#5735,#1218);
#643=LINE('',#5736,#1219);
#644=LINE('',#5739,#1220);
#645=LINE('',#5741,#1221);
#646=LINE('',#5743,#1222);
#647=LINE('',#5745,#1223);
#648=LINE('',#5747,#1224);
#649=LINE('',#5749,#1225);
#650=LINE('',#5751,#1226);
#651=LINE('',#5752,#1227);
#652=LINE('',#5755,#1228);
#653=LINE('',#5757,#1229);
#654=LINE('',#5759,#1230);
#655=LINE('',#5761,#1231);
#656=LINE('',#5763,#1232);
#657=LINE('',#5765,#1233);
#658=LINE('',#5767,#1234);
#659=LINE('',#5768,#1235);
#660=LINE('',#5771,#1236);
#661=LINE('',#5773,#1237);
#662=LINE('',#5775,#1238);
#663=LINE('',#5777,#1239);
#664=LINE('',#5779,#1240);
#665=LINE('',#5781,#1241);
#666=LINE('',#5783,#1242);
#667=LINE('',#5784,#1243);
#668=LINE('',#5787,#1244);
#669=LINE('',#5789,#1245);
#670=LINE('',#5791,#1246);
#671=LINE('',#5793,#1247);
#672=LINE('',#5795,#1248);
#673=LINE('',#5797,#1249);
#674=LINE('',#5799,#1250);
#675=LINE('',#5800,#1251);
#676=LINE('',#5803,#1252);
#677=LINE('',#5805,#1253);
#678=LINE('',#5807,#1254);
#679=LINE('',#5809,#1255);
#680=LINE('',#5811,#1256);
#681=LINE('',#5813,#1257);
#682=LINE('',#5815,#1258);
#683=LINE('',#5816,#1259);
#684=LINE('',#5819,#1260);
#685=LINE('',#5821,#1261);
#686=LINE('',#5823,#1262);
#687=LINE('',#5825,#1263);
#688=LINE('',#5827,#1264);
#689=LINE('',#5829,#1265);
#690=LINE('',#5831,#1266);
#691=LINE('',#5832,#1267);
#692=LINE('',#5835,#1268);
#693=LINE('',#5837,#1269);
#694=LINE('',#5838,#1270);
#695=LINE('',#5841,#1271);
#696=LINE('',#5843,#1272);
#697=LINE('',#5844,#1273);
#698=LINE('',#5847,#1274);
#699=LINE('',#5848,#1275);
#700=LINE('',#5850,#1276);
#701=LINE('',#5852,#1277);
#702=LINE('',#5855,#1278);
#703=LINE('',#5857,#1279);
#704=LINE('',#5858,#1280);
#705=LINE('',#5862,#1281);
#706=LINE('',#5864,#1282);
#707=LINE('',#5866,#1283);
#708=LINE('',#5867,#1284);
#709=LINE('',#5870,#1285);
#710=LINE('',#5871,#1286);
#711=LINE('',#5874,#1287);
#712=LINE('',#5876,#1288);
#713=LINE('',#5877,#1289);
#714=LINE('',#5880,#1290);
#715=LINE('',#5881,#1291);
#716=LINE('',#5884,#1292);
#717=LINE('',#5885,#1293);
#718=LINE('',#5888,#1294);
#719=LINE('',#5890,#1295);
#720=LINE('',#5891,#1296);
#721=LINE('',#5894,#1297);
#722=LINE('',#5895,#1298);
#723=LINE('',#5898,#1299);
#724=LINE('',#5899,#1300);
#725=LINE('',#5902,#1301);
#726=LINE('',#5904,#1302);
#727=LINE('',#5905,#1303);
#728=LINE('',#5908,#1304);
#729=LINE('',#5909,#1305);
#730=LINE('',#5911,#1306);
#731=LINE('',#5914,#1307);
#732=LINE('',#5916,#1308);
#733=LINE('',#5917,#1309);
#734=LINE('',#5920,#1310);
#735=LINE('',#5922,#1311);
#736=LINE('',#5923,#1312);
#737=LINE('',#5926,#1313);
#738=LINE('',#5928,#1314);
#739=LINE('',#5929,#1315);
#740=LINE('',#5931,#1316);
#741=LINE('',#5932,#1317);
#742=LINE('',#5937,#1318);
#743=LINE('',#5939,#1319);
#744=LINE('',#5940,#1320);
#745=LINE('',#5944,#1321);
#746=LINE('',#5946,#1322);
#747=LINE('',#5948,#1323);
#748=LINE('',#5949,#1324);
#749=LINE('',#5952,#1325);
#750=LINE('',#5953,#1326);
#751=LINE('',#5956,#1327);
#752=LINE('',#5958,#1328);
#753=LINE('',#5959,#1329);
#754=LINE('',#5962,#1330);
#755=LINE('',#5963,#1331);
#756=LINE('',#5966,#1332);
#757=LINE('',#5967,#1333);
#758=LINE('',#5970,#1334);
#759=LINE('',#5972,#1335);
#760=LINE('',#5973,#1336);
#761=LINE('',#5976,#1337);
#762=LINE('',#5977,#1338);
#763=LINE('',#5980,#1339);
#764=LINE('',#5981,#1340);
#765=LINE('',#5984,#1341);
#766=LINE('',#5986,#1342);
#767=LINE('',#5987,#1343);
#768=LINE('',#5990,#1344);
#769=LINE('',#5991,#1345);
#770=LINE('',#5993,#1346);
#771=LINE('',#5996,#1347);
#772=LINE('',#5998,#1348);
#773=LINE('',#5999,#1349);
#774=LINE('',#6002,#1350);
#775=LINE('',#6004,#1351);
#776=LINE('',#6005,#1352);
#777=LINE('',#6008,#1353);
#778=LINE('',#6010,#1354);
#779=LINE('',#6011,#1355);
#780=LINE('',#6013,#1356);
#781=LINE('',#6014,#1357);
#782=LINE('',#6019,#1358);
#783=LINE('',#6020,#1359);
#784=LINE('',#6023,#1360);
#785=LINE('',#6025,#1361);
#786=LINE('',#6026,#1362);
#787=LINE('',#6029,#1363);
#788=LINE('',#6031,#1364);
#789=LINE('',#6032,#1365);
#790=LINE('',#6035,#1366);
#791=LINE('',#6036,#1367);
#792=LINE('',#6038,#1368);
#793=LINE('',#6040,#1369);
#794=LINE('',#6043,#1370);
#795=LINE('',#6045,#1371);
#796=LINE('',#6046,#1372);
#797=LINE('',#6050,#1373);
#798=LINE('',#6052,#1374);
#799=LINE('',#6054,#1375);
#800=LINE('',#6055,#1376);
#801=LINE('',#6058,#1377);
#802=LINE('',#6059,#1378);
#803=LINE('',#6062,#1379);
#804=LINE('',#6064,#1380);
#805=LINE('',#6065,#1381);
#806=LINE('',#6068,#1382);
#807=LINE('',#6069,#1383);
#808=LINE('',#6072,#1384);
#809=LINE('',#6073,#1385);
#810=LINE('',#6076,#1386);
#811=LINE('',#6078,#1387);
#812=LINE('',#6079,#1388);
#813=LINE('',#6082,#1389);
#814=LINE('',#6083,#1390);
#815=LINE('',#6086,#1391);
#816=LINE('',#6087,#1392);
#817=LINE('',#6090,#1393);
#818=LINE('',#6092,#1394);
#819=LINE('',#6093,#1395);
#820=LINE('',#6096,#1396);
#821=LINE('',#6097,#1397);
#822=LINE('',#6099,#1398);
#823=LINE('',#6102,#1399);
#824=LINE('',#6104,#1400);
#825=LINE('',#6105,#1401);
#826=LINE('',#6108,#1402);
#827=LINE('',#6110,#1403);
#828=LINE('',#6111,#1404);
#829=LINE('',#6114,#1405);
#830=LINE('',#6116,#1406);
#831=LINE('',#6117,#1407);
#832=LINE('',#6119,#1408);
#833=LINE('',#6120,#1409);
#834=LINE('',#6125,#1410);
#835=LINE('',#6127,#1411);
#836=LINE('',#6128,#1412);
#837=LINE('',#6132,#1413);
#838=LINE('',#6134,#1414);
#839=LINE('',#6136,#1415);
#840=LINE('',#6137,#1416);
#841=LINE('',#6140,#1417);
#842=LINE('',#6141,#1418);
#843=LINE('',#6144,#1419);
#844=LINE('',#6146,#1420);
#845=LINE('',#6147,#1421);
#846=LINE('',#6150,#1422);
#847=LINE('',#6151,#1423);
#848=LINE('',#6154,#1424);
#849=LINE('',#6155,#1425);
#850=LINE('',#6158,#1426);
#851=LINE('',#6160,#1427);
#852=LINE('',#6161,#1428);
#853=LINE('',#6164,#1429);
#854=LINE('',#6165,#1430);
#855=LINE('',#6168,#1431);
#856=LINE('',#6169,#1432);
#857=LINE('',#6172,#1433);
#858=LINE('',#6174,#1434);
#859=LINE('',#6175,#1435);
#860=LINE('',#6178,#1436);
#861=LINE('',#6179,#1437);
#862=LINE('',#6181,#1438);
#863=LINE('',#6184,#1439);
#864=LINE('',#6186,#1440);
#865=LINE('',#6187,#1441);
#866=LINE('',#6190,#1442);
#867=LINE('',#6192,#1443);
#868=LINE('',#6193,#1444);
#869=LINE('',#6196,#1445);
#870=LINE('',#6198,#1446);
#871=LINE('',#6199,#1447);
#872=LINE('',#6201,#1448);
#873=LINE('',#6202,#1449);
#874=LINE('',#6207,#1450);
#875=LINE('',#6208,#1451);
#876=LINE('',#6211,#1452);
#877=LINE('',#6213,#1453);
#878=LINE('',#6214,#1454);
#879=LINE('',#6217,#1455);
#880=LINE('',#6219,#1456);
#881=LINE('',#6220,#1457);
#882=LINE('',#6223,#1458);
#883=LINE('',#6224,#1459);
#884=LINE('',#6226,#1460);
#885=LINE('',#6228,#1461);
#886=LINE('',#6231,#1462);
#887=LINE('',#6233,#1463);
#888=LINE('',#6234,#1464);
#889=LINE('',#6238,#1465);
#890=LINE('',#6240,#1466);
#891=LINE('',#6242,#1467);
#892=LINE('',#6243,#1468);
#893=LINE('',#6246,#1469);
#894=LINE('',#6247,#1470);
#895=LINE('',#6250,#1471);
#896=LINE('',#6252,#1472);
#897=LINE('',#6253,#1473);
#898=LINE('',#6256,#1474);
#899=LINE('',#6257,#1475);
#900=LINE('',#6260,#1476);
#901=LINE('',#6261,#1477);
#902=LINE('',#6264,#1478);
#903=LINE('',#6266,#1479);
#904=LINE('',#6267,#1480);
#905=LINE('',#6270,#1481);
#906=LINE('',#6271,#1482);
#907=LINE('',#6274,#1483);
#908=LINE('',#6275,#1484);
#909=LINE('',#6278,#1485);
#910=LINE('',#6280,#1486);
#911=LINE('',#6281,#1487);
#912=LINE('',#6284,#1488);
#913=LINE('',#6285,#1489);
#914=LINE('',#6287,#1490);
#915=LINE('',#6290,#1491);
#916=LINE('',#6292,#1492);
#917=LINE('',#6293,#1493);
#918=LINE('',#6296,#1494);
#919=LINE('',#6298,#1495);
#920=LINE('',#6299,#1496);
#921=LINE('',#6302,#1497);
#922=LINE('',#6304,#1498);
#923=LINE('',#6305,#1499);
#924=LINE('',#6307,#1500);
#925=LINE('',#6308,#1501);
#926=LINE('',#6313,#1502);
#927=LINE('',#6315,#1503);
#928=LINE('',#6316,#1504);
#929=LINE('',#6320,#1505);
#930=LINE('',#6322,#1506);
#931=LINE('',#6324,#1507);
#932=LINE('',#6325,#1508);
#933=LINE('',#6328,#1509);
#934=LINE('',#6329,#1510);
#935=LINE('',#6332,#1511);
#936=LINE('',#6334,#1512);
#937=LINE('',#6335,#1513);
#938=LINE('',#6338,#1514);
#939=LINE('',#6339,#1515);
#940=LINE('',#6342,#1516);
#941=LINE('',#6343,#1517);
#942=LINE('',#6346,#1518);
#943=LINE('',#6348,#1519);
#944=LINE('',#6349,#1520);
#945=LINE('',#6352,#1521);
#946=LINE('',#6353,#1522);
#947=LINE('',#6356,#1523);
#948=LINE('',#6357,#1524);
#949=LINE('',#6360,#1525);
#950=LINE('',#6362,#1526);
#951=LINE('',#6363,#1527);
#952=LINE('',#6366,#1528);
#953=LINE('',#6367,#1529);
#954=LINE('',#6369,#1530);
#955=LINE('',#6372,#1531);
#956=LINE('',#6374,#1532);
#957=LINE('',#6375,#1533);
#958=LINE('',#6378,#1534);
#959=LINE('',#6380,#1535);
#960=LINE('',#6381,#1536);
#961=LINE('',#6384,#1537);
#962=LINE('',#6386,#1538);
#963=LINE('',#6387,#1539);
#964=LINE('',#6389,#1540);
#965=LINE('',#6390,#1541);
#966=LINE('',#6395,#1542);
#967=LINE('',#6396,#1543);
#968=LINE('',#6399,#1544);
#969=LINE('',#6401,#1545);
#970=LINE('',#6403,#1546);
#971=LINE('',#6405,#1547);
#972=LINE('',#6407,#1548);
#973=LINE('',#6408,#1549);
#974=LINE('',#6411,#1550);
#975=LINE('',#6413,#1551);
#976=LINE('',#6415,#1552);
#977=LINE('',#6417,#1553);
#978=LINE('',#6419,#1554);
#979=LINE('',#6421,#1555);
#980=LINE('',#6423,#1556);
#981=LINE('',#6424,#1557);
#982=LINE('',#6427,#1558);
#983=LINE('',#6429,#1559);
#984=LINE('',#6431,#1560);
#985=LINE('',#6433,#1561);
#986=LINE('',#6435,#1562);
#987=LINE('',#6437,#1563);
#988=LINE('',#6439,#1564);
#989=LINE('',#6440,#1565);
#990=LINE('',#6442,#1566);
#991=LINE('',#6443,#1567);
#992=LINE('',#6445,#1568);
#993=LINE('',#6447,#1569);
#994=LINE('',#6449,#1570);
#995=LINE('',#6454,#1571);
#996=LINE('',#6456,#1572);
#997=LINE('',#6457,#1573);
#998=LINE('',#6460,#1574);
#999=LINE('',#6462,#1575);
#1000=LINE('',#6463,#1576);
#1001=LINE('',#6466,#1577);
#1002=LINE('',#6467,#1578);
#1003=LINE('',#6470,#1579);
#1004=LINE('',#6471,#1580);
#1005=LINE('',#6474,#1581);
#1006=LINE('',#6475,#1582);
#1007=LINE('',#6478,#1583);
#1008=LINE('',#6479,#1584);
#1009=LINE('',#6482,#1585);
#1010=LINE('',#6483,#1586);
#1011=LINE('',#6486,#1587);
#1012=LINE('',#6487,#1588);
#1013=LINE('',#6490,#1589);
#1014=LINE('',#6491,#1590);
#1015=LINE('',#6494,#1591);
#1016=LINE('',#6495,#1592);
#1017=LINE('',#6498,#1593);
#1018=LINE('',#6499,#1594);
#1019=LINE('',#6501,#1595);
#1020=LINE('',#6504,#1596);
#1021=LINE('',#6505,#1597);
#1022=LINE('',#6508,#1598);
#1023=LINE('',#6509,#1599);
#1024=LINE('',#6512,#1600);
#1025=LINE('',#6513,#1601);
#1026=LINE('',#6515,#1602);
#1027=LINE('',#6520,#1603);
#1028=LINE('',#6522,#1604);
#1029=LINE('',#6523,#1605);
#1030=LINE('',#6526,#1606);
#1031=LINE('',#6528,#1607);
#1032=LINE('',#6529,#1608);
#1033=LINE('',#6532,#1609);
#1034=LINE('',#6533,#1610);
#1035=LINE('',#6536,#1611);
#1036=LINE('',#6537,#1612);
#1037=LINE('',#6540,#1613);
#1038=LINE('',#6541,#1614);
#1039=LINE('',#6544,#1615);
#1040=LINE('',#6545,#1616);
#1041=LINE('',#6548,#1617);
#1042=LINE('',#6549,#1618);
#1043=LINE('',#6552,#1619);
#1044=LINE('',#6553,#1620);
#1045=LINE('',#6556,#1621);
#1046=LINE('',#6557,#1622);
#1047=LINE('',#6560,#1623);
#1048=LINE('',#6561,#1624);
#1049=LINE('',#6564,#1625);
#1050=LINE('',#6565,#1626);
#1051=LINE('',#6567,#1627);
#1052=LINE('',#6570,#1628);
#1053=LINE('',#6571,#1629);
#1054=LINE('',#6574,#1630);
#1055=LINE('',#6575,#1631);
#1056=LINE('',#6578,#1632);
#1057=LINE('',#6579,#1633);
#1058=LINE('',#6581,#1634);
#1059=VECTOR('',#4407,10.);
#1060=VECTOR('',#4408,10.);
#1061=VECTOR('',#4409,10.);
#1062=VECTOR('',#4410,10.);
#1063=VECTOR('',#4413,10.);
#1064=VECTOR('',#4414,10.);
#1065=VECTOR('',#4415,10.);
#1066=VECTOR('',#4416,10.);
#1067=VECTOR('',#4419,10.);
#1068=VECTOR('',#4420,10.);
#1069=VECTOR('',#4421,10.);
#1070=VECTOR('',#4424,10.);
#1071=VECTOR('',#4425,10.);
#1072=VECTOR('',#4426,10.);
#1073=VECTOR('',#4429,10.);
#1074=VECTOR('',#4430,10.);
#1075=VECTOR('',#4431,10.);
#1076=VECTOR('',#4434,10.);
#1077=VECTOR('',#4435,10.);
#1078=VECTOR('',#4436,10.);
#1079=VECTOR('',#4439,10.);
#1080=VECTOR('',#4440,10.);
#1081=VECTOR('',#4443,10.);
#1082=VECTOR('',#4444,10.);
#1083=VECTOR('',#4445,10.);
#1084=VECTOR('',#4446,10.);
#1085=VECTOR('',#4449,10.);
#1086=VECTOR('',#4450,10.);
#1087=VECTOR('',#4451,10.);
#1088=VECTOR('',#4452,10.);
#1089=VECTOR('',#4455,10.);
#1090=VECTOR('',#4456,10.);
#1091=VECTOR('',#4457,10.);
#1092=VECTOR('',#4460,10.);
#1093=VECTOR('',#4461,10.);
#1094=VECTOR('',#4462,10.);
#1095=VECTOR('',#4465,10.);
#1096=VECTOR('',#4466,10.);
#1097=VECTOR('',#4467,10.);
#1098=VECTOR('',#4470,10.);
#1099=VECTOR('',#4471,10.);
#1100=VECTOR('',#4472,10.);
#1101=VECTOR('',#4475,10.);
#1102=VECTOR('',#4476,10.);
#1103=VECTOR('',#4477,10.);
#1104=VECTOR('',#4480,10.);
#1105=VECTOR('',#4481,10.);
#1106=VECTOR('',#4482,10.);
#1107=VECTOR('',#4485,10.);
#1108=VECTOR('',#4486,10.);
#1109=VECTOR('',#4487,10.);
#1110=VECTOR('',#4490,10.);
#1111=VECTOR('',#4491,10.);
#1112=VECTOR('',#4492,10.);
#1113=VECTOR('',#4495,10.);
#1114=VECTOR('',#4496,10.);
#1115=VECTOR('',#4497,10.);
#1116=VECTOR('',#4500,10.);
#1117=VECTOR('',#4501,10.);
#1118=VECTOR('',#4504,10.);
#1119=VECTOR('',#4505,10.);
#1120=VECTOR('',#4506,10.);
#1121=VECTOR('',#4509,10.);
#1122=VECTOR('',#4510,10.);
#1123=VECTOR('',#4511,10.);
#1124=VECTOR('',#4514,10.);
#1125=VECTOR('',#4515,10.);
#1126=VECTOR('',#4516,10.);
#1127=VECTOR('',#4519,10.);
#1128=VECTOR('',#4520,10.);
#1129=VECTOR('',#4527,10.);
#1130=VECTOR('',#4528,10.);
#1131=VECTOR('',#4529,10.);
#1132=VECTOR('',#4530,10.);
#1133=VECTOR('',#4533,10.);
#1134=VECTOR('',#4534,10.);
#1135=VECTOR('',#4535,10.);
#1136=VECTOR('',#4536,10.);
#1137=VECTOR('',#4539,10.);
#1138=VECTOR('',#4540,10.);
#1139=VECTOR('',#4541,10.);
#1140=VECTOR('',#4544,10.);
#1141=VECTOR('',#4545,10.);
#1142=VECTOR('',#4546,10.);
#1143=VECTOR('',#4549,10.);
#1144=VECTOR('',#4550,10.);
#1145=VECTOR('',#4551,10.);
#1146=VECTOR('',#4554,10.);
#1147=VECTOR('',#4555,10.);
#1148=VECTOR('',#4556,10.);
#1149=VECTOR('',#4559,10.);
#1150=VECTOR('',#4560,10.);
#1151=VECTOR('',#4561,10.);
#1152=VECTOR('',#4564,10.);
#1153=VECTOR('',#4565,10.);
#1154=VECTOR('',#4566,10.);
#1155=VECTOR('',#4569,10.);
#1156=VECTOR('',#4570,10.);
#1157=VECTOR('',#4571,10.);
#1158=VECTOR('',#4574,10.);
#1159=VECTOR('',#4575,10.);
#1160=VECTOR('',#4576,10.);
#1161=VECTOR('',#4579,10.);
#1162=VECTOR('',#4580,10.);
#1163=VECTOR('',#4581,10.);
#1164=VECTOR('',#4584,10.);
#1165=VECTOR('',#4585,10.);
#1166=VECTOR('',#4588,10.);
#1167=VECTOR('',#4589,10.);
#1168=VECTOR('',#4590,10.);
#1169=VECTOR('',#4593,10.);
#1170=VECTOR('',#4594,10.);
#1171=VECTOR('',#4595,10.);
#1172=VECTOR('',#4598,10.);
#1173=VECTOR('',#4599,10.);
#1174=VECTOR('',#4600,10.);
#1175=VECTOR('',#4603,10.);
#1176=VECTOR('',#4604,10.);
#1177=VECTOR('',#4611,10.);
#1178=VECTOR('',#4612,10.);
#1179=VECTOR('',#4613,10.);
#1180=VECTOR('',#4616,10.);
#1181=VECTOR('',#4617,10.);
#1182=VECTOR('',#4618,10.);
#1183=VECTOR('',#4619,10.);
#1184=VECTOR('',#4620,10.);
#1185=VECTOR('',#4621,10.);
#1186=VECTOR('',#4622,10.);
#1187=VECTOR('',#4623,10.);
#1188=VECTOR('',#4624,10.);
#1189=VECTOR('',#4625,10.);
#1190=VECTOR('',#4626,10.);
#1191=VECTOR('',#4627,10.);
#1192=VECTOR('',#4628,10.);
#1193=VECTOR('',#4629,10.);
#1194=VECTOR('',#4630,10.);
#1195=VECTOR('',#4631,10.);
#1196=VECTOR('',#4632,10.);
#1197=VECTOR('',#4633,10.);
#1198=VECTOR('',#4634,10.);
#1199=VECTOR('',#4635,10.);
#1200=VECTOR('',#4636,10.);
#1201=VECTOR('',#4637,10.);
#1202=VECTOR('',#4638,10.);
#1203=VECTOR('',#4639,10.);
#1204=VECTOR('',#4640,10.);
#1205=VECTOR('',#4641,10.);
#1206=VECTOR('',#4642,10.);
#1207=VECTOR('',#4643,10.);
#1208=VECTOR('',#4644,10.);
#1209=VECTOR('',#4645,10.);
#1210=VECTOR('',#4646,10.);
#1211=VECTOR('',#4647,10.);
#1212=VECTOR('',#4648,10.);
#1213=VECTOR('',#4649,10.);
#1214=VECTOR('',#4650,10.);
#1215=VECTOR('',#4651,10.);
#1216=VECTOR('',#4652,10.);
#1217=VECTOR('',#4653,10.);
#1218=VECTOR('',#4654,10.);
#1219=VECTOR('',#4655,10.);
#1220=VECTOR('',#4656,10.);
#1221=VECTOR('',#4657,10.);
#1222=VECTOR('',#4658,10.);
#1223=VECTOR('',#4659,10.);
#1224=VECTOR('',#4660,10.);
#1225=VECTOR('',#4661,10.);
#1226=VECTOR('',#4662,10.);
#1227=VECTOR('',#4663,10.);
#1228=VECTOR('',#4664,10.);
#1229=VECTOR('',#4665,10.);
#1230=VECTOR('',#4666,10.);
#1231=VECTOR('',#4667,10.);
#1232=VECTOR('',#4668,10.);
#1233=VECTOR('',#4669,10.);
#1234=VECTOR('',#4670,10.);
#1235=VECTOR('',#4671,10.);
#1236=VECTOR('',#4672,10.);
#1237=VECTOR('',#4673,10.);
#1238=VECTOR('',#4674,10.);
#1239=VECTOR('',#4675,10.);
#1240=VECTOR('',#4676,10.);
#1241=VECTOR('',#4677,10.);
#1242=VECTOR('',#4678,10.);
#1243=VECTOR('',#4679,10.);
#1244=VECTOR('',#4680,10.);
#1245=VECTOR('',#4681,10.);
#1246=VECTOR('',#4682,10.);
#1247=VECTOR('',#4683,10.);
#1248=VECTOR('',#4684,10.);
#1249=VECTOR('',#4685,10.);
#1250=VECTOR('',#4686,10.);
#1251=VECTOR('',#4687,10.);
#1252=VECTOR('',#4688,10.);
#1253=VECTOR('',#4689,10.);
#1254=VECTOR('',#4690,10.);
#1255=VECTOR('',#4691,10.);
#1256=VECTOR('',#4692,10.);
#1257=VECTOR('',#4693,10.);
#1258=VECTOR('',#4694,10.);
#1259=VECTOR('',#4695,10.);
#1260=VECTOR('',#4696,10.);
#1261=VECTOR('',#4697,10.);
#1262=VECTOR('',#4698,10.);
#1263=VECTOR('',#4699,10.);
#1264=VECTOR('',#4700,10.);
#1265=VECTOR('',#4701,10.);
#1266=VECTOR('',#4702,10.);
#1267=VECTOR('',#4703,10.);
#1268=VECTOR('',#4706,10.);
#1269=VECTOR('',#4707,10.);
#1270=VECTOR('',#4708,10.);
#1271=VECTOR('',#4711,10.);
#1272=VECTOR('',#4712,10.);
#1273=VECTOR('',#4713,10.);
#1274=VECTOR('',#4716,10.);
#1275=VECTOR('',#4717,10.);
#1276=VECTOR('',#4720,10.);
#1277=VECTOR('',#4723,10.);
#1278=VECTOR('',#4726,10.);
#1279=VECTOR('',#4727,10.);
#1280=VECTOR('',#4728,10.);
#1281=VECTOR('',#4731,10.);
#1282=VECTOR('',#4732,10.);
#1283=VECTOR('',#4733,10.);
#1284=VECTOR('',#4734,10.);
#1285=VECTOR('',#4737,10.);
#1286=VECTOR('',#4738,10.);
#1287=VECTOR('',#4741,10.);
#1288=VECTOR('',#4742,10.);
#1289=VECTOR('',#4743,10.);
#1290=VECTOR('',#4746,10.);
#1291=VECTOR('',#4747,10.);
#1292=VECTOR('',#4750,10.);
#1293=VECTOR('',#4751,10.);
#1294=VECTOR('',#4754,10.);
#1295=VECTOR('',#4755,10.);
#1296=VECTOR('',#4756,10.);
#1297=VECTOR('',#4759,10.);
#1298=VECTOR('',#4760,10.);
#1299=VECTOR('',#4763,10.);
#1300=VECTOR('',#4764,10.);
#1301=VECTOR('',#4767,10.);
#1302=VECTOR('',#4768,10.);
#1303=VECTOR('',#4769,10.);
#1304=VECTOR('',#4772,10.);
#1305=VECTOR('',#4773,10.);
#1306=VECTOR('',#4776,10.);
#1307=VECTOR('',#4779,10.);
#1308=VECTOR('',#4780,10.);
#1309=VECTOR('',#4781,10.);
#1310=VECTOR('',#4784,10.);
#1311=VECTOR('',#4785,10.);
#1312=VECTOR('',#4786,10.);
#1313=VECTOR('',#4789,10.);
#1314=VECTOR('',#4790,10.);
#1315=VECTOR('',#4791,10.);
#1316=VECTOR('',#4794,10.);
#1317=VECTOR('',#4795,10.);
#1318=VECTOR('',#4802,10.);
#1319=VECTOR('',#4803,10.);
#1320=VECTOR('',#4804,10.);
#1321=VECTOR('',#4807,10.);
#1322=VECTOR('',#4808,10.);
#1323=VECTOR('',#4809,10.);
#1324=VECTOR('',#4810,10.);
#1325=VECTOR('',#4813,10.);
#1326=VECTOR('',#4814,10.);
#1327=VECTOR('',#4817,10.);
#1328=VECTOR('',#4818,10.);
#1329=VECTOR('',#4819,10.);
#1330=VECTOR('',#4822,10.);
#1331=VECTOR('',#4823,10.);
#1332=VECTOR('',#4826,10.);
#1333=VECTOR('',#4827,10.);
#1334=VECTOR('',#4830,10.);
#1335=VECTOR('',#4831,10.);
#1336=VECTOR('',#4832,10.);
#1337=VECTOR('',#4835,10.);
#1338=VECTOR('',#4836,10.);
#1339=VECTOR('',#4839,10.);
#1340=VECTOR('',#4840,10.);
#1341=VECTOR('',#4843,10.);
#1342=VECTOR('',#4844,10.);
#1343=VECTOR('',#4845,10.);
#1344=VECTOR('',#4848,10.);
#1345=VECTOR('',#4849,10.);
#1346=VECTOR('',#4852,10.);
#1347=VECTOR('',#4855,10.);
#1348=VECTOR('',#4856,10.);
#1349=VECTOR('',#4857,10.);
#1350=VECTOR('',#4860,10.);
#1351=VECTOR('',#4861,10.);
#1352=VECTOR('',#4862,10.);
#1353=VECTOR('',#4865,10.);
#1354=VECTOR('',#4866,10.);
#1355=VECTOR('',#4867,10.);
#1356=VECTOR('',#4870,10.);
#1357=VECTOR('',#4871,10.);
#1358=VECTOR('',#4878,10.);
#1359=VECTOR('',#4879,10.);
#1360=VECTOR('',#4882,10.);
#1361=VECTOR('',#4883,10.);
#1362=VECTOR('',#4884,10.);
#1363=VECTOR('',#4887,10.);
#1364=VECTOR('',#4888,10.);
#1365=VECTOR('',#4889,10.);
#1366=VECTOR('',#4892,10.);
#1367=VECTOR('',#4893,10.);
#1368=VECTOR('',#4896,10.);
#1369=VECTOR('',#4899,10.);
#1370=VECTOR('',#4902,10.);
#1371=VECTOR('',#4903,10.);
#1372=VECTOR('',#4904,10.);
#1373=VECTOR('',#4907,10.);
#1374=VECTOR('',#4908,10.);
#1375=VECTOR('',#4909,10.);
#1376=VECTOR('',#4910,10.);
#1377=VECTOR('',#4913,10.);
#1378=VECTOR('',#4914,10.);
#1379=VECTOR('',#4917,10.);
#1380=VECTOR('',#4918,10.);
#1381=VECTOR('',#4919,10.);
#1382=VECTOR('',#4922,10.);
#1383=VECTOR('',#4923,10.);
#1384=VECTOR('',#4926,10.);
#1385=VECTOR('',#4927,10.);
#1386=VECTOR('',#4930,10.);
#1387=VECTOR('',#4931,10.);
#1388=VECTOR('',#4932,10.);
#1389=VECTOR('',#4935,10.);
#1390=VECTOR('',#4936,10.);
#1391=VECTOR('',#4939,10.);
#1392=VECTOR('',#4940,10.);
#1393=VECTOR('',#4943,10.);
#1394=VECTOR('',#4944,10.);
#1395=VECTOR('',#4945,10.);
#1396=VECTOR('',#4948,10.);
#1397=VECTOR('',#4949,10.);
#1398=VECTOR('',#4952,10.);
#1399=VECTOR('',#4955,10.);
#1400=VECTOR('',#4956,10.);
#1401=VECTOR('',#4957,10.);
#1402=VECTOR('',#4960,10.);
#1403=VECTOR('',#4961,10.);
#1404=VECTOR('',#4962,10.);
#1405=VECTOR('',#4965,10.);
#1406=VECTOR('',#4966,10.);
#1407=VECTOR('',#4967,10.);
#1408=VECTOR('',#4970,10.);
#1409=VECTOR('',#4971,10.);
#1410=VECTOR('',#4978,10.);
#1411=VECTOR('',#4979,10.);
#1412=VECTOR('',#4980,10.);
#1413=VECTOR('',#4983,10.);
#1414=VECTOR('',#4984,10.);
#1415=VECTOR('',#4985,10.);
#1416=VECTOR('',#4986,10.);
#1417=VECTOR('',#4989,10.);
#1418=VECTOR('',#4990,10.);
#1419=VECTOR('',#4993,10.);
#1420=VECTOR('',#4994,10.);
#1421=VECTOR('',#4995,10.);
#1422=VECTOR('',#4998,10.);
#1423=VECTOR('',#4999,10.);
#1424=VECTOR('',#5002,10.);
#1425=VECTOR('',#5003,10.);
#1426=VECTOR('',#5006,10.);
#1427=VECTOR('',#5007,10.);
#1428=VECTOR('',#5008,10.);
#1429=VECTOR('',#5011,10.);
#1430=VECTOR('',#5012,10.);
#1431=VECTOR('',#5015,10.);
#1432=VECTOR('',#5016,10.);
#1433=VECTOR('',#5019,10.);
#1434=VECTOR('',#5020,10.);
#1435=VECTOR('',#5021,10.);
#1436=VECTOR('',#5024,10.);
#1437=VECTOR('',#5025,10.);
#1438=VECTOR('',#5028,10.);
#1439=VECTOR('',#5031,10.);
#1440=VECTOR('',#5032,10.);
#1441=VECTOR('',#5033,10.);
#1442=VECTOR('',#5036,10.);
#1443=VECTOR('',#5037,10.);
#1444=VECTOR('',#5038,10.);
#1445=VECTOR('',#5041,10.);
#1446=VECTOR('',#5042,10.);
#1447=VECTOR('',#5043,10.);
#1448=VECTOR('',#5046,10.);
#1449=VECTOR('',#5047,10.);
#1450=VECTOR('',#5054,10.);
#1451=VECTOR('',#5055,10.);
#1452=VECTOR('',#5058,10.);
#1453=VECTOR('',#5059,10.);
#1454=VECTOR('',#5060,10.);
#1455=VECTOR('',#5063,10.);
#1456=VECTOR('',#5064,10.);
#1457=VECTOR('',#5065,10.);
#1458=VECTOR('',#5068,10.);
#1459=VECTOR('',#5069,10.);
#1460=VECTOR('',#5072,10.);
#1461=VECTOR('',#5075,10.);
#1462=VECTOR('',#5078,10.);
#1463=VECTOR('',#5079,10.);
#1464=VECTOR('',#5080,10.);
#1465=VECTOR('',#5083,10.);
#1466=VECTOR('',#5084,10.);
#1467=VECTOR('',#5085,10.);
#1468=VECTOR('',#5086,10.);
#1469=VECTOR('',#5089,10.);
#1470=VECTOR('',#5090,10.);
#1471=VECTOR('',#5093,10.);
#1472=VECTOR('',#5094,10.);
#1473=VECTOR('',#5095,10.);
#1474=VECTOR('',#5098,10.);
#1475=VECTOR('',#5099,10.);
#1476=VECTOR('',#5102,10.);
#1477=VECTOR('',#5103,10.);
#1478=VECTOR('',#5106,10.);
#1479=VECTOR('',#5107,10.);
#1480=VECTOR('',#5108,10.);
#1481=VECTOR('',#5111,10.);
#1482=VECTOR('',#5112,10.);
#1483=VECTOR('',#5115,10.);
#1484=VECTOR('',#5116,10.);
#1485=VECTOR('',#5119,10.);
#1486=VECTOR('',#5120,10.);
#1487=VECTOR('',#5121,10.);
#1488=VECTOR('',#5124,10.);
#1489=VECTOR('',#5125,10.);
#1490=VECTOR('',#5128,10.);
#1491=VECTOR('',#5131,10.);
#1492=VECTOR('',#5132,10.);
#1493=VECTOR('',#5133,10.);
#1494=VECTOR('',#5136,10.);
#1495=VECTOR('',#5137,10.);
#1496=VECTOR('',#5138,10.);
#1497=VECTOR('',#5141,10.);
#1498=VECTOR('',#5142,10.);
#1499=VECTOR('',#5143,10.);
#1500=VECTOR('',#5146,10.);
#1501=VECTOR('',#5147,10.);
#1502=VECTOR('',#5154,10.);
#1503=VECTOR('',#5155,10.);
#1504=VECTOR('',#5156,10.);
#1505=VECTOR('',#5159,10.);
#1506=VECTOR('',#5160,10.);
#1507=VECTOR('',#5161,10.);
#1508=VECTOR('',#5162,10.);
#1509=VECTOR('',#5165,10.);
#1510=VECTOR('',#5166,10.);
#1511=VECTOR('',#5169,10.);
#1512=VECTOR('',#5170,10.);
#1513=VECTOR('',#5171,10.);
#1514=VECTOR('',#5174,10.);
#1515=VECTOR('',#5175,10.);
#1516=VECTOR('',#5178,10.);
#1517=VECTOR('',#5179,10.);
#1518=VECTOR('',#5182,10.);
#1519=VECTOR('',#5183,10.);
#1520=VECTOR('',#5184,10.);
#1521=VECTOR('',#5187,10.);
#1522=VECTOR('',#5188,10.);
#1523=VECTOR('',#5191,10.);
#1524=VECTOR('',#5192,10.);
#1525=VECTOR('',#5195,10.);
#1526=VECTOR('',#5196,10.);
#1527=VECTOR('',#5197,10.);
#1528=VECTOR('',#5200,10.);
#1529=VECTOR('',#5201,10.);
#1530=VECTOR('',#5204,10.);
#1531=VECTOR('',#5207,10.);
#1532=VECTOR('',#5208,10.);
#1533=VECTOR('',#5209,10.);
#1534=VECTOR('',#5212,10.);
#1535=VECTOR('',#5213,10.);
#1536=VECTOR('',#5214,10.);
#1537=VECTOR('',#5217,10.);
#1538=VECTOR('',#5218,10.);
#1539=VECTOR('',#5219,10.);
#1540=VECTOR('',#5222,10.);
#1541=VECTOR('',#5223,10.);
#1542=VECTOR('',#5230,10.);
#1543=VECTOR('',#5231,10.);
#1544=VECTOR('',#5234,10.);
#1545=VECTOR('',#5235,10.);
#1546=VECTOR('',#5236,10.);
#1547=VECTOR('',#5237,10.);
#1548=VECTOR('',#5238,10.);
#1549=VECTOR('',#5239,10.);
#1550=VECTOR('',#5240,10.);
#1551=VECTOR('',#5241,10.);
#1552=VECTOR('',#5242,10.);
#1553=VECTOR('',#5243,10.);
#1554=VECTOR('',#5244,10.);
#1555=VECTOR('',#5245,10.);
#1556=VECTOR('',#5246,10.);
#1557=VECTOR('',#5247,10.);
#1558=VECTOR('',#5248,10.);
#1559=VECTOR('',#5249,10.);
#1560=VECTOR('',#5250,10.);
#1561=VECTOR('',#5251,10.);
#1562=VECTOR('',#5252,10.);
#1563=VECTOR('',#5253,10.);
#1564=VECTOR('',#5254,10.);
#1565=VECTOR('',#5255,10.);
#1566=VECTOR('',#5258,10.);
#1567=VECTOR('',#5259,10.);
#1568=VECTOR('',#5262,10.);
#1569=VECTOR('',#5265,10.);
#1570=VECTOR('',#5268,10.);
#1571=VECTOR('',#5275,10.);
#1572=VECTOR('',#5276,10.);
#1573=VECTOR('',#5277,10.);
#1574=VECTOR('',#5280,10.);
#1575=VECTOR('',#5281,10.);
#1576=VECTOR('',#5282,10.);
#1577=VECTOR('',#5285,10.);
#1578=VECTOR('',#5286,10.);
#1579=VECTOR('',#5289,10.);
#1580=VECTOR('',#5290,10.);
#1581=VECTOR('',#5293,10.);
#1582=VECTOR('',#5294,10.);
#1583=VECTOR('',#5297,10.);
#1584=VECTOR('',#5298,10.);
#1585=VECTOR('',#5301,10.);
#1586=VECTOR('',#5302,10.);
#1587=VECTOR('',#5305,10.);
#1588=VECTOR('',#5306,10.);
#1589=VECTOR('',#5309,10.);
#1590=VECTOR('',#5310,10.);
#1591=VECTOR('',#5313,10.);
#1592=VECTOR('',#5314,10.);
#1593=VECTOR('',#5317,10.);
#1594=VECTOR('',#5318,10.);
#1595=VECTOR('',#5321,10.);
#1596=VECTOR('',#5324,10.);
#1597=VECTOR('',#5325,10.);
#1598=VECTOR('',#5328,10.);
#1599=VECTOR('',#5329,10.);
#1600=VECTOR('',#5332,10.);
#1601=VECTOR('',#5333,10.);
#1602=VECTOR('',#5336,10.);
#1603=VECTOR('',#5343,10.);
#1604=VECTOR('',#5344,10.);
#1605=VECTOR('',#5345,10.);
#1606=VECTOR('',#5348,10.);
#1607=VECTOR('',#5349,10.);
#1608=VECTOR('',#5350,10.);
#1609=VECTOR('',#5353,10.);
#1610=VECTOR('',#5354,10.);
#1611=VECTOR('',#5357,10.);
#1612=VECTOR('',#5358,10.);
#1613=VECTOR('',#5361,10.);
#1614=VECTOR('',#5362,10.);
#1615=VECTOR('',#5365,10.);
#1616=VECTOR('',#5366,10.);
#1617=VECTOR('',#5369,10.);
#1618=VECTOR('',#5370,10.);
#1619=VECTOR('',#5373,10.);
#1620=VECTOR('',#5374,10.);
#1621=VECTOR('',#5377,10.);
#1622=VECTOR('',#5378,10.);
#1623=VECTOR('',#5381,10.);
#1624=VECTOR('',#5382,10.);
#1625=VECTOR('',#5385,10.);
#1626=VECTOR('',#5386,10.);
#1627=VECTOR('',#5389,10.);
#1628=VECTOR('',#5392,10.);
#1629=VECTOR('',#5393,10.);
#1630=VECTOR('',#5396,10.);
#1631=VECTOR('',#5397,10.);
#1632=VECTOR('',#5400,10.);
#1633=VECTOR('',#5401,10.);
#1634=VECTOR('',#5404,10.);
#1635=VERTEX_POINT('',#5411);
#1636=VERTEX_POINT('',#5412);
#1637=VERTEX_POINT('',#5414);
#1638=VERTEX_POINT('',#5416);
#1639=VERTEX_POINT('',#5420);
#1640=VERTEX_POINT('',#5421);
#1641=VERTEX_POINT('',#5423);
#1642=VERTEX_POINT('',#5425);
#1643=VERTEX_POINT('',#5429);
#1644=VERTEX_POINT('',#5431);
#1645=VERTEX_POINT('',#5435);
#1646=VERTEX_POINT('',#5437);
#1647=VERTEX_POINT('',#5441);
#1648=VERTEX_POINT('',#5443);
#1649=VERTEX_POINT('',#5447);
#1650=VERTEX_POINT('',#5449);
#1651=VERTEX_POINT('',#5456);
#1652=VERTEX_POINT('',#5457);
#1653=VERTEX_POINT('',#5459);
#1654=VERTEX_POINT('',#5461);
#1655=VERTEX_POINT('',#5465);
#1656=VERTEX_POINT('',#5466);
#1657=VERTEX_POINT('',#5468);
#1658=VERTEX_POINT('',#5470);
#1659=VERTEX_POINT('',#5474);
#1660=VERTEX_POINT('',#5476);
#1661=VERTEX_POINT('',#5480);
#1662=VERTEX_POINT('',#5482);
#1663=VERTEX_POINT('',#5486);
#1664=VERTEX_POINT('',#5488);
#1665=VERTEX_POINT('',#5492);
#1666=VERTEX_POINT('',#5494);
#1667=VERTEX_POINT('',#5498);
#1668=VERTEX_POINT('',#5500);
#1669=VERTEX_POINT('',#5504);
#1670=VERTEX_POINT('',#5506);
#1671=VERTEX_POINT('',#5510);
#1672=VERTEX_POINT('',#5512);
#1673=VERTEX_POINT('',#5516);
#1674=VERTEX_POINT('',#5518);
#1675=VERTEX_POINT('',#5522);
#1676=VERTEX_POINT('',#5524);
#1677=VERTEX_POINT('',#5531);
#1678=VERTEX_POINT('',#5533);
#1679=VERTEX_POINT('',#5537);
#1680=VERTEX_POINT('',#5539);
#1681=VERTEX_POINT('',#5543);
#1682=VERTEX_POINT('',#5545);
#1683=VERTEX_POINT('',#5554);
#1684=VERTEX_POINT('',#5555);
#1685=VERTEX_POINT('',#5557);
#1686=VERTEX_POINT('',#5559);
#1687=VERTEX_POINT('',#5563);
#1688=VERTEX_POINT('',#5564);
#1689=VERTEX_POINT('',#5566);
#1690=VERTEX_POINT('',#5568);
#1691=VERTEX_POINT('',#5572);
#1692=VERTEX_POINT('',#5574);
#1693=VERTEX_POINT('',#5578);
#1694=VERTEX_POINT('',#5580);
#1695=VERTEX_POINT('',#5584);
#1696=VERTEX_POINT('',#5586);
#1697=VERTEX_POINT('',#5590);
#1698=VERTEX_POINT('',#5592);
#1699=VERTEX_POINT('',#5596);
#1700=VERTEX_POINT('',#5598);
#1701=VERTEX_POINT('',#5602);
#1702=VERTEX_POINT('',#5604);
#1703=VERTEX_POINT('',#5608);
#1704=VERTEX_POINT('',#5610);
#1705=VERTEX_POINT('',#5614);
#1706=VERTEX_POINT('',#5616);
#1707=VERTEX_POINT('',#5620);
#1708=VERTEX_POINT('',#5622);
#1709=VERTEX_POINT('',#5629);
#1710=VERTEX_POINT('',#5631);
#1711=VERTEX_POINT('',#5635);
#1712=VERTEX_POINT('',#5637);
#1713=VERTEX_POINT('',#5641);
#1714=VERTEX_POINT('',#5643);
#1715=VERTEX_POINT('',#5652);
#1716=VERTEX_POINT('',#5654);
#1717=VERTEX_POINT('',#5658);
#1718=VERTEX_POINT('',#5660);
#1719=VERTEX_POINT('',#5662);
#1720=VERTEX_POINT('',#5664);
#1721=VERTEX_POINT('',#5666);
#1722=VERTEX_POINT('',#5668);
#1723=VERTEX_POINT('',#5670);
#1724=VERTEX_POINT('',#5672);
#1725=VERTEX_POINT('',#5674);
#1726=VERTEX_POINT('',#5676);
#1727=VERTEX_POINT('',#5678);
#1728=VERTEX_POINT('',#5680);
#1729=VERTEX_POINT('',#5682);
#1730=VERTEX_POINT('',#5684);
#1731=VERTEX_POINT('',#5686);
#1732=VERTEX_POINT('',#5688);
#1733=VERTEX_POINT('',#5690);
#1734=VERTEX_POINT('',#5692);
#1735=VERTEX_POINT('',#5694);
#1736=VERTEX_POINT('',#5696);
#1737=VERTEX_POINT('',#5698);
#1738=VERTEX_POINT('',#5700);
#1739=VERTEX_POINT('',#5702);
#1740=VERTEX_POINT('',#5705);
#1741=VERTEX_POINT('',#5706);
#1742=VERTEX_POINT('',#5708);
#1743=VERTEX_POINT('',#5710);
#1744=VERTEX_POINT('',#5712);
#1745=VERTEX_POINT('',#5714);
#1746=VERTEX_POINT('',#5716);
#1747=VERTEX_POINT('',#5718);
#1748=VERTEX_POINT('',#5721);
#1749=VERTEX_POINT('',#5722);
#1750=VERTEX_POINT('',#5724);
#1751=VERTEX_POINT('',#5726);
#1752=VERTEX_POINT('',#5728);
#1753=VERTEX_POINT('',#5730);
#1754=VERTEX_POINT('',#5732);
#1755=VERTEX_POINT('',#5734);
#1756=VERTEX_POINT('',#5737);
#1757=VERTEX_POINT('',#5738);
#1758=VERTEX_POINT('',#5740);
#1759=VERTEX_POINT('',#5742);
#1760=VERTEX_POINT('',#5744);
#1761=VERTEX_POINT('',#5746);
#1762=VERTEX_POINT('',#5748);
#1763=VERTEX_POINT('',#5750);
#1764=VERTEX_POINT('',#5753);
#1765=VERTEX_POINT('',#5754);
#1766=VERTEX_POINT('',#5756);
#1767=VERTEX_POINT('',#5758);
#1768=VERTEX_POINT('',#5760);
#1769=VERTEX_POINT('',#5762);
#1770=VERTEX_POINT('',#5764);
#1771=VERTEX_POINT('',#5766);
#1772=VERTEX_POINT('',#5769);
#1773=VERTEX_POINT('',#5770);
#1774=VERTEX_POINT('',#5772);
#1775=VERTEX_POINT('',#5774);
#1776=VERTEX_POINT('',#5776);
#1777=VERTEX_POINT('',#5778);
#1778=VERTEX_POINT('',#5780);
#1779=VERTEX_POINT('',#5782);
#1780=VERTEX_POINT('',#5785);
#1781=VERTEX_POINT('',#5786);
#1782=VERTEX_POINT('',#5788);
#1783=VERTEX_POINT('',#5790);
#1784=VERTEX_POINT('',#5792);
#1785=VERTEX_POINT('',#5794);
#1786=VERTEX_POINT('',#5796);
#1787=VERTEX_POINT('',#5798);
#1788=VERTEX_POINT('',#5801);
#1789=VERTEX_POINT('',#5802);
#1790=VERTEX_POINT('',#5804);
#1791=VERTEX_POINT('',#5806);
#1792=VERTEX_POINT('',#5808);
#1793=VERTEX_POINT('',#5810);
#1794=VERTEX_POINT('',#5812);
#1795=VERTEX_POINT('',#5814);
#1796=VERTEX_POINT('',#5817);
#1797=VERTEX_POINT('',#5818);
#1798=VERTEX_POINT('',#5820);
#1799=VERTEX_POINT('',#5822);
#1800=VERTEX_POINT('',#5824);
#1801=VERTEX_POINT('',#5826);
#1802=VERTEX_POINT('',#5828);
#1803=VERTEX_POINT('',#5830);
#1804=VERTEX_POINT('',#5834);
#1805=VERTEX_POINT('',#5836);
#1806=VERTEX_POINT('',#5840);
#1807=VERTEX_POINT('',#5842);
#1808=VERTEX_POINT('',#5846);
#1809=VERTEX_POINT('',#5854);
#1810=VERTEX_POINT('',#5856);
#1811=VERTEX_POINT('',#5860);
#1812=VERTEX_POINT('',#5861);
#1813=VERTEX_POINT('',#5863);
#1814=VERTEX_POINT('',#5865);
#1815=VERTEX_POINT('',#5869);
#1816=VERTEX_POINT('',#5873);
#1817=VERTEX_POINT('',#5875);
#1818=VERTEX_POINT('',#5879);
#1819=VERTEX_POINT('',#5883);
#1820=VERTEX_POINT('',#5887);
#1821=VERTEX_POINT('',#5889);
#1822=VERTEX_POINT('',#5893);
#1823=VERTEX_POINT('',#5897);
#1824=VERTEX_POINT('',#5901);
#1825=VERTEX_POINT('',#5903);
#1826=VERTEX_POINT('',#5907);
#1827=VERTEX_POINT('',#5913);
#1828=VERTEX_POINT('',#5915);
#1829=VERTEX_POINT('',#5919);
#1830=VERTEX_POINT('',#5921);
#1831=VERTEX_POINT('',#5925);
#1832=VERTEX_POINT('',#5927);
#1833=VERTEX_POINT('',#5936);
#1834=VERTEX_POINT('',#5938);
#1835=VERTEX_POINT('',#5942);
#1836=VERTEX_POINT('',#5943);
#1837=VERTEX_POINT('',#5945);
#1838=VERTEX_POINT('',#5947);
#1839=VERTEX_POINT('',#5951);
#1840=VERTEX_POINT('',#5955);
#1841=VERTEX_POINT('',#5957);
#1842=VERTEX_POINT('',#5961);
#1843=VERTEX_POINT('',#5965);
#1844=VERTEX_POINT('',#5969);
#1845=VERTEX_POINT('',#5971);
#1846=VERTEX_POINT('',#5975);
#1847=VERTEX_POINT('',#5979);
#1848=VERTEX_POINT('',#5983);
#1849=VERTEX_POINT('',#5985);
#1850=VERTEX_POINT('',#5989);
#1851=VERTEX_POINT('',#5995);
#1852=VERTEX_POINT('',#5997);
#1853=VERTEX_POINT('',#6001);
#1854=VERTEX_POINT('',#6003);
#1855=VERTEX_POINT('',#6007);
#1856=VERTEX_POINT('',#6009);
#1857=VERTEX_POINT('',#6018);
#1858=VERTEX_POINT('',#6022);
#1859=VERTEX_POINT('',#6024);
#1860=VERTEX_POINT('',#6028);
#1861=VERTEX_POINT('',#6030);
#1862=VERTEX_POINT('',#6034);
#1863=VERTEX_POINT('',#6042);
#1864=VERTEX_POINT('',#6044);
#1865=VERTEX_POINT('',#6048);
#1866=VERTEX_POINT('',#6049);
#1867=VERTEX_POINT('',#6051);
#1868=VERTEX_POINT('',#6053);
#1869=VERTEX_POINT('',#6057);
#1870=VERTEX_POINT('',#6061);
#1871=VERTEX_POINT('',#6063);
#1872=VERTEX_POINT('',#6067);
#1873=VERTEX_POINT('',#6071);
#1874=VERTEX_POINT('',#6075);
#1875=VERTEX_POINT('',#6077);
#1876=VERTEX_POINT('',#6081);
#1877=VERTEX_POINT('',#6085);
#1878=VERTEX_POINT('',#6089);
#1879=VERTEX_POINT('',#6091);
#1880=VERTEX_POINT('',#6095);
#1881=VERTEX_POINT('',#6101);
#1882=VERTEX_POINT('',#6103);
#1883=VERTEX_POINT('',#6107);
#1884=VERTEX_POINT('',#6109);
#1885=VERTEX_POINT('',#6113);
#1886=VERTEX_POINT('',#6115);
#1887=VERTEX_POINT('',#6124);
#1888=VERTEX_POINT('',#6126);
#1889=VERTEX_POINT('',#6130);
#1890=VERTEX_POINT('',#6131);
#1891=VERTEX_POINT('',#6133);
#1892=VERTEX_POINT('',#6135);
#1893=VERTEX_POINT('',#6139);
#1894=VERTEX_POINT('',#6143);
#1895=VERTEX_POINT('',#6145);
#1896=VERTEX_POINT('',#6149);
#1897=VERTEX_POINT('',#6153);
#1898=VERTEX_POINT('',#6157);
#1899=VERTEX_POINT('',#6159);
#1900=VERTEX_POINT('',#6163);
#1901=VERTEX_POINT('',#6167);
#1902=VERTEX_POINT('',#6171);
#1903=VERTEX_POINT('',#6173);
#1904=VERTEX_POINT('',#6177);
#1905=VERTEX_POINT('',#6183);
#1906=VERTEX_POINT('',#6185);
#1907=VERTEX_POINT('',#6189);
#1908=VERTEX_POINT('',#6191);
#1909=VERTEX_POINT('',#6195);
#1910=VERTEX_POINT('',#6197);
#1911=VERTEX_POINT('',#6206);
#1912=VERTEX_POINT('',#6210);
#1913=VERTEX_POINT('',#6212);
#1914=VERTEX_POINT('',#6216);
#1915=VERTEX_POINT('',#6218);
#1916=VERTEX_POINT('',#6222);
#1917=VERTEX_POINT('',#6230);
#1918=VERTEX_POINT('',#6232);
#1919=VERTEX_POINT('',#6236);
#1920=VERTEX_POINT('',#6237);
#1921=VERTEX_POINT('',#6239);
#1922=VERTEX_POINT('',#6241);
#1923=VERTEX_POINT('',#6245);
#1924=VERTEX_POINT('',#6249);
#1925=VERTEX_POINT('',#6251);
#1926=VERTEX_POINT('',#6255);
#1927=VERTEX_POINT('',#6259);
#1928=VERTEX_POINT('',#6263);
#1929=VERTEX_POINT('',#6265);
#1930=VERTEX_POINT('',#6269);
#1931=VERTEX_POINT('',#6273);
#1932=VERTEX_POINT('',#6277);
#1933=VERTEX_POINT('',#6279);
#1934=VERTEX_POINT('',#6283);
#1935=VERTEX_POINT('',#6289);
#1936=VERTEX_POINT('',#6291);
#1937=VERTEX_POINT('',#6295);
#1938=VERTEX_POINT('',#6297);
#1939=VERTEX_POINT('',#6301);
#1940=VERTEX_POINT('',#6303);
#1941=VERTEX_POINT('',#6312);
#1942=VERTEX_POINT('',#6314);
#1943=VERTEX_POINT('',#6318);
#1944=VERTEX_POINT('',#6319);
#1945=VERTEX_POINT('',#6321);
#1946=VERTEX_POINT('',#6323);
#1947=VERTEX_POINT('',#6327);
#1948=VERTEX_POINT('',#6331);
#1949=VERTEX_POINT('',#6333);
#1950=VERTEX_POINT('',#6337);
#1951=VERTEX_POINT('',#6341);
#1952=VERTEX_POINT('',#6345);
#1953=VERTEX_POINT('',#6347);
#1954=VERTEX_POINT('',#6351);
#1955=VERTEX_POINT('',#6355);
#1956=VERTEX_POINT('',#6359);
#1957=VERTEX_POINT('',#6361);
#1958=VERTEX_POINT('',#6365);
#1959=VERTEX_POINT('',#6371);
#1960=VERTEX_POINT('',#6373);
#1961=VERTEX_POINT('',#6377);
#1962=VERTEX_POINT('',#6379);
#1963=VERTEX_POINT('',#6383);
#1964=VERTEX_POINT('',#6385);
#1965=VERTEX_POINT('',#6394);
#1966=VERTEX_POINT('',#6398);
#1967=VERTEX_POINT('',#6400);
#1968=VERTEX_POINT('',#6402);
#1969=VERTEX_POINT('',#6404);
#1970=VERTEX_POINT('',#6406);
#1971=VERTEX_POINT('',#6409);
#1972=VERTEX_POINT('',#6410);
#1973=VERTEX_POINT('',#6412);
#1974=VERTEX_POINT('',#6414);
#1975=VERTEX_POINT('',#6416);
#1976=VERTEX_POINT('',#6418);
#1977=VERTEX_POINT('',#6420);
#1978=VERTEX_POINT('',#6422);
#1979=VERTEX_POINT('',#6425);
#1980=VERTEX_POINT('',#6426);
#1981=VERTEX_POINT('',#6428);
#1982=VERTEX_POINT('',#6430);
#1983=VERTEX_POINT('',#6432);
#1984=VERTEX_POINT('',#6434);
#1985=VERTEX_POINT('',#6436);
#1986=VERTEX_POINT('',#6438);
#1987=VERTEX_POINT('',#6453);
#1988=VERTEX_POINT('',#6455);
#1989=VERTEX_POINT('',#6459);
#1990=VERTEX_POINT('',#6461);
#1991=VERTEX_POINT('',#6465);
#1992=VERTEX_POINT('',#6469);
#1993=VERTEX_POINT('',#6473);
#1994=VERTEX_POINT('',#6477);
#1995=VERTEX_POINT('',#6481);
#1996=VERTEX_POINT('',#6485);
#1997=VERTEX_POINT('',#6489);
#1998=VERTEX_POINT('',#6493);
#1999=VERTEX_POINT('',#6497);
#2000=VERTEX_POINT('',#6503);
#2001=VERTEX_POINT('',#6507);
#2002=VERTEX_POINT('',#6511);
#2003=VERTEX_POINT('',#6519);
#2004=VERTEX_POINT('',#6521);
#2005=VERTEX_POINT('',#6525);
#2006=VERTEX_POINT('',#6527);
#2007=VERTEX_POINT('',#6531);
#2008=VERTEX_POINT('',#6535);
#2009=VERTEX_POINT('',#6539);
#2010=VERTEX_POINT('',#6543);
#2011=VERTEX_POINT('',#6547);
#2012=VERTEX_POINT('',#6551);
#2013=VERTEX_POINT('',#6555);
#2014=VERTEX_POINT('',#6559);
#2015=VERTEX_POINT('',#6563);
#2016=VERTEX_POINT('',#6569);
#2017=VERTEX_POINT('',#6573);
#2018=VERTEX_POINT('',#6577);
#2019=EDGE_CURVE('',#1635,#1636,#483,.T.);
#2020=EDGE_CURVE('',#1637,#1635,#484,.T.);
#2021=EDGE_CURVE('',#1638,#1637,#485,.T.);
#2022=EDGE_CURVE('',#1636,#1638,#486,.T.);
#2023=EDGE_CURVE('',#1639,#1640,#487,.T.);
#2024=EDGE_CURVE('',#1641,#1639,#488,.T.);
#2025=EDGE_CURVE('',#1641,#1642,#489,.T.);
#2026=EDGE_CURVE('',#1640,#1642,#490,.T.);
#2027=EDGE_CURVE('',#1643,#1638,#491,.T.);
#2028=EDGE_CURVE('',#1644,#1637,#492,.T.);
#2029=EDGE_CURVE('',#1643,#1644,#493,.T.);
#2030=EDGE_CURVE('',#1645,#1643,#494,.T.);
#2031=EDGE_CURVE('',#1646,#1644,#495,.T.);
#2032=EDGE_CURVE('',#1645,#1646,#496,.T.);
#2033=EDGE_CURVE('',#1647,#1645,#497,.T.);
#2034=EDGE_CURVE('',#1648,#1646,#498,.T.);
#2035=EDGE_CURVE('',#1647,#1648,#499,.T.);
#2036=EDGE_CURVE('',#1649,#1647,#500,.T.);
#2037=EDGE_CURVE('',#1650,#1648,#501,.T.);
#2038=EDGE_CURVE('',#1649,#1650,#502,.T.);
#2039=EDGE_CURVE('',#1641,#1649,#503,.T.);
#2040=EDGE_CURVE('',#1642,#1650,#504,.T.);
#2041=EDGE_CURVE('',#1651,#1652,#505,.T.);
#2042=EDGE_CURVE('',#1652,#1653,#506,.T.);
#2043=EDGE_CURVE('',#1654,#1653,#507,.T.);
#2044=EDGE_CURVE('',#1651,#1654,#508,.T.);
#2045=EDGE_CURVE('',#1655,#1656,#509,.T.);
#2046=EDGE_CURVE('',#1657,#1656,#510,.T.);
#2047=EDGE_CURVE('',#1658,#1657,#511,.T.);
#2048=EDGE_CURVE('',#1658,#1655,#512,.T.);
#2049=EDGE_CURVE('',#1652,#1659,#513,.T.);
#2050=EDGE_CURVE('',#1659,#1660,#514,.T.);
#2051=EDGE_CURVE('',#1653,#1660,#515,.T.);
#2052=EDGE_CURVE('',#1661,#1655,#516,.T.);
#2053=EDGE_CURVE('',#1658,#1662,#517,.T.);
#2054=EDGE_CURVE('',#1662,#1661,#518,.T.);
#2055=EDGE_CURVE('',#1659,#1663,#519,.T.);
#2056=EDGE_CURVE('',#1663,#1664,#520,.T.);
#2057=EDGE_CURVE('',#1660,#1664,#521,.T.);
#2058=EDGE_CURVE('',#1665,#1651,#522,.T.);
#2059=EDGE_CURVE('',#1666,#1654,#523,.T.);
#2060=EDGE_CURVE('',#1665,#1666,#524,.T.);
#2061=EDGE_CURVE('',#1656,#1667,#525,.T.);
#2062=EDGE_CURVE('',#1668,#1667,#526,.T.);
#2063=EDGE_CURVE('',#1668,#1657,#527,.T.);
#2064=EDGE_CURVE('',#1663,#1669,#528,.T.);
#2065=EDGE_CURVE('',#1669,#1670,#529,.T.);
#2066=EDGE_CURVE('',#1664,#1670,#530,.T.);
#2067=EDGE_CURVE('',#1671,#1665,#531,.T.);
#2068=EDGE_CURVE('',#1672,#1666,#532,.T.);
#2069=EDGE_CURVE('',#1671,#1672,#533,.T.);
#2070=EDGE_CURVE('',#1667,#1673,#534,.T.);
#2071=EDGE_CURVE('',#1674,#1673,#535,.T.);
#2072=EDGE_CURVE('',#1668,#1674,#536,.T.);
#2073=EDGE_CURVE('',#1669,#1675,#537,.T.);
#2074=EDGE_CURVE('',#1675,#1676,#538,.T.);
#2075=EDGE_CURVE('',#1670,#1676,#539,.T.);
#2076=EDGE_CURVE('',#1675,#1671,#540,.T.);
#2077=EDGE_CURVE('',#1676,#1672,#541,.T.);
#2078=EDGE_CURVE('',#1673,#1677,#542,.T.);
#2079=EDGE_CURVE('',#1678,#1677,#543,.T.);
#2080=EDGE_CURVE('',#1674,#1678,#544,.T.);
#2081=EDGE_CURVE('',#1677,#1679,#545,.T.);
#2082=EDGE_CURVE('',#1680,#1679,#546,.T.);
#2083=EDGE_CURVE('',#1678,#1680,#547,.T.);
#2084=EDGE_CURVE('',#1679,#1681,#548,.T.);
#2085=EDGE_CURVE('',#1682,#1681,#549,.T.);
#2086=EDGE_CURVE('',#1680,#1682,#550,.T.);
#2087=EDGE_CURVE('',#1681,#1661,#551,.T.);
#2088=EDGE_CURVE('',#1682,#1662,#552,.T.);
#2089=EDGE_CURVE('',#1683,#1684,#553,.T.);
#2090=EDGE_CURVE('',#1684,#1685,#554,.T.);
#2091=EDGE_CURVE('',#1686,#1685,#555,.T.);
#2092=EDGE_CURVE('',#1683,#1686,#556,.T.);
#2093=EDGE_CURVE('',#1687,#1688,#557,.T.);
#2094=EDGE_CURVE('',#1689,#1688,#558,.T.);
#2095=EDGE_CURVE('',#1690,#1689,#559,.T.);
#2096=EDGE_CURVE('',#1690,#1687,#560,.T.);
#2097=EDGE_CURVE('',#1684,#1691,#561,.T.);
#2098=EDGE_CURVE('',#1691,#1692,#562,.T.);
#2099=EDGE_CURVE('',#1685,#1692,#563,.T.);
#2100=EDGE_CURVE('',#1693,#1687,#564,.T.);
#2101=EDGE_CURVE('',#1690,#1694,#565,.T.);
#2102=EDGE_CURVE('',#1694,#1693,#566,.T.);
#2103=EDGE_CURVE('',#1691,#1695,#567,.T.);
#2104=EDGE_CURVE('',#1695,#1696,#568,.T.);
#2105=EDGE_CURVE('',#1692,#1696,#569,.T.);
#2106=EDGE_CURVE('',#1697,#1683,#570,.T.);
#2107=EDGE_CURVE('',#1698,#1686,#571,.T.);
#2108=EDGE_CURVE('',#1697,#1698,#572,.T.);
#2109=EDGE_CURVE('',#1688,#1699,#573,.T.);
#2110=EDGE_CURVE('',#1700,#1699,#574,.T.);
#2111=EDGE_CURVE('',#1700,#1689,#575,.T.);
#2112=EDGE_CURVE('',#1695,#1701,#576,.T.);
#2113=EDGE_CURVE('',#1701,#1702,#577,.T.);
#2114=EDGE_CURVE('',#1696,#1702,#578,.T.);
#2115=EDGE_CURVE('',#1703,#1697,#579,.T.);
#2116=EDGE_CURVE('',#1704,#1698,#580,.T.);
#2117=EDGE_CURVE('',#1703,#1704,#581,.T.);
#2118=EDGE_CURVE('',#1699,#1705,#582,.T.);
#2119=EDGE_CURVE('',#1706,#1705,#583,.T.);
#2120=EDGE_CURVE('',#1700,#1706,#584,.T.);
#2121=EDGE_CURVE('',#1701,#1707,#585,.T.);
#2122=EDGE_CURVE('',#1707,#1708,#586,.T.);
#2123=EDGE_CURVE('',#1702,#1708,#587,.T.);
#2124=EDGE_CURVE('',#1707,#1703,#588,.T.);
#2125=EDGE_CURVE('',#1708,#1704,#589,.T.);
#2126=EDGE_CURVE('',#1705,#1709,#590,.T.);
#2127=EDGE_CURVE('',#1710,#1709,#591,.T.);
#2128=EDGE_CURVE('',#1706,#1710,#592,.T.);
#2129=EDGE_CURVE('',#1709,#1711,#593,.T.);
#2130=EDGE_CURVE('',#1712,#1711,#594,.T.);
#2131=EDGE_CURVE('',#1710,#1712,#595,.T.);
#2132=EDGE_CURVE('',#1711,#1713,#596,.T.);
#2133=EDGE_CURVE('',#1714,#1713,#597,.T.);
#2134=EDGE_CURVE('',#1712,#1714,#598,.T.);
#2135=EDGE_CURVE('',#1713,#1693,#599,.T.);
#2136=EDGE_CURVE('',#1714,#1694,#600,.T.);
#2137=EDGE_CURVE('',#1715,#1640,#601,.T.);
#2138=EDGE_CURVE('',#1716,#1715,#602,.T.);
#2139=EDGE_CURVE('',#1716,#1639,#603,.T.);
#2140=EDGE_CURVE('',#1635,#1717,#604,.T.);
#2141=EDGE_CURVE('',#1717,#1718,#605,.T.);
#2142=EDGE_CURVE('',#1718,#1719,#606,.T.);
#2143=EDGE_CURVE('',#1719,#1720,#607,.T.);
#2144=EDGE_CURVE('',#1720,#1721,#608,.T.);
#2145=EDGE_CURVE('',#1721,#1722,#609,.T.);
#2146=EDGE_CURVE('',#1722,#1723,#610,.T.);
#2147=EDGE_CURVE('',#1723,#1724,#611,.T.);
#2148=EDGE_CURVE('',#1724,#1725,#612,.T.);
#2149=EDGE_CURVE('',#1725,#1726,#613,.T.);
#2150=EDGE_CURVE('',#1726,#1727,#614,.T.);
#2151=EDGE_CURVE('',#1727,#1728,#615,.T.);
#2152=EDGE_CURVE('',#1728,#1729,#616,.T.);
#2153=EDGE_CURVE('',#1729,#1730,#617,.T.);
#2154=EDGE_CURVE('',#1730,#1731,#618,.T.);
#2155=EDGE_CURVE('',#1731,#1732,#619,.T.);
#2156=EDGE_CURVE('',#1732,#1733,#620,.T.);
#2157=EDGE_CURVE('',#1733,#1734,#621,.T.);
#2158=EDGE_CURVE('',#1734,#1735,#622,.T.);
#2159=EDGE_CURVE('',#1735,#1736,#623,.T.);
#2160=EDGE_CURVE('',#1736,#1737,#624,.T.);
#2161=EDGE_CURVE('',#1737,#1738,#625,.T.);
#2162=EDGE_CURVE('',#1738,#1739,#626,.T.);
#2163=EDGE_CURVE('',#1739,#1715,#627,.T.);
#2164=EDGE_CURVE('',#1740,#1741,#628,.T.);
#2165=EDGE_CURVE('',#1742,#1740,#629,.T.);
#2166=EDGE_CURVE('',#1743,#1742,#630,.T.);
#2167=EDGE_CURVE('',#1744,#1743,#631,.T.);
#2168=EDGE_CURVE('',#1745,#1744,#632,.T.);
#2169=EDGE_CURVE('',#1746,#1745,#633,.T.);
#2170=EDGE_CURVE('',#1747,#1746,#634,.T.);
#2171=EDGE_CURVE('',#1741,#1747,#635,.T.);
#2172=EDGE_CURVE('',#1748,#1749,#636,.T.);
#2173=EDGE_CURVE('',#1750,#1748,#637,.T.);
#2174=EDGE_CURVE('',#1751,#1750,#638,.T.);
#2175=EDGE_CURVE('',#1752,#1751,#639,.T.);
#2176=EDGE_CURVE('',#1753,#1752,#640,.T.);
#2177=EDGE_CURVE('',#1754,#1753,#641,.T.);
#2178=EDGE_CURVE('',#1755,#1754,#642,.T.);
#2179=EDGE_CURVE('',#1749,#1755,#643,.T.);
#2180=EDGE_CURVE('',#1756,#1757,#644,.T.);
#2181=EDGE_CURVE('',#1758,#1756,#645,.T.);
#2182=EDGE_CURVE('',#1759,#1758,#646,.T.);
#2183=EDGE_CURVE('',#1760,#1759,#647,.T.);
#2184=EDGE_CURVE('',#1761,#1760,#648,.T.);
#2185=EDGE_CURVE('',#1762,#1761,#649,.T.);
#2186=EDGE_CURVE('',#1763,#1762,#650,.T.);
#2187=EDGE_CURVE('',#1757,#1763,#651,.T.);
#2188=EDGE_CURVE('',#1764,#1765,#652,.T.);
#2189=EDGE_CURVE('',#1766,#1764,#653,.T.);
#2190=EDGE_CURVE('',#1767,#1766,#654,.T.);
#2191=EDGE_CURVE('',#1768,#1767,#655,.T.);
#2192=EDGE_CURVE('',#1769,#1768,#656,.T.);
#2193=EDGE_CURVE('',#1770,#1769,#657,.T.);
#2194=EDGE_CURVE('',#1771,#1770,#658,.T.);
#2195=EDGE_CURVE('',#1765,#1771,#659,.T.);
#2196=EDGE_CURVE('',#1772,#1773,#660,.T.);
#2197=EDGE_CURVE('',#1774,#1772,#661,.T.);
#2198=EDGE_CURVE('',#1775,#1774,#662,.T.);
#2199=EDGE_CURVE('',#1776,#1775,#663,.T.);
#2200=EDGE_CURVE('',#1777,#1776,#664,.T.);
#2201=EDGE_CURVE('',#1778,#1777,#665,.T.);
#2202=EDGE_CURVE('',#1779,#1778,#666,.T.);
#2203=EDGE_CURVE('',#1773,#1779,#667,.T.);
#2204=EDGE_CURVE('',#1780,#1781,#668,.T.);
#2205=EDGE_CURVE('',#1782,#1780,#669,.T.);
#2206=EDGE_CURVE('',#1783,#1782,#670,.T.);
#2207=EDGE_CURVE('',#1784,#1783,#671,.T.);
#2208=EDGE_CURVE('',#1785,#1784,#672,.T.);
#2209=EDGE_CURVE('',#1786,#1785,#673,.T.);
#2210=EDGE_CURVE('',#1787,#1786,#674,.T.);
#2211=EDGE_CURVE('',#1781,#1787,#675,.T.);
#2212=EDGE_CURVE('',#1788,#1789,#676,.T.);
#2213=EDGE_CURVE('',#1790,#1788,#677,.T.);
#2214=EDGE_CURVE('',#1791,#1790,#678,.T.);
#2215=EDGE_CURVE('',#1792,#1791,#679,.T.);
#2216=EDGE_CURVE('',#1793,#1792,#680,.T.);
#2217=EDGE_CURVE('',#1794,#1793,#681,.T.);
#2218=EDGE_CURVE('',#1795,#1794,#682,.T.);
#2219=EDGE_CURVE('',#1789,#1795,#683,.T.);
#2220=EDGE_CURVE('',#1796,#1797,#684,.T.);
#2221=EDGE_CURVE('',#1798,#1796,#685,.T.);
#2222=EDGE_CURVE('',#1799,#1798,#686,.T.);
#2223=EDGE_CURVE('',#1800,#1799,#687,.T.);
#2224=EDGE_CURVE('',#1801,#1800,#688,.T.);
#2225=EDGE_CURVE('',#1802,#1801,#689,.T.);
#2226=EDGE_CURVE('',#1803,#1802,#690,.T.);
#2227=EDGE_CURVE('',#1797,#1803,#691,.T.);
#2228=EDGE_CURVE('',#1719,#1804,#692,.T.);
#2229=EDGE_CURVE('',#1805,#1718,#693,.T.);
#2230=EDGE_CURVE('',#1804,#1805,#694,.T.);
#2231=EDGE_CURVE('',#1806,#1738,#695,.T.);
#2232=EDGE_CURVE('',#1807,#1806,#696,.T.);
#2233=EDGE_CURVE('',#1807,#1739,#697,.T.);
#2234=EDGE_CURVE('',#1808,#1805,#698,.T.);
#2235=EDGE_CURVE('',#1808,#1717,#699,.T.);
#2236=EDGE_CURVE('',#1636,#1808,#700,.T.);
#2237=EDGE_CURVE('',#1807,#1716,#701,.T.);
#2238=EDGE_CURVE('',#1801,#1809,#702,.T.);
#2239=EDGE_CURVE('',#1810,#1809,#703,.T.);
#2240=EDGE_CURVE('',#1802,#1810,#704,.T.);
#2241=EDGE_CURVE('',#1811,#1812,#705,.T.);
#2242=EDGE_CURVE('',#1813,#1812,#706,.T.);
#2243=EDGE_CURVE('',#1814,#1813,#707,.T.);
#2244=EDGE_CURVE('',#1814,#1811,#708,.T.);
#2245=EDGE_CURVE('',#1800,#1815,#709,.T.);
#2246=EDGE_CURVE('',#1809,#1815,#710,.T.);
#2247=EDGE_CURVE('',#1816,#1811,#711,.T.);
#2248=EDGE_CURVE('',#1814,#1817,#712,.T.);
#2249=EDGE_CURVE('',#1817,#1816,#713,.T.);
#2250=EDGE_CURVE('',#1799,#1818,#714,.T.);
#2251=EDGE_CURVE('',#1815,#1818,#715,.T.);
#2252=EDGE_CURVE('',#1819,#1810,#716,.T.);
#2253=EDGE_CURVE('',#1803,#1819,#717,.T.);
#2254=EDGE_CURVE('',#1812,#1820,#718,.T.);
#2255=EDGE_CURVE('',#1821,#1820,#719,.T.);
#2256=EDGE_CURVE('',#1821,#1813,#720,.T.);
#2257=EDGE_CURVE('',#1798,#1822,#721,.T.);
#2258=EDGE_CURVE('',#1818,#1822,#722,.T.);
#2259=EDGE_CURVE('',#1823,#1819,#723,.T.);
#2260=EDGE_CURVE('',#1797,#1823,#724,.T.);
#2261=EDGE_CURVE('',#1820,#1824,#725,.T.);
#2262=EDGE_CURVE('',#1825,#1824,#726,.T.);
#2263=EDGE_CURVE('',#1821,#1825,#727,.T.);
#2264=EDGE_CURVE('',#1796,#1826,#728,.T.);
#2265=EDGE_CURVE('',#1822,#1826,#729,.T.);
#2266=EDGE_CURVE('',#1826,#1823,#730,.T.);
#2267=EDGE_CURVE('',#1824,#1827,#731,.T.);
#2268=EDGE_CURVE('',#1828,#1827,#732,.T.);
#2269=EDGE_CURVE('',#1825,#1828,#733,.T.);
#2270=EDGE_CURVE('',#1827,#1829,#734,.T.);
#2271=EDGE_CURVE('',#1830,#1829,#735,.T.);
#2272=EDGE_CURVE('',#1828,#1830,#736,.T.);
#2273=EDGE_CURVE('',#1829,#1831,#737,.T.);
#2274=EDGE_CURVE('',#1832,#1831,#738,.T.);
#2275=EDGE_CURVE('',#1830,#1832,#739,.T.);
#2276=EDGE_CURVE('',#1831,#1816,#740,.T.);
#2277=EDGE_CURVE('',#1832,#1817,#741,.T.);
#2278=EDGE_CURVE('',#1793,#1833,#742,.T.);
#2279=EDGE_CURVE('',#1834,#1833,#743,.T.);
#2280=EDGE_CURVE('',#1794,#1834,#744,.T.);
#2281=EDGE_CURVE('',#1835,#1836,#745,.T.);
#2282=EDGE_CURVE('',#1837,#1836,#746,.T.);
#2283=EDGE_CURVE('',#1838,#1837,#747,.T.);
#2284=EDGE_CURVE('',#1838,#1835,#748,.T.);
#2285=EDGE_CURVE('',#1792,#1839,#749,.T.);
#2286=EDGE_CURVE('',#1833,#1839,#750,.T.);
#2287=EDGE_CURVE('',#1840,#1835,#751,.T.);
#2288=EDGE_CURVE('',#1838,#1841,#752,.T.);
#2289=EDGE_CURVE('',#1841,#1840,#753,.T.);
#2290=EDGE_CURVE('',#1791,#1842,#754,.T.);
#2291=EDGE_CURVE('',#1839,#1842,#755,.T.);
#2292=EDGE_CURVE('',#1843,#1834,#756,.T.);
#2293=EDGE_CURVE('',#1795,#1843,#757,.T.);
#2294=EDGE_CURVE('',#1836,#1844,#758,.T.);
#2295=EDGE_CURVE('',#1845,#1844,#759,.T.);
#2296=EDGE_CURVE('',#1845,#1837,#760,.T.);
#2297=EDGE_CURVE('',#1790,#1846,#761,.T.);
#2298=EDGE_CURVE('',#1842,#1846,#762,.T.);
#2299=EDGE_CURVE('',#1847,#1843,#763,.T.);
#2300=EDGE_CURVE('',#1789,#1847,#764,.T.);
#2301=EDGE_CURVE('',#1844,#1848,#765,.T.);
#2302=EDGE_CURVE('',#1849,#1848,#766,.T.);
#2303=EDGE_CURVE('',#1845,#1849,#767,.T.);
#2304=EDGE_CURVE('',#1788,#1850,#768,.T.);
#2305=EDGE_CURVE('',#1846,#1850,#769,.T.);
#2306=EDGE_CURVE('',#1850,#1847,#770,.T.);
#2307=EDGE_CURVE('',#1848,#1851,#771,.T.);
#2308=EDGE_CURVE('',#1852,#1851,#772,.T.);
#2309=EDGE_CURVE('',#1849,#1852,#773,.T.);
#2310=EDGE_CURVE('',#1851,#1853,#774,.T.);
#2311=EDGE_CURVE('',#1854,#1853,#775,.T.);
#2312=EDGE_CURVE('',#1852,#1854,#776,.T.);
#2313=EDGE_CURVE('',#1853,#1855,#777,.T.);
#2314=EDGE_CURVE('',#1856,#1855,#778,.T.);
#2315=EDGE_CURVE('',#1854,#1856,#779,.T.);
#2316=EDGE_CURVE('',#1855,#1840,#780,.T.);
#2317=EDGE_CURVE('',#1856,#1841,#781,.T.);
#2318=EDGE_CURVE('',#1857,#1737,#782,.T.);
#2319=EDGE_CURVE('',#1857,#1806,#783,.T.);
#2320=EDGE_CURVE('',#1722,#1858,#784,.T.);
#2321=EDGE_CURVE('',#1859,#1721,#785,.T.);
#2322=EDGE_CURVE('',#1858,#1859,#786,.T.);
#2323=EDGE_CURVE('',#1860,#1735,#787,.T.);
#2324=EDGE_CURVE('',#1861,#1860,#788,.T.);
#2325=EDGE_CURVE('',#1861,#1736,#789,.T.);
#2326=EDGE_CURVE('',#1862,#1859,#790,.T.);
#2327=EDGE_CURVE('',#1862,#1720,#791,.T.);
#2328=EDGE_CURVE('',#1804,#1862,#792,.T.);
#2329=EDGE_CURVE('',#1861,#1857,#793,.T.);
#2330=EDGE_CURVE('',#1745,#1863,#794,.T.);
#2331=EDGE_CURVE('',#1864,#1863,#795,.T.);
#2332=EDGE_CURVE('',#1746,#1864,#796,.T.);
#2333=EDGE_CURVE('',#1865,#1866,#797,.T.);
#2334=EDGE_CURVE('',#1867,#1866,#798,.T.);
#2335=EDGE_CURVE('',#1868,#1867,#799,.T.);
#2336=EDGE_CURVE('',#1868,#1865,#800,.T.);
#2337=EDGE_CURVE('',#1744,#1869,#801,.T.);
#2338=EDGE_CURVE('',#1863,#1869,#802,.T.);
#2339=EDGE_CURVE('',#1870,#1865,#803,.T.);
#2340=EDGE_CURVE('',#1868,#1871,#804,.T.);
#2341=EDGE_CURVE('',#1871,#1870,#805,.T.);
#2342=EDGE_CURVE('',#1743,#1872,#806,.T.);
#2343=EDGE_CURVE('',#1869,#1872,#807,.T.);
#2344=EDGE_CURVE('',#1873,#1864,#808,.T.);
#2345=EDGE_CURVE('',#1747,#1873,#809,.T.);
#2346=EDGE_CURVE('',#1866,#1874,#810,.T.);
#2347=EDGE_CURVE('',#1875,#1874,#811,.T.);
#2348=EDGE_CURVE('',#1875,#1867,#812,.T.);
#2349=EDGE_CURVE('',#1742,#1876,#813,.T.);
#2350=EDGE_CURVE('',#1872,#1876,#814,.T.);
#2351=EDGE_CURVE('',#1877,#1873,#815,.T.);
#2352=EDGE_CURVE('',#1741,#1877,#816,.T.);
#2353=EDGE_CURVE('',#1874,#1878,#817,.T.);
#2354=EDGE_CURVE('',#1879,#1878,#818,.T.);
#2355=EDGE_CURVE('',#1875,#1879,#819,.T.);
#2356=EDGE_CURVE('',#1740,#1880,#820,.T.);
#2357=EDGE_CURVE('',#1876,#1880,#821,.T.);
#2358=EDGE_CURVE('',#1880,#1877,#822,.T.);
#2359=EDGE_CURVE('',#1878,#1881,#823,.T.);
#2360=EDGE_CURVE('',#1882,#1881,#824,.T.);
#2361=EDGE_CURVE('',#1879,#1882,#825,.T.);
#2362=EDGE_CURVE('',#1881,#1883,#826,.T.);
#2363=EDGE_CURVE('',#1884,#1883,#827,.T.);
#2364=EDGE_CURVE('',#1882,#1884,#828,.T.);
#2365=EDGE_CURVE('',#1883,#1885,#829,.T.);
#2366=EDGE_CURVE('',#1886,#1885,#830,.T.);
#2367=EDGE_CURVE('',#1884,#1886,#831,.T.);
#2368=EDGE_CURVE('',#1885,#1870,#832,.T.);
#2369=EDGE_CURVE('',#1886,#1871,#833,.T.);
#2370=EDGE_CURVE('',#1753,#1887,#834,.T.);
#2371=EDGE_CURVE('',#1888,#1887,#835,.T.);
#2372=EDGE_CURVE('',#1754,#1888,#836,.T.);
#2373=EDGE_CURVE('',#1889,#1890,#837,.T.);
#2374=EDGE_CURVE('',#1891,#1890,#838,.T.);
#2375=EDGE_CURVE('',#1892,#1891,#839,.T.);
#2376=EDGE_CURVE('',#1892,#1889,#840,.T.);
#2377=EDGE_CURVE('',#1752,#1893,#841,.T.);
#2378=EDGE_CURVE('',#1887,#1893,#842,.T.);
#2379=EDGE_CURVE('',#1894,#1889,#843,.T.);
#2380=EDGE_CURVE('',#1892,#1895,#844,.T.);
#2381=EDGE_CURVE('',#1895,#1894,#845,.T.);
#2382=EDGE_CURVE('',#1751,#1896,#846,.T.);
#2383=EDGE_CURVE('',#1893,#1896,#847,.T.);
#2384=EDGE_CURVE('',#1897,#1888,#848,.T.);
#2385=EDGE_CURVE('',#1755,#1897,#849,.T.);
#2386=EDGE_CURVE('',#1890,#1898,#850,.T.);
#2387=EDGE_CURVE('',#1899,#1898,#851,.T.);
#2388=EDGE_CURVE('',#1899,#1891,#852,.T.);
#2389=EDGE_CURVE('',#1750,#1900,#853,.T.);
#2390=EDGE_CURVE('',#1896,#1900,#854,.T.);
#2391=EDGE_CURVE('',#1901,#1897,#855,.T.);
#2392=EDGE_CURVE('',#1749,#1901,#856,.T.);
#2393=EDGE_CURVE('',#1898,#1902,#857,.T.);
#2394=EDGE_CURVE('',#1903,#1902,#858,.T.);
#2395=EDGE_CURVE('',#1899,#1903,#859,.T.);
#2396=EDGE_CURVE('',#1748,#1904,#860,.T.);
#2397=EDGE_CURVE('',#1900,#1904,#861,.T.);
#2398=EDGE_CURVE('',#1904,#1901,#862,.T.);
#2399=EDGE_CURVE('',#1902,#1905,#863,.T.);
#2400=EDGE_CURVE('',#1906,#1905,#864,.T.);
#2401=EDGE_CURVE('',#1903,#1906,#865,.T.);
#2402=EDGE_CURVE('',#1905,#1907,#866,.T.);
#2403=EDGE_CURVE('',#1908,#1907,#867,.T.);
#2404=EDGE_CURVE('',#1906,#1908,#868,.T.);
#2405=EDGE_CURVE('',#1907,#1909,#869,.T.);
#2406=EDGE_CURVE('',#1910,#1909,#870,.T.);
#2407=EDGE_CURVE('',#1908,#1910,#871,.T.);
#2408=EDGE_CURVE('',#1909,#1894,#872,.T.);
#2409=EDGE_CURVE('',#1910,#1895,#873,.T.);
#2410=EDGE_CURVE('',#1911,#1734,#874,.T.);
#2411=EDGE_CURVE('',#1911,#1860,#875,.T.);
#2412=EDGE_CURVE('',#1725,#1912,#876,.T.);
#2413=EDGE_CURVE('',#1913,#1724,#877,.T.);
#2414=EDGE_CURVE('',#1912,#1913,#878,.T.);
#2415=EDGE_CURVE('',#1914,#1732,#879,.T.);
#2416=EDGE_CURVE('',#1915,#1914,#880,.T.);
#2417=EDGE_CURVE('',#1915,#1733,#881,.T.);
#2418=EDGE_CURVE('',#1916,#1913,#882,.T.);
#2419=EDGE_CURVE('',#1916,#1723,#883,.T.);
#2420=EDGE_CURVE('',#1858,#1916,#884,.T.);
#2421=EDGE_CURVE('',#1915,#1911,#885,.T.);
#2422=EDGE_CURVE('',#1785,#1917,#886,.T.);
#2423=EDGE_CURVE('',#1918,#1917,#887,.T.);
#2424=EDGE_CURVE('',#1786,#1918,#888,.T.);
#2425=EDGE_CURVE('',#1919,#1920,#889,.T.);
#2426=EDGE_CURVE('',#1921,#1920,#890,.T.);
#2427=EDGE_CURVE('',#1922,#1921,#891,.T.);
#2428=EDGE_CURVE('',#1922,#1919,#892,.T.);
#2429=EDGE_CURVE('',#1784,#1923,#893,.T.);
#2430=EDGE_CURVE('',#1917,#1923,#894,.T.);
#2431=EDGE_CURVE('',#1924,#1919,#895,.T.);
#2432=EDGE_CURVE('',#1922,#1925,#896,.T.);
#2433=EDGE_CURVE('',#1925,#1924,#897,.T.);
#2434=EDGE_CURVE('',#1783,#1926,#898,.T.);
#2435=EDGE_CURVE('',#1923,#1926,#899,.T.);
#2436=EDGE_CURVE('',#1927,#1918,#900,.T.);
#2437=EDGE_CURVE('',#1787,#1927,#901,.T.);
#2438=EDGE_CURVE('',#1920,#1928,#902,.T.);
#2439=EDGE_CURVE('',#1929,#1928,#903,.T.);
#2440=EDGE_CURVE('',#1929,#1921,#904,.T.);
#2441=EDGE_CURVE('',#1782,#1930,#905,.T.);
#2442=EDGE_CURVE('',#1926,#1930,#906,.T.);
#2443=EDGE_CURVE('',#1931,#1927,#907,.T.);
#2444=EDGE_CURVE('',#1781,#1931,#908,.T.);
#2445=EDGE_CURVE('',#1928,#1932,#909,.T.);
#2446=EDGE_CURVE('',#1933,#1932,#910,.T.);
#2447=EDGE_CURVE('',#1929,#1933,#911,.T.);
#2448=EDGE_CURVE('',#1780,#1934,#912,.T.);
#2449=EDGE_CURVE('',#1930,#1934,#913,.T.);
#2450=EDGE_CURVE('',#1934,#1931,#914,.T.);
#2451=EDGE_CURVE('',#1932,#1935,#915,.T.);
#2452=EDGE_CURVE('',#1936,#1935,#916,.T.);
#2453=EDGE_CURVE('',#1933,#1936,#917,.T.);
#2454=EDGE_CURVE('',#1935,#1937,#918,.T.);
#2455=EDGE_CURVE('',#1938,#1937,#919,.T.);
#2456=EDGE_CURVE('',#1936,#1938,#920,.T.);
#2457=EDGE_CURVE('',#1937,#1939,#921,.T.);
#2458=EDGE_CURVE('',#1940,#1939,#922,.T.);
#2459=EDGE_CURVE('',#1938,#1940,#923,.T.);
#2460=EDGE_CURVE('',#1939,#1924,#924,.T.);
#2461=EDGE_CURVE('',#1940,#1925,#925,.T.);
#2462=EDGE_CURVE('',#1777,#1941,#926,.T.);
#2463=EDGE_CURVE('',#1942,#1941,#927,.T.);
#2464=EDGE_CURVE('',#1778,#1942,#928,.T.);
#2465=EDGE_CURVE('',#1943,#1944,#929,.T.);
#2466=EDGE_CURVE('',#1945,#1944,#930,.T.);
#2467=EDGE_CURVE('',#1946,#1945,#931,.T.);
#2468=EDGE_CURVE('',#1946,#1943,#932,.T.);
#2469=EDGE_CURVE('',#1776,#1947,#933,.T.);
#2470=EDGE_CURVE('',#1941,#1947,#934,.T.);
#2471=EDGE_CURVE('',#1948,#1943,#935,.T.);
#2472=EDGE_CURVE('',#1946,#1949,#936,.T.);
#2473=EDGE_CURVE('',#1949,#1948,#937,.T.);
#2474=EDGE_CURVE('',#1775,#1950,#938,.T.);
#2475=EDGE_CURVE('',#1947,#1950,#939,.T.);
#2476=EDGE_CURVE('',#1951,#1942,#940,.T.);
#2477=EDGE_CURVE('',#1779,#1951,#941,.T.);
#2478=EDGE_CURVE('',#1944,#1952,#942,.T.);
#2479=EDGE_CURVE('',#1953,#1952,#943,.T.);
#2480=EDGE_CURVE('',#1953,#1945,#944,.T.);
#2481=EDGE_CURVE('',#1774,#1954,#945,.T.);
#2482=EDGE_CURVE('',#1950,#1954,#946,.T.);
#2483=EDGE_CURVE('',#1955,#1951,#947,.T.);
#2484=EDGE_CURVE('',#1773,#1955,#948,.T.);
#2485=EDGE_CURVE('',#1952,#1956,#949,.T.);
#2486=EDGE_CURVE('',#1957,#1956,#950,.T.);
#2487=EDGE_CURVE('',#1953,#1957,#951,.T.);
#2488=EDGE_CURVE('',#1772,#1958,#952,.T.);
#2489=EDGE_CURVE('',#1954,#1958,#953,.T.);
#2490=EDGE_CURVE('',#1958,#1955,#954,.T.);
#2491=EDGE_CURVE('',#1956,#1959,#955,.T.);
#2492=EDGE_CURVE('',#1960,#1959,#956,.T.);
#2493=EDGE_CURVE('',#1957,#1960,#957,.T.);
#2494=EDGE_CURVE('',#1959,#1961,#958,.T.);
#2495=EDGE_CURVE('',#1962,#1961,#959,.T.);
#2496=EDGE_CURVE('',#1960,#1962,#960,.T.);
#2497=EDGE_CURVE('',#1961,#1963,#961,.T.);
#2498=EDGE_CURVE('',#1964,#1963,#962,.T.);
#2499=EDGE_CURVE('',#1962,#1964,#963,.T.);
#2500=EDGE_CURVE('',#1963,#1948,#964,.T.);
#2501=EDGE_CURVE('',#1964,#1949,#965,.T.);
#2502=EDGE_CURVE('',#1965,#1731,#966,.T.);
#2503=EDGE_CURVE('',#1965,#1914,#967,.T.);
#2504=EDGE_CURVE('',#1966,#1965,#968,.T.);
#2505=EDGE_CURVE('',#1966,#1967,#969,.T.);
#2506=EDGE_CURVE('',#1968,#1967,#970,.T.);
#2507=EDGE_CURVE('',#1968,#1969,#971,.T.);
#2508=EDGE_CURVE('',#1970,#1969,#972,.T.);
#2509=EDGE_CURVE('',#1912,#1970,#973,.T.);
#2510=EDGE_CURVE('',#1971,#1972,#974,.T.);
#2511=EDGE_CURVE('',#1973,#1971,#975,.T.);
#2512=EDGE_CURVE('',#1974,#1973,#976,.T.);
#2513=EDGE_CURVE('',#1975,#1974,#977,.T.);
#2514=EDGE_CURVE('',#1976,#1975,#978,.T.);
#2515=EDGE_CURVE('',#1977,#1976,#979,.T.);
#2516=EDGE_CURVE('',#1978,#1977,#980,.T.);
#2517=EDGE_CURVE('',#1972,#1978,#981,.T.);
#2518=EDGE_CURVE('',#1979,#1980,#982,.T.);
#2519=EDGE_CURVE('',#1981,#1979,#983,.T.);
#2520=EDGE_CURVE('',#1982,#1981,#984,.T.);
#2521=EDGE_CURVE('',#1983,#1982,#985,.T.);
#2522=EDGE_CURVE('',#1984,#1983,#986,.T.);
#2523=EDGE_CURVE('',#1985,#1984,#987,.T.);
#2524=EDGE_CURVE('',#1986,#1985,#988,.T.);
#2525=EDGE_CURVE('',#1980,#1986,#989,.T.);
#2526=EDGE_CURVE('',#1966,#1730,#990,.T.);
#2527=EDGE_CURVE('',#1967,#1729,#991,.T.);
#2528=EDGE_CURVE('',#1968,#1728,#992,.T.);
#2529=EDGE_CURVE('',#1969,#1727,#993,.T.);
#2530=EDGE_CURVE('',#1970,#1726,#994,.T.);
#2531=EDGE_CURVE('',#1769,#1987,#995,.T.);
#2532=EDGE_CURVE('',#1988,#1987,#996,.T.);
#2533=EDGE_CURVE('',#1770,#1988,#997,.T.);
#2534=EDGE_CURVE('',#1989,#1982,#998,.T.);
#2535=EDGE_CURVE('',#1990,#1989,#999,.T.);
#2536=EDGE_CURVE('',#1990,#1983,#1000,.T.);
#2537=EDGE_CURVE('',#1768,#1991,#1001,.T.);
#2538=EDGE_CURVE('',#1987,#1991,#1002,.T.);
#2539=EDGE_CURVE('',#1990,#1992,#1003,.T.);
#2540=EDGE_CURVE('',#1992,#1984,#1004,.T.);
#2541=EDGE_CURVE('',#1767,#1993,#1005,.T.);
#2542=EDGE_CURVE('',#1991,#1993,#1006,.T.);
#2543=EDGE_CURVE('',#1994,#1988,#1007,.T.);
#2544=EDGE_CURVE('',#1771,#1994,#1008,.T.);
#2545=EDGE_CURVE('',#1995,#1981,#1009,.T.);
#2546=EDGE_CURVE('',#1995,#1989,#1010,.T.);
#2547=EDGE_CURVE('',#1766,#1996,#1011,.T.);
#2548=EDGE_CURVE('',#1993,#1996,#1012,.T.);
#2549=EDGE_CURVE('',#1997,#1994,#1013,.T.);
#2550=EDGE_CURVE('',#1765,#1997,#1014,.T.);
#2551=EDGE_CURVE('',#1998,#1979,#1015,.T.);
#2552=EDGE_CURVE('',#1995,#1998,#1016,.T.);
#2553=EDGE_CURVE('',#1764,#1999,#1017,.T.);
#2554=EDGE_CURVE('',#1996,#1999,#1018,.T.);
#2555=EDGE_CURVE('',#1999,#1997,#1019,.T.);
#2556=EDGE_CURVE('',#2000,#1980,#1020,.T.);
#2557=EDGE_CURVE('',#1998,#2000,#1021,.T.);
#2558=EDGE_CURVE('',#2001,#1986,#1022,.T.);
#2559=EDGE_CURVE('',#2000,#2001,#1023,.T.);
#2560=EDGE_CURVE('',#2002,#1985,#1024,.T.);
#2561=EDGE_CURVE('',#2001,#2002,#1025,.T.);
#2562=EDGE_CURVE('',#2002,#1992,#1026,.T.);
#2563=EDGE_CURVE('',#1761,#2003,#1027,.T.);
#2564=EDGE_CURVE('',#2004,#2003,#1028,.T.);
#2565=EDGE_CURVE('',#1762,#2004,#1029,.T.);
#2566=EDGE_CURVE('',#2005,#1974,#1030,.T.);
#2567=EDGE_CURVE('',#2006,#2005,#1031,.T.);
#2568=EDGE_CURVE('',#2006,#1975,#1032,.T.);
#2569=EDGE_CURVE('',#1760,#2007,#1033,.T.);
#2570=EDGE_CURVE('',#2003,#2007,#1034,.T.);
#2571=EDGE_CURVE('',#2006,#2008,#1035,.T.);
#2572=EDGE_CURVE('',#2008,#1976,#1036,.T.);
#2573=EDGE_CURVE('',#1759,#2009,#1037,.T.);
#2574=EDGE_CURVE('',#2007,#2009,#1038,.T.);
#2575=EDGE_CURVE('',#2010,#2004,#1039,.T.);
#2576=EDGE_CURVE('',#1763,#2010,#1040,.T.);
#2577=EDGE_CURVE('',#2011,#1973,#1041,.T.);
#2578=EDGE_CURVE('',#2011,#2005,#1042,.T.);
#2579=EDGE_CURVE('',#1758,#2012,#1043,.T.);
#2580=EDGE_CURVE('',#2009,#2012,#1044,.T.);
#2581=EDGE_CURVE('',#2013,#2010,#1045,.T.);
#2582=EDGE_CURVE('',#1757,#2013,#1046,.T.);
#2583=EDGE_CURVE('',#2014,#1971,#1047,.T.);
#2584=EDGE_CURVE('',#2011,#2014,#1048,.T.);
#2585=EDGE_CURVE('',#1756,#2015,#1049,.T.);
#2586=EDGE_CURVE('',#2012,#2015,#1050,.T.);
#2587=EDGE_CURVE('',#2015,#2013,#1051,.T.);
#2588=EDGE_CURVE('',#2016,#1972,#1052,.T.);
#2589=EDGE_CURVE('',#2014,#2016,#1053,.T.);
#2590=EDGE_CURVE('',#2017,#1978,#1054,.T.);
#2591=EDGE_CURVE('',#2016,#2017,#1055,.T.);
#2592=EDGE_CURVE('',#2018,#1977,#1056,.T.);
#2593=EDGE_CURVE('',#2017,#2018,#1057,.T.);
#2594=EDGE_CURVE('',#2018,#2008,#1058,.T.);
#2595=ORIENTED_EDGE('',*,*,#2019,.F.);
#2596=ORIENTED_EDGE('',*,*,#2020,.F.);
#2597=ORIENTED_EDGE('',*,*,#2021,.F.);
#2598=ORIENTED_EDGE('',*,*,#2022,.F.);
#2599=ORIENTED_EDGE('',*,*,#2023,.F.);
#2600=ORIENTED_EDGE('',*,*,#2024,.F.);
#2601=ORIENTED_EDGE('',*,*,#2025,.T.);
#2602=ORIENTED_EDGE('',*,*,#2026,.F.);
#2603=ORIENTED_EDGE('',*,*,#2027,.T.);
#2604=ORIENTED_EDGE('',*,*,#2021,.T.);
#2605=ORIENTED_EDGE('',*,*,#2028,.F.);
#2606=ORIENTED_EDGE('',*,*,#2029,.F.);
#2607=ORIENTED_EDGE('',*,*,#2030,.T.);
#2608=ORIENTED_EDGE('',*,*,#2029,.T.);
#2609=ORIENTED_EDGE('',*,*,#2031,.F.);
#2610=ORIENTED_EDGE('',*,*,#2032,.F.);
#2611=ORIENTED_EDGE('',*,*,#2033,.T.);
#2612=ORIENTED_EDGE('',*,*,#2032,.T.);
#2613=ORIENTED_EDGE('',*,*,#2034,.F.);
#2614=ORIENTED_EDGE('',*,*,#2035,.F.);
#2615=ORIENTED_EDGE('',*,*,#2036,.T.);
#2616=ORIENTED_EDGE('',*,*,#2035,.T.);
#2617=ORIENTED_EDGE('',*,*,#2037,.F.);
#2618=ORIENTED_EDGE('',*,*,#2038,.F.);
#2619=ORIENTED_EDGE('',*,*,#2039,.T.);
#2620=ORIENTED_EDGE('',*,*,#2038,.T.);
#2621=ORIENTED_EDGE('',*,*,#2040,.F.);
#2622=ORIENTED_EDGE('',*,*,#2025,.F.);
#2623=ORIENTED_EDGE('',*,*,#2041,.T.);
#2624=ORIENTED_EDGE('',*,*,#2042,.T.);
#2625=ORIENTED_EDGE('',*,*,#2043,.F.);
#2626=ORIENTED_EDGE('',*,*,#2044,.F.);
#2627=ORIENTED_EDGE('',*,*,#2045,.T.);
#2628=ORIENTED_EDGE('',*,*,#2046,.F.);
#2629=ORIENTED_EDGE('',*,*,#2047,.F.);
#2630=ORIENTED_EDGE('',*,*,#2048,.T.);
#2631=ORIENTED_EDGE('',*,*,#2049,.T.);
#2632=ORIENTED_EDGE('',*,*,#2050,.T.);
#2633=ORIENTED_EDGE('',*,*,#2051,.F.);
#2634=ORIENTED_EDGE('',*,*,#2042,.F.);
#2635=ORIENTED_EDGE('',*,*,#2052,.T.);
#2636=ORIENTED_EDGE('',*,*,#2048,.F.);
#2637=ORIENTED_EDGE('',*,*,#2053,.T.);
#2638=ORIENTED_EDGE('',*,*,#2054,.T.);
#2639=ORIENTED_EDGE('',*,*,#2055,.T.);
#2640=ORIENTED_EDGE('',*,*,#2056,.T.);
#2641=ORIENTED_EDGE('',*,*,#2057,.F.);
#2642=ORIENTED_EDGE('',*,*,#2050,.F.);
#2643=ORIENTED_EDGE('',*,*,#2058,.T.);
#2644=ORIENTED_EDGE('',*,*,#2044,.T.);
#2645=ORIENTED_EDGE('',*,*,#2059,.F.);
#2646=ORIENTED_EDGE('',*,*,#2060,.F.);
#2647=ORIENTED_EDGE('',*,*,#2061,.T.);
#2648=ORIENTED_EDGE('',*,*,#2062,.F.);
#2649=ORIENTED_EDGE('',*,*,#2063,.T.);
#2650=ORIENTED_EDGE('',*,*,#2046,.T.);
#2651=ORIENTED_EDGE('',*,*,#2064,.T.);
#2652=ORIENTED_EDGE('',*,*,#2065,.T.);
#2653=ORIENTED_EDGE('',*,*,#2066,.F.);
#2654=ORIENTED_EDGE('',*,*,#2056,.F.);
#2655=ORIENTED_EDGE('',*,*,#2067,.T.);
#2656=ORIENTED_EDGE('',*,*,#2060,.T.);
#2657=ORIENTED_EDGE('',*,*,#2068,.F.);
#2658=ORIENTED_EDGE('',*,*,#2069,.F.);
#2659=ORIENTED_EDGE('',*,*,#2070,.T.);
#2660=ORIENTED_EDGE('',*,*,#2071,.F.);
#2661=ORIENTED_EDGE('',*,*,#2072,.F.);
#2662=ORIENTED_EDGE('',*,*,#2062,.T.);
#2663=ORIENTED_EDGE('',*,*,#2073,.T.);
#2664=ORIENTED_EDGE('',*,*,#2074,.T.);
#2665=ORIENTED_EDGE('',*,*,#2075,.F.);
#2666=ORIENTED_EDGE('',*,*,#2065,.F.);
#2667=ORIENTED_EDGE('',*,*,#2076,.T.);
#2668=ORIENTED_EDGE('',*,*,#2069,.T.);
#2669=ORIENTED_EDGE('',*,*,#2077,.F.);
#2670=ORIENTED_EDGE('',*,*,#2074,.F.);
#2671=ORIENTED_EDGE('',*,*,#2078,.T.);
#2672=ORIENTED_EDGE('',*,*,#2079,.F.);
#2673=ORIENTED_EDGE('',*,*,#2080,.F.);
#2674=ORIENTED_EDGE('',*,*,#2071,.T.);
#2675=ORIENTED_EDGE('',*,*,#2081,.T.);
#2676=ORIENTED_EDGE('',*,*,#2082,.F.);
#2677=ORIENTED_EDGE('',*,*,#2083,.F.);
#2678=ORIENTED_EDGE('',*,*,#2079,.T.);
#2679=ORIENTED_EDGE('',*,*,#2084,.T.);
#2680=ORIENTED_EDGE('',*,*,#2085,.F.);
#2681=ORIENTED_EDGE('',*,*,#2086,.F.);
#2682=ORIENTED_EDGE('',*,*,#2082,.T.);
#2683=ORIENTED_EDGE('',*,*,#2087,.T.);
#2684=ORIENTED_EDGE('',*,*,#2054,.F.);
#2685=ORIENTED_EDGE('',*,*,#2088,.F.);
#2686=ORIENTED_EDGE('',*,*,#2085,.T.);
#2687=ORIENTED_EDGE('',*,*,#2068,.T.);
#2688=ORIENTED_EDGE('',*,*,#2059,.T.);
#2689=ORIENTED_EDGE('',*,*,#2043,.T.);
#2690=ORIENTED_EDGE('',*,*,#2051,.T.);
#2691=ORIENTED_EDGE('',*,*,#2057,.T.);
#2692=ORIENTED_EDGE('',*,*,#2066,.T.);
#2693=ORIENTED_EDGE('',*,*,#2075,.T.);
#2694=ORIENTED_EDGE('',*,*,#2077,.T.);
#2695=ORIENTED_EDGE('',*,*,#2072,.T.);
#2696=ORIENTED_EDGE('',*,*,#2080,.T.);
#2697=ORIENTED_EDGE('',*,*,#2083,.T.);
#2698=ORIENTED_EDGE('',*,*,#2086,.T.);
#2699=ORIENTED_EDGE('',*,*,#2088,.T.);
#2700=ORIENTED_EDGE('',*,*,#2053,.F.);
#2701=ORIENTED_EDGE('',*,*,#2047,.T.);
#2702=ORIENTED_EDGE('',*,*,#2063,.F.);
#2703=ORIENTED_EDGE('',*,*,#2089,.T.);
#2704=ORIENTED_EDGE('',*,*,#2090,.T.);
#2705=ORIENTED_EDGE('',*,*,#2091,.F.);
#2706=ORIENTED_EDGE('',*,*,#2092,.F.);
#2707=ORIENTED_EDGE('',*,*,#2093,.T.);
#2708=ORIENTED_EDGE('',*,*,#2094,.F.);
#2709=ORIENTED_EDGE('',*,*,#2095,.F.);
#2710=ORIENTED_EDGE('',*,*,#2096,.T.);
#2711=ORIENTED_EDGE('',*,*,#2097,.T.);
#2712=ORIENTED_EDGE('',*,*,#2098,.T.);
#2713=ORIENTED_EDGE('',*,*,#2099,.F.);
#2714=ORIENTED_EDGE('',*,*,#2090,.F.);
#2715=ORIENTED_EDGE('',*,*,#2100,.T.);
#2716=ORIENTED_EDGE('',*,*,#2096,.F.);
#2717=ORIENTED_EDGE('',*,*,#2101,.T.);
#2718=ORIENTED_EDGE('',*,*,#2102,.T.);
#2719=ORIENTED_EDGE('',*,*,#2103,.T.);
#2720=ORIENTED_EDGE('',*,*,#2104,.T.);
#2721=ORIENTED_EDGE('',*,*,#2105,.F.);
#2722=ORIENTED_EDGE('',*,*,#2098,.F.);
#2723=ORIENTED_EDGE('',*,*,#2106,.T.);
#2724=ORIENTED_EDGE('',*,*,#2092,.T.);
#2725=ORIENTED_EDGE('',*,*,#2107,.F.);
#2726=ORIENTED_EDGE('',*,*,#2108,.F.);
#2727=ORIENTED_EDGE('',*,*,#2109,.T.);
#2728=ORIENTED_EDGE('',*,*,#2110,.F.);
#2729=ORIENTED_EDGE('',*,*,#2111,.T.);
#2730=ORIENTED_EDGE('',*,*,#2094,.T.);
#2731=ORIENTED_EDGE('',*,*,#2112,.T.);
#2732=ORIENTED_EDGE('',*,*,#2113,.T.);
#2733=ORIENTED_EDGE('',*,*,#2114,.F.);
#2734=ORIENTED_EDGE('',*,*,#2104,.F.);
#2735=ORIENTED_EDGE('',*,*,#2115,.T.);
#2736=ORIENTED_EDGE('',*,*,#2108,.T.);
#2737=ORIENTED_EDGE('',*,*,#2116,.F.);
#2738=ORIENTED_EDGE('',*,*,#2117,.F.);
#2739=ORIENTED_EDGE('',*,*,#2118,.T.);
#2740=ORIENTED_EDGE('',*,*,#2119,.F.);
#2741=ORIENTED_EDGE('',*,*,#2120,.F.);
#2742=ORIENTED_EDGE('',*,*,#2110,.T.);
#2743=ORIENTED_EDGE('',*,*,#2121,.T.);
#2744=ORIENTED_EDGE('',*,*,#2122,.T.);
#2745=ORIENTED_EDGE('',*,*,#2123,.F.);
#2746=ORIENTED_EDGE('',*,*,#2113,.F.);
#2747=ORIENTED_EDGE('',*,*,#2124,.T.);
#2748=ORIENTED_EDGE('',*,*,#2117,.T.);
#2749=ORIENTED_EDGE('',*,*,#2125,.F.);
#2750=ORIENTED_EDGE('',*,*,#2122,.F.);
#2751=ORIENTED_EDGE('',*,*,#2126,.T.);
#2752=ORIENTED_EDGE('',*,*,#2127,.F.);
#2753=ORIENTED_EDGE('',*,*,#2128,.F.);
#2754=ORIENTED_EDGE('',*,*,#2119,.T.);
#2755=ORIENTED_EDGE('',*,*,#2129,.T.);
#2756=ORIENTED_EDGE('',*,*,#2130,.F.);
#2757=ORIENTED_EDGE('',*,*,#2131,.F.);
#2758=ORIENTED_EDGE('',*,*,#2127,.T.);
#2759=ORIENTED_EDGE('',*,*,#2132,.T.);
#2760=ORIENTED_EDGE('',*,*,#2133,.F.);
#2761=ORIENTED_EDGE('',*,*,#2134,.F.);
#2762=ORIENTED_EDGE('',*,*,#2130,.T.);
#2763=ORIENTED_EDGE('',*,*,#2135,.T.);
#2764=ORIENTED_EDGE('',*,*,#2102,.F.);
#2765=ORIENTED_EDGE('',*,*,#2136,.F.);
#2766=ORIENTED_EDGE('',*,*,#2133,.T.);
#2767=ORIENTED_EDGE('',*,*,#2116,.T.);
#2768=ORIENTED_EDGE('',*,*,#2107,.T.);
#2769=ORIENTED_EDGE('',*,*,#2091,.T.);
#2770=ORIENTED_EDGE('',*,*,#2099,.T.);
#2771=ORIENTED_EDGE('',*,*,#2105,.T.);
#2772=ORIENTED_EDGE('',*,*,#2114,.T.);
#2773=ORIENTED_EDGE('',*,*,#2123,.T.);
#2774=ORIENTED_EDGE('',*,*,#2125,.T.);
#2775=ORIENTED_EDGE('',*,*,#2120,.T.);
#2776=ORIENTED_EDGE('',*,*,#2128,.T.);
#2777=ORIENTED_EDGE('',*,*,#2131,.T.);
#2778=ORIENTED_EDGE('',*,*,#2134,.T.);
#2779=ORIENTED_EDGE('',*,*,#2136,.T.);
#2780=ORIENTED_EDGE('',*,*,#2101,.F.);
#2781=ORIENTED_EDGE('',*,*,#2095,.T.);
#2782=ORIENTED_EDGE('',*,*,#2111,.F.);
#2783=ORIENTED_EDGE('',*,*,#2023,.T.);
#2784=ORIENTED_EDGE('',*,*,#2137,.F.);
#2785=ORIENTED_EDGE('',*,*,#2138,.F.);
#2786=ORIENTED_EDGE('',*,*,#2139,.T.);
#2787=ORIENTED_EDGE('',*,*,#2026,.T.);
#2788=ORIENTED_EDGE('',*,*,#2040,.T.);
#2789=ORIENTED_EDGE('',*,*,#2037,.T.);
#2790=ORIENTED_EDGE('',*,*,#2034,.T.);
#2791=ORIENTED_EDGE('',*,*,#2031,.T.);
#2792=ORIENTED_EDGE('',*,*,#2028,.T.);
#2793=ORIENTED_EDGE('',*,*,#2020,.T.);
#2794=ORIENTED_EDGE('',*,*,#2140,.T.);
#2795=ORIENTED_EDGE('',*,*,#2141,.T.);
#2796=ORIENTED_EDGE('',*,*,#2142,.T.);
#2797=ORIENTED_EDGE('',*,*,#2143,.T.);
#2798=ORIENTED_EDGE('',*,*,#2144,.T.);
#2799=ORIENTED_EDGE('',*,*,#2145,.T.);
#2800=ORIENTED_EDGE('',*,*,#2146,.T.);
#2801=ORIENTED_EDGE('',*,*,#2147,.T.);
#2802=ORIENTED_EDGE('',*,*,#2148,.T.);
#2803=ORIENTED_EDGE('',*,*,#2149,.T.);
#2804=ORIENTED_EDGE('',*,*,#2150,.T.);
#2805=ORIENTED_EDGE('',*,*,#2151,.T.);
#2806=ORIENTED_EDGE('',*,*,#2152,.T.);
#2807=ORIENTED_EDGE('',*,*,#2153,.T.);
#2808=ORIENTED_EDGE('',*,*,#2154,.T.);
#2809=ORIENTED_EDGE('',*,*,#2155,.T.);
#2810=ORIENTED_EDGE('',*,*,#2156,.T.);
#2811=ORIENTED_EDGE('',*,*,#2157,.T.);
#2812=ORIENTED_EDGE('',*,*,#2158,.T.);
#2813=ORIENTED_EDGE('',*,*,#2159,.T.);
#2814=ORIENTED_EDGE('',*,*,#2160,.T.);
#2815=ORIENTED_EDGE('',*,*,#2161,.T.);
#2816=ORIENTED_EDGE('',*,*,#2162,.T.);
#2817=ORIENTED_EDGE('',*,*,#2163,.T.);
#2818=ORIENTED_EDGE('',*,*,#2137,.T.);
#2819=ORIENTED_EDGE('',*,*,#2076,.F.);
#2820=ORIENTED_EDGE('',*,*,#2073,.F.);
#2821=ORIENTED_EDGE('',*,*,#2064,.F.);
#2822=ORIENTED_EDGE('',*,*,#2055,.F.);
#2823=ORIENTED_EDGE('',*,*,#2049,.F.);
#2824=ORIENTED_EDGE('',*,*,#2041,.F.);
#2825=ORIENTED_EDGE('',*,*,#2058,.F.);
#2826=ORIENTED_EDGE('',*,*,#2067,.F.);
#2827=ORIENTED_EDGE('',*,*,#2124,.F.);
#2828=ORIENTED_EDGE('',*,*,#2121,.F.);
#2829=ORIENTED_EDGE('',*,*,#2112,.F.);
#2830=ORIENTED_EDGE('',*,*,#2103,.F.);
#2831=ORIENTED_EDGE('',*,*,#2097,.F.);
#2832=ORIENTED_EDGE('',*,*,#2089,.F.);
#2833=ORIENTED_EDGE('',*,*,#2106,.F.);
#2834=ORIENTED_EDGE('',*,*,#2115,.F.);
#2835=ORIENTED_EDGE('',*,*,#2164,.F.);
#2836=ORIENTED_EDGE('',*,*,#2165,.F.);
#2837=ORIENTED_EDGE('',*,*,#2166,.F.);
#2838=ORIENTED_EDGE('',*,*,#2167,.F.);
#2839=ORIENTED_EDGE('',*,*,#2168,.F.);
#2840=ORIENTED_EDGE('',*,*,#2169,.F.);
#2841=ORIENTED_EDGE('',*,*,#2170,.F.);
#2842=ORIENTED_EDGE('',*,*,#2171,.F.);
#2843=ORIENTED_EDGE('',*,*,#2172,.F.);
#2844=ORIENTED_EDGE('',*,*,#2173,.F.);
#2845=ORIENTED_EDGE('',*,*,#2174,.F.);
#2846=ORIENTED_EDGE('',*,*,#2175,.F.);
#2847=ORIENTED_EDGE('',*,*,#2176,.F.);
#2848=ORIENTED_EDGE('',*,*,#2177,.F.);
#2849=ORIENTED_EDGE('',*,*,#2178,.F.);
#2850=ORIENTED_EDGE('',*,*,#2179,.F.);
#2851=ORIENTED_EDGE('',*,*,#2180,.F.);
#2852=ORIENTED_EDGE('',*,*,#2181,.F.);
#2853=ORIENTED_EDGE('',*,*,#2182,.F.);
#2854=ORIENTED_EDGE('',*,*,#2183,.F.);
#2855=ORIENTED_EDGE('',*,*,#2184,.F.);
#2856=ORIENTED_EDGE('',*,*,#2185,.F.);
#2857=ORIENTED_EDGE('',*,*,#2186,.F.);
#2858=ORIENTED_EDGE('',*,*,#2187,.F.);
#2859=ORIENTED_EDGE('',*,*,#2188,.F.);
#2860=ORIENTED_EDGE('',*,*,#2189,.F.);
#2861=ORIENTED_EDGE('',*,*,#2190,.F.);
#2862=ORIENTED_EDGE('',*,*,#2191,.F.);
#2863=ORIENTED_EDGE('',*,*,#2192,.F.);
#2864=ORIENTED_EDGE('',*,*,#2193,.F.);
#2865=ORIENTED_EDGE('',*,*,#2194,.F.);
#2866=ORIENTED_EDGE('',*,*,#2195,.F.);
#2867=ORIENTED_EDGE('',*,*,#2196,.F.);
#2868=ORIENTED_EDGE('',*,*,#2197,.F.);
#2869=ORIENTED_EDGE('',*,*,#2198,.F.);
#2870=ORIENTED_EDGE('',*,*,#2199,.F.);
#2871=ORIENTED_EDGE('',*,*,#2200,.F.);
#2872=ORIENTED_EDGE('',*,*,#2201,.F.);
#2873=ORIENTED_EDGE('',*,*,#2202,.F.);
#2874=ORIENTED_EDGE('',*,*,#2203,.F.);
#2875=ORIENTED_EDGE('',*,*,#2204,.F.);
#2876=ORIENTED_EDGE('',*,*,#2205,.F.);
#2877=ORIENTED_EDGE('',*,*,#2206,.F.);
#2878=ORIENTED_EDGE('',*,*,#2207,.F.);
#2879=ORIENTED_EDGE('',*,*,#2208,.F.);
#2880=ORIENTED_EDGE('',*,*,#2209,.F.);
#2881=ORIENTED_EDGE('',*,*,#2210,.F.);
#2882=ORIENTED_EDGE('',*,*,#2211,.F.);
#2883=ORIENTED_EDGE('',*,*,#2212,.F.);
#2884=ORIENTED_EDGE('',*,*,#2213,.F.);
#2885=ORIENTED_EDGE('',*,*,#2214,.F.);
#2886=ORIENTED_EDGE('',*,*,#2215,.F.);
#2887=ORIENTED_EDGE('',*,*,#2216,.F.);
#2888=ORIENTED_EDGE('',*,*,#2217,.F.);
#2889=ORIENTED_EDGE('',*,*,#2218,.F.);
#2890=ORIENTED_EDGE('',*,*,#2219,.F.);
#2891=ORIENTED_EDGE('',*,*,#2220,.F.);
#2892=ORIENTED_EDGE('',*,*,#2221,.F.);
#2893=ORIENTED_EDGE('',*,*,#2222,.F.);
#2894=ORIENTED_EDGE('',*,*,#2223,.F.);
#2895=ORIENTED_EDGE('',*,*,#2224,.F.);
#2896=ORIENTED_EDGE('',*,*,#2225,.F.);
#2897=ORIENTED_EDGE('',*,*,#2226,.F.);
#2898=ORIENTED_EDGE('',*,*,#2227,.F.);
#2899=ORIENTED_EDGE('',*,*,#2228,.F.);
#2900=ORIENTED_EDGE('',*,*,#2142,.F.);
#2901=ORIENTED_EDGE('',*,*,#2229,.F.);
#2902=ORIENTED_EDGE('',*,*,#2230,.F.);
#2903=ORIENTED_EDGE('',*,*,#2231,.F.);
#2904=ORIENTED_EDGE('',*,*,#2232,.F.);
#2905=ORIENTED_EDGE('',*,*,#2233,.T.);
#2906=ORIENTED_EDGE('',*,*,#2162,.F.);
#2907=ORIENTED_EDGE('',*,*,#2234,.T.);
#2908=ORIENTED_EDGE('',*,*,#2229,.T.);
#2909=ORIENTED_EDGE('',*,*,#2141,.F.);
#2910=ORIENTED_EDGE('',*,*,#2235,.F.);
#2911=ORIENTED_EDGE('',*,*,#2019,.T.);
#2912=ORIENTED_EDGE('',*,*,#2236,.T.);
#2913=ORIENTED_EDGE('',*,*,#2235,.T.);
#2914=ORIENTED_EDGE('',*,*,#2140,.F.);
#2915=ORIENTED_EDGE('',*,*,#2237,.T.);
#2916=ORIENTED_EDGE('',*,*,#2138,.T.);
#2917=ORIENTED_EDGE('',*,*,#2163,.F.);
#2918=ORIENTED_EDGE('',*,*,#2233,.F.);
#2919=ORIENTED_EDGE('',*,*,#2225,.T.);
#2920=ORIENTED_EDGE('',*,*,#2238,.T.);
#2921=ORIENTED_EDGE('',*,*,#2239,.F.);
#2922=ORIENTED_EDGE('',*,*,#2240,.F.);
#2923=ORIENTED_EDGE('',*,*,#2241,.T.);
#2924=ORIENTED_EDGE('',*,*,#2242,.F.);
#2925=ORIENTED_EDGE('',*,*,#2243,.F.);
#2926=ORIENTED_EDGE('',*,*,#2244,.T.);
#2927=ORIENTED_EDGE('',*,*,#2224,.T.);
#2928=ORIENTED_EDGE('',*,*,#2245,.T.);
#2929=ORIENTED_EDGE('',*,*,#2246,.F.);
#2930=ORIENTED_EDGE('',*,*,#2238,.F.);
#2931=ORIENTED_EDGE('',*,*,#2247,.T.);
#2932=ORIENTED_EDGE('',*,*,#2244,.F.);
#2933=ORIENTED_EDGE('',*,*,#2248,.T.);
#2934=ORIENTED_EDGE('',*,*,#2249,.T.);
#2935=ORIENTED_EDGE('',*,*,#2223,.T.);
#2936=ORIENTED_EDGE('',*,*,#2250,.T.);
#2937=ORIENTED_EDGE('',*,*,#2251,.F.);
#2938=ORIENTED_EDGE('',*,*,#2245,.F.);
#2939=ORIENTED_EDGE('',*,*,#2226,.T.);
#2940=ORIENTED_EDGE('',*,*,#2240,.T.);
#2941=ORIENTED_EDGE('',*,*,#2252,.F.);
#2942=ORIENTED_EDGE('',*,*,#2253,.F.);
#2943=ORIENTED_EDGE('',*,*,#2254,.T.);
#2944=ORIENTED_EDGE('',*,*,#2255,.F.);
#2945=ORIENTED_EDGE('',*,*,#2256,.T.);
#2946=ORIENTED_EDGE('',*,*,#2242,.T.);
#2947=ORIENTED_EDGE('',*,*,#2222,.T.);
#2948=ORIENTED_EDGE('',*,*,#2257,.T.);
#2949=ORIENTED_EDGE('',*,*,#2258,.F.);
#2950=ORIENTED_EDGE('',*,*,#2250,.F.);
#2951=ORIENTED_EDGE('',*,*,#2227,.T.);
#2952=ORIENTED_EDGE('',*,*,#2253,.T.);
#2953=ORIENTED_EDGE('',*,*,#2259,.F.);
#2954=ORIENTED_EDGE('',*,*,#2260,.F.);
#2955=ORIENTED_EDGE('',*,*,#2261,.T.);
#2956=ORIENTED_EDGE('',*,*,#2262,.F.);
#2957=ORIENTED_EDGE('',*,*,#2263,.F.);
#2958=ORIENTED_EDGE('',*,*,#2255,.T.);
#2959=ORIENTED_EDGE('',*,*,#2221,.T.);
#2960=ORIENTED_EDGE('',*,*,#2264,.T.);
#2961=ORIENTED_EDGE('',*,*,#2265,.F.);
#2962=ORIENTED_EDGE('',*,*,#2257,.F.);
#2963=ORIENTED_EDGE('',*,*,#2220,.T.);
#2964=ORIENTED_EDGE('',*,*,#2260,.T.);
#2965=ORIENTED_EDGE('',*,*,#2266,.F.);
#2966=ORIENTED_EDGE('',*,*,#2264,.F.);
#2967=ORIENTED_EDGE('',*,*,#2267,.T.);
#2968=ORIENTED_EDGE('',*,*,#2268,.F.);
#2969=ORIENTED_EDGE('',*,*,#2269,.F.);
#2970=ORIENTED_EDGE('',*,*,#2262,.T.);
#2971=ORIENTED_EDGE('',*,*,#2270,.T.);
#2972=ORIENTED_EDGE('',*,*,#2271,.F.);
#2973=ORIENTED_EDGE('',*,*,#2272,.F.);
#2974=ORIENTED_EDGE('',*,*,#2268,.T.);
#2975=ORIENTED_EDGE('',*,*,#2273,.T.);
#2976=ORIENTED_EDGE('',*,*,#2274,.F.);
#2977=ORIENTED_EDGE('',*,*,#2275,.F.);
#2978=ORIENTED_EDGE('',*,*,#2271,.T.);
#2979=ORIENTED_EDGE('',*,*,#2276,.T.);
#2980=ORIENTED_EDGE('',*,*,#2249,.F.);
#2981=ORIENTED_EDGE('',*,*,#2277,.F.);
#2982=ORIENTED_EDGE('',*,*,#2274,.T.);
#2983=ORIENTED_EDGE('',*,*,#2259,.T.);
#2984=ORIENTED_EDGE('',*,*,#2252,.T.);
#2985=ORIENTED_EDGE('',*,*,#2239,.T.);
#2986=ORIENTED_EDGE('',*,*,#2246,.T.);
#2987=ORIENTED_EDGE('',*,*,#2251,.T.);
#2988=ORIENTED_EDGE('',*,*,#2258,.T.);
#2989=ORIENTED_EDGE('',*,*,#2265,.T.);
#2990=ORIENTED_EDGE('',*,*,#2266,.T.);
#2991=ORIENTED_EDGE('',*,*,#2263,.T.);
#2992=ORIENTED_EDGE('',*,*,#2269,.T.);
#2993=ORIENTED_EDGE('',*,*,#2272,.T.);
#2994=ORIENTED_EDGE('',*,*,#2275,.T.);
#2995=ORIENTED_EDGE('',*,*,#2277,.T.);
#2996=ORIENTED_EDGE('',*,*,#2248,.F.);
#2997=ORIENTED_EDGE('',*,*,#2243,.T.);
#2998=ORIENTED_EDGE('',*,*,#2256,.F.);
#2999=ORIENTED_EDGE('',*,*,#2217,.T.);
#3000=ORIENTED_EDGE('',*,*,#2278,.T.);
#3001=ORIENTED_EDGE('',*,*,#2279,.F.);
#3002=ORIENTED_EDGE('',*,*,#2280,.F.);
#3003=ORIENTED_EDGE('',*,*,#2281,.T.);
#3004=ORIENTED_EDGE('',*,*,#2282,.F.);
#3005=ORIENTED_EDGE('',*,*,#2283,.F.);
#3006=ORIENTED_EDGE('',*,*,#2284,.T.);
#3007=ORIENTED_EDGE('',*,*,#2216,.T.);
#3008=ORIENTED_EDGE('',*,*,#2285,.T.);
#3009=ORIENTED_EDGE('',*,*,#2286,.F.);
#3010=ORIENTED_EDGE('',*,*,#2278,.F.);
#3011=ORIENTED_EDGE('',*,*,#2287,.T.);
#3012=ORIENTED_EDGE('',*,*,#2284,.F.);
#3013=ORIENTED_EDGE('',*,*,#2288,.T.);
#3014=ORIENTED_EDGE('',*,*,#2289,.T.);
#3015=ORIENTED_EDGE('',*,*,#2215,.T.);
#3016=ORIENTED_EDGE('',*,*,#2290,.T.);
#3017=ORIENTED_EDGE('',*,*,#2291,.F.);
#3018=ORIENTED_EDGE('',*,*,#2285,.F.);
#3019=ORIENTED_EDGE('',*,*,#2218,.T.);
#3020=ORIENTED_EDGE('',*,*,#2280,.T.);
#3021=ORIENTED_EDGE('',*,*,#2292,.F.);
#3022=ORIENTED_EDGE('',*,*,#2293,.F.);
#3023=ORIENTED_EDGE('',*,*,#2294,.T.);
#3024=ORIENTED_EDGE('',*,*,#2295,.F.);
#3025=ORIENTED_EDGE('',*,*,#2296,.T.);
#3026=ORIENTED_EDGE('',*,*,#2282,.T.);
#3027=ORIENTED_EDGE('',*,*,#2214,.T.);
#3028=ORIENTED_EDGE('',*,*,#2297,.T.);
#3029=ORIENTED_EDGE('',*,*,#2298,.F.);
#3030=ORIENTED_EDGE('',*,*,#2290,.F.);
#3031=ORIENTED_EDGE('',*,*,#2219,.T.);
#3032=ORIENTED_EDGE('',*,*,#2293,.T.);
#3033=ORIENTED_EDGE('',*,*,#2299,.F.);
#3034=ORIENTED_EDGE('',*,*,#2300,.F.);
#3035=ORIENTED_EDGE('',*,*,#2301,.T.);
#3036=ORIENTED_EDGE('',*,*,#2302,.F.);
#3037=ORIENTED_EDGE('',*,*,#2303,.F.);
#3038=ORIENTED_EDGE('',*,*,#2295,.T.);
#3039=ORIENTED_EDGE('',*,*,#2213,.T.);
#3040=ORIENTED_EDGE('',*,*,#2304,.T.);
#3041=ORIENTED_EDGE('',*,*,#2305,.F.);
#3042=ORIENTED_EDGE('',*,*,#2297,.F.);
#3043=ORIENTED_EDGE('',*,*,#2212,.T.);
#3044=ORIENTED_EDGE('',*,*,#2300,.T.);
#3045=ORIENTED_EDGE('',*,*,#2306,.F.);
#3046=ORIENTED_EDGE('',*,*,#2304,.F.);
#3047=ORIENTED_EDGE('',*,*,#2307,.T.);
#3048=ORIENTED_EDGE('',*,*,#2308,.F.);
#3049=ORIENTED_EDGE('',*,*,#2309,.F.);
#3050=ORIENTED_EDGE('',*,*,#2302,.T.);
#3051=ORIENTED_EDGE('',*,*,#2310,.T.);
#3052=ORIENTED_EDGE('',*,*,#2311,.F.);
#3053=ORIENTED_EDGE('',*,*,#2312,.F.);
#3054=ORIENTED_EDGE('',*,*,#2308,.T.);
#3055=ORIENTED_EDGE('',*,*,#2313,.T.);
#3056=ORIENTED_EDGE('',*,*,#2314,.F.);
#3057=ORIENTED_EDGE('',*,*,#2315,.F.);
#3058=ORIENTED_EDGE('',*,*,#2311,.T.);
#3059=ORIENTED_EDGE('',*,*,#2316,.T.);
#3060=ORIENTED_EDGE('',*,*,#2289,.F.);
#3061=ORIENTED_EDGE('',*,*,#2317,.F.);
#3062=ORIENTED_EDGE('',*,*,#2314,.T.);
#3063=ORIENTED_EDGE('',*,*,#2299,.T.);
#3064=ORIENTED_EDGE('',*,*,#2292,.T.);
#3065=ORIENTED_EDGE('',*,*,#2279,.T.);
#3066=ORIENTED_EDGE('',*,*,#2286,.T.);
#3067=ORIENTED_EDGE('',*,*,#2291,.T.);
#3068=ORIENTED_EDGE('',*,*,#2298,.T.);
#3069=ORIENTED_EDGE('',*,*,#2305,.T.);
#3070=ORIENTED_EDGE('',*,*,#2306,.T.);
#3071=ORIENTED_EDGE('',*,*,#2303,.T.);
#3072=ORIENTED_EDGE('',*,*,#2309,.T.);
#3073=ORIENTED_EDGE('',*,*,#2312,.T.);
#3074=ORIENTED_EDGE('',*,*,#2315,.T.);
#3075=ORIENTED_EDGE('',*,*,#2317,.T.);
#3076=ORIENTED_EDGE('',*,*,#2288,.F.);
#3077=ORIENTED_EDGE('',*,*,#2283,.T.);
#3078=ORIENTED_EDGE('',*,*,#2296,.F.);
#3079=ORIENTED_EDGE('',*,*,#2231,.T.);
#3080=ORIENTED_EDGE('',*,*,#2161,.F.);
#3081=ORIENTED_EDGE('',*,*,#2318,.F.);
#3082=ORIENTED_EDGE('',*,*,#2319,.T.);
#3083=ORIENTED_EDGE('',*,*,#2320,.F.);
#3084=ORIENTED_EDGE('',*,*,#2145,.F.);
#3085=ORIENTED_EDGE('',*,*,#2321,.F.);
#3086=ORIENTED_EDGE('',*,*,#2322,.F.);
#3087=ORIENTED_EDGE('',*,*,#2323,.F.);
#3088=ORIENTED_EDGE('',*,*,#2324,.F.);
#3089=ORIENTED_EDGE('',*,*,#2325,.T.);
#3090=ORIENTED_EDGE('',*,*,#2159,.F.);
#3091=ORIENTED_EDGE('',*,*,#2326,.T.);
#3092=ORIENTED_EDGE('',*,*,#2321,.T.);
#3093=ORIENTED_EDGE('',*,*,#2144,.F.);
#3094=ORIENTED_EDGE('',*,*,#2327,.F.);
#3095=ORIENTED_EDGE('',*,*,#2228,.T.);
#3096=ORIENTED_EDGE('',*,*,#2328,.T.);
#3097=ORIENTED_EDGE('',*,*,#2327,.T.);
#3098=ORIENTED_EDGE('',*,*,#2143,.F.);
#3099=ORIENTED_EDGE('',*,*,#2329,.T.);
#3100=ORIENTED_EDGE('',*,*,#2318,.T.);
#3101=ORIENTED_EDGE('',*,*,#2160,.F.);
#3102=ORIENTED_EDGE('',*,*,#2325,.F.);
#3103=ORIENTED_EDGE('',*,*,#2169,.T.);
#3104=ORIENTED_EDGE('',*,*,#2330,.T.);
#3105=ORIENTED_EDGE('',*,*,#2331,.F.);
#3106=ORIENTED_EDGE('',*,*,#2332,.F.);
#3107=ORIENTED_EDGE('',*,*,#2333,.T.);
#3108=ORIENTED_EDGE('',*,*,#2334,.F.);
#3109=ORIENTED_EDGE('',*,*,#2335,.F.);
#3110=ORIENTED_EDGE('',*,*,#2336,.T.);
#3111=ORIENTED_EDGE('',*,*,#2168,.T.);
#3112=ORIENTED_EDGE('',*,*,#2337,.T.);
#3113=ORIENTED_EDGE('',*,*,#2338,.F.);
#3114=ORIENTED_EDGE('',*,*,#2330,.F.);
#3115=ORIENTED_EDGE('',*,*,#2339,.T.);
#3116=ORIENTED_EDGE('',*,*,#2336,.F.);
#3117=ORIENTED_EDGE('',*,*,#2340,.T.);
#3118=ORIENTED_EDGE('',*,*,#2341,.T.);
#3119=ORIENTED_EDGE('',*,*,#2167,.T.);
#3120=ORIENTED_EDGE('',*,*,#2342,.T.);
#3121=ORIENTED_EDGE('',*,*,#2343,.F.);
#3122=ORIENTED_EDGE('',*,*,#2337,.F.);
#3123=ORIENTED_EDGE('',*,*,#2170,.T.);
#3124=ORIENTED_EDGE('',*,*,#2332,.T.);
#3125=ORIENTED_EDGE('',*,*,#2344,.F.);
#3126=ORIENTED_EDGE('',*,*,#2345,.F.);
#3127=ORIENTED_EDGE('',*,*,#2346,.T.);
#3128=ORIENTED_EDGE('',*,*,#2347,.F.);
#3129=ORIENTED_EDGE('',*,*,#2348,.T.);
#3130=ORIENTED_EDGE('',*,*,#2334,.T.);
#3131=ORIENTED_EDGE('',*,*,#2166,.T.);
#3132=ORIENTED_EDGE('',*,*,#2349,.T.);
#3133=ORIENTED_EDGE('',*,*,#2350,.F.);
#3134=ORIENTED_EDGE('',*,*,#2342,.F.);
#3135=ORIENTED_EDGE('',*,*,#2171,.T.);
#3136=ORIENTED_EDGE('',*,*,#2345,.T.);
#3137=ORIENTED_EDGE('',*,*,#2351,.F.);
#3138=ORIENTED_EDGE('',*,*,#2352,.F.);
#3139=ORIENTED_EDGE('',*,*,#2353,.T.);
#3140=ORIENTED_EDGE('',*,*,#2354,.F.);
#3141=ORIENTED_EDGE('',*,*,#2355,.F.);
#3142=ORIENTED_EDGE('',*,*,#2347,.T.);
#3143=ORIENTED_EDGE('',*,*,#2165,.T.);
#3144=ORIENTED_EDGE('',*,*,#2356,.T.);
#3145=ORIENTED_EDGE('',*,*,#2357,.F.);
#3146=ORIENTED_EDGE('',*,*,#2349,.F.);
#3147=ORIENTED_EDGE('',*,*,#2164,.T.);
#3148=ORIENTED_EDGE('',*,*,#2352,.T.);
#3149=ORIENTED_EDGE('',*,*,#2358,.F.);
#3150=ORIENTED_EDGE('',*,*,#2356,.F.);
#3151=ORIENTED_EDGE('',*,*,#2359,.T.);
#3152=ORIENTED_EDGE('',*,*,#2360,.F.);
#3153=ORIENTED_EDGE('',*,*,#2361,.F.);
#3154=ORIENTED_EDGE('',*,*,#2354,.T.);
#3155=ORIENTED_EDGE('',*,*,#2362,.T.);
#3156=ORIENTED_EDGE('',*,*,#2363,.F.);
#3157=ORIENTED_EDGE('',*,*,#2364,.F.);
#3158=ORIENTED_EDGE('',*,*,#2360,.T.);
#3159=ORIENTED_EDGE('',*,*,#2365,.T.);
#3160=ORIENTED_EDGE('',*,*,#2366,.F.);
#3161=ORIENTED_EDGE('',*,*,#2367,.F.);
#3162=ORIENTED_EDGE('',*,*,#2363,.T.);
#3163=ORIENTED_EDGE('',*,*,#2368,.T.);
#3164=ORIENTED_EDGE('',*,*,#2341,.F.);
#3165=ORIENTED_EDGE('',*,*,#2369,.F.);
#3166=ORIENTED_EDGE('',*,*,#2366,.T.);
#3167=ORIENTED_EDGE('',*,*,#2351,.T.);
#3168=ORIENTED_EDGE('',*,*,#2344,.T.);
#3169=ORIENTED_EDGE('',*,*,#2331,.T.);
#3170=ORIENTED_EDGE('',*,*,#2338,.T.);
#3171=ORIENTED_EDGE('',*,*,#2343,.T.);
#3172=ORIENTED_EDGE('',*,*,#2350,.T.);
#3173=ORIENTED_EDGE('',*,*,#2357,.T.);
#3174=ORIENTED_EDGE('',*,*,#2358,.T.);
#3175=ORIENTED_EDGE('',*,*,#2355,.T.);
#3176=ORIENTED_EDGE('',*,*,#2361,.T.);
#3177=ORIENTED_EDGE('',*,*,#2364,.T.);
#3178=ORIENTED_EDGE('',*,*,#2367,.T.);
#3179=ORIENTED_EDGE('',*,*,#2369,.T.);
#3180=ORIENTED_EDGE('',*,*,#2340,.F.);
#3181=ORIENTED_EDGE('',*,*,#2335,.T.);
#3182=ORIENTED_EDGE('',*,*,#2348,.F.);
#3183=ORIENTED_EDGE('',*,*,#2177,.T.);
#3184=ORIENTED_EDGE('',*,*,#2370,.T.);
#3185=ORIENTED_EDGE('',*,*,#2371,.F.);
#3186=ORIENTED_EDGE('',*,*,#2372,.F.);
#3187=ORIENTED_EDGE('',*,*,#2373,.T.);
#3188=ORIENTED_EDGE('',*,*,#2374,.F.);
#3189=ORIENTED_EDGE('',*,*,#2375,.F.);
#3190=ORIENTED_EDGE('',*,*,#2376,.T.);
#3191=ORIENTED_EDGE('',*,*,#2176,.T.);
#3192=ORIENTED_EDGE('',*,*,#2377,.T.);
#3193=ORIENTED_EDGE('',*,*,#2378,.F.);
#3194=ORIENTED_EDGE('',*,*,#2370,.F.);
#3195=ORIENTED_EDGE('',*,*,#2379,.T.);
#3196=ORIENTED_EDGE('',*,*,#2376,.F.);
#3197=ORIENTED_EDGE('',*,*,#2380,.T.);
#3198=ORIENTED_EDGE('',*,*,#2381,.T.);
#3199=ORIENTED_EDGE('',*,*,#2175,.T.);
#3200=ORIENTED_EDGE('',*,*,#2382,.T.);
#3201=ORIENTED_EDGE('',*,*,#2383,.F.);
#3202=ORIENTED_EDGE('',*,*,#2377,.F.);
#3203=ORIENTED_EDGE('',*,*,#2178,.T.);
#3204=ORIENTED_EDGE('',*,*,#2372,.T.);
#3205=ORIENTED_EDGE('',*,*,#2384,.F.);
#3206=ORIENTED_EDGE('',*,*,#2385,.F.);
#3207=ORIENTED_EDGE('',*,*,#2386,.T.);
#3208=ORIENTED_EDGE('',*,*,#2387,.F.);
#3209=ORIENTED_EDGE('',*,*,#2388,.T.);
#3210=ORIENTED_EDGE('',*,*,#2374,.T.);
#3211=ORIENTED_EDGE('',*,*,#2174,.T.);
#3212=ORIENTED_EDGE('',*,*,#2389,.T.);
#3213=ORIENTED_EDGE('',*,*,#2390,.F.);
#3214=ORIENTED_EDGE('',*,*,#2382,.F.);
#3215=ORIENTED_EDGE('',*,*,#2179,.T.);
#3216=ORIENTED_EDGE('',*,*,#2385,.T.);
#3217=ORIENTED_EDGE('',*,*,#2391,.F.);
#3218=ORIENTED_EDGE('',*,*,#2392,.F.);
#3219=ORIENTED_EDGE('',*,*,#2393,.T.);
#3220=ORIENTED_EDGE('',*,*,#2394,.F.);
#3221=ORIENTED_EDGE('',*,*,#2395,.F.);
#3222=ORIENTED_EDGE('',*,*,#2387,.T.);
#3223=ORIENTED_EDGE('',*,*,#2173,.T.);
#3224=ORIENTED_EDGE('',*,*,#2396,.T.);
#3225=ORIENTED_EDGE('',*,*,#2397,.F.);
#3226=ORIENTED_EDGE('',*,*,#2389,.F.);
#3227=ORIENTED_EDGE('',*,*,#2172,.T.);
#3228=ORIENTED_EDGE('',*,*,#2392,.T.);
#3229=ORIENTED_EDGE('',*,*,#2398,.F.);
#3230=ORIENTED_EDGE('',*,*,#2396,.F.);
#3231=ORIENTED_EDGE('',*,*,#2399,.T.);
#3232=ORIENTED_EDGE('',*,*,#2400,.F.);
#3233=ORIENTED_EDGE('',*,*,#2401,.F.);
#3234=ORIENTED_EDGE('',*,*,#2394,.T.);
#3235=ORIENTED_EDGE('',*,*,#2402,.T.);
#3236=ORIENTED_EDGE('',*,*,#2403,.F.);
#3237=ORIENTED_EDGE('',*,*,#2404,.F.);
#3238=ORIENTED_EDGE('',*,*,#2400,.T.);
#3239=ORIENTED_EDGE('',*,*,#2405,.T.);
#3240=ORIENTED_EDGE('',*,*,#2406,.F.);
#3241=ORIENTED_EDGE('',*,*,#2407,.F.);
#3242=ORIENTED_EDGE('',*,*,#2403,.T.);
#3243=ORIENTED_EDGE('',*,*,#2408,.T.);
#3244=ORIENTED_EDGE('',*,*,#2381,.F.);
#3245=ORIENTED_EDGE('',*,*,#2409,.F.);
#3246=ORIENTED_EDGE('',*,*,#2406,.T.);
#3247=ORIENTED_EDGE('',*,*,#2391,.T.);
#3248=ORIENTED_EDGE('',*,*,#2384,.T.);
#3249=ORIENTED_EDGE('',*,*,#2371,.T.);
#3250=ORIENTED_EDGE('',*,*,#2378,.T.);
#3251=ORIENTED_EDGE('',*,*,#2383,.T.);
#3252=ORIENTED_EDGE('',*,*,#2390,.T.);
#3253=ORIENTED_EDGE('',*,*,#2397,.T.);
#3254=ORIENTED_EDGE('',*,*,#2398,.T.);
#3255=ORIENTED_EDGE('',*,*,#2395,.T.);
#3256=ORIENTED_EDGE('',*,*,#2401,.T.);
#3257=ORIENTED_EDGE('',*,*,#2404,.T.);
#3258=ORIENTED_EDGE('',*,*,#2407,.T.);
#3259=ORIENTED_EDGE('',*,*,#2409,.T.);
#3260=ORIENTED_EDGE('',*,*,#2380,.F.);
#3261=ORIENTED_EDGE('',*,*,#2375,.T.);
#3262=ORIENTED_EDGE('',*,*,#2388,.F.);
#3263=ORIENTED_EDGE('',*,*,#2323,.T.);
#3264=ORIENTED_EDGE('',*,*,#2158,.F.);
#3265=ORIENTED_EDGE('',*,*,#2410,.F.);
#3266=ORIENTED_EDGE('',*,*,#2411,.T.);
#3267=ORIENTED_EDGE('',*,*,#2412,.F.);
#3268=ORIENTED_EDGE('',*,*,#2148,.F.);
#3269=ORIENTED_EDGE('',*,*,#2413,.F.);
#3270=ORIENTED_EDGE('',*,*,#2414,.F.);
#3271=ORIENTED_EDGE('',*,*,#2415,.F.);
#3272=ORIENTED_EDGE('',*,*,#2416,.F.);
#3273=ORIENTED_EDGE('',*,*,#2417,.T.);
#3274=ORIENTED_EDGE('',*,*,#2156,.F.);
#3275=ORIENTED_EDGE('',*,*,#2418,.T.);
#3276=ORIENTED_EDGE('',*,*,#2413,.T.);
#3277=ORIENTED_EDGE('',*,*,#2147,.F.);
#3278=ORIENTED_EDGE('',*,*,#2419,.F.);
#3279=ORIENTED_EDGE('',*,*,#2320,.T.);
#3280=ORIENTED_EDGE('',*,*,#2420,.T.);
#3281=ORIENTED_EDGE('',*,*,#2419,.T.);
#3282=ORIENTED_EDGE('',*,*,#2146,.F.);
#3283=ORIENTED_EDGE('',*,*,#2421,.T.);
#3284=ORIENTED_EDGE('',*,*,#2410,.T.);
#3285=ORIENTED_EDGE('',*,*,#2157,.F.);
#3286=ORIENTED_EDGE('',*,*,#2417,.F.);
#3287=ORIENTED_EDGE('',*,*,#2209,.T.);
#3288=ORIENTED_EDGE('',*,*,#2422,.T.);
#3289=ORIENTED_EDGE('',*,*,#2423,.F.);
#3290=ORIENTED_EDGE('',*,*,#2424,.F.);
#3291=ORIENTED_EDGE('',*,*,#2425,.T.);
#3292=ORIENTED_EDGE('',*,*,#2426,.F.);
#3293=ORIENTED_EDGE('',*,*,#2427,.F.);
#3294=ORIENTED_EDGE('',*,*,#2428,.T.);
#3295=ORIENTED_EDGE('',*,*,#2208,.T.);
#3296=ORIENTED_EDGE('',*,*,#2429,.T.);
#3297=ORIENTED_EDGE('',*,*,#2430,.F.);
#3298=ORIENTED_EDGE('',*,*,#2422,.F.);
#3299=ORIENTED_EDGE('',*,*,#2431,.T.);
#3300=ORIENTED_EDGE('',*,*,#2428,.F.);
#3301=ORIENTED_EDGE('',*,*,#2432,.T.);
#3302=ORIENTED_EDGE('',*,*,#2433,.T.);
#3303=ORIENTED_EDGE('',*,*,#2207,.T.);
#3304=ORIENTED_EDGE('',*,*,#2434,.T.);
#3305=ORIENTED_EDGE('',*,*,#2435,.F.);
#3306=ORIENTED_EDGE('',*,*,#2429,.F.);
#3307=ORIENTED_EDGE('',*,*,#2210,.T.);
#3308=ORIENTED_EDGE('',*,*,#2424,.T.);
#3309=ORIENTED_EDGE('',*,*,#2436,.F.);
#3310=ORIENTED_EDGE('',*,*,#2437,.F.);
#3311=ORIENTED_EDGE('',*,*,#2438,.T.);
#3312=ORIENTED_EDGE('',*,*,#2439,.F.);
#3313=ORIENTED_EDGE('',*,*,#2440,.T.);
#3314=ORIENTED_EDGE('',*,*,#2426,.T.);
#3315=ORIENTED_EDGE('',*,*,#2206,.T.);
#3316=ORIENTED_EDGE('',*,*,#2441,.T.);
#3317=ORIENTED_EDGE('',*,*,#2442,.F.);
#3318=ORIENTED_EDGE('',*,*,#2434,.F.);
#3319=ORIENTED_EDGE('',*,*,#2211,.T.);
#3320=ORIENTED_EDGE('',*,*,#2437,.T.);
#3321=ORIENTED_EDGE('',*,*,#2443,.F.);
#3322=ORIENTED_EDGE('',*,*,#2444,.F.);
#3323=ORIENTED_EDGE('',*,*,#2445,.T.);
#3324=ORIENTED_EDGE('',*,*,#2446,.F.);
#3325=ORIENTED_EDGE('',*,*,#2447,.F.);
#3326=ORIENTED_EDGE('',*,*,#2439,.T.);
#3327=ORIENTED_EDGE('',*,*,#2205,.T.);
#3328=ORIENTED_EDGE('',*,*,#2448,.T.);
#3329=ORIENTED_EDGE('',*,*,#2449,.F.);
#3330=ORIENTED_EDGE('',*,*,#2441,.F.);
#3331=ORIENTED_EDGE('',*,*,#2204,.T.);
#3332=ORIENTED_EDGE('',*,*,#2444,.T.);
#3333=ORIENTED_EDGE('',*,*,#2450,.F.);
#3334=ORIENTED_EDGE('',*,*,#2448,.F.);
#3335=ORIENTED_EDGE('',*,*,#2451,.T.);
#3336=ORIENTED_EDGE('',*,*,#2452,.F.);
#3337=ORIENTED_EDGE('',*,*,#2453,.F.);
#3338=ORIENTED_EDGE('',*,*,#2446,.T.);
#3339=ORIENTED_EDGE('',*,*,#2454,.T.);
#3340=ORIENTED_EDGE('',*,*,#2455,.F.);
#3341=ORIENTED_EDGE('',*,*,#2456,.F.);
#3342=ORIENTED_EDGE('',*,*,#2452,.T.);
#3343=ORIENTED_EDGE('',*,*,#2457,.T.);
#3344=ORIENTED_EDGE('',*,*,#2458,.F.);
#3345=ORIENTED_EDGE('',*,*,#2459,.F.);
#3346=ORIENTED_EDGE('',*,*,#2455,.T.);
#3347=ORIENTED_EDGE('',*,*,#2460,.T.);
#3348=ORIENTED_EDGE('',*,*,#2433,.F.);
#3349=ORIENTED_EDGE('',*,*,#2461,.F.);
#3350=ORIENTED_EDGE('',*,*,#2458,.T.);
#3351=ORIENTED_EDGE('',*,*,#2443,.T.);
#3352=ORIENTED_EDGE('',*,*,#2436,.T.);
#3353=ORIENTED_EDGE('',*,*,#2423,.T.);
#3354=ORIENTED_EDGE('',*,*,#2430,.T.);
#3355=ORIENTED_EDGE('',*,*,#2435,.T.);
#3356=ORIENTED_EDGE('',*,*,#2442,.T.);
#3357=ORIENTED_EDGE('',*,*,#2449,.T.);
#3358=ORIENTED_EDGE('',*,*,#2450,.T.);
#3359=ORIENTED_EDGE('',*,*,#2447,.T.);
#3360=ORIENTED_EDGE('',*,*,#2453,.T.);
#3361=ORIENTED_EDGE('',*,*,#2456,.T.);
#3362=ORIENTED_EDGE('',*,*,#2459,.T.);
#3363=ORIENTED_EDGE('',*,*,#2461,.T.);
#3364=ORIENTED_EDGE('',*,*,#2432,.F.);
#3365=ORIENTED_EDGE('',*,*,#2427,.T.);
#3366=ORIENTED_EDGE('',*,*,#2440,.F.);
#3367=ORIENTED_EDGE('',*,*,#2201,.T.);
#3368=ORIENTED_EDGE('',*,*,#2462,.T.);
#3369=ORIENTED_EDGE('',*,*,#2463,.F.);
#3370=ORIENTED_EDGE('',*,*,#2464,.F.);
#3371=ORIENTED_EDGE('',*,*,#2465,.T.);
#3372=ORIENTED_EDGE('',*,*,#2466,.F.);
#3373=ORIENTED_EDGE('',*,*,#2467,.F.);
#3374=ORIENTED_EDGE('',*,*,#2468,.T.);
#3375=ORIENTED_EDGE('',*,*,#2200,.T.);
#3376=ORIENTED_EDGE('',*,*,#2469,.T.);
#3377=ORIENTED_EDGE('',*,*,#2470,.F.);
#3378=ORIENTED_EDGE('',*,*,#2462,.F.);
#3379=ORIENTED_EDGE('',*,*,#2471,.T.);
#3380=ORIENTED_EDGE('',*,*,#2468,.F.);
#3381=ORIENTED_EDGE('',*,*,#2472,.T.);
#3382=ORIENTED_EDGE('',*,*,#2473,.T.);
#3383=ORIENTED_EDGE('',*,*,#2199,.T.);
#3384=ORIENTED_EDGE('',*,*,#2474,.T.);
#3385=ORIENTED_EDGE('',*,*,#2475,.F.);
#3386=ORIENTED_EDGE('',*,*,#2469,.F.);
#3387=ORIENTED_EDGE('',*,*,#2202,.T.);
#3388=ORIENTED_EDGE('',*,*,#2464,.T.);
#3389=ORIENTED_EDGE('',*,*,#2476,.F.);
#3390=ORIENTED_EDGE('',*,*,#2477,.F.);
#3391=ORIENTED_EDGE('',*,*,#2478,.T.);
#3392=ORIENTED_EDGE('',*,*,#2479,.F.);
#3393=ORIENTED_EDGE('',*,*,#2480,.T.);
#3394=ORIENTED_EDGE('',*,*,#2466,.T.);
#3395=ORIENTED_EDGE('',*,*,#2198,.T.);
#3396=ORIENTED_EDGE('',*,*,#2481,.T.);
#3397=ORIENTED_EDGE('',*,*,#2482,.F.);
#3398=ORIENTED_EDGE('',*,*,#2474,.F.);
#3399=ORIENTED_EDGE('',*,*,#2203,.T.);
#3400=ORIENTED_EDGE('',*,*,#2477,.T.);
#3401=ORIENTED_EDGE('',*,*,#2483,.F.);
#3402=ORIENTED_EDGE('',*,*,#2484,.F.);
#3403=ORIENTED_EDGE('',*,*,#2485,.T.);
#3404=ORIENTED_EDGE('',*,*,#2486,.F.);
#3405=ORIENTED_EDGE('',*,*,#2487,.F.);
#3406=ORIENTED_EDGE('',*,*,#2479,.T.);
#3407=ORIENTED_EDGE('',*,*,#2197,.T.);
#3408=ORIENTED_EDGE('',*,*,#2488,.T.);
#3409=ORIENTED_EDGE('',*,*,#2489,.F.);
#3410=ORIENTED_EDGE('',*,*,#2481,.F.);
#3411=ORIENTED_EDGE('',*,*,#2196,.T.);
#3412=ORIENTED_EDGE('',*,*,#2484,.T.);
#3413=ORIENTED_EDGE('',*,*,#2490,.F.);
#3414=ORIENTED_EDGE('',*,*,#2488,.F.);
#3415=ORIENTED_EDGE('',*,*,#2491,.T.);
#3416=ORIENTED_EDGE('',*,*,#2492,.F.);
#3417=ORIENTED_EDGE('',*,*,#2493,.F.);
#3418=ORIENTED_EDGE('',*,*,#2486,.T.);
#3419=ORIENTED_EDGE('',*,*,#2494,.T.);
#3420=ORIENTED_EDGE('',*,*,#2495,.F.);
#3421=ORIENTED_EDGE('',*,*,#2496,.F.);
#3422=ORIENTED_EDGE('',*,*,#2492,.T.);
#3423=ORIENTED_EDGE('',*,*,#2497,.T.);
#3424=ORIENTED_EDGE('',*,*,#2498,.F.);
#3425=ORIENTED_EDGE('',*,*,#2499,.F.);
#3426=ORIENTED_EDGE('',*,*,#2495,.T.);
#3427=ORIENTED_EDGE('',*,*,#2500,.T.);
#3428=ORIENTED_EDGE('',*,*,#2473,.F.);
#3429=ORIENTED_EDGE('',*,*,#2501,.F.);
#3430=ORIENTED_EDGE('',*,*,#2498,.T.);
#3431=ORIENTED_EDGE('',*,*,#2483,.T.);
#3432=ORIENTED_EDGE('',*,*,#2476,.T.);
#3433=ORIENTED_EDGE('',*,*,#2463,.T.);
#3434=ORIENTED_EDGE('',*,*,#2470,.T.);
#3435=ORIENTED_EDGE('',*,*,#2475,.T.);
#3436=ORIENTED_EDGE('',*,*,#2482,.T.);
#3437=ORIENTED_EDGE('',*,*,#2489,.T.);
#3438=ORIENTED_EDGE('',*,*,#2490,.T.);
#3439=ORIENTED_EDGE('',*,*,#2487,.T.);
#3440=ORIENTED_EDGE('',*,*,#2493,.T.);
#3441=ORIENTED_EDGE('',*,*,#2496,.T.);
#3442=ORIENTED_EDGE('',*,*,#2499,.T.);
#3443=ORIENTED_EDGE('',*,*,#2501,.T.);
#3444=ORIENTED_EDGE('',*,*,#2472,.F.);
#3445=ORIENTED_EDGE('',*,*,#2467,.T.);
#3446=ORIENTED_EDGE('',*,*,#2480,.F.);
#3447=ORIENTED_EDGE('',*,*,#2415,.T.);
#3448=ORIENTED_EDGE('',*,*,#2155,.F.);
#3449=ORIENTED_EDGE('',*,*,#2502,.F.);
#3450=ORIENTED_EDGE('',*,*,#2503,.T.);
#3451=ORIENTED_EDGE('',*,*,#2139,.F.);
#3452=ORIENTED_EDGE('',*,*,#2237,.F.);
#3453=ORIENTED_EDGE('',*,*,#2232,.T.);
#3454=ORIENTED_EDGE('',*,*,#2319,.F.);
#3455=ORIENTED_EDGE('',*,*,#2329,.F.);
#3456=ORIENTED_EDGE('',*,*,#2324,.T.);
#3457=ORIENTED_EDGE('',*,*,#2411,.F.);
#3458=ORIENTED_EDGE('',*,*,#2421,.F.);
#3459=ORIENTED_EDGE('',*,*,#2416,.T.);
#3460=ORIENTED_EDGE('',*,*,#2503,.F.);
#3461=ORIENTED_EDGE('',*,*,#2504,.F.);
#3462=ORIENTED_EDGE('',*,*,#2505,.T.);
#3463=ORIENTED_EDGE('',*,*,#2506,.F.);
#3464=ORIENTED_EDGE('',*,*,#2507,.T.);
#3465=ORIENTED_EDGE('',*,*,#2508,.F.);
#3466=ORIENTED_EDGE('',*,*,#2509,.F.);
#3467=ORIENTED_EDGE('',*,*,#2414,.T.);
#3468=ORIENTED_EDGE('',*,*,#2418,.F.);
#3469=ORIENTED_EDGE('',*,*,#2420,.F.);
#3470=ORIENTED_EDGE('',*,*,#2322,.T.);
#3471=ORIENTED_EDGE('',*,*,#2326,.F.);
#3472=ORIENTED_EDGE('',*,*,#2328,.F.);
#3473=ORIENTED_EDGE('',*,*,#2230,.T.);
#3474=ORIENTED_EDGE('',*,*,#2234,.F.);
#3475=ORIENTED_EDGE('',*,*,#2236,.F.);
#3476=ORIENTED_EDGE('',*,*,#2022,.T.);
#3477=ORIENTED_EDGE('',*,*,#2027,.F.);
#3478=ORIENTED_EDGE('',*,*,#2030,.F.);
#3479=ORIENTED_EDGE('',*,*,#2033,.F.);
#3480=ORIENTED_EDGE('',*,*,#2036,.F.);
#3481=ORIENTED_EDGE('',*,*,#2039,.F.);
#3482=ORIENTED_EDGE('',*,*,#2024,.T.);
#3483=ORIENTED_EDGE('',*,*,#2126,.F.);
#3484=ORIENTED_EDGE('',*,*,#2118,.F.);
#3485=ORIENTED_EDGE('',*,*,#2109,.F.);
#3486=ORIENTED_EDGE('',*,*,#2093,.F.);
#3487=ORIENTED_EDGE('',*,*,#2100,.F.);
#3488=ORIENTED_EDGE('',*,*,#2135,.F.);
#3489=ORIENTED_EDGE('',*,*,#2132,.F.);
#3490=ORIENTED_EDGE('',*,*,#2129,.F.);
#3491=ORIENTED_EDGE('',*,*,#2078,.F.);
#3492=ORIENTED_EDGE('',*,*,#2070,.F.);
#3493=ORIENTED_EDGE('',*,*,#2061,.F.);
#3494=ORIENTED_EDGE('',*,*,#2045,.F.);
#3495=ORIENTED_EDGE('',*,*,#2052,.F.);
#3496=ORIENTED_EDGE('',*,*,#2087,.F.);
#3497=ORIENTED_EDGE('',*,*,#2084,.F.);
#3498=ORIENTED_EDGE('',*,*,#2081,.F.);
#3499=ORIENTED_EDGE('',*,*,#2307,.F.);
#3500=ORIENTED_EDGE('',*,*,#2301,.F.);
#3501=ORIENTED_EDGE('',*,*,#2294,.F.);
#3502=ORIENTED_EDGE('',*,*,#2281,.F.);
#3503=ORIENTED_EDGE('',*,*,#2287,.F.);
#3504=ORIENTED_EDGE('',*,*,#2316,.F.);
#3505=ORIENTED_EDGE('',*,*,#2313,.F.);
#3506=ORIENTED_EDGE('',*,*,#2310,.F.);
#3507=ORIENTED_EDGE('',*,*,#2267,.F.);
#3508=ORIENTED_EDGE('',*,*,#2261,.F.);
#3509=ORIENTED_EDGE('',*,*,#2254,.F.);
#3510=ORIENTED_EDGE('',*,*,#2241,.F.);
#3511=ORIENTED_EDGE('',*,*,#2247,.F.);
#3512=ORIENTED_EDGE('',*,*,#2276,.F.);
#3513=ORIENTED_EDGE('',*,*,#2273,.F.);
#3514=ORIENTED_EDGE('',*,*,#2270,.F.);
#3515=ORIENTED_EDGE('',*,*,#2399,.F.);
#3516=ORIENTED_EDGE('',*,*,#2393,.F.);
#3517=ORIENTED_EDGE('',*,*,#2386,.F.);
#3518=ORIENTED_EDGE('',*,*,#2373,.F.);
#3519=ORIENTED_EDGE('',*,*,#2379,.F.);
#3520=ORIENTED_EDGE('',*,*,#2408,.F.);
#3521=ORIENTED_EDGE('',*,*,#2405,.F.);
#3522=ORIENTED_EDGE('',*,*,#2402,.F.);
#3523=ORIENTED_EDGE('',*,*,#2359,.F.);
#3524=ORIENTED_EDGE('',*,*,#2353,.F.);
#3525=ORIENTED_EDGE('',*,*,#2346,.F.);
#3526=ORIENTED_EDGE('',*,*,#2333,.F.);
#3527=ORIENTED_EDGE('',*,*,#2339,.F.);
#3528=ORIENTED_EDGE('',*,*,#2368,.F.);
#3529=ORIENTED_EDGE('',*,*,#2365,.F.);
#3530=ORIENTED_EDGE('',*,*,#2362,.F.);
#3531=ORIENTED_EDGE('',*,*,#2491,.F.);
#3532=ORIENTED_EDGE('',*,*,#2485,.F.);
#3533=ORIENTED_EDGE('',*,*,#2478,.F.);
#3534=ORIENTED_EDGE('',*,*,#2465,.F.);
#3535=ORIENTED_EDGE('',*,*,#2471,.F.);
#3536=ORIENTED_EDGE('',*,*,#2500,.F.);
#3537=ORIENTED_EDGE('',*,*,#2497,.F.);
#3538=ORIENTED_EDGE('',*,*,#2494,.F.);
#3539=ORIENTED_EDGE('',*,*,#2451,.F.);
#3540=ORIENTED_EDGE('',*,*,#2445,.F.);
#3541=ORIENTED_EDGE('',*,*,#2438,.F.);
#3542=ORIENTED_EDGE('',*,*,#2425,.F.);
#3543=ORIENTED_EDGE('',*,*,#2431,.F.);
#3544=ORIENTED_EDGE('',*,*,#2460,.F.);
#3545=ORIENTED_EDGE('',*,*,#2457,.F.);
#3546=ORIENTED_EDGE('',*,*,#2454,.F.);
#3547=ORIENTED_EDGE('',*,*,#2510,.F.);
#3548=ORIENTED_EDGE('',*,*,#2511,.F.);
#3549=ORIENTED_EDGE('',*,*,#2512,.F.);
#3550=ORIENTED_EDGE('',*,*,#2513,.F.);
#3551=ORIENTED_EDGE('',*,*,#2514,.F.);
#3552=ORIENTED_EDGE('',*,*,#2515,.F.);
#3553=ORIENTED_EDGE('',*,*,#2516,.F.);
#3554=ORIENTED_EDGE('',*,*,#2517,.F.);
#3555=ORIENTED_EDGE('',*,*,#2518,.F.);
#3556=ORIENTED_EDGE('',*,*,#2519,.F.);
#3557=ORIENTED_EDGE('',*,*,#2520,.F.);
#3558=ORIENTED_EDGE('',*,*,#2521,.F.);
#3559=ORIENTED_EDGE('',*,*,#2522,.F.);
#3560=ORIENTED_EDGE('',*,*,#2523,.F.);
#3561=ORIENTED_EDGE('',*,*,#2524,.F.);
#3562=ORIENTED_EDGE('',*,*,#2525,.F.);
#3563=ORIENTED_EDGE('',*,*,#2505,.F.);
#3564=ORIENTED_EDGE('',*,*,#2526,.T.);
#3565=ORIENTED_EDGE('',*,*,#2153,.F.);
#3566=ORIENTED_EDGE('',*,*,#2527,.F.);
#3567=ORIENTED_EDGE('',*,*,#2506,.T.);
#3568=ORIENTED_EDGE('',*,*,#2527,.T.);
#3569=ORIENTED_EDGE('',*,*,#2152,.F.);
#3570=ORIENTED_EDGE('',*,*,#2528,.F.);
#3571=ORIENTED_EDGE('',*,*,#2507,.F.);
#3572=ORIENTED_EDGE('',*,*,#2528,.T.);
#3573=ORIENTED_EDGE('',*,*,#2151,.F.);
#3574=ORIENTED_EDGE('',*,*,#2529,.F.);
#3575=ORIENTED_EDGE('',*,*,#2508,.T.);
#3576=ORIENTED_EDGE('',*,*,#2529,.T.);
#3577=ORIENTED_EDGE('',*,*,#2150,.F.);
#3578=ORIENTED_EDGE('',*,*,#2530,.F.);
#3579=ORIENTED_EDGE('',*,*,#2412,.T.);
#3580=ORIENTED_EDGE('',*,*,#2509,.T.);
#3581=ORIENTED_EDGE('',*,*,#2530,.T.);
#3582=ORIENTED_EDGE('',*,*,#2149,.F.);
#3583=ORIENTED_EDGE('',*,*,#2504,.T.);
#3584=ORIENTED_EDGE('',*,*,#2502,.T.);
#3585=ORIENTED_EDGE('',*,*,#2154,.F.);
#3586=ORIENTED_EDGE('',*,*,#2526,.F.);
#3587=ORIENTED_EDGE('',*,*,#2193,.T.);
#3588=ORIENTED_EDGE('',*,*,#2531,.T.);
#3589=ORIENTED_EDGE('',*,*,#2532,.F.);
#3590=ORIENTED_EDGE('',*,*,#2533,.F.);
#3591=ORIENTED_EDGE('',*,*,#2521,.T.);
#3592=ORIENTED_EDGE('',*,*,#2534,.F.);
#3593=ORIENTED_EDGE('',*,*,#2535,.F.);
#3594=ORIENTED_EDGE('',*,*,#2536,.T.);
#3595=ORIENTED_EDGE('',*,*,#2192,.T.);
#3596=ORIENTED_EDGE('',*,*,#2537,.T.);
#3597=ORIENTED_EDGE('',*,*,#2538,.F.);
#3598=ORIENTED_EDGE('',*,*,#2531,.F.);
#3599=ORIENTED_EDGE('',*,*,#2522,.T.);
#3600=ORIENTED_EDGE('',*,*,#2536,.F.);
#3601=ORIENTED_EDGE('',*,*,#2539,.T.);
#3602=ORIENTED_EDGE('',*,*,#2540,.T.);
#3603=ORIENTED_EDGE('',*,*,#2191,.T.);
#3604=ORIENTED_EDGE('',*,*,#2541,.T.);
#3605=ORIENTED_EDGE('',*,*,#2542,.F.);
#3606=ORIENTED_EDGE('',*,*,#2537,.F.);
#3607=ORIENTED_EDGE('',*,*,#2194,.T.);
#3608=ORIENTED_EDGE('',*,*,#2533,.T.);
#3609=ORIENTED_EDGE('',*,*,#2543,.F.);
#3610=ORIENTED_EDGE('',*,*,#2544,.F.);
#3611=ORIENTED_EDGE('',*,*,#2520,.T.);
#3612=ORIENTED_EDGE('',*,*,#2545,.F.);
#3613=ORIENTED_EDGE('',*,*,#2546,.T.);
#3614=ORIENTED_EDGE('',*,*,#2534,.T.);
#3615=ORIENTED_EDGE('',*,*,#2190,.T.);
#3616=ORIENTED_EDGE('',*,*,#2547,.T.);
#3617=ORIENTED_EDGE('',*,*,#2548,.F.);
#3618=ORIENTED_EDGE('',*,*,#2541,.F.);
#3619=ORIENTED_EDGE('',*,*,#2195,.T.);
#3620=ORIENTED_EDGE('',*,*,#2544,.T.);
#3621=ORIENTED_EDGE('',*,*,#2549,.F.);
#3622=ORIENTED_EDGE('',*,*,#2550,.F.);
#3623=ORIENTED_EDGE('',*,*,#2519,.T.);
#3624=ORIENTED_EDGE('',*,*,#2551,.F.);
#3625=ORIENTED_EDGE('',*,*,#2552,.F.);
#3626=ORIENTED_EDGE('',*,*,#2545,.T.);
#3627=ORIENTED_EDGE('',*,*,#2189,.T.);
#3628=ORIENTED_EDGE('',*,*,#2553,.T.);
#3629=ORIENTED_EDGE('',*,*,#2554,.F.);
#3630=ORIENTED_EDGE('',*,*,#2547,.F.);
#3631=ORIENTED_EDGE('',*,*,#2188,.T.);
#3632=ORIENTED_EDGE('',*,*,#2550,.T.);
#3633=ORIENTED_EDGE('',*,*,#2555,.F.);
#3634=ORIENTED_EDGE('',*,*,#2553,.F.);
#3635=ORIENTED_EDGE('',*,*,#2518,.T.);
#3636=ORIENTED_EDGE('',*,*,#2556,.F.);
#3637=ORIENTED_EDGE('',*,*,#2557,.F.);
#3638=ORIENTED_EDGE('',*,*,#2551,.T.);
#3639=ORIENTED_EDGE('',*,*,#2525,.T.);
#3640=ORIENTED_EDGE('',*,*,#2558,.F.);
#3641=ORIENTED_EDGE('',*,*,#2559,.F.);
#3642=ORIENTED_EDGE('',*,*,#2556,.T.);
#3643=ORIENTED_EDGE('',*,*,#2524,.T.);
#3644=ORIENTED_EDGE('',*,*,#2560,.F.);
#3645=ORIENTED_EDGE('',*,*,#2561,.F.);
#3646=ORIENTED_EDGE('',*,*,#2558,.T.);
#3647=ORIENTED_EDGE('',*,*,#2523,.T.);
#3648=ORIENTED_EDGE('',*,*,#2540,.F.);
#3649=ORIENTED_EDGE('',*,*,#2562,.F.);
#3650=ORIENTED_EDGE('',*,*,#2560,.T.);
#3651=ORIENTED_EDGE('',*,*,#2549,.T.);
#3652=ORIENTED_EDGE('',*,*,#2543,.T.);
#3653=ORIENTED_EDGE('',*,*,#2532,.T.);
#3654=ORIENTED_EDGE('',*,*,#2538,.T.);
#3655=ORIENTED_EDGE('',*,*,#2542,.T.);
#3656=ORIENTED_EDGE('',*,*,#2548,.T.);
#3657=ORIENTED_EDGE('',*,*,#2554,.T.);
#3658=ORIENTED_EDGE('',*,*,#2555,.T.);
#3659=ORIENTED_EDGE('',*,*,#2552,.T.);
#3660=ORIENTED_EDGE('',*,*,#2557,.T.);
#3661=ORIENTED_EDGE('',*,*,#2559,.T.);
#3662=ORIENTED_EDGE('',*,*,#2561,.T.);
#3663=ORIENTED_EDGE('',*,*,#2562,.T.);
#3664=ORIENTED_EDGE('',*,*,#2539,.F.);
#3665=ORIENTED_EDGE('',*,*,#2535,.T.);
#3666=ORIENTED_EDGE('',*,*,#2546,.F.);
#3667=ORIENTED_EDGE('',*,*,#2185,.T.);
#3668=ORIENTED_EDGE('',*,*,#2563,.T.);
#3669=ORIENTED_EDGE('',*,*,#2564,.F.);
#3670=ORIENTED_EDGE('',*,*,#2565,.F.);
#3671=ORIENTED_EDGE('',*,*,#2513,.T.);
#3672=ORIENTED_EDGE('',*,*,#2566,.F.);
#3673=ORIENTED_EDGE('',*,*,#2567,.F.);
#3674=ORIENTED_EDGE('',*,*,#2568,.T.);
#3675=ORIENTED_EDGE('',*,*,#2184,.T.);
#3676=ORIENTED_EDGE('',*,*,#2569,.T.);
#3677=ORIENTED_EDGE('',*,*,#2570,.F.);
#3678=ORIENTED_EDGE('',*,*,#2563,.F.);
#3679=ORIENTED_EDGE('',*,*,#2514,.T.);
#3680=ORIENTED_EDGE('',*,*,#2568,.F.);
#3681=ORIENTED_EDGE('',*,*,#2571,.T.);
#3682=ORIENTED_EDGE('',*,*,#2572,.T.);
#3683=ORIENTED_EDGE('',*,*,#2183,.T.);
#3684=ORIENTED_EDGE('',*,*,#2573,.T.);
#3685=ORIENTED_EDGE('',*,*,#2574,.F.);
#3686=ORIENTED_EDGE('',*,*,#2569,.F.);
#3687=ORIENTED_EDGE('',*,*,#2186,.T.);
#3688=ORIENTED_EDGE('',*,*,#2565,.T.);
#3689=ORIENTED_EDGE('',*,*,#2575,.F.);
#3690=ORIENTED_EDGE('',*,*,#2576,.F.);
#3691=ORIENTED_EDGE('',*,*,#2512,.T.);
#3692=ORIENTED_EDGE('',*,*,#2577,.F.);
#3693=ORIENTED_EDGE('',*,*,#2578,.T.);
#3694=ORIENTED_EDGE('',*,*,#2566,.T.);
#3695=ORIENTED_EDGE('',*,*,#2182,.T.);
#3696=ORIENTED_EDGE('',*,*,#2579,.T.);
#3697=ORIENTED_EDGE('',*,*,#2580,.F.);
#3698=ORIENTED_EDGE('',*,*,#2573,.F.);
#3699=ORIENTED_EDGE('',*,*,#2187,.T.);
#3700=ORIENTED_EDGE('',*,*,#2576,.T.);
#3701=ORIENTED_EDGE('',*,*,#2581,.F.);
#3702=ORIENTED_EDGE('',*,*,#2582,.F.);
#3703=ORIENTED_EDGE('',*,*,#2511,.T.);
#3704=ORIENTED_EDGE('',*,*,#2583,.F.);
#3705=ORIENTED_EDGE('',*,*,#2584,.F.);
#3706=ORIENTED_EDGE('',*,*,#2577,.T.);
#3707=ORIENTED_EDGE('',*,*,#2181,.T.);
#3708=ORIENTED_EDGE('',*,*,#2585,.T.);
#3709=ORIENTED_EDGE('',*,*,#2586,.F.);
#3710=ORIENTED_EDGE('',*,*,#2579,.F.);
#3711=ORIENTED_EDGE('',*,*,#2180,.T.);
#3712=ORIENTED_EDGE('',*,*,#2582,.T.);
#3713=ORIENTED_EDGE('',*,*,#2587,.F.);
#3714=ORIENTED_EDGE('',*,*,#2585,.F.);
#3715=ORIENTED_EDGE('',*,*,#2510,.T.);
#3716=ORIENTED_EDGE('',*,*,#2588,.F.);
#3717=ORIENTED_EDGE('',*,*,#2589,.F.);
#3718=ORIENTED_EDGE('',*,*,#2583,.T.);
#3719=ORIENTED_EDGE('',*,*,#2517,.T.);
#3720=ORIENTED_EDGE('',*,*,#2590,.F.);
#3721=ORIENTED_EDGE('',*,*,#2591,.F.);
#3722=ORIENTED_EDGE('',*,*,#2588,.T.);
#3723=ORIENTED_EDGE('',*,*,#2516,.T.);
#3724=ORIENTED_EDGE('',*,*,#2592,.F.);
#3725=ORIENTED_EDGE('',*,*,#2593,.F.);
#3726=ORIENTED_EDGE('',*,*,#2590,.T.);
#3727=ORIENTED_EDGE('',*,*,#2515,.T.);
#3728=ORIENTED_EDGE('',*,*,#2572,.F.);
#3729=ORIENTED_EDGE('',*,*,#2594,.F.);
#3730=ORIENTED_EDGE('',*,*,#2592,.T.);
#3731=ORIENTED_EDGE('',*,*,#2581,.T.);
#3732=ORIENTED_EDGE('',*,*,#2575,.T.);
#3733=ORIENTED_EDGE('',*,*,#2564,.T.);
#3734=ORIENTED_EDGE('',*,*,#2570,.T.);
#3735=ORIENTED_EDGE('',*,*,#2574,.T.);
#3736=ORIENTED_EDGE('',*,*,#2580,.T.);
#3737=ORIENTED_EDGE('',*,*,#2586,.T.);
#3738=ORIENTED_EDGE('',*,*,#2587,.T.);
#3739=ORIENTED_EDGE('',*,*,#2584,.T.);
#3740=ORIENTED_EDGE('',*,*,#2589,.T.);
#3741=ORIENTED_EDGE('',*,*,#2591,.T.);
#3742=ORIENTED_EDGE('',*,*,#2593,.T.);
#3743=ORIENTED_EDGE('',*,*,#2594,.T.);
#3744=ORIENTED_EDGE('',*,*,#2571,.F.);
#3745=ORIENTED_EDGE('',*,*,#2567,.T.);
#3746=ORIENTED_EDGE('',*,*,#2578,.F.);
#3747=PLANE('',#4189);
#3748=PLANE('',#4190);
#3749=PLANE('',#4191);
#3750=PLANE('',#4192);
#3751=PLANE('',#4193);
#3752=PLANE('',#4194);
#3753=PLANE('',#4195);
#3754=PLANE('',#4196);
#3755=PLANE('',#4197);
#3756=PLANE('',#4198);
#3757=PLANE('',#4199);
#3758=PLANE('',#4200);
#3759=PLANE('',#4201);
#3760=PLANE('',#4202);
#3761=PLANE('',#4203);
#3762=PLANE('',#4204);
#3763=PLANE('',#4205);
#3764=PLANE('',#4206);
#3765=PLANE('',#4207);
#3766=PLANE('',#4208);
#3767=PLANE('',#4209);
#3768=PLANE('',#4210);
#3769=PLANE('',#4211);
#3770=PLANE('',#4212);
#3771=PLANE('',#4213);
#3772=PLANE('',#4214);
#3773=PLANE('',#4215);
#3774=PLANE('',#4216);
#3775=PLANE('',#4217);
#3776=PLANE('',#4218);
#3777=PLANE('',#4219);
#3778=PLANE('',#4220);
#3779=PLANE('',#4221);
#3780=PLANE('',#4222);
#3781=PLANE('',#4223);
#3782=PLANE('',#4224);
#3783=PLANE('',#4225);
#3784=PLANE('',#4226);
#3785=PLANE('',#4227);
#3786=PLANE('',#4228);
#3787=PLANE('',#4229);
#3788=PLANE('',#4230);
#3789=PLANE('',#4231);
#3790=PLANE('',#4232);
#3791=PLANE('',#4233);
#3792=PLANE('',#4234);
#3793=PLANE('',#4235);
#3794=PLANE('',#4236);
#3795=PLANE('',#4237);
#3796=PLANE('',#4238);
#3797=PLANE('',#4239);
#3798=PLANE('',#4240);
#3799=PLANE('',#4241);
#3800=PLANE('',#4242);
#3801=PLANE('',#4243);
#3802=PLANE('',#4244);
#3803=PLANE('',#4245);
#3804=PLANE('',#4246);
#3805=PLANE('',#4247);
#3806=PLANE('',#4248);
#3807=PLANE('',#4249);
#3808=PLANE('',#4250);
#3809=PLANE('',#4251);
#3810=PLANE('',#4252);
#3811=PLANE('',#4253);
#3812=PLANE('',#4254);
#3813=PLANE('',#4255);
#3814=PLANE('',#4256);
#3815=PLANE('',#4257);
#3816=PLANE('',#4258);
#3817=PLANE('',#4259);
#3818=PLANE('',#4260);
#3819=PLANE('',#4261);
#3820=PLANE('',#4262);
#3821=PLANE('',#4263);
#3822=PLANE('',#4264);
#3823=PLANE('',#4265);
#3824=PLANE('',#4266);
#3825=PLANE('',#4267);
#3826=PLANE('',#4268);
#3827=PLANE('',#4269);
#3828=PLANE('',#4270);
#3829=PLANE('',#4271);
#3830=PLANE('',#4272);
#3831=PLANE('',#4273);
#3832=PLANE('',#4274);
#3833=PLANE('',#4275);
#3834=PLANE('',#4276);
#3835=PLANE('',#4277);
#3836=PLANE('',#4278);
#3837=PLANE('',#4279);
#3838=PLANE('',#4280);
#3839=PLANE('',#4281);
#3840=PLANE('',#4282);
#3841=PLANE('',#4283);
#3842=PLANE('',#4284);
#3843=PLANE('',#4285);
#3844=PLANE('',#4286);
#3845=PLANE('',#4287);
#3846=PLANE('',#4288);
#3847=PLANE('',#4289);
#3848=PLANE('',#4290);
#3849=PLANE('',#4291);
#3850=PLANE('',#4292);
#3851=PLANE('',#4293);
#3852=PLANE('',#4294);
#3853=PLANE('',#4295);
#3854=PLANE('',#4296);
#3855=PLANE('',#4297);
#3856=PLANE('',#4298);
#3857=PLANE('',#4299);
#3858=PLANE('',#4300);
#3859=PLANE('',#4301);
#3860=PLANE('',#4302);
#3861=PLANE('',#4303);
#3862=PLANE('',#4304);
#3863=PLANE('',#4305);
#3864=PLANE('',#4306);
#3865=PLANE('',#4307);
#3866=PLANE('',#4308);
#3867=PLANE('',#4309);
#3868=PLANE('',#4310);
#3869=PLANE('',#4311);
#3870=PLANE('',#4312);
#3871=PLANE('',#4313);
#3872=PLANE('',#4314);
#3873=PLANE('',#4315);
#3874=PLANE('',#4316);
#3875=PLANE('',#4317);
#3876=PLANE('',#4318);
#3877=PLANE('',#4319);
#3878=PLANE('',#4320);
#3879=PLANE('',#4321);
#3880=PLANE('',#4322);
#3881=PLANE('',#4323);
#3882=PLANE('',#4324);
#3883=PLANE('',#4325);
#3884=PLANE('',#4326);
#3885=PLANE('',#4327);
#3886=PLANE('',#4328);
#3887=PLANE('',#4329);
#3888=PLANE('',#4330);
#3889=PLANE('',#4331);
#3890=PLANE('',#4332);
#3891=PLANE('',#4333);
#3892=PLANE('',#4334);
#3893=PLANE('',#4335);
#3894=PLANE('',#4336);
#3895=PLANE('',#4337);
#3896=PLANE('',#4338);
#3897=PLANE('',#4339);
#3898=PLANE('',#4340);
#3899=PLANE('',#4341);
#3900=PLANE('',#4342);
#3901=PLANE('',#4343);
#3902=PLANE('',#4344);
#3903=PLANE('',#4345);
#3904=PLANE('',#4346);
#3905=PLANE('',#4347);
#3906=PLANE('',#4348);
#3907=PLANE('',#4349);
#3908=PLANE('',#4350);
#3909=PLANE('',#4351);
#3910=PLANE('',#4352);
#3911=PLANE('',#4353);
#3912=PLANE('',#4354);
#3913=PLANE('',#4355);
#3914=PLANE('',#4356);
#3915=PLANE('',#4357);
#3916=PLANE('',#4358);
#3917=PLANE('',#4359);
#3918=PLANE('',#4360);
#3919=PLANE('',#4361);
#3920=PLANE('',#4362);
#3921=PLANE('',#4363);
#3922=PLANE('',#4364);
#3923=PLANE('',#4365);
#3924=PLANE('',#4366);
#3925=PLANE('',#4367);
#3926=PLANE('',#4368);
#3927=PLANE('',#4369);
#3928=PLANE('',#4370);
#3929=PLANE('',#4371);
#3930=PLANE('',#4372);
#3931=PLANE('',#4373);
#3932=PLANE('',#4374);
#3933=PLANE('',#4375);
#3934=PLANE('',#4376);
#3935=PLANE('',#4377);
#3936=PLANE('',#4378);
#3937=PLANE('',#4379);
#3938=PLANE('',#4380);
#3939=PLANE('',#4381);
#3940=PLANE('',#4382);
#3941=PLANE('',#4383);
#3942=PLANE('',#4384);
#3943=PLANE('',#4385);
#3944=PLANE('',#4386);
#3945=PLANE('',#4387);
#3946=PLANE('',#4388);
#3947=PLANE('',#4389);
#3948=PLANE('',#4390);
#3949=PLANE('',#4391);
#3950=PLANE('',#4392);
#3951=PLANE('',#4393);
#3952=PLANE('',#4394);
#3953=PLANE('',#4395);
#3954=PLANE('',#4396);
#3955=PLANE('',#4397);
#3956=PLANE('',#4398);
#3957=PLANE('',#4399);
#3958=PLANE('',#4400);
#3959=PLANE('',#4401);
#3960=PLANE('',#4402);
#3961=ADVANCED_FACE('',(#35),#3747,.T.);
#3962=ADVANCED_FACE('',(#36),#3748,.T.);
#3963=ADVANCED_FACE('',(#37),#3749,.T.);
#3964=ADVANCED_FACE('',(#38),#3750,.T.);
#3965=ADVANCED_FACE('',(#39),#3751,.T.);
#3966=ADVANCED_FACE('',(#40),#3752,.T.);
#3967=ADVANCED_FACE('',(#41),#3753,.T.);
#3968=ADVANCED_FACE('',(#42),#3754,.T.);
#3969=ADVANCED_FACE('',(#43),#3755,.T.);
#3970=ADVANCED_FACE('',(#44),#3756,.T.);
#3971=ADVANCED_FACE('',(#45),#3757,.T.);
#3972=ADVANCED_FACE('',(#46),#3758,.T.);
#3973=ADVANCED_FACE('',(#47),#3759,.T.);
#3974=ADVANCED_FACE('',(#48),#3760,.T.);
#3975=ADVANCED_FACE('',(#49),#3761,.T.);
#3976=ADVANCED_FACE('',(#50),#3762,.T.);
#3977=ADVANCED_FACE('',(#51),#3763,.T.);
#3978=ADVANCED_FACE('',(#52),#3764,.T.);
#3979=ADVANCED_FACE('',(#53),#3765,.T.);
#3980=ADVANCED_FACE('',(#54),#3766,.T.);
#3981=ADVANCED_FACE('',(#55),#3767,.T.);
#3982=ADVANCED_FACE('',(#56),#3768,.T.);
#3983=ADVANCED_FACE('',(#57),#3769,.T.);
#3984=ADVANCED_FACE('',(#58),#3770,.T.);
#3985=ADVANCED_FACE('',(#59),#3771,.F.);
#3986=ADVANCED_FACE('',(#60),#3772,.T.);
#3987=ADVANCED_FACE('',(#61),#3773,.T.);
#3988=ADVANCED_FACE('',(#62),#3774,.T.);
#3989=ADVANCED_FACE('',(#63),#3775,.T.);
#3990=ADVANCED_FACE('',(#64),#3776,.T.);
#3991=ADVANCED_FACE('',(#65),#3777,.T.);
#3992=ADVANCED_FACE('',(#66),#3778,.T.);
#3993=ADVANCED_FACE('',(#67),#3779,.T.);
#3994=ADVANCED_FACE('',(#68),#3780,.T.);
#3995=ADVANCED_FACE('',(#69),#3781,.T.);
#3996=ADVANCED_FACE('',(#70),#3782,.T.);
#3997=ADVANCED_FACE('',(#71),#3783,.T.);
#3998=ADVANCED_FACE('',(#72),#3784,.T.);
#3999=ADVANCED_FACE('',(#73),#3785,.T.);
#4000=ADVANCED_FACE('',(#74),#3786,.T.);
#4001=ADVANCED_FACE('',(#75),#3787,.T.);
#4002=ADVANCED_FACE('',(#76),#3788,.T.);
#4003=ADVANCED_FACE('',(#77),#3789,.F.);
#4004=ADVANCED_FACE('',(#78),#3790,.T.);
#4005=ADVANCED_FACE('',(#79,#15,#16,#17,#18,#19,#20,#21,#22,#23,#24),#3791,
 .T.);
#4006=ADVANCED_FACE('',(#80),#3792,.T.);
#4007=ADVANCED_FACE('',(#81),#3793,.T.);
#4008=ADVANCED_FACE('',(#82),#3794,.T.);
#4009=ADVANCED_FACE('',(#83),#3795,.T.);
#4010=ADVANCED_FACE('',(#84),#3796,.T.);
#4011=ADVANCED_FACE('',(#85),#3797,.T.);
#4012=ADVANCED_FACE('',(#86),#3798,.T.);
#4013=ADVANCED_FACE('',(#87),#3799,.T.);
#4014=ADVANCED_FACE('',(#88),#3800,.T.);
#4015=ADVANCED_FACE('',(#89),#3801,.T.);
#4016=ADVANCED_FACE('',(#90),#3802,.T.);
#4017=ADVANCED_FACE('',(#91),#3803,.T.);
#4018=ADVANCED_FACE('',(#92),#3804,.T.);
#4019=ADVANCED_FACE('',(#93),#3805,.T.);
#4020=ADVANCED_FACE('',(#94),#3806,.T.);
#4021=ADVANCED_FACE('',(#95),#3807,.T.);
#4022=ADVANCED_FACE('',(#96),#3808,.T.);
#4023=ADVANCED_FACE('',(#97),#3809,.T.);
#4024=ADVANCED_FACE('',(#98),#3810,.T.);
#4025=ADVANCED_FACE('',(#99),#3811,.T.);
#4026=ADVANCED_FACE('',(#100),#3812,.T.);
#4027=ADVANCED_FACE('',(#101),#3813,.T.);
#4028=ADVANCED_FACE('',(#102),#3814,.F.);
#4029=ADVANCED_FACE('',(#103),#3815,.T.);
#4030=ADVANCED_FACE('',(#104),#3816,.T.);
#4031=ADVANCED_FACE('',(#105),#3817,.T.);
#4032=ADVANCED_FACE('',(#106),#3818,.T.);
#4033=ADVANCED_FACE('',(#107),#3819,.T.);
#4034=ADVANCED_FACE('',(#108),#3820,.T.);
#4035=ADVANCED_FACE('',(#109),#3821,.T.);
#4036=ADVANCED_FACE('',(#110),#3822,.T.);
#4037=ADVANCED_FACE('',(#111),#3823,.T.);
#4038=ADVANCED_FACE('',(#112),#3824,.T.);
#4039=ADVANCED_FACE('',(#113),#3825,.T.);
#4040=ADVANCED_FACE('',(#114),#3826,.T.);
#4041=ADVANCED_FACE('',(#115),#3827,.T.);
#4042=ADVANCED_FACE('',(#116),#3828,.T.);
#4043=ADVANCED_FACE('',(#117),#3829,.T.);
#4044=ADVANCED_FACE('',(#118),#3830,.T.);
#4045=ADVANCED_FACE('',(#119),#3831,.T.);
#4046=ADVANCED_FACE('',(#120),#3832,.F.);
#4047=ADVANCED_FACE('',(#121),#3833,.T.);
#4048=ADVANCED_FACE('',(#122),#3834,.T.);
#4049=ADVANCED_FACE('',(#123),#3835,.T.);
#4050=ADVANCED_FACE('',(#124),#3836,.T.);
#4051=ADVANCED_FACE('',(#125),#3837,.T.);
#4052=ADVANCED_FACE('',(#126),#3838,.T.);
#4053=ADVANCED_FACE('',(#127),#3839,.T.);
#4054=ADVANCED_FACE('',(#128),#3840,.T.);
#4055=ADVANCED_FACE('',(#129),#3841,.T.);
#4056=ADVANCED_FACE('',(#130),#3842,.T.);
#4057=ADVANCED_FACE('',(#131),#3843,.T.);
#4058=ADVANCED_FACE('',(#132),#3844,.T.);
#4059=ADVANCED_FACE('',(#133),#3845,.T.);
#4060=ADVANCED_FACE('',(#134),#3846,.T.);
#4061=ADVANCED_FACE('',(#135),#3847,.T.);
#4062=ADVANCED_FACE('',(#136),#3848,.T.);
#4063=ADVANCED_FACE('',(#137),#3849,.T.);
#4064=ADVANCED_FACE('',(#138),#3850,.T.);
#4065=ADVANCED_FACE('',(#139),#3851,.T.);
#4066=ADVANCED_FACE('',(#140),#3852,.T.);
#4067=ADVANCED_FACE('',(#141),#3853,.T.);
#4068=ADVANCED_FACE('',(#142),#3854,.T.);
#4069=ADVANCED_FACE('',(#143),#3855,.T.);
#4070=ADVANCED_FACE('',(#144),#3856,.F.);
#4071=ADVANCED_FACE('',(#145),#3857,.T.);
#4072=ADVANCED_FACE('',(#146),#3858,.T.);
#4073=ADVANCED_FACE('',(#147),#3859,.T.);
#4074=ADVANCED_FACE('',(#148),#3860,.T.);
#4075=ADVANCED_FACE('',(#149),#3861,.T.);
#4076=ADVANCED_FACE('',(#150),#3862,.T.);
#4077=ADVANCED_FACE('',(#151),#3863,.T.);
#4078=ADVANCED_FACE('',(#152),#3864,.T.);
#4079=ADVANCED_FACE('',(#153),#3865,.T.);
#4080=ADVANCED_FACE('',(#154),#3866,.T.);
#4081=ADVANCED_FACE('',(#155),#3867,.T.);
#4082=ADVANCED_FACE('',(#156),#3868,.T.);
#4083=ADVANCED_FACE('',(#157),#3869,.T.);
#4084=ADVANCED_FACE('',(#158),#3870,.T.);
#4085=ADVANCED_FACE('',(#159),#3871,.T.);
#4086=ADVANCED_FACE('',(#160),#3872,.T.);
#4087=ADVANCED_FACE('',(#161),#3873,.T.);
#4088=ADVANCED_FACE('',(#162),#3874,.F.);
#4089=ADVANCED_FACE('',(#163),#3875,.T.);
#4090=ADVANCED_FACE('',(#164),#3876,.T.);
#4091=ADVANCED_FACE('',(#165),#3877,.T.);
#4092=ADVANCED_FACE('',(#166),#3878,.T.);
#4093=ADVANCED_FACE('',(#167),#3879,.T.);
#4094=ADVANCED_FACE('',(#168),#3880,.T.);
#4095=ADVANCED_FACE('',(#169),#3881,.T.);
#4096=ADVANCED_FACE('',(#170),#3882,.T.);
#4097=ADVANCED_FACE('',(#171),#3883,.T.);
#4098=ADVANCED_FACE('',(#172),#3884,.T.);
#4099=ADVANCED_FACE('',(#173),#3885,.T.);
#4100=ADVANCED_FACE('',(#174),#3886,.T.);
#4101=ADVANCED_FACE('',(#175),#3887,.T.);
#4102=ADVANCED_FACE('',(#176),#3888,.T.);
#4103=ADVANCED_FACE('',(#177),#3889,.T.);
#4104=ADVANCED_FACE('',(#178),#3890,.T.);
#4105=ADVANCED_FACE('',(#179),#3891,.T.);
#4106=ADVANCED_FACE('',(#180),#3892,.T.);
#4107=ADVANCED_FACE('',(#181),#3893,.T.);
#4108=ADVANCED_FACE('',(#182),#3894,.T.);
#4109=ADVANCED_FACE('',(#183),#3895,.T.);
#4110=ADVANCED_FACE('',(#184),#3896,.T.);
#4111=ADVANCED_FACE('',(#185),#3897,.T.);
#4112=ADVANCED_FACE('',(#186),#3898,.F.);
#4113=ADVANCED_FACE('',(#187),#3899,.T.);
#4114=ADVANCED_FACE('',(#188),#3900,.T.);
#4115=ADVANCED_FACE('',(#189),#3901,.T.);
#4116=ADVANCED_FACE('',(#190),#3902,.T.);
#4117=ADVANCED_FACE('',(#191),#3903,.T.);
#4118=ADVANCED_FACE('',(#192),#3904,.T.);
#4119=ADVANCED_FACE('',(#193),#3905,.T.);
#4120=ADVANCED_FACE('',(#194),#3906,.T.);
#4121=ADVANCED_FACE('',(#195),#3907,.T.);
#4122=ADVANCED_FACE('',(#196),#3908,.T.);
#4123=ADVANCED_FACE('',(#197),#3909,.T.);
#4124=ADVANCED_FACE('',(#198),#3910,.T.);
#4125=ADVANCED_FACE('',(#199),#3911,.T.);
#4126=ADVANCED_FACE('',(#200),#3912,.T.);
#4127=ADVANCED_FACE('',(#201),#3913,.T.);
#4128=ADVANCED_FACE('',(#202),#3914,.T.);
#4129=ADVANCED_FACE('',(#203),#3915,.T.);
#4130=ADVANCED_FACE('',(#204),#3916,.F.);
#4131=ADVANCED_FACE('',(#205),#3917,.T.);
#4132=ADVANCED_FACE('',(#206,#25,#26,#27,#28,#29,#30,#31,#32,#33,#34),#3918,
 .T.);
#4133=ADVANCED_FACE('',(#207),#3919,.T.);
#4134=ADVANCED_FACE('',(#208),#3920,.T.);
#4135=ADVANCED_FACE('',(#209),#3921,.T.);
#4136=ADVANCED_FACE('',(#210),#3922,.T.);
#4137=ADVANCED_FACE('',(#211),#3923,.T.);
#4138=ADVANCED_FACE('',(#212),#3924,.T.);
#4139=ADVANCED_FACE('',(#213),#3925,.T.);
#4140=ADVANCED_FACE('',(#214),#3926,.T.);
#4141=ADVANCED_FACE('',(#215),#3927,.T.);
#4142=ADVANCED_FACE('',(#216),#3928,.T.);
#4143=ADVANCED_FACE('',(#217),#3929,.T.);
#4144=ADVANCED_FACE('',(#218),#3930,.T.);
#4145=ADVANCED_FACE('',(#219),#3931,.T.);
#4146=ADVANCED_FACE('',(#220),#3932,.T.);
#4147=ADVANCED_FACE('',(#221),#3933,.T.);
#4148=ADVANCED_FACE('',(#222),#3934,.T.);
#4149=ADVANCED_FACE('',(#223),#3935,.T.);
#4150=ADVANCED_FACE('',(#224),#3936,.T.);
#4151=ADVANCED_FACE('',(#225),#3937,.T.);
#4152=ADVANCED_FACE('',(#226),#3938,.T.);
#4153=ADVANCED_FACE('',(#227),#3939,.T.);
#4154=ADVANCED_FACE('',(#228),#3940,.T.);
#4155=ADVANCED_FACE('',(#229),#3941,.T.);
#4156=ADVANCED_FACE('',(#230),#3942,.F.);
#4157=ADVANCED_FACE('',(#231),#3943,.T.);
#4158=ADVANCED_FACE('',(#232),#3944,.T.);
#4159=ADVANCED_FACE('',(#233),#3945,.T.);
#4160=ADVANCED_FACE('',(#234),#3946,.T.);
#4161=ADVANCED_FACE('',(#235),#3947,.T.);
#4162=ADVANCED_FACE('',(#236),#3948,.T.);
#4163=ADVANCED_FACE('',(#237),#3949,.T.);
#4164=ADVANCED_FACE('',(#238),#3950,.T.);
#4165=ADVANCED_FACE('',(#239),#3951,.T.);
#4166=ADVANCED_FACE('',(#240),#3952,.T.);
#4167=ADVANCED_FACE('',(#241),#3953,.T.);
#4168=ADVANCED_FACE('',(#242),#3954,.T.);
#4169=ADVANCED_FACE('',(#243),#3955,.T.);
#4170=ADVANCED_FACE('',(#244),#3956,.T.);
#4171=ADVANCED_FACE('',(#245),#3957,.T.);
#4172=ADVANCED_FACE('',(#246),#3958,.T.);
#4173=ADVANCED_FACE('',(#247),#3959,.T.);
#4174=ADVANCED_FACE('',(#248),#3960,.F.);
#4175=CLOSED_SHELL('',(#3961,#3962,#3963,#3964,#3965,#3966,#3967,#3968,
#3969,#3970,#3971,#3972,#3973,#3974,#3975,#3976,#3977,#3978,#3979,#3980,
#3981,#3982,#3983,#3984,#3985,#3986,#3987,#3988,#3989,#3990,#3991,#3992,
#3993,#3994,#3995,#3996,#3997,#3998,#3999,#4000,#4001,#4002,#4003,#4004,
#4005,#4006,#4007,#4008,#4009,#4010,#4011,#4012,#4013,#4014,#4015,#4016,
#4017,#4018,#4019,#4020,#4021,#4022,#4023,#4024,#4025,#4026,#4027,#4028,
#4029,#4030,#4031,#4032,#4033,#4034,#4035,#4036,#4037,#4038,#4039,#4040,
#4041,#4042,#4043,#4044,#4045,#4046,#4047,#4048,#4049,#4050,#4051,#4052,
#4053,#4054,#4055,#4056,#4057,#4058,#4059,#4060,#4061,#4062,#4063,#4064,
#4065,#4066,#4067,#4068,#4069,#4070,#4071,#4072,#4073,#4074,#4075,#4076,
#4077,#4078,#4079,#4080,#4081,#4082,#4083,#4084,#4085,#4086,#4087,#4088,
#4089,#4090,#4091,#4092,#4093,#4094,#4095,#4096,#4097,#4098,#4099,#4100,
#4101,#4102,#4103,#4104,#4105,#4106,#4107,#4108,#4109,#4110,#4111,#4112,
#4113,#4114,#4115,#4116,#4117,#4118,#4119,#4120,#4121,#4122,#4123,#4124,
#4125,#4126,#4127,#4128,#4129,#4130,#4131,#4132,#4133,#4134,#4135,#4136,
#4137,#4138,#4139,#4140,#4141,#4142,#4143,#4144,#4145,#4146,#4147,#4148,
#4149,#4150,#4151,#4152,#4153,#4154,#4155,#4156,#4157,#4158,#4159,#4160,
#4161,#4162,#4163,#4164,#4165,#4166,#4167,#4168,#4169,#4170,#4171,#4172,
#4173,#4174));
#4176=DERIVED_UNIT_ELEMENT(#4178,1.);
#4177=DERIVED_UNIT_ELEMENT(#6589,-3.);
#4178=(
MASS_UNIT()
NAMED_UNIT(*)
SI_UNIT(.KILO.,.GRAM.)
);
#4179=DERIVED_UNIT((#4176,#4177));
#4180=MEASURE_REPRESENTATION_ITEM('density measure',
POSITIVE_RATIO_MEASURE(7850.),#4179);
#4181=PROPERTY_DEFINITION_REPRESENTATION(#4186,#4183);
#4182=PROPERTY_DEFINITION_REPRESENTATION(#4187,#4184);
#4183=REPRESENTATION('material name',(#4185),#6586);
#4184=REPRESENTATION('density',(#4180),#6586);
#4185=DESCRIPTIVE_REPRESENTATION_ITEM('Steel','Steel');
#4186=PROPERTY_DEFINITION('material property','material name',#6596);
#4187=PROPERTY_DEFINITION('material property','density of part',#6596);
#4188=AXIS2_PLACEMENT_3D('',#5409,#4403,#4404);
#4189=AXIS2_PLACEMENT_3D('',#5410,#4405,#4406);
#4190=AXIS2_PLACEMENT_3D('',#5419,#4411,#4412);
#4191=AXIS2_PLACEMENT_3D('',#5428,#4417,#4418);
#4192=AXIS2_PLACEMENT_3D('',#5434,#4422,#4423);
#4193=AXIS2_PLACEMENT_3D('',#5440,#4427,#4428);
#4194=AXIS2_PLACEMENT_3D('',#5446,#4432,#4433);
#4195=AXIS2_PLACEMENT_3D('',#5452,#4437,#4438);
#4196=AXIS2_PLACEMENT_3D('',#5455,#4441,#4442);
#4197=AXIS2_PLACEMENT_3D('',#5464,#4447,#4448);
#4198=AXIS2_PLACEMENT_3D('',#5473,#4453,#4454);
#4199=AXIS2_PLACEMENT_3D('',#5479,#4458,#4459);
#4200=AXIS2_PLACEMENT_3D('',#5485,#4463,#4464);
#4201=AXIS2_PLACEMENT_3D('',#5491,#4468,#4469);
#4202=AXIS2_PLACEMENT_3D('',#5497,#4473,#4474);
#4203=AXIS2_PLACEMENT_3D('',#5503,#4478,#4479);
#4204=AXIS2_PLACEMENT_3D('',#5509,#4483,#4484);
#4205=AXIS2_PLACEMENT_3D('',#5515,#4488,#4489);
#4206=AXIS2_PLACEMENT_3D('',#5521,#4493,#4494);
#4207=AXIS2_PLACEMENT_3D('',#5527,#4498,#4499);
#4208=AXIS2_PLACEMENT_3D('',#5530,#4502,#4503);
#4209=AXIS2_PLACEMENT_3D('',#5536,#4507,#4508);
#4210=AXIS2_PLACEMENT_3D('',#5542,#4512,#4513);
#4211=AXIS2_PLACEMENT_3D('',#5548,#4517,#4518);
#4212=AXIS2_PLACEMENT_3D('',#5551,#4521,#4522);
#4213=AXIS2_PLACEMENT_3D('',#5552,#4523,#4524);
#4214=AXIS2_PLACEMENT_3D('',#5553,#4525,#4526);
#4215=AXIS2_PLACEMENT_3D('',#5562,#4531,#4532);
#4216=AXIS2_PLACEMENT_3D('',#5571,#4537,#4538);
#4217=AXIS2_PLACEMENT_3D('',#5577,#4542,#4543);
#4218=AXIS2_PLACEMENT_3D('',#5583,#4547,#4548);
#4219=AXIS2_PLACEMENT_3D('',#5589,#4552,#4553);
#4220=AXIS2_PLACEMENT_3D('',#5595,#4557,#4558);
#4221=AXIS2_PLACEMENT_3D('',#5601,#4562,#4563);
#4222=AXIS2_PLACEMENT_3D('',#5607,#4567,#4568);
#4223=AXIS2_PLACEMENT_3D('',#5613,#4572,#4573);
#4224=AXIS2_PLACEMENT_3D('',#5619,#4577,#4578);
#4225=AXIS2_PLACEMENT_3D('',#5625,#4582,#4583);
#4226=AXIS2_PLACEMENT_3D('',#5628,#4586,#4587);
#4227=AXIS2_PLACEMENT_3D('',#5634,#4591,#4592);
#4228=AXIS2_PLACEMENT_3D('',#5640,#4596,#4597);
#4229=AXIS2_PLACEMENT_3D('',#5646,#4601,#4602);
#4230=AXIS2_PLACEMENT_3D('',#5649,#4605,#4606);
#4231=AXIS2_PLACEMENT_3D('',#5650,#4607,#4608);
#4232=AXIS2_PLACEMENT_3D('',#5651,#4609,#4610);
#4233=AXIS2_PLACEMENT_3D('',#5657,#4614,#4615);
#4234=AXIS2_PLACEMENT_3D('',#5833,#4704,#4705);
#4235=AXIS2_PLACEMENT_3D('',#5839,#4709,#4710);
#4236=AXIS2_PLACEMENT_3D('',#5845,#4714,#4715);
#4237=AXIS2_PLACEMENT_3D('',#5849,#4718,#4719);
#4238=AXIS2_PLACEMENT_3D('',#5851,#4721,#4722);
#4239=AXIS2_PLACEMENT_3D('',#5853,#4724,#4725);
#4240=AXIS2_PLACEMENT_3D('',#5859,#4729,#4730);
#4241=AXIS2_PLACEMENT_3D('',#5868,#4735,#4736);
#4242=AXIS2_PLACEMENT_3D('',#5872,#4739,#4740);
#4243=AXIS2_PLACEMENT_3D('',#5878,#4744,#4745);
#4244=AXIS2_PLACEMENT_3D('',#5882,#4748,#4749);
#4245=AXIS2_PLACEMENT_3D('',#5886,#4752,#4753);
#4246=AXIS2_PLACEMENT_3D('',#5892,#4757,#4758);
#4247=AXIS2_PLACEMENT_3D('',#5896,#4761,#4762);
#4248=AXIS2_PLACEMENT_3D('',#5900,#4765,#4766);
#4249=AXIS2_PLACEMENT_3D('',#5906,#4770,#4771);
#4250=AXIS2_PLACEMENT_3D('',#5910,#4774,#4775);
#4251=AXIS2_PLACEMENT_3D('',#5912,#4777,#4778);
#4252=AXIS2_PLACEMENT_3D('',#5918,#4782,#4783);
#4253=AXIS2_PLACEMENT_3D('',#5924,#4787,#4788);
#4254=AXIS2_PLACEMENT_3D('',#5930,#4792,#4793);
#4255=AXIS2_PLACEMENT_3D('',#5933,#4796,#4797);
#4256=AXIS2_PLACEMENT_3D('',#5934,#4798,#4799);
#4257=AXIS2_PLACEMENT_3D('',#5935,#4800,#4801);
#4258=AXIS2_PLACEMENT_3D('',#5941,#4805,#4806);
#4259=AXIS2_PLACEMENT_3D('',#5950,#4811,#4812);
#4260=AXIS2_PLACEMENT_3D('',#5954,#4815,#4816);
#4261=AXIS2_PLACEMENT_3D('',#5960,#4820,#4821);
#4262=AXIS2_PLACEMENT_3D('',#5964,#4824,#4825);
#4263=AXIS2_PLACEMENT_3D('',#5968,#4828,#4829);
#4264=AXIS2_PLACEMENT_3D('',#5974,#4833,#4834);
#4265=AXIS2_PLACEMENT_3D('',#5978,#4837,#4838);
#4266=AXIS2_PLACEMENT_3D('',#5982,#4841,#4842);
#4267=AXIS2_PLACEMENT_3D('',#5988,#4846,#4847);
#4268=AXIS2_PLACEMENT_3D('',#5992,#4850,#4851);
#4269=AXIS2_PLACEMENT_3D('',#5994,#4853,#4854);
#4270=AXIS2_PLACEMENT_3D('',#6000,#4858,#4859);
#4271=AXIS2_PLACEMENT_3D('',#6006,#4863,#4864);
#4272=AXIS2_PLACEMENT_3D('',#6012,#4868,#4869);
#4273=AXIS2_PLACEMENT_3D('',#6015,#4872,#4873);
#4274=AXIS2_PLACEMENT_3D('',#6016,#4874,#4875);
#4275=AXIS2_PLACEMENT_3D('',#6017,#4876,#4877);
#4276=AXIS2_PLACEMENT_3D('',#6021,#4880,#4881);
#4277=AXIS2_PLACEMENT_3D('',#6027,#4885,#4886);
#4278=AXIS2_PLACEMENT_3D('',#6033,#4890,#4891);
#4279=AXIS2_PLACEMENT_3D('',#6037,#4894,#4895);
#4280=AXIS2_PLACEMENT_3D('',#6039,#4897,#4898);
#4281=AXIS2_PLACEMENT_3D('',#6041,#4900,#4901);
#4282=AXIS2_PLACEMENT_3D('',#6047,#4905,#4906);
#4283=AXIS2_PLACEMENT_3D('',#6056,#4911,#4912);
#4284=AXIS2_PLACEMENT_3D('',#6060,#4915,#4916);
#4285=AXIS2_PLACEMENT_3D('',#6066,#4920,#4921);
#4286=AXIS2_PLACEMENT_3D('',#6070,#4924,#4925);
#4287=AXIS2_PLACEMENT_3D('',#6074,#4928,#4929);
#4288=AXIS2_PLACEMENT_3D('',#6080,#4933,#4934);
#4289=AXIS2_PLACEMENT_3D('',#6084,#4937,#4938);
#4290=AXIS2_PLACEMENT_3D('',#6088,#4941,#4942);
#4291=AXIS2_PLACEMENT_3D('',#6094,#4946,#4947);
#4292=AXIS2_PLACEMENT_3D('',#6098,#4950,#4951);
#4293=AXIS2_PLACEMENT_3D('',#6100,#4953,#4954);
#4294=AXIS2_PLACEMENT_3D('',#6106,#4958,#4959);
#4295=AXIS2_PLACEMENT_3D('',#6112,#4963,#4964);
#4296=AXIS2_PLACEMENT_3D('',#6118,#4968,#4969);
#4297=AXIS2_PLACEMENT_3D('',#6121,#4972,#4973);
#4298=AXIS2_PLACEMENT_3D('',#6122,#4974,#4975);
#4299=AXIS2_PLACEMENT_3D('',#6123,#4976,#4977);
#4300=AXIS2_PLACEMENT_3D('',#6129,#4981,#4982);
#4301=AXIS2_PLACEMENT_3D('',#6138,#4987,#4988);
#4302=AXIS2_PLACEMENT_3D('',#6142,#4991,#4992);
#4303=AXIS2_PLACEMENT_3D('',#6148,#4996,#4997);
#4304=AXIS2_PLACEMENT_3D('',#6152,#5000,#5001);
#4305=AXIS2_PLACEMENT_3D('',#6156,#5004,#5005);
#4306=AXIS2_PLACEMENT_3D('',#6162,#5009,#5010);
#4307=AXIS2_PLACEMENT_3D('',#6166,#5013,#5014);
#4308=AXIS2_PLACEMENT_3D('',#6170,#5017,#5018);
#4309=AXIS2_PLACEMENT_3D('',#6176,#5022,#5023);
#4310=AXIS2_PLACEMENT_3D('',#6180,#5026,#5027);
#4311=AXIS2_PLACEMENT_3D('',#6182,#5029,#5030);
#4312=AXIS2_PLACEMENT_3D('',#6188,#5034,#5035);
#4313=AXIS2_PLACEMENT_3D('',#6194,#5039,#5040);
#4314=AXIS2_PLACEMENT_3D('',#6200,#5044,#5045);
#4315=AXIS2_PLACEMENT_3D('',#6203,#5048,#5049);
#4316=AXIS2_PLACEMENT_3D('',#6204,#5050,#5051);
#4317=AXIS2_PLACEMENT_3D('',#6205,#5052,#5053);
#4318=AXIS2_PLACEMENT_3D('',#6209,#5056,#5057);
#4319=AXIS2_PLACEMENT_3D('',#6215,#5061,#5062);
#4320=AXIS2_PLACEMENT_3D('',#6221,#5066,#5067);
#4321=AXIS2_PLACEMENT_3D('',#6225,#5070,#5071);
#4322=AXIS2_PLACEMENT_3D('',#6227,#5073,#5074);
#4323=AXIS2_PLACEMENT_3D('',#6229,#5076,#5077);
#4324=AXIS2_PLACEMENT_3D('',#6235,#5081,#5082);
#4325=AXIS2_PLACEMENT_3D('',#6244,#5087,#5088);
#4326=AXIS2_PLACEMENT_3D('',#6248,#5091,#5092);
#4327=AXIS2_PLACEMENT_3D('',#6254,#5096,#5097);
#4328=AXIS2_PLACEMENT_3D('',#6258,#5100,#5101);
#4329=AXIS2_PLACEMENT_3D('',#6262,#5104,#5105);
#4330=AXIS2_PLACEMENT_3D('',#6268,#5109,#5110);
#4331=AXIS2_PLACEMENT_3D('',#6272,#5113,#5114);
#4332=AXIS2_PLACEMENT_3D('',#6276,#5117,#5118);
#4333=AXIS2_PLACEMENT_3D('',#6282,#5122,#5123);
#4334=AXIS2_PLACEMENT_3D('',#6286,#5126,#5127);
#4335=AXIS2_PLACEMENT_3D('',#6288,#5129,#5130);
#4336=AXIS2_PLACEMENT_3D('',#6294,#5134,#5135);
#4337=AXIS2_PLACEMENT_3D('',#6300,#5139,#5140);
#4338=AXIS2_PLACEMENT_3D('',#6306,#5144,#5145);
#4339=AXIS2_PLACEMENT_3D('',#6309,#5148,#5149);
#4340=AXIS2_PLACEMENT_3D('',#6310,#5150,#5151);
#4341=AXIS2_PLACEMENT_3D('',#6311,#5152,#5153);
#4342=AXIS2_PLACEMENT_3D('',#6317,#5157,#5158);
#4343=AXIS2_PLACEMENT_3D('',#6326,#5163,#5164);
#4344=AXIS2_PLACEMENT_3D('',#6330,#5167,#5168);
#4345=AXIS2_PLACEMENT_3D('',#6336,#5172,#5173);
#4346=AXIS2_PLACEMENT_3D('',#6340,#5176,#5177);
#4347=AXIS2_PLACEMENT_3D('',#6344,#5180,#5181);
#4348=AXIS2_PLACEMENT_3D('',#6350,#5185,#5186);
#4349=AXIS2_PLACEMENT_3D('',#6354,#5189,#5190);
#4350=AXIS2_PLACEMENT_3D('',#6358,#5193,#5194);
#4351=AXIS2_PLACEMENT_3D('',#6364,#5198,#5199);
#4352=AXIS2_PLACEMENT_3D('',#6368,#5202,#5203);
#4353=AXIS2_PLACEMENT_3D('',#6370,#5205,#5206);
#4354=AXIS2_PLACEMENT_3D('',#6376,#5210,#5211);
#4355=AXIS2_PLACEMENT_3D('',#6382,#5215,#5216);
#4356=AXIS2_PLACEMENT_3D('',#6388,#5220,#5221);
#4357=AXIS2_PLACEMENT_3D('',#6391,#5224,#5225);
#4358=AXIS2_PLACEMENT_3D('',#6392,#5226,#5227);
#4359=AXIS2_PLACEMENT_3D('',#6393,#5228,#5229);
#4360=AXIS2_PLACEMENT_3D('',#6397,#5232,#5233);
#4361=AXIS2_PLACEMENT_3D('',#6441,#5256,#5257);
#4362=AXIS2_PLACEMENT_3D('',#6444,#5260,#5261);
#4363=AXIS2_PLACEMENT_3D('',#6446,#5263,#5264);
#4364=AXIS2_PLACEMENT_3D('',#6448,#5266,#5267);
#4365=AXIS2_PLACEMENT_3D('',#6450,#5269,#5270);
#4366=AXIS2_PLACEMENT_3D('',#6451,#5271,#5272);
#4367=AXIS2_PLACEMENT_3D('',#6452,#5273,#5274);
#4368=AXIS2_PLACEMENT_3D('',#6458,#5278,#5279);
#4369=AXIS2_PLACEMENT_3D('',#6464,#5283,#5284);
#4370=AXIS2_PLACEMENT_3D('',#6468,#5287,#5288);
#4371=AXIS2_PLACEMENT_3D('',#6472,#5291,#5292);
#4372=AXIS2_PLACEMENT_3D('',#6476,#5295,#5296);
#4373=AXIS2_PLACEMENT_3D('',#6480,#5299,#5300);
#4374=AXIS2_PLACEMENT_3D('',#6484,#5303,#5304);
#4375=AXIS2_PLACEMENT_3D('',#6488,#5307,#5308);
#4376=AXIS2_PLACEMENT_3D('',#6492,#5311,#5312);
#4377=AXIS2_PLACEMENT_3D('',#6496,#5315,#5316);
#4378=AXIS2_PLACEMENT_3D('',#6500,#5319,#5320);
#4379=AXIS2_PLACEMENT_3D('',#6502,#5322,#5323);
#4380=AXIS2_PLACEMENT_3D('',#6506,#5326,#5327);
#4381=AXIS2_PLACEMENT_3D('',#6510,#5330,#5331);
#4382=AXIS2_PLACEMENT_3D('',#6514,#5334,#5335);
#4383=AXIS2_PLACEMENT_3D('',#6516,#5337,#5338);
#4384=AXIS2_PLACEMENT_3D('',#6517,#5339,#5340);
#4385=AXIS2_PLACEMENT_3D('',#6518,#5341,#5342);
#4386=AXIS2_PLACEMENT_3D('',#6524,#5346,#5347);
#4387=AXIS2_PLACEMENT_3D('',#6530,#5351,#5352);
#4388=AXIS2_PLACEMENT_3D('',#6534,#5355,#5356);
#4389=AXIS2_PLACEMENT_3D('',#6538,#5359,#5360);
#4390=AXIS2_PLACEMENT_3D('',#6542,#5363,#5364);
#4391=AXIS2_PLACEMENT_3D('',#6546,#5367,#5368);
#4392=AXIS2_PLACEMENT_3D('',#6550,#5371,#5372);
#4393=AXIS2_PLACEMENT_3D('',#6554,#5375,#5376);
#4394=AXIS2_PLACEMENT_3D('',#6558,#5379,#5380);
#4395=AXIS2_PLACEMENT_3D('',#6562,#5383,#5384);
#4396=AXIS2_PLACEMENT_3D('',#6566,#5387,#5388);
#4397=AXIS2_PLACEMENT_3D('',#6568,#5390,#5391);
#4398=AXIS2_PLACEMENT_3D('',#6572,#5394,#5395);
#4399=AXIS2_PLACEMENT_3D('',#6576,#5398,#5399);
#4400=AXIS2_PLACEMENT_3D('',#6580,#5402,#5403);
#4401=AXIS2_PLACEMENT_3D('',#6582,#5405,#5406);
#4402=AXIS2_PLACEMENT_3D('',#6583,#5407,#5408);
#4403=DIRECTION('axis',(0.,0.,1.));
#4404=DIRECTION('refdir',(1.,0.,0.));
#4405=DIRECTION('center_axis',(0.707106781186548,0.707106781186547,0.));
#4406=DIRECTION('ref_axis',(-0.707106781186547,0.707106781186548,0.));
#4407=DIRECTION('',(0.,0.,-1.));
#4408=DIRECTION('',(-0.707106781186547,0.707106781186548,0.));
#4409=DIRECTION('',(0.,0.,1.));
#4410=DIRECTION('',(0.707106781186547,-0.707106781186548,0.));
#4411=DIRECTION('center_axis',(-0.707106781186548,0.707106781186547,0.));
#4412=DIRECTION('ref_axis',(-0.707106781186547,-0.707106781186548,0.));
#4413=DIRECTION('',(0.,0.,1.));
#4414=DIRECTION('',(0.707106781186547,0.707106781186548,0.));
#4415=DIRECTION('',(0.,0.,1.));
#4416=DIRECTION('',(-0.707106781186547,-0.707106781186548,0.));
#4417=DIRECTION('center_axis',(1.,0.,0.));
#4418=DIRECTION('ref_axis',(0.,1.,0.));
#4419=DIRECTION('',(0.,1.,0.));
#4420=DIRECTION('',(0.,1.,0.));
#4421=DIRECTION('',(0.,0.,1.));
#4422=DIRECTION('center_axis',(0.707106781186548,-0.707106781186547,0.));
#4423=DIRECTION('ref_axis',(0.707106781186547,0.707106781186548,0.));
#4424=DIRECTION('',(0.707106781186547,0.707106781186548,0.));
#4425=DIRECTION('',(0.707106781186547,0.707106781186548,0.));
#4426=DIRECTION('',(0.,0.,1.));
#4427=DIRECTION('center_axis',(0.,-1.,0.));
#4428=DIRECTION('ref_axis',(1.,0.,0.));
#4429=DIRECTION('',(1.,0.,0.));
#4430=DIRECTION('',(1.,0.,0.));
#4431=DIRECTION('',(0.,0.,1.));
#4432=DIRECTION('center_axis',(-0.707106781186548,-0.707106781186547,0.));
#4433=DIRECTION('ref_axis',(0.707106781186547,-0.707106781186548,0.));
#4434=DIRECTION('',(0.707106781186547,-0.707106781186548,0.));
#4435=DIRECTION('',(0.707106781186547,-0.707106781186548,0.));
#4436=DIRECTION('',(0.,0.,1.));
#4437=DIRECTION('center_axis',(-1.,-1.80231010491097E-16,0.));
#4438=DIRECTION('ref_axis',(1.80231010491097E-16,-1.,0.));
#4439=DIRECTION('',(1.80231010491097E-16,-1.,0.));
#4440=DIRECTION('',(1.80231010491097E-16,-1.,0.));
#4441=DIRECTION('center_axis',(0.,-1.,0.));
#4442=DIRECTION('ref_axis',(1.,0.,0.));
#4443=DIRECTION('',(1.,0.,0.));
#4444=DIRECTION('',(0.,0.,1.));
#4445=DIRECTION('',(1.,0.,0.));
#4446=DIRECTION('',(0.,0.,1.));
#4447=DIRECTION('center_axis',(0.,-1.,0.));
#4448=DIRECTION('ref_axis',(1.,0.,0.));
#4449=DIRECTION('',(-1.,0.,0.));
#4450=DIRECTION('',(0.,0.,1.));
#4451=DIRECTION('',(-1.,0.,0.));
#4452=DIRECTION('',(0.,0.,1.));
#4453=DIRECTION('center_axis',(0.707106781186548,-0.707106781186548,0.));
#4454=DIRECTION('ref_axis',(0.707106781186548,0.707106781186548,0.));
#4455=DIRECTION('',(0.707106781186547,0.707106781186547,0.));
#4456=DIRECTION('',(0.,0.,1.));
#4457=DIRECTION('',(0.707106781186547,0.707106781186547,0.));
#4458=DIRECTION('center_axis',(0.707106781186548,-0.707106781186548,0.));
#4459=DIRECTION('ref_axis',(0.707106781186548,0.707106781186548,0.));
#4460=DIRECTION('',(-0.707106781186547,-0.707106781186547,0.));
#4461=DIRECTION('',(0.707106781186547,0.707106781186547,0.));
#4462=DIRECTION('',(0.,0.,1.));
#4463=DIRECTION('center_axis',(1.,0.,0.));
#4464=DIRECTION('ref_axis',(0.,1.,0.));
#4465=DIRECTION('',(0.,1.,0.));
#4466=DIRECTION('',(0.,0.,1.));
#4467=DIRECTION('',(0.,1.,0.));
#4468=DIRECTION('center_axis',(-0.707106781186548,-0.707106781186548,0.));
#4469=DIRECTION('ref_axis',(0.707106781186548,-0.707106781186548,0.));
#4470=DIRECTION('',(0.707106781186547,-0.707106781186547,0.));
#4471=DIRECTION('',(0.707106781186547,-0.707106781186547,0.));
#4472=DIRECTION('',(0.,0.,1.));
#4473=DIRECTION('center_axis',(-0.707106781186548,-0.707106781186548,0.));
#4474=DIRECTION('ref_axis',(0.707106781186548,-0.707106781186548,0.));
#4475=DIRECTION('',(-0.707106781186547,0.707106781186547,0.));
#4476=DIRECTION('',(0.,0.,1.));
#4477=DIRECTION('',(0.707106781186547,-0.707106781186547,0.));
#4478=DIRECTION('center_axis',(0.707106781186548,0.707106781186548,0.));
#4479=DIRECTION('ref_axis',(-0.707106781186548,0.707106781186548,0.));
#4480=DIRECTION('',(-0.707106781186548,0.707106781186548,0.));
#4481=DIRECTION('',(0.,0.,1.));
#4482=DIRECTION('',(-0.707106781186547,0.707106781186547,0.));
#4483=DIRECTION('center_axis',(-1.,0.,0.));
#4484=DIRECTION('ref_axis',(0.,-1.,0.));
#4485=DIRECTION('',(0.,-1.,0.));
#4486=DIRECTION('',(0.,-1.,0.));
#4487=DIRECTION('',(0.,0.,1.));
#4488=DIRECTION('center_axis',(-1.,0.,0.));
#4489=DIRECTION('ref_axis',(0.,-1.,0.));
#4490=DIRECTION('',(0.,1.,0.));
#4491=DIRECTION('',(0.,0.,1.));
#4492=DIRECTION('',(0.,1.,0.));
#4493=DIRECTION('center_axis',(0.,1.,0.));
#4494=DIRECTION('ref_axis',(-1.,0.,0.));
#4495=DIRECTION('',(-1.,0.,0.));
#4496=DIRECTION('',(0.,0.,1.));
#4497=DIRECTION('',(-1.,0.,0.));
#4498=DIRECTION('center_axis',(-0.707106781186548,0.707106781186548,0.));
#4499=DIRECTION('ref_axis',(-0.707106781186548,-0.707106781186548,0.));
#4500=DIRECTION('',(-0.707106781186547,-0.707106781186547,0.));
#4501=DIRECTION('',(-0.707106781186547,-0.707106781186547,0.));
#4502=DIRECTION('center_axis',(-0.707106781186548,0.707106781186548,0.));
#4503=DIRECTION('ref_axis',(-0.707106781186548,-0.707106781186548,0.));
#4504=DIRECTION('',(0.707106781186547,0.707106781186547,0.));
#4505=DIRECTION('',(0.,0.,1.));
#4506=DIRECTION('',(0.707106781186547,0.707106781186547,0.));
#4507=DIRECTION('center_axis',(0.,1.,0.));
#4508=DIRECTION('ref_axis',(-1.,0.,0.));
#4509=DIRECTION('',(1.,0.,0.));
#4510=DIRECTION('',(0.,0.,1.));
#4511=DIRECTION('',(1.,0.,0.));
#4512=DIRECTION('center_axis',(0.707106781186548,0.707106781186548,0.));
#4513=DIRECTION('ref_axis',(-0.707106781186548,0.707106781186548,0.));
#4514=DIRECTION('',(0.707106781186548,-0.707106781186548,0.));
#4515=DIRECTION('',(0.,0.,1.));
#4516=DIRECTION('',(0.707106781186547,-0.707106781186547,0.));
#4517=DIRECTION('center_axis',(1.,0.,0.));
#4518=DIRECTION('ref_axis',(0.,1.,0.));
#4519=DIRECTION('',(0.,-1.,0.));
#4520=DIRECTION('',(0.,-1.,0.));
#4521=DIRECTION('center_axis',(0.,0.,1.));
#4522=DIRECTION('ref_axis',(1.,0.,0.));
#4523=DIRECTION('center_axis',(0.,0.,1.));
#4524=DIRECTION('ref_axis',(1.,0.,0.));
#4525=DIRECTION('center_axis',(0.,-1.,0.));
#4526=DIRECTION('ref_axis',(1.,0.,0.));
#4527=DIRECTION('',(1.,0.,0.));
#4528=DIRECTION('',(0.,0.,1.));
#4529=DIRECTION('',(1.,0.,0.));
#4530=DIRECTION('',(0.,0.,1.));
#4531=DIRECTION('center_axis',(0.,-1.,0.));
#4532=DIRECTION('ref_axis',(1.,0.,0.));
#4533=DIRECTION('',(-1.,0.,0.));
#4534=DIRECTION('',(0.,0.,1.));
#4535=DIRECTION('',(-1.,0.,0.));
#4536=DIRECTION('',(0.,0.,1.));
#4537=DIRECTION('center_axis',(0.707106781186548,-0.707106781186548,0.));
#4538=DIRECTION('ref_axis',(0.707106781186548,0.707106781186548,0.));
#4539=DIRECTION('',(0.707106781186548,0.707106781186548,0.));
#4540=DIRECTION('',(0.,0.,1.));
#4541=DIRECTION('',(0.707106781186547,0.707106781186547,0.));
#4542=DIRECTION('center_axis',(0.707106781186548,-0.707106781186548,0.));
#4543=DIRECTION('ref_axis',(0.707106781186548,0.707106781186548,0.));
#4544=DIRECTION('',(-0.707106781186547,-0.707106781186547,0.));
#4545=DIRECTION('',(0.707106781186547,0.707106781186547,0.));
#4546=DIRECTION('',(0.,0.,1.));
#4547=DIRECTION('center_axis',(1.,0.,0.));
#4548=DIRECTION('ref_axis',(0.,1.,0.));
#4549=DIRECTION('',(0.,1.,0.));
#4550=DIRECTION('',(0.,0.,1.));
#4551=DIRECTION('',(0.,1.,0.));
#4552=DIRECTION('center_axis',(-0.707106781186548,-0.707106781186548,0.));
#4553=DIRECTION('ref_axis',(0.707106781186548,-0.707106781186548,0.));
#4554=DIRECTION('',(0.707106781186548,-0.707106781186548,0.));
#4555=DIRECTION('',(0.707106781186547,-0.707106781186547,0.));
#4556=DIRECTION('',(0.,0.,1.));
#4557=DIRECTION('center_axis',(-0.707106781186548,-0.707106781186548,0.));
#4558=DIRECTION('ref_axis',(0.707106781186548,-0.707106781186548,0.));
#4559=DIRECTION('',(-0.707106781186548,0.707106781186548,0.));
#4560=DIRECTION('',(0.,0.,1.));
#4561=DIRECTION('',(0.707106781186547,-0.707106781186547,0.));
#4562=DIRECTION('center_axis',(0.707106781186548,0.707106781186548,0.));
#4563=DIRECTION('ref_axis',(-0.707106781186548,0.707106781186548,0.));
#4564=DIRECTION('',(-0.707106781186548,0.707106781186548,0.));
#4565=DIRECTION('',(0.,0.,1.));
#4566=DIRECTION('',(-0.707106781186547,0.707106781186547,0.));
#4567=DIRECTION('center_axis',(-1.,0.,0.));
#4568=DIRECTION('ref_axis',(0.,-1.,0.));
#4569=DIRECTION('',(0.,-1.,0.));
#4570=DIRECTION('',(0.,-1.,0.));
#4571=DIRECTION('',(0.,0.,1.));
#4572=DIRECTION('center_axis',(-1.,0.,0.));
#4573=DIRECTION('ref_axis',(0.,-1.,0.));
#4574=DIRECTION('',(0.,1.,0.));
#4575=DIRECTION('',(0.,0.,1.));
#4576=DIRECTION('',(0.,1.,0.));
#4577=DIRECTION('center_axis',(0.,1.,0.));
#4578=DIRECTION('ref_axis',(-1.,0.,0.));
#4579=DIRECTION('',(-1.,0.,0.));
#4580=DIRECTION('',(0.,0.,1.));
#4581=DIRECTION('',(-1.,0.,0.));
#4582=DIRECTION('center_axis',(-0.707106781186548,0.707106781186548,0.));
#4583=DIRECTION('ref_axis',(-0.707106781186548,-0.707106781186548,0.));
#4584=DIRECTION('',(-0.707106781186548,-0.707106781186548,0.));
#4585=DIRECTION('',(-0.707106781186547,-0.707106781186547,0.));
#4586=DIRECTION('center_axis',(-0.707106781186548,0.707106781186548,0.));
#4587=DIRECTION('ref_axis',(-0.707106781186548,-0.707106781186548,0.));
#4588=DIRECTION('',(0.707106781186547,0.707106781186547,0.));
#4589=DIRECTION('',(0.,0.,1.));
#4590=DIRECTION('',(0.707106781186547,0.707106781186547,0.));
#4591=DIRECTION('center_axis',(0.,1.,0.));
#4592=DIRECTION('ref_axis',(-1.,0.,0.));
#4593=DIRECTION('',(1.,0.,0.));
#4594=DIRECTION('',(0.,0.,1.));
#4595=DIRECTION('',(1.,0.,0.));
#4596=DIRECTION('center_axis',(0.707106781186548,0.707106781186548,0.));
#4597=DIRECTION('ref_axis',(-0.707106781186548,0.707106781186548,0.));
#4598=DIRECTION('',(0.707106781186548,-0.707106781186548,0.));
#4599=DIRECTION('',(0.,0.,1.));
#4600=DIRECTION('',(0.707106781186547,-0.707106781186547,0.));
#4601=DIRECTION('center_axis',(1.,0.,0.));
#4602=DIRECTION('ref_axis',(0.,1.,0.));
#4603=DIRECTION('',(0.,-1.,0.));
#4604=DIRECTION('',(0.,-1.,0.));
#4605=DIRECTION('center_axis',(0.,0.,1.));
#4606=DIRECTION('ref_axis',(1.,0.,0.));
#4607=DIRECTION('center_axis',(0.,0.,1.));
#4608=DIRECTION('ref_axis',(1.,0.,0.));
#4609=DIRECTION('center_axis',(-0.707106781186548,-0.707106781186547,0.));
#4610=DIRECTION('ref_axis',(0.707106781186547,-0.707106781186548,0.));
#4611=DIRECTION('',(0.707106781186547,-0.707106781186548,0.));
#4612=DIRECTION('',(0.,0.,1.));
#4613=DIRECTION('',(0.707106781186547,-0.707106781186548,0.));
#4614=DIRECTION('center_axis',(0.,0.,1.));
#4615=DIRECTION('ref_axis',(1.,0.,0.));
#4616=DIRECTION('',(0.707106781186547,0.707106781186548,0.));
#4617=DIRECTION('',(0.,1.,0.));
#4618=DIRECTION('',(-0.707106781186547,0.707106781186548,0.));
#4619=DIRECTION('',(0.707106781186547,0.707106781186548,0.));
#4620=DIRECTION('',(0.,1.,0.));
#4621=DIRECTION('',(-0.707106781186547,0.707106781186548,0.));
#4622=DIRECTION('',(0.707106781186547,0.707106781186548,0.));
#4623=DIRECTION('',(0.,1.,0.));
#4624=DIRECTION('',(-0.707106781186547,0.707106781186548,0.));
#4625=DIRECTION('',(0.707106781186547,0.707106781186548,0.));
#4626=DIRECTION('',(0.,1.,0.));
#4627=DIRECTION('',(-0.707106781186547,0.707106781186548,0.));
#4628=DIRECTION('',(-1.,0.,0.));
#4629=DIRECTION('',(-0.707106781186547,-0.707106781186548,0.));
#4630=DIRECTION('',(1.80231010491097E-16,-1.,0.));
#4631=DIRECTION('',(0.707106781186547,-0.707106781186548,0.));
#4632=DIRECTION('',(-0.707106781186547,-0.707106781186548,0.));
#4633=DIRECTION('',(1.80231010491097E-16,-1.,0.));
#4634=DIRECTION('',(0.707106781186547,-0.707106781186548,0.));
#4635=DIRECTION('',(-0.707106781186547,-0.707106781186548,0.));
#4636=DIRECTION('',(1.80231010491097E-16,-1.,0.));
#4637=DIRECTION('',(0.707106781186547,-0.707106781186548,0.));
#4638=DIRECTION('',(-0.707106781186547,-0.707106781186548,0.));
#4639=DIRECTION('',(1.80231010491097E-16,-1.,0.));
#4640=DIRECTION('',(-0.707106781186547,-0.707106781186547,0.));
#4641=DIRECTION('',(-1.,0.,0.));
#4642=DIRECTION('',(-0.707106781186548,0.707106781186548,0.));
#4643=DIRECTION('',(0.,1.,0.));
#4644=DIRECTION('',(0.707106781186547,0.707106781186547,0.));
#4645=DIRECTION('',(1.,0.,0.));
#4646=DIRECTION('',(0.707106781186547,-0.707106781186547,0.));
#4647=DIRECTION('',(0.,-1.,0.));
#4648=DIRECTION('',(-0.707106781186548,-0.707106781186548,0.));
#4649=DIRECTION('',(-1.,0.,0.));
#4650=DIRECTION('',(-0.707106781186548,0.707106781186548,0.));
#4651=DIRECTION('',(0.,1.,0.));
#4652=DIRECTION('',(0.707106781186548,0.707106781186548,0.));
#4653=DIRECTION('',(1.,0.,0.));
#4654=DIRECTION('',(0.707106781186548,-0.707106781186548,0.));
#4655=DIRECTION('',(0.,-1.,0.));
#4656=DIRECTION('',(-0.707106781186548,-0.707106781186548,0.));
#4657=DIRECTION('',(-1.,0.,0.));
#4658=DIRECTION('',(-0.707106781186548,0.707106781186548,0.));
#4659=DIRECTION('',(0.,1.,0.));
#4660=DIRECTION('',(0.707106781186548,0.707106781186548,0.));
#4661=DIRECTION('',(1.,0.,0.));
#4662=DIRECTION('',(0.707106781186548,-0.707106781186548,0.));
#4663=DIRECTION('',(0.,-1.,0.));
#4664=DIRECTION('',(-0.707106781186547,-0.707106781186547,0.));
#4665=DIRECTION('',(-1.,0.,0.));
#4666=DIRECTION('',(-0.707106781186548,0.707106781186548,0.));
#4667=DIRECTION('',(0.,1.,0.));
#4668=DIRECTION('',(0.707106781186547,0.707106781186547,0.));
#4669=DIRECTION('',(1.,0.,0.));
#4670=DIRECTION('',(0.707106781186547,-0.707106781186547,0.));
#4671=DIRECTION('',(0.,-1.,0.));
#4672=DIRECTION('',(-0.707106781186548,-0.707106781186548,0.));
#4673=DIRECTION('',(-1.,0.,0.));
#4674=DIRECTION('',(-0.707106781186548,0.707106781186548,0.));
#4675=DIRECTION('',(0.,1.,0.));
#4676=DIRECTION('',(0.707106781186548,0.707106781186548,0.));
#4677=DIRECTION('',(1.,0.,0.));
#4678=DIRECTION('',(0.707106781186548,-0.707106781186548,0.));
#4679=DIRECTION('',(0.,-1.,0.));
#4680=DIRECTION('',(-0.707106781186547,-0.707106781186547,0.));
#4681=DIRECTION('',(-1.,0.,0.));
#4682=DIRECTION('',(-0.707106781186548,0.707106781186548,0.));
#4683=DIRECTION('',(0.,1.,0.));
#4684=DIRECTION('',(0.707106781186547,0.707106781186547,0.));
#4685=DIRECTION('',(1.,0.,0.));
#4686=DIRECTION('',(0.707106781186547,-0.707106781186547,0.));
#4687=DIRECTION('',(0.,-1.,0.));
#4688=DIRECTION('',(-0.707106781186548,-0.707106781186548,0.));
#4689=DIRECTION('',(-1.,0.,0.));
#4690=DIRECTION('',(-0.707106781186548,0.707106781186548,0.));
#4691=DIRECTION('',(0.,1.,0.));
#4692=DIRECTION('',(0.707106781186548,0.707106781186548,0.));
#4693=DIRECTION('',(1.,0.,0.));
#4694=DIRECTION('',(0.707106781186548,-0.707106781186548,0.));
#4695=DIRECTION('',(0.,-1.,0.));
#4696=DIRECTION('',(-0.707106781186547,-0.707106781186547,0.));
#4697=DIRECTION('',(-1.,0.,0.));
#4698=DIRECTION('',(-0.707106781186548,0.707106781186548,0.));
#4699=DIRECTION('',(0.,1.,0.));
#4700=DIRECTION('',(0.707106781186547,0.707106781186547,0.));
#4701=DIRECTION('',(1.,0.,0.));
#4702=DIRECTION('',(0.707106781186547,-0.707106781186547,0.));
#4703=DIRECTION('',(0.,-1.,0.));
#4704=DIRECTION('center_axis',(0.707106781186548,0.707106781186547,0.));
#4705=DIRECTION('ref_axis',(-0.707106781186547,0.707106781186548,0.));
#4706=DIRECTION('',(0.,0.,-1.));
#4707=DIRECTION('',(0.,0.,1.));
#4708=DIRECTION('',(0.707106781186547,-0.707106781186548,0.));
#4709=DIRECTION('center_axis',(-0.707106781186548,0.707106781186547,0.));
#4710=DIRECTION('ref_axis',(-0.707106781186547,-0.707106781186548,0.));
#4711=DIRECTION('',(0.,0.,1.));
#4712=DIRECTION('',(0.707106781186547,0.707106781186548,0.));
#4713=DIRECTION('',(0.,0.,1.));
#4714=DIRECTION('center_axis',(1.,0.,0.));
#4715=DIRECTION('ref_axis',(0.,1.,0.));
#4716=DIRECTION('',(0.,1.,0.));
#4717=DIRECTION('',(0.,0.,1.));
#4718=DIRECTION('center_axis',(0.707106781186548,-0.707106781186547,0.));
#4719=DIRECTION('ref_axis',(0.707106781186547,0.707106781186548,0.));
#4720=DIRECTION('',(0.707106781186547,0.707106781186548,0.));
#4721=DIRECTION('center_axis',(-1.,-1.80231010491097E-16,0.));
#4722=DIRECTION('ref_axis',(1.80231010491097E-16,-1.,0.));
#4723=DIRECTION('',(1.80231010491097E-16,-1.,0.));
#4724=DIRECTION('center_axis',(0.,-1.,0.));
#4725=DIRECTION('ref_axis',(1.,0.,0.));
#4726=DIRECTION('',(0.,0.,1.));
#4727=DIRECTION('',(1.,0.,0.));
#4728=DIRECTION('',(0.,0.,1.));
#4729=DIRECTION('center_axis',(0.,-1.,0.));
#4730=DIRECTION('ref_axis',(1.,0.,0.));
#4731=DIRECTION('',(-1.,0.,0.));
#4732=DIRECTION('',(0.,0.,1.));
#4733=DIRECTION('',(-1.,0.,0.));
#4734=DIRECTION('',(0.,0.,1.));
#4735=DIRECTION('center_axis',(0.707106781186548,-0.707106781186548,0.));
#4736=DIRECTION('ref_axis',(0.707106781186548,0.707106781186548,0.));
#4737=DIRECTION('',(0.,0.,1.));
#4738=DIRECTION('',(0.707106781186547,0.707106781186547,0.));
#4739=DIRECTION('center_axis',(0.707106781186548,-0.707106781186548,0.));
#4740=DIRECTION('ref_axis',(0.707106781186548,0.707106781186548,0.));
#4741=DIRECTION('',(-0.707106781186547,-0.707106781186547,0.));
#4742=DIRECTION('',(0.707106781186547,0.707106781186547,0.));
#4743=DIRECTION('',(0.,0.,1.));
#4744=DIRECTION('center_axis',(1.,0.,0.));
#4745=DIRECTION('ref_axis',(0.,1.,0.));
#4746=DIRECTION('',(0.,0.,1.));
#4747=DIRECTION('',(0.,1.,0.));
#4748=DIRECTION('center_axis',(-0.707106781186548,-0.707106781186548,0.));
#4749=DIRECTION('ref_axis',(0.707106781186548,-0.707106781186548,0.));
#4750=DIRECTION('',(0.707106781186547,-0.707106781186547,0.));
#4751=DIRECTION('',(0.,0.,1.));
#4752=DIRECTION('center_axis',(-0.707106781186548,-0.707106781186548,0.));
#4753=DIRECTION('ref_axis',(0.707106781186548,-0.707106781186548,0.));
#4754=DIRECTION('',(-0.707106781186547,0.707106781186547,0.));
#4755=DIRECTION('',(0.,0.,1.));
#4756=DIRECTION('',(0.707106781186547,-0.707106781186547,0.));
#4757=DIRECTION('center_axis',(0.707106781186548,0.707106781186548,0.));
#4758=DIRECTION('ref_axis',(-0.707106781186548,0.707106781186548,0.));
#4759=DIRECTION('',(0.,0.,1.));
#4760=DIRECTION('',(-0.707106781186547,0.707106781186547,0.));
#4761=DIRECTION('center_axis',(-1.,0.,0.));
#4762=DIRECTION('ref_axis',(0.,-1.,0.));
#4763=DIRECTION('',(0.,-1.,0.));
#4764=DIRECTION('',(0.,0.,1.));
#4765=DIRECTION('center_axis',(-1.,0.,0.));
#4766=DIRECTION('ref_axis',(0.,-1.,0.));
#4767=DIRECTION('',(0.,1.,0.));
#4768=DIRECTION('',(0.,0.,1.));
#4769=DIRECTION('',(0.,1.,0.));
#4770=DIRECTION('center_axis',(0.,1.,0.));
#4771=DIRECTION('ref_axis',(-1.,0.,0.));
#4772=DIRECTION('',(0.,0.,1.));
#4773=DIRECTION('',(-1.,0.,0.));
#4774=DIRECTION('center_axis',(-0.707106781186548,0.707106781186548,0.));
#4775=DIRECTION('ref_axis',(-0.707106781186548,-0.707106781186548,0.));
#4776=DIRECTION('',(-0.707106781186547,-0.707106781186547,0.));
#4777=DIRECTION('center_axis',(-0.707106781186548,0.707106781186548,0.));
#4778=DIRECTION('ref_axis',(-0.707106781186548,-0.707106781186548,0.));
#4779=DIRECTION('',(0.707106781186547,0.707106781186547,0.));
#4780=DIRECTION('',(0.,0.,1.));
#4781=DIRECTION('',(0.707106781186547,0.707106781186547,0.));
#4782=DIRECTION('center_axis',(0.,1.,0.));
#4783=DIRECTION('ref_axis',(-1.,0.,0.));
#4784=DIRECTION('',(1.,0.,0.));
#4785=DIRECTION('',(0.,0.,1.));
#4786=DIRECTION('',(1.,0.,0.));
#4787=DIRECTION('center_axis',(0.707106781186548,0.707106781186548,0.));
#4788=DIRECTION('ref_axis',(-0.707106781186548,0.707106781186548,0.));
#4789=DIRECTION('',(0.707106781186548,-0.707106781186548,0.));
#4790=DIRECTION('',(0.,0.,1.));
#4791=DIRECTION('',(0.707106781186547,-0.707106781186547,0.));
#4792=DIRECTION('center_axis',(1.,0.,0.));
#4793=DIRECTION('ref_axis',(0.,1.,0.));
#4794=DIRECTION('',(0.,-1.,0.));
#4795=DIRECTION('',(0.,-1.,0.));
#4796=DIRECTION('center_axis',(0.,0.,1.));
#4797=DIRECTION('ref_axis',(1.,0.,0.));
#4798=DIRECTION('center_axis',(0.,0.,1.));
#4799=DIRECTION('ref_axis',(1.,0.,0.));
#4800=DIRECTION('center_axis',(0.,-1.,0.));
#4801=DIRECTION('ref_axis',(1.,0.,0.));
#4802=DIRECTION('',(0.,0.,1.));
#4803=DIRECTION('',(1.,0.,0.));
#4804=DIRECTION('',(0.,0.,1.));
#4805=DIRECTION('center_axis',(0.,-1.,0.));
#4806=DIRECTION('ref_axis',(1.,0.,0.));
#4807=DIRECTION('',(-1.,0.,0.));
#4808=DIRECTION('',(0.,0.,1.));
#4809=DIRECTION('',(-1.,0.,0.));
#4810=DIRECTION('',(0.,0.,1.));
#4811=DIRECTION('center_axis',(0.707106781186548,-0.707106781186548,0.));
#4812=DIRECTION('ref_axis',(0.707106781186548,0.707106781186548,0.));
#4813=DIRECTION('',(0.,0.,1.));
#4814=DIRECTION('',(0.707106781186547,0.707106781186547,0.));
#4815=DIRECTION('center_axis',(0.707106781186548,-0.707106781186548,0.));
#4816=DIRECTION('ref_axis',(0.707106781186548,0.707106781186548,0.));
#4817=DIRECTION('',(-0.707106781186547,-0.707106781186547,0.));
#4818=DIRECTION('',(0.707106781186547,0.707106781186547,0.));
#4819=DIRECTION('',(0.,0.,1.));
#4820=DIRECTION('center_axis',(1.,0.,0.));
#4821=DIRECTION('ref_axis',(0.,1.,0.));
#4822=DIRECTION('',(0.,0.,1.));
#4823=DIRECTION('',(0.,1.,0.));
#4824=DIRECTION('center_axis',(-0.707106781186548,-0.707106781186548,0.));
#4825=DIRECTION('ref_axis',(0.707106781186548,-0.707106781186548,0.));
#4826=DIRECTION('',(0.707106781186547,-0.707106781186547,0.));
#4827=DIRECTION('',(0.,0.,1.));
#4828=DIRECTION('center_axis',(-0.707106781186548,-0.707106781186548,0.));
#4829=DIRECTION('ref_axis',(0.707106781186548,-0.707106781186548,0.));
#4830=DIRECTION('',(-0.707106781186548,0.707106781186548,0.));
#4831=DIRECTION('',(0.,0.,1.));
#4832=DIRECTION('',(0.707106781186547,-0.707106781186547,0.));
#4833=DIRECTION('center_axis',(0.707106781186548,0.707106781186548,0.));
#4834=DIRECTION('ref_axis',(-0.707106781186548,0.707106781186548,0.));
#4835=DIRECTION('',(0.,0.,1.));
#4836=DIRECTION('',(-0.707106781186547,0.707106781186547,0.));
#4837=DIRECTION('center_axis',(-1.,0.,0.));
#4838=DIRECTION('ref_axis',(0.,-1.,0.));
#4839=DIRECTION('',(0.,-1.,0.));
#4840=DIRECTION('',(0.,0.,1.));
#4841=DIRECTION('center_axis',(-1.,0.,0.));
#4842=DIRECTION('ref_axis',(0.,-1.,0.));
#4843=DIRECTION('',(0.,1.,0.));
#4844=DIRECTION('',(0.,0.,1.));
#4845=DIRECTION('',(0.,1.,0.));
#4846=DIRECTION('center_axis',(0.,1.,0.));
#4847=DIRECTION('ref_axis',(-1.,0.,0.));
#4848=DIRECTION('',(0.,0.,1.));
#4849=DIRECTION('',(-1.,0.,0.));
#4850=DIRECTION('center_axis',(-0.707106781186548,0.707106781186548,0.));
#4851=DIRECTION('ref_axis',(-0.707106781186548,-0.707106781186548,0.));
#4852=DIRECTION('',(-0.707106781186547,-0.707106781186547,0.));
#4853=DIRECTION('center_axis',(-0.707106781186548,0.707106781186548,0.));
#4854=DIRECTION('ref_axis',(-0.707106781186548,-0.707106781186548,0.));
#4855=DIRECTION('',(0.707106781186547,0.707106781186547,0.));
#4856=DIRECTION('',(0.,0.,1.));
#4857=DIRECTION('',(0.707106781186547,0.707106781186547,0.));
#4858=DIRECTION('center_axis',(0.,1.,0.));
#4859=DIRECTION('ref_axis',(-1.,0.,0.));
#4860=DIRECTION('',(1.,0.,0.));
#4861=DIRECTION('',(0.,0.,1.));
#4862=DIRECTION('',(1.,0.,0.));
#4863=DIRECTION('center_axis',(0.707106781186548,0.707106781186548,0.));
#4864=DIRECTION('ref_axis',(-0.707106781186548,0.707106781186548,0.));
#4865=DIRECTION('',(0.707106781186548,-0.707106781186548,0.));
#4866=DIRECTION('',(0.,0.,1.));
#4867=DIRECTION('',(0.707106781186547,-0.707106781186547,0.));
#4868=DIRECTION('center_axis',(1.,0.,0.));
#4869=DIRECTION('ref_axis',(0.,1.,0.));
#4870=DIRECTION('',(0.,-1.,0.));
#4871=DIRECTION('',(0.,-1.,0.));
#4872=DIRECTION('center_axis',(0.,0.,1.));
#4873=DIRECTION('ref_axis',(1.,0.,0.));
#4874=DIRECTION('center_axis',(0.,0.,1.));
#4875=DIRECTION('ref_axis',(1.,0.,0.));
#4876=DIRECTION('center_axis',(-0.707106781186548,-0.707106781186547,0.));
#4877=DIRECTION('ref_axis',(0.707106781186547,-0.707106781186548,0.));
#4878=DIRECTION('',(0.,0.,1.));
#4879=DIRECTION('',(0.707106781186547,-0.707106781186548,0.));
#4880=DIRECTION('center_axis',(0.707106781186548,0.707106781186547,0.));
#4881=DIRECTION('ref_axis',(-0.707106781186547,0.707106781186548,0.));
#4882=DIRECTION('',(0.,0.,-1.));
#4883=DIRECTION('',(0.,0.,1.));
#4884=DIRECTION('',(0.707106781186547,-0.707106781186548,0.));
#4885=DIRECTION('center_axis',(-0.707106781186548,0.707106781186547,0.));
#4886=DIRECTION('ref_axis',(-0.707106781186547,-0.707106781186548,0.));
#4887=DIRECTION('',(0.,0.,1.));
#4888=DIRECTION('',(0.707106781186547,0.707106781186548,0.));
#4889=DIRECTION('',(0.,0.,1.));
#4890=DIRECTION('center_axis',(1.,0.,0.));
#4891=DIRECTION('ref_axis',(0.,1.,0.));
#4892=DIRECTION('',(0.,1.,0.));
#4893=DIRECTION('',(0.,0.,1.));
#4894=DIRECTION('center_axis',(0.707106781186548,-0.707106781186547,0.));
#4895=DIRECTION('ref_axis',(0.707106781186547,0.707106781186548,0.));
#4896=DIRECTION('',(0.707106781186547,0.707106781186548,0.));
#4897=DIRECTION('center_axis',(-1.,-1.80231010491097E-16,0.));
#4898=DIRECTION('ref_axis',(1.80231010491097E-16,-1.,0.));
#4899=DIRECTION('',(1.80231010491097E-16,-1.,0.));
#4900=DIRECTION('center_axis',(0.,-1.,0.));
#4901=DIRECTION('ref_axis',(1.,0.,0.));
#4902=DIRECTION('',(0.,0.,1.));
#4903=DIRECTION('',(1.,0.,0.));
#4904=DIRECTION('',(0.,0.,1.));
#4905=DIRECTION('center_axis',(0.,-1.,0.));
#4906=DIRECTION('ref_axis',(1.,0.,0.));
#4907=DIRECTION('',(-1.,0.,0.));
#4908=DIRECTION('',(0.,0.,1.));
#4909=DIRECTION('',(-1.,0.,0.));
#4910=DIRECTION('',(0.,0.,1.));
#4911=DIRECTION('center_axis',(0.707106781186548,-0.707106781186548,0.));
#4912=DIRECTION('ref_axis',(0.707106781186548,0.707106781186548,0.));
#4913=DIRECTION('',(0.,0.,1.));
#4914=DIRECTION('',(0.707106781186547,0.707106781186547,0.));
#4915=DIRECTION('center_axis',(0.707106781186548,-0.707106781186548,0.));
#4916=DIRECTION('ref_axis',(0.707106781186548,0.707106781186548,0.));
#4917=DIRECTION('',(-0.707106781186547,-0.707106781186547,0.));
#4918=DIRECTION('',(0.707106781186547,0.707106781186547,0.));
#4919=DIRECTION('',(0.,0.,1.));
#4920=DIRECTION('center_axis',(1.,0.,0.));
#4921=DIRECTION('ref_axis',(0.,1.,0.));
#4922=DIRECTION('',(0.,0.,1.));
#4923=DIRECTION('',(0.,1.,0.));
#4924=DIRECTION('center_axis',(-0.707106781186548,-0.707106781186548,0.));
#4925=DIRECTION('ref_axis',(0.707106781186548,-0.707106781186548,0.));
#4926=DIRECTION('',(0.707106781186547,-0.707106781186547,0.));
#4927=DIRECTION('',(0.,0.,1.));
#4928=DIRECTION('center_axis',(-0.707106781186548,-0.707106781186548,0.));
#4929=DIRECTION('ref_axis',(0.707106781186548,-0.707106781186548,0.));
#4930=DIRECTION('',(-0.707106781186547,0.707106781186547,0.));
#4931=DIRECTION('',(0.,0.,1.));
#4932=DIRECTION('',(0.707106781186547,-0.707106781186547,0.));
#4933=DIRECTION('center_axis',(0.707106781186548,0.707106781186548,0.));
#4934=DIRECTION('ref_axis',(-0.707106781186548,0.707106781186548,0.));
#4935=DIRECTION('',(0.,0.,1.));
#4936=DIRECTION('',(-0.707106781186547,0.707106781186547,0.));
#4937=DIRECTION('center_axis',(-1.,0.,0.));
#4938=DIRECTION('ref_axis',(0.,-1.,0.));
#4939=DIRECTION('',(0.,-1.,0.));
#4940=DIRECTION('',(0.,0.,1.));
#4941=DIRECTION('center_axis',(-1.,0.,0.));
#4942=DIRECTION('ref_axis',(0.,-1.,0.));
#4943=DIRECTION('',(0.,1.,0.));
#4944=DIRECTION('',(0.,0.,1.));
#4945=DIRECTION('',(0.,1.,0.));
#4946=DIRECTION('center_axis',(0.,1.,0.));
#4947=DIRECTION('ref_axis',(-1.,0.,0.));
#4948=DIRECTION('',(0.,0.,1.));
#4949=DIRECTION('',(-1.,0.,0.));
#4950=DIRECTION('center_axis',(-0.707106781186548,0.707106781186548,0.));
#4951=DIRECTION('ref_axis',(-0.707106781186548,-0.707106781186548,0.));
#4952=DIRECTION('',(-0.707106781186547,-0.707106781186547,0.));
#4953=DIRECTION('center_axis',(-0.707106781186548,0.707106781186548,0.));
#4954=DIRECTION('ref_axis',(-0.707106781186548,-0.707106781186548,0.));
#4955=DIRECTION('',(0.707106781186547,0.707106781186547,0.));
#4956=DIRECTION('',(0.,0.,1.));
#4957=DIRECTION('',(0.707106781186547,0.707106781186547,0.));
#4958=DIRECTION('center_axis',(0.,1.,0.));
#4959=DIRECTION('ref_axis',(-1.,0.,0.));
#4960=DIRECTION('',(1.,0.,0.));
#4961=DIRECTION('',(0.,0.,1.));
#4962=DIRECTION('',(1.,0.,0.));
#4963=DIRECTION('center_axis',(0.707106781186548,0.707106781186548,0.));
#4964=DIRECTION('ref_axis',(-0.707106781186548,0.707106781186548,0.));
#4965=DIRECTION('',(0.707106781186548,-0.707106781186548,0.));
#4966=DIRECTION('',(0.,0.,1.));
#4967=DIRECTION('',(0.707106781186547,-0.707106781186547,0.));
#4968=DIRECTION('center_axis',(1.,0.,0.));
#4969=DIRECTION('ref_axis',(0.,1.,0.));
#4970=DIRECTION('',(0.,-1.,0.));
#4971=DIRECTION('',(0.,-1.,0.));
#4972=DIRECTION('center_axis',(0.,0.,1.));
#4973=DIRECTION('ref_axis',(1.,0.,0.));
#4974=DIRECTION('center_axis',(0.,0.,1.));
#4975=DIRECTION('ref_axis',(1.,0.,0.));
#4976=DIRECTION('center_axis',(0.,-1.,0.));
#4977=DIRECTION('ref_axis',(1.,0.,0.));
#4978=DIRECTION('',(0.,0.,1.));
#4979=DIRECTION('',(1.,0.,0.));
#4980=DIRECTION('',(0.,0.,1.));
#4981=DIRECTION('center_axis',(0.,-1.,0.));
#4982=DIRECTION('ref_axis',(1.,0.,0.));
#4983=DIRECTION('',(-1.,0.,0.));
#4984=DIRECTION('',(0.,0.,1.));
#4985=DIRECTION('',(-1.,0.,0.));
#4986=DIRECTION('',(0.,0.,1.));
#4987=DIRECTION('center_axis',(0.707106781186548,-0.707106781186548,0.));
#4988=DIRECTION('ref_axis',(0.707106781186548,0.707106781186548,0.));
#4989=DIRECTION('',(0.,0.,1.));
#4990=DIRECTION('',(0.707106781186547,0.707106781186547,0.));
#4991=DIRECTION('center_axis',(0.707106781186548,-0.707106781186548,0.));
#4992=DIRECTION('ref_axis',(0.707106781186548,0.707106781186548,0.));
#4993=DIRECTION('',(-0.707106781186547,-0.707106781186547,0.));
#4994=DIRECTION('',(0.707106781186547,0.707106781186547,0.));
#4995=DIRECTION('',(0.,0.,1.));
#4996=DIRECTION('center_axis',(1.,0.,0.));
#4997=DIRECTION('ref_axis',(0.,1.,0.));
#4998=DIRECTION('',(0.,0.,1.));
#4999=DIRECTION('',(0.,1.,0.));
#5000=DIRECTION('center_axis',(-0.707106781186548,-0.707106781186548,0.));
#5001=DIRECTION('ref_axis',(0.707106781186548,-0.707106781186548,0.));
#5002=DIRECTION('',(0.707106781186547,-0.707106781186547,0.));
#5003=DIRECTION('',(0.,0.,1.));
#5004=DIRECTION('center_axis',(-0.707106781186548,-0.707106781186548,0.));
#5005=DIRECTION('ref_axis',(0.707106781186548,-0.707106781186548,0.));
#5006=DIRECTION('',(-0.707106781186548,0.707106781186548,0.));
#5007=DIRECTION('',(0.,0.,1.));
#5008=DIRECTION('',(0.707106781186547,-0.707106781186547,0.));
#5009=DIRECTION('center_axis',(0.707106781186548,0.707106781186548,0.));
#5010=DIRECTION('ref_axis',(-0.707106781186548,0.707106781186548,0.));
#5011=DIRECTION('',(0.,0.,1.));
#5012=DIRECTION('',(-0.707106781186547,0.707106781186547,0.));
#5013=DIRECTION('center_axis',(-1.,0.,0.));
#5014=DIRECTION('ref_axis',(0.,-1.,0.));
#5015=DIRECTION('',(0.,-1.,0.));
#5016=DIRECTION('',(0.,0.,1.));
#5017=DIRECTION('center_axis',(-1.,0.,0.));
#5018=DIRECTION('ref_axis',(0.,-1.,0.));
#5019=DIRECTION('',(0.,1.,0.));
#5020=DIRECTION('',(0.,0.,1.));
#5021=DIRECTION('',(0.,1.,0.));
#5022=DIRECTION('center_axis',(0.,1.,0.));
#5023=DIRECTION('ref_axis',(-1.,0.,0.));
#5024=DIRECTION('',(0.,0.,1.));
#5025=DIRECTION('',(-1.,0.,0.));
#5026=DIRECTION('center_axis',(-0.707106781186548,0.707106781186548,0.));
#5027=DIRECTION('ref_axis',(-0.707106781186548,-0.707106781186548,0.));
#5028=DIRECTION('',(-0.707106781186547,-0.707106781186547,0.));
#5029=DIRECTION('center_axis',(-0.707106781186548,0.707106781186548,0.));
#5030=DIRECTION('ref_axis',(-0.707106781186548,-0.707106781186548,0.));
#5031=DIRECTION('',(0.707106781186547,0.707106781186547,0.));
#5032=DIRECTION('',(0.,0.,1.));
#5033=DIRECTION('',(0.707106781186547,0.707106781186547,0.));
#5034=DIRECTION('center_axis',(0.,1.,0.));
#5035=DIRECTION('ref_axis',(-1.,0.,0.));
#5036=DIRECTION('',(1.,0.,0.));
#5037=DIRECTION('',(0.,0.,1.));
#5038=DIRECTION('',(1.,0.,0.));
#5039=DIRECTION('center_axis',(0.707106781186548,0.707106781186548,0.));
#5040=DIRECTION('ref_axis',(-0.707106781186548,0.707106781186548,0.));
#5041=DIRECTION('',(0.707106781186548,-0.707106781186548,0.));
#5042=DIRECTION('',(0.,0.,1.));
#5043=DIRECTION('',(0.707106781186547,-0.707106781186547,0.));
#5044=DIRECTION('center_axis',(1.,0.,0.));
#5045=DIRECTION('ref_axis',(0.,1.,0.));
#5046=DIRECTION('',(0.,-1.,0.));
#5047=DIRECTION('',(0.,-1.,0.));
#5048=DIRECTION('center_axis',(0.,0.,1.));
#5049=DIRECTION('ref_axis',(1.,0.,0.));
#5050=DIRECTION('center_axis',(0.,0.,1.));
#5051=DIRECTION('ref_axis',(1.,0.,0.));
#5052=DIRECTION('center_axis',(-0.707106781186548,-0.707106781186547,0.));
#5053=DIRECTION('ref_axis',(0.707106781186547,-0.707106781186548,0.));
#5054=DIRECTION('',(0.,0.,1.));
#5055=DIRECTION('',(0.707106781186547,-0.707106781186548,0.));
#5056=DIRECTION('center_axis',(0.707106781186548,0.707106781186547,0.));
#5057=DIRECTION('ref_axis',(-0.707106781186547,0.707106781186548,0.));
#5058=DIRECTION('',(0.,0.,-1.));
#5059=DIRECTION('',(0.,0.,1.));
#5060=DIRECTION('',(0.707106781186547,-0.707106781186548,0.));
#5061=DIRECTION('center_axis',(-0.707106781186548,0.707106781186547,0.));
#5062=DIRECTION('ref_axis',(-0.707106781186547,-0.707106781186548,0.));
#5063=DIRECTION('',(0.,0.,1.));
#5064=DIRECTION('',(0.707106781186547,0.707106781186548,0.));
#5065=DIRECTION('',(0.,0.,1.));
#5066=DIRECTION('center_axis',(1.,0.,0.));
#5067=DIRECTION('ref_axis',(0.,1.,0.));
#5068=DIRECTION('',(0.,1.,0.));
#5069=DIRECTION('',(0.,0.,1.));
#5070=DIRECTION('center_axis',(0.707106781186548,-0.707106781186547,0.));
#5071=DIRECTION('ref_axis',(0.707106781186547,0.707106781186548,0.));
#5072=DIRECTION('',(0.707106781186547,0.707106781186548,0.));
#5073=DIRECTION('center_axis',(-1.,-1.80231010491097E-16,0.));
#5074=DIRECTION('ref_axis',(1.80231010491097E-16,-1.,0.));
#5075=DIRECTION('',(1.80231010491097E-16,-1.,0.));
#5076=DIRECTION('center_axis',(0.,-1.,0.));
#5077=DIRECTION('ref_axis',(1.,0.,0.));
#5078=DIRECTION('',(0.,0.,1.));
#5079=DIRECTION('',(1.,0.,0.));
#5080=DIRECTION('',(0.,0.,1.));
#5081=DIRECTION('center_axis',(0.,-1.,0.));
#5082=DIRECTION('ref_axis',(1.,0.,0.));
#5083=DIRECTION('',(-1.,0.,0.));
#5084=DIRECTION('',(0.,0.,1.));
#5085=DIRECTION('',(-1.,0.,0.));
#5086=DIRECTION('',(0.,0.,1.));
#5087=DIRECTION('center_axis',(0.707106781186548,-0.707106781186548,0.));
#5088=DIRECTION('ref_axis',(0.707106781186548,0.707106781186548,0.));
#5089=DIRECTION('',(0.,0.,1.));
#5090=DIRECTION('',(0.707106781186547,0.707106781186547,0.));
#5091=DIRECTION('center_axis',(0.707106781186548,-0.707106781186548,0.));
#5092=DIRECTION('ref_axis',(0.707106781186548,0.707106781186548,0.));
#5093=DIRECTION('',(-0.707106781186547,-0.707106781186547,0.));
#5094=DIRECTION('',(0.707106781186547,0.707106781186547,0.));
#5095=DIRECTION('',(0.,0.,1.));
#5096=DIRECTION('center_axis',(1.,0.,0.));
#5097=DIRECTION('ref_axis',(0.,1.,0.));
#5098=DIRECTION('',(0.,0.,1.));
#5099=DIRECTION('',(0.,1.,0.));
#5100=DIRECTION('center_axis',(-0.707106781186548,-0.707106781186548,0.));
#5101=DIRECTION('ref_axis',(0.707106781186548,-0.707106781186548,0.));
#5102=DIRECTION('',(0.707106781186547,-0.707106781186547,0.));
#5103=DIRECTION('',(0.,0.,1.));
#5104=DIRECTION('center_axis',(-0.707106781186548,-0.707106781186548,0.));
#5105=DIRECTION('ref_axis',(0.707106781186548,-0.707106781186548,0.));
#5106=DIRECTION('',(-0.707106781186547,0.707106781186547,0.));
#5107=DIRECTION('',(0.,0.,1.));
#5108=DIRECTION('',(0.707106781186547,-0.707106781186547,0.));
#5109=DIRECTION('center_axis',(0.707106781186548,0.707106781186548,0.));
#5110=DIRECTION('ref_axis',(-0.707106781186548,0.707106781186548,0.));
#5111=DIRECTION('',(0.,0.,1.));
#5112=DIRECTION('',(-0.707106781186547,0.707106781186547,0.));
#5113=DIRECTION('center_axis',(-1.,0.,0.));
#5114=DIRECTION('ref_axis',(0.,-1.,0.));
#5115=DIRECTION('',(0.,-1.,0.));
#5116=DIRECTION('',(0.,0.,1.));
#5117=DIRECTION('center_axis',(-1.,0.,0.));
#5118=DIRECTION('ref_axis',(0.,-1.,0.));
#5119=DIRECTION('',(0.,1.,0.));
#5120=DIRECTION('',(0.,0.,1.));
#5121=DIRECTION('',(0.,1.,0.));
#5122=DIRECTION('center_axis',(0.,1.,0.));
#5123=DIRECTION('ref_axis',(-1.,0.,0.));
#5124=DIRECTION('',(0.,0.,1.));
#5125=DIRECTION('',(-1.,0.,0.));
#5126=DIRECTION('center_axis',(-0.707106781186548,0.707106781186548,0.));
#5127=DIRECTION('ref_axis',(-0.707106781186548,-0.707106781186548,0.));
#5128=DIRECTION('',(-0.707106781186547,-0.707106781186547,0.));
#5129=DIRECTION('center_axis',(-0.707106781186548,0.707106781186548,0.));
#5130=DIRECTION('ref_axis',(-0.707106781186548,-0.707106781186548,0.));
#5131=DIRECTION('',(0.707106781186547,0.707106781186547,0.));
#5132=DIRECTION('',(0.,0.,1.));
#5133=DIRECTION('',(0.707106781186547,0.707106781186547,0.));
#5134=DIRECTION('center_axis',(0.,1.,0.));
#5135=DIRECTION('ref_axis',(-1.,0.,0.));
#5136=DIRECTION('',(1.,0.,0.));
#5137=DIRECTION('',(0.,0.,1.));
#5138=DIRECTION('',(1.,0.,0.));
#5139=DIRECTION('center_axis',(0.707106781186548,0.707106781186548,0.));
#5140=DIRECTION('ref_axis',(-0.707106781186548,0.707106781186548,0.));
#5141=DIRECTION('',(0.707106781186548,-0.707106781186548,0.));
#5142=DIRECTION('',(0.,0.,1.));
#5143=DIRECTION('',(0.707106781186547,-0.707106781186547,0.));
#5144=DIRECTION('center_axis',(1.,0.,0.));
#5145=DIRECTION('ref_axis',(0.,1.,0.));
#5146=DIRECTION('',(0.,-1.,0.));
#5147=DIRECTION('',(0.,-1.,0.));
#5148=DIRECTION('center_axis',(0.,0.,1.));
#5149=DIRECTION('ref_axis',(1.,0.,0.));
#5150=DIRECTION('center_axis',(0.,0.,1.));
#5151=DIRECTION('ref_axis',(1.,0.,0.));
#5152=DIRECTION('center_axis',(0.,-1.,0.));
#5153=DIRECTION('ref_axis',(1.,0.,0.));
#5154=DIRECTION('',(0.,0.,1.));
#5155=DIRECTION('',(1.,0.,0.));
#5156=DIRECTION('',(0.,0.,1.));
#5157=DIRECTION('center_axis',(0.,-1.,0.));
#5158=DIRECTION('ref_axis',(1.,0.,0.));
#5159=DIRECTION('',(-1.,0.,0.));
#5160=DIRECTION('',(0.,0.,1.));
#5161=DIRECTION('',(-1.,0.,0.));
#5162=DIRECTION('',(0.,0.,1.));
#5163=DIRECTION('center_axis',(0.707106781186548,-0.707106781186548,0.));
#5164=DIRECTION('ref_axis',(0.707106781186548,0.707106781186548,0.));
#5165=DIRECTION('',(0.,0.,1.));
#5166=DIRECTION('',(0.707106781186547,0.707106781186547,0.));
#5167=DIRECTION('center_axis',(0.707106781186548,-0.707106781186548,0.));
#5168=DIRECTION('ref_axis',(0.707106781186548,0.707106781186548,0.));
#5169=DIRECTION('',(-0.707106781186547,-0.707106781186547,0.));
#5170=DIRECTION('',(0.707106781186547,0.707106781186547,0.));
#5171=DIRECTION('',(0.,0.,1.));
#5172=DIRECTION('center_axis',(1.,0.,0.));
#5173=DIRECTION('ref_axis',(0.,1.,0.));
#5174=DIRECTION('',(0.,0.,1.));
#5175=DIRECTION('',(0.,1.,0.));
#5176=DIRECTION('center_axis',(-0.707106781186548,-0.707106781186548,0.));
#5177=DIRECTION('ref_axis',(0.707106781186548,-0.707106781186548,0.));
#5178=DIRECTION('',(0.707106781186547,-0.707106781186547,0.));
#5179=DIRECTION('',(0.,0.,1.));
#5180=DIRECTION('center_axis',(-0.707106781186548,-0.707106781186548,0.));
#5181=DIRECTION('ref_axis',(0.707106781186548,-0.707106781186548,0.));
#5182=DIRECTION('',(-0.707106781186548,0.707106781186548,0.));
#5183=DIRECTION('',(0.,0.,1.));
#5184=DIRECTION('',(0.707106781186547,-0.707106781186547,0.));
#5185=DIRECTION('center_axis',(0.707106781186548,0.707106781186548,0.));
#5186=DIRECTION('ref_axis',(-0.707106781186548,0.707106781186548,0.));
#5187=DIRECTION('',(0.,0.,1.));
#5188=DIRECTION('',(-0.707106781186547,0.707106781186547,0.));
#5189=DIRECTION('center_axis',(-1.,0.,0.));
#5190=DIRECTION('ref_axis',(0.,-1.,0.));
#5191=DIRECTION('',(0.,-1.,0.));
#5192=DIRECTION('',(0.,0.,1.));
#5193=DIRECTION('center_axis',(-1.,0.,0.));
#5194=DIRECTION('ref_axis',(0.,-1.,0.));
#5195=DIRECTION('',(0.,1.,0.));
#5196=DIRECTION('',(0.,0.,1.));
#5197=DIRECTION('',(0.,1.,0.));
#5198=DIRECTION('center_axis',(0.,1.,0.));
#5199=DIRECTION('ref_axis',(-1.,0.,0.));
#5200=DIRECTION('',(0.,0.,1.));
#5201=DIRECTION('',(-1.,0.,0.));
#5202=DIRECTION('center_axis',(-0.707106781186548,0.707106781186548,0.));
#5203=DIRECTION('ref_axis',(-0.707106781186548,-0.707106781186548,0.));
#5204=DIRECTION('',(-0.707106781186547,-0.707106781186547,0.));
#5205=DIRECTION('center_axis',(-0.707106781186548,0.707106781186548,0.));
#5206=DIRECTION('ref_axis',(-0.707106781186548,-0.707106781186548,0.));
#5207=DIRECTION('',(0.707106781186547,0.707106781186547,0.));
#5208=DIRECTION('',(0.,0.,1.));
#5209=DIRECTION('',(0.707106781186547,0.707106781186547,0.));
#5210=DIRECTION('center_axis',(0.,1.,0.));
#5211=DIRECTION('ref_axis',(-1.,0.,0.));
#5212=DIRECTION('',(1.,0.,0.));
#5213=DIRECTION('',(0.,0.,1.));
#5214=DIRECTION('',(1.,0.,0.));
#5215=DIRECTION('center_axis',(0.707106781186548,0.707106781186548,0.));
#5216=DIRECTION('ref_axis',(-0.707106781186548,0.707106781186548,0.));
#5217=DIRECTION('',(0.707106781186548,-0.707106781186548,0.));
#5218=DIRECTION('',(0.,0.,1.));
#5219=DIRECTION('',(0.707106781186547,-0.707106781186547,0.));
#5220=DIRECTION('center_axis',(1.,0.,0.));
#5221=DIRECTION('ref_axis',(0.,1.,0.));
#5222=DIRECTION('',(0.,-1.,0.));
#5223=DIRECTION('',(0.,-1.,0.));
#5224=DIRECTION('center_axis',(0.,0.,1.));
#5225=DIRECTION('ref_axis',(1.,0.,0.));
#5226=DIRECTION('center_axis',(0.,0.,1.));
#5227=DIRECTION('ref_axis',(1.,0.,0.));
#5228=DIRECTION('center_axis',(-0.707106781186548,-0.707106781186547,0.));
#5229=DIRECTION('ref_axis',(0.707106781186547,-0.707106781186548,0.));
#5230=DIRECTION('',(0.,0.,1.));
#5231=DIRECTION('',(0.707106781186547,-0.707106781186548,0.));
#5232=DIRECTION('center_axis',(0.,0.,-1.));
#5233=DIRECTION('ref_axis',(-1.,0.,0.));
#5234=DIRECTION('',(1.80231010491097E-16,-1.,0.));
#5235=DIRECTION('',(0.707106781186547,0.707106781186548,0.));
#5236=DIRECTION('',(-1.,0.,0.));
#5237=DIRECTION('',(0.707106781186547,-0.707106781186548,0.));
#5238=DIRECTION('',(0.,1.,0.));
#5239=DIRECTION('',(0.707106781186547,0.707106781186548,0.));
#5240=DIRECTION('',(0.707106781186547,0.707106781186547,0.));
#5241=DIRECTION('',(0.,1.,0.));
#5242=DIRECTION('',(-0.707106781186548,0.707106781186548,0.));
#5243=DIRECTION('',(-1.,0.,0.));
#5244=DIRECTION('',(-0.707106781186547,-0.707106781186547,0.));
#5245=DIRECTION('',(0.,-1.,0.));
#5246=DIRECTION('',(0.707106781186548,-0.707106781186548,0.));
#5247=DIRECTION('',(1.,0.,0.));
#5248=DIRECTION('',(0.707106781186547,0.707106781186547,0.));
#5249=DIRECTION('',(0.,1.,0.));
#5250=DIRECTION('',(-0.707106781186547,0.707106781186547,0.));
#5251=DIRECTION('',(-1.,0.,0.));
#5252=DIRECTION('',(-0.707106781186547,-0.707106781186547,0.));
#5253=DIRECTION('',(0.,-1.,0.));
#5254=DIRECTION('',(0.707106781186548,-0.707106781186548,0.));
#5255=DIRECTION('',(1.,0.,0.));
#5256=DIRECTION('center_axis',(-0.707106781186548,0.707106781186547,0.));
#5257=DIRECTION('ref_axis',(-0.707106781186547,-0.707106781186548,0.));
#5258=DIRECTION('',(0.,0.,1.));
#5259=DIRECTION('',(0.,0.,1.));
#5260=DIRECTION('center_axis',(0.,1.,0.));
#5261=DIRECTION('ref_axis',(-1.,0.,0.));
#5262=DIRECTION('',(0.,0.,1.));
#5263=DIRECTION('center_axis',(0.707106781186548,0.707106781186547,0.));
#5264=DIRECTION('ref_axis',(-0.707106781186547,0.707106781186548,0.));
#5265=DIRECTION('',(0.,0.,1.));
#5266=DIRECTION('center_axis',(1.,0.,0.));
#5267=DIRECTION('ref_axis',(0.,1.,0.));
#5268=DIRECTION('',(0.,0.,1.));
#5269=DIRECTION('center_axis',(0.707106781186548,-0.707106781186547,0.));
#5270=DIRECTION('ref_axis',(0.707106781186547,0.707106781186548,0.));
#5271=DIRECTION('center_axis',(-1.,-1.80231010491097E-16,0.));
#5272=DIRECTION('ref_axis',(1.80231010491097E-16,-1.,0.));
#5273=DIRECTION('center_axis',(0.,-1.,0.));
#5274=DIRECTION('ref_axis',(1.,0.,0.));
#5275=DIRECTION('',(0.,0.,1.));
#5276=DIRECTION('',(1.,0.,0.));
#5277=DIRECTION('',(0.,0.,1.));
#5278=DIRECTION('center_axis',(0.,-1.,0.));
#5279=DIRECTION('ref_axis',(1.,0.,0.));
#5280=DIRECTION('',(0.,0.,1.));
#5281=DIRECTION('',(-1.,0.,0.));
#5282=DIRECTION('',(0.,0.,1.));
#5283=DIRECTION('center_axis',(0.707106781186548,-0.707106781186548,0.));
#5284=DIRECTION('ref_axis',(0.707106781186548,0.707106781186548,0.));
#5285=DIRECTION('',(0.,0.,1.));
#5286=DIRECTION('',(0.707106781186547,0.707106781186547,0.));
#5287=DIRECTION('center_axis',(0.707106781186548,-0.707106781186548,0.));
#5288=DIRECTION('ref_axis',(0.707106781186548,0.707106781186548,0.));
#5289=DIRECTION('',(0.707106781186547,0.707106781186547,0.));
#5290=DIRECTION('',(0.,0.,1.));
#5291=DIRECTION('center_axis',(1.,0.,0.));
#5292=DIRECTION('ref_axis',(0.,1.,0.));
#5293=DIRECTION('',(0.,0.,1.));
#5294=DIRECTION('',(0.,1.,0.));
#5295=DIRECTION('center_axis',(-0.707106781186548,-0.707106781186548,0.));
#5296=DIRECTION('ref_axis',(0.707106781186548,-0.707106781186548,0.));
#5297=DIRECTION('',(0.707106781186547,-0.707106781186547,0.));
#5298=DIRECTION('',(0.,0.,1.));
#5299=DIRECTION('center_axis',(-0.707106781186548,-0.707106781186548,0.));
#5300=DIRECTION('ref_axis',(0.707106781186548,-0.707106781186548,0.));
#5301=DIRECTION('',(0.,0.,1.));
#5302=DIRECTION('',(0.707106781186547,-0.707106781186547,0.));
#5303=DIRECTION('center_axis',(0.707106781186548,0.707106781186548,0.));
#5304=DIRECTION('ref_axis',(-0.707106781186548,0.707106781186548,0.));
#5305=DIRECTION('',(0.,0.,1.));
#5306=DIRECTION('',(-0.707106781186547,0.707106781186547,0.));
#5307=DIRECTION('center_axis',(-1.,0.,0.));
#5308=DIRECTION('ref_axis',(0.,-1.,0.));
#5309=DIRECTION('',(0.,-1.,0.));
#5310=DIRECTION('',(0.,0.,1.));
#5311=DIRECTION('center_axis',(-1.,0.,0.));
#5312=DIRECTION('ref_axis',(0.,-1.,0.));
#5313=DIRECTION('',(0.,0.,1.));
#5314=DIRECTION('',(0.,1.,0.));
#5315=DIRECTION('center_axis',(0.,1.,0.));
#5316=DIRECTION('ref_axis',(-1.,0.,0.));
#5317=DIRECTION('',(0.,0.,1.));
#5318=DIRECTION('',(-1.,0.,0.));
#5319=DIRECTION('center_axis',(-0.707106781186548,0.707106781186548,0.));
#5320=DIRECTION('ref_axis',(-0.707106781186548,-0.707106781186548,0.));
#5321=DIRECTION('',(-0.707106781186547,-0.707106781186547,0.));
#5322=DIRECTION('center_axis',(-0.707106781186548,0.707106781186548,0.));
#5323=DIRECTION('ref_axis',(-0.707106781186548,-0.707106781186548,0.));
#5324=DIRECTION('',(0.,0.,1.));
#5325=DIRECTION('',(0.707106781186547,0.707106781186547,0.));
#5326=DIRECTION('center_axis',(0.,1.,0.));
#5327=DIRECTION('ref_axis',(-1.,0.,0.));
#5328=DIRECTION('',(0.,0.,1.));
#5329=DIRECTION('',(1.,0.,0.));
#5330=DIRECTION('center_axis',(0.707106781186548,0.707106781186548,0.));
#5331=DIRECTION('ref_axis',(-0.707106781186548,0.707106781186548,0.));
#5332=DIRECTION('',(0.,0.,1.));
#5333=DIRECTION('',(0.707106781186547,-0.707106781186547,0.));
#5334=DIRECTION('center_axis',(1.,0.,0.));
#5335=DIRECTION('ref_axis',(0.,1.,0.));
#5336=DIRECTION('',(0.,-1.,0.));
#5337=DIRECTION('center_axis',(0.,0.,1.));
#5338=DIRECTION('ref_axis',(1.,0.,0.));
#5339=DIRECTION('center_axis',(0.,0.,1.));
#5340=DIRECTION('ref_axis',(1.,0.,0.));
#5341=DIRECTION('center_axis',(0.,-1.,0.));
#5342=DIRECTION('ref_axis',(1.,0.,0.));
#5343=DIRECTION('',(0.,0.,1.));
#5344=DIRECTION('',(1.,0.,0.));
#5345=DIRECTION('',(0.,0.,1.));
#5346=DIRECTION('center_axis',(0.,-1.,0.));
#5347=DIRECTION('ref_axis',(1.,0.,0.));
#5348=DIRECTION('',(0.,0.,1.));
#5349=DIRECTION('',(-1.,0.,0.));
#5350=DIRECTION('',(0.,0.,1.));
#5351=DIRECTION('center_axis',(0.707106781186548,-0.707106781186548,0.));
#5352=DIRECTION('ref_axis',(0.707106781186548,0.707106781186548,0.));
#5353=DIRECTION('',(0.,0.,1.));
#5354=DIRECTION('',(0.707106781186547,0.707106781186547,0.));
#5355=DIRECTION('center_axis',(0.707106781186548,-0.707106781186548,0.));
#5356=DIRECTION('ref_axis',(0.707106781186548,0.707106781186548,0.));
#5357=DIRECTION('',(0.707106781186547,0.707106781186547,0.));
#5358=DIRECTION('',(0.,0.,1.));
#5359=DIRECTION('center_axis',(1.,0.,0.));
#5360=DIRECTION('ref_axis',(0.,1.,0.));
#5361=DIRECTION('',(0.,0.,1.));
#5362=DIRECTION('',(0.,1.,0.));
#5363=DIRECTION('center_axis',(-0.707106781186548,-0.707106781186548,0.));
#5364=DIRECTION('ref_axis',(0.707106781186548,-0.707106781186548,0.));
#5365=DIRECTION('',(0.707106781186547,-0.707106781186547,0.));
#5366=DIRECTION('',(0.,0.,1.));
#5367=DIRECTION('center_axis',(-0.707106781186548,-0.707106781186548,0.));
#5368=DIRECTION('ref_axis',(0.707106781186548,-0.707106781186548,0.));
#5369=DIRECTION('',(0.,0.,1.));
#5370=DIRECTION('',(0.707106781186547,-0.707106781186547,0.));
#5371=DIRECTION('center_axis',(0.707106781186548,0.707106781186548,0.));
#5372=DIRECTION('ref_axis',(-0.707106781186548,0.707106781186548,0.));
#5373=DIRECTION('',(0.,0.,1.));
#5374=DIRECTION('',(-0.707106781186547,0.707106781186547,0.));
#5375=DIRECTION('center_axis',(-1.,0.,0.));
#5376=DIRECTION('ref_axis',(0.,-1.,0.));
#5377=DIRECTION('',(0.,-1.,0.));
#5378=DIRECTION('',(0.,0.,1.));
#5379=DIRECTION('center_axis',(-1.,0.,0.));
#5380=DIRECTION('ref_axis',(0.,-1.,0.));
#5381=DIRECTION('',(0.,0.,1.));
#5382=DIRECTION('',(0.,1.,0.));
#5383=DIRECTION('center_axis',(0.,1.,0.));
#5384=DIRECTION('ref_axis',(-1.,0.,0.));
#5385=DIRECTION('',(0.,0.,1.));
#5386=DIRECTION('',(-1.,0.,0.));
#5387=DIRECTION('center_axis',(-0.707106781186548,0.707106781186548,0.));
#5388=DIRECTION('ref_axis',(-0.707106781186548,-0.707106781186548,0.));
#5389=DIRECTION('',(-0.707106781186547,-0.707106781186547,0.));
#5390=DIRECTION('center_axis',(-0.707106781186548,0.707106781186548,0.));
#5391=DIRECTION('ref_axis',(-0.707106781186548,-0.707106781186548,0.));
#5392=DIRECTION('',(0.,0.,1.));
#5393=DIRECTION('',(0.707106781186547,0.707106781186547,0.));
#5394=DIRECTION('center_axis',(0.,1.,0.));
#5395=DIRECTION('ref_axis',(-1.,0.,0.));
#5396=DIRECTION('',(0.,0.,1.));
#5397=DIRECTION('',(1.,0.,0.));
#5398=DIRECTION('center_axis',(0.707106781186548,0.707106781186548,0.));
#5399=DIRECTION('ref_axis',(-0.707106781186548,0.707106781186548,0.));
#5400=DIRECTION('',(0.,0.,1.));
#5401=DIRECTION('',(0.707106781186547,-0.707106781186547,0.));
#5402=DIRECTION('center_axis',(1.,0.,0.));
#5403=DIRECTION('ref_axis',(0.,1.,0.));
#5404=DIRECTION('',(0.,-1.,0.));
#5405=DIRECTION('center_axis',(0.,0.,1.));
#5406=DIRECTION('ref_axis',(1.,0.,0.));
#5407=DIRECTION('center_axis',(0.,0.,1.));
#5408=DIRECTION('ref_axis',(1.,0.,0.));
#5409=CARTESIAN_POINT('',(0.,0.,0.));
#5410=CARTESIAN_POINT('Origin',(3.49263668993133,-9.18727455842612,3.));
#5411=CARTESIAN_POINT('',(3.01263668993133,-8.70727455842612,5.5));
#5412=CARTESIAN_POINT('',(3.01263668993133,-8.70727455842612,3.));
#5413=CARTESIAN_POINT('',(3.01263668993133,-8.70727455842612,3.));
#5414=CARTESIAN_POINT('',(3.49263668993133,-9.18727455842612,5.5));
#5415=CARTESIAN_POINT('',(2.99263668993133,-8.68727455842612,5.5));
#5416=CARTESIAN_POINT('',(3.49263668993133,-9.18727455842612,3.));
#5417=CARTESIAN_POINT('',(3.49263668993133,-9.18727455842612,3.));
#5418=CARTESIAN_POINT('',(2.99263668993133,-8.68727455842612,3.));
#5419=CARTESIAN_POINT('Origin',(-1.08736331006867,-8.68727455842612,3.));
#5420=CARTESIAN_POINT('',(-1.10736331006867,-8.70727455842612,3.));
#5421=CARTESIAN_POINT('',(-1.10736331006867,-8.70727455842612,5.5));
#5422=CARTESIAN_POINT('',(-1.10736331006867,-8.70727455842612,3.));
#5423=CARTESIAN_POINT('',(-1.58736331006867,-9.18727455842612,3.));
#5424=CARTESIAN_POINT('',(-1.58736331006867,-9.18727455842612,3.));
#5425=CARTESIAN_POINT('',(-1.58736331006867,-9.18727455842612,5.5));
#5426=CARTESIAN_POINT('',(-1.58736331006867,-9.18727455842612,3.));
#5427=CARTESIAN_POINT('',(-1.58736331006867,-9.18727455842612,5.5));
#5428=CARTESIAN_POINT('Origin',(3.49263668993133,-10.7272745584261,3.));
#5429=CARTESIAN_POINT('',(3.49263668993133,-10.7272745584261,3.));
#5430=CARTESIAN_POINT('',(3.49263668993133,-10.7272745584261,3.));
#5431=CARTESIAN_POINT('',(3.49263668993133,-10.7272745584261,5.5));
#5432=CARTESIAN_POINT('',(3.49263668993133,-10.7272745584261,5.5));
#5433=CARTESIAN_POINT('',(3.49263668993133,-10.7272745584261,3.));
#5434=CARTESIAN_POINT('Origin',(2.99263668993133,-11.2272745584261,3.));
#5435=CARTESIAN_POINT('',(2.99263668993133,-11.2272745584261,3.));
#5436=CARTESIAN_POINT('',(2.99263668993133,-11.2272745584261,3.));
#5437=CARTESIAN_POINT('',(2.99263668993134,-11.2272745584261,5.5));
#5438=CARTESIAN_POINT('',(2.99263668993133,-11.2272745584261,5.5));
#5439=CARTESIAN_POINT('',(2.99263668993133,-11.2272745584261,3.));
#5440=CARTESIAN_POINT('Origin',(-1.08736331006867,-11.2272745584261,3.));
#5441=CARTESIAN_POINT('',(-1.08736331006867,-11.2272745584261,3.));
#5442=CARTESIAN_POINT('',(-1.08736331006867,-11.2272745584261,3.));
#5443=CARTESIAN_POINT('',(-1.08736331006867,-11.2272745584261,5.5));
#5444=CARTESIAN_POINT('',(-1.08736331006867,-11.2272745584261,5.5));
#5445=CARTESIAN_POINT('',(-1.08736331006867,-11.2272745584261,3.));
#5446=CARTESIAN_POINT('Origin',(-1.58736331006867,-10.7272745584261,3.));
#5447=CARTESIAN_POINT('',(-1.58736331006867,-10.7272745584261,3.));
#5448=CARTESIAN_POINT('',(-1.58736331006867,-10.7272745584261,3.));
#5449=CARTESIAN_POINT('',(-1.58736331006867,-10.7272745584261,5.5));
#5450=CARTESIAN_POINT('',(-1.58736331006867,-10.7272745584261,5.5));
#5451=CARTESIAN_POINT('',(-1.58736331006867,-10.7272745584261,3.));
#5452=CARTESIAN_POINT('Origin',(-1.58736331006867,-9.18727455842612,3.));
#5453=CARTESIAN_POINT('',(-1.58736331006867,-9.18727455842612,3.));
#5454=CARTESIAN_POINT('',(-1.58736331006867,-9.18727455842612,5.5));
#5455=CARTESIAN_POINT('Origin',(2.315,-10.325,0.));
#5456=CARTESIAN_POINT('',(2.315,-10.325,5.5));
#5457=CARTESIAN_POINT('',(2.76499999999999,-10.325,5.5));
#5458=CARTESIAN_POINT('',(1.63381834496567,-10.325,5.5));
#5459=CARTESIAN_POINT('',(2.76499999999999,-10.325,12.));
#5460=CARTESIAN_POINT('',(2.76499999999999,-10.325,0.));
#5461=CARTESIAN_POINT('',(2.315,-10.325,12.));
#5462=CARTESIAN_POINT('',(2.76499999999999,-10.325,12.));
#5463=CARTESIAN_POINT('',(2.315,-10.325,0.));
#5464=CARTESIAN_POINT('Origin',(2.315,-10.325,0.));
#5465=CARTESIAN_POINT('',(2.76499999999999,-10.325,3.));
#5466=CARTESIAN_POINT('',(2.315,-10.325,3.));
#5467=CARTESIAN_POINT('',(1.63381834496567,-10.325,3.));
#5468=CARTESIAN_POINT('',(2.315,-10.325,0.));
#5469=CARTESIAN_POINT('',(2.315,-10.325,0.));
#5470=CARTESIAN_POINT('',(2.76499999999999,-10.325,0.));
#5471=CARTESIAN_POINT('',(2.76499999999999,-10.325,0.));
#5472=CARTESIAN_POINT('',(2.76499999999999,-10.325,0.));
#5473=CARTESIAN_POINT('Origin',(2.76499999999999,-10.325,0.));
#5474=CARTESIAN_POINT('',(2.86499999999999,-10.225,5.5));
#5475=CARTESIAN_POINT('',(2.40384053287629,-10.6861594671237,5.5));
#5476=CARTESIAN_POINT('',(2.86499999999999,-10.225,12.));
#5477=CARTESIAN_POINT('',(2.86499999999999,-10.225,0.));
#5478=CARTESIAN_POINT('',(2.76499999999999,-10.325,12.));
#5479=CARTESIAN_POINT('Origin',(2.76499999999999,-10.325,0.));
#5480=CARTESIAN_POINT('',(2.86499999999999,-10.225,3.));
#5481=CARTESIAN_POINT('',(2.40384053287629,-10.6861594671237,3.));
#5482=CARTESIAN_POINT('',(2.86499999999999,-10.225,0.));
#5483=CARTESIAN_POINT('',(2.76499999999999,-10.325,0.));
#5484=CARTESIAN_POINT('',(2.86499999999999,-10.225,0.));
#5485=CARTESIAN_POINT('Origin',(2.86499999999999,-10.225,0.));
#5486=CARTESIAN_POINT('',(2.86499999999999,-9.77500000000001,5.5));
#5487=CARTESIAN_POINT('',(2.86499999999999,-10.0911372792131,5.5));
#5488=CARTESIAN_POINT('',(2.86499999999999,-9.77500000000001,12.));
#5489=CARTESIAN_POINT('',(2.86499999999999,-9.77500000000001,0.));
#5490=CARTESIAN_POINT('',(2.86499999999999,-9.77500000000001,12.));
#5491=CARTESIAN_POINT('Origin',(2.215,-10.225,0.));
#5492=CARTESIAN_POINT('',(2.215,-10.225,5.5));
#5493=CARTESIAN_POINT('',(1.83247781208937,-9.84247781208935,5.5));
#5494=CARTESIAN_POINT('',(2.215,-10.225,12.));
#5495=CARTESIAN_POINT('',(2.215,-10.225,12.));
#5496=CARTESIAN_POINT('',(2.215,-10.225,0.));
#5497=CARTESIAN_POINT('Origin',(2.215,-10.225,0.));
#5498=CARTESIAN_POINT('',(2.215,-10.225,3.));
#5499=CARTESIAN_POINT('',(1.83247781208937,-9.84247781208935,3.));
#5500=CARTESIAN_POINT('',(2.215,-10.225,0.));
#5501=CARTESIAN_POINT('',(2.215,-10.225,0.));
#5502=CARTESIAN_POINT('',(2.215,-10.225,0.));
#5503=CARTESIAN_POINT('Origin',(2.86499999999999,-9.77500000000001,0.));
#5504=CARTESIAN_POINT('',(2.76499999999999,-9.67500000000001,5.5));
#5505=CARTESIAN_POINT('',(2.43247781208935,-9.34247781208937,5.5));
#5506=CARTESIAN_POINT('',(2.76499999999999,-9.67500000000001,12.));
#5507=CARTESIAN_POINT('',(2.76499999999999,-9.67500000000001,0.));
#5508=CARTESIAN_POINT('',(2.76499999999999,-9.67500000000001,12.));
#5509=CARTESIAN_POINT('Origin',(2.215,-9.77500000000001,0.));
#5510=CARTESIAN_POINT('',(2.215,-9.77500000000001,5.5));
#5511=CARTESIAN_POINT('',(2.215,-9.86613727921306,5.5));
#5512=CARTESIAN_POINT('',(2.215,-9.77500000000001,12.));
#5513=CARTESIAN_POINT('',(2.215,-10.225,12.));
#5514=CARTESIAN_POINT('',(2.215,-9.77500000000001,0.));
#5515=CARTESIAN_POINT('Origin',(2.215,-9.77500000000001,0.));
#5516=CARTESIAN_POINT('',(2.215,-9.77500000000001,3.));
#5517=CARTESIAN_POINT('',(2.215,-9.86613727921306,3.));
#5518=CARTESIAN_POINT('',(2.215,-9.77500000000001,0.));
#5519=CARTESIAN_POINT('',(2.215,-9.77500000000001,0.));
#5520=CARTESIAN_POINT('',(2.215,-10.225,0.));
#5521=CARTESIAN_POINT('Origin',(2.76499999999999,-9.67500000000001,0.));
#5522=CARTESIAN_POINT('',(2.315,-9.67500000000001,5.5));
#5523=CARTESIAN_POINT('',(1.85881834496566,-9.67500000000001,5.5));
#5524=CARTESIAN_POINT('',(2.315,-9.67500000000001,12.));
#5525=CARTESIAN_POINT('',(2.315,-9.67500000000001,0.));
#5526=CARTESIAN_POINT('',(2.315,-9.67500000000001,12.));
#5527=CARTESIAN_POINT('Origin',(2.315,-9.67500000000001,0.));
#5528=CARTESIAN_POINT('',(1.90384053287631,-10.0861594671237,5.5));
#5529=CARTESIAN_POINT('',(2.215,-9.77500000000001,12.));
#5530=CARTESIAN_POINT('Origin',(2.315,-9.67500000000001,0.));
#5531=CARTESIAN_POINT('',(2.315,-9.67500000000001,3.));
#5532=CARTESIAN_POINT('',(1.90384053287631,-10.0861594671237,3.));
#5533=CARTESIAN_POINT('',(2.315,-9.67500000000001,0.));
#5534=CARTESIAN_POINT('',(2.315,-9.67500000000001,0.));
#5535=CARTESIAN_POINT('',(2.215,-9.77500000000001,0.));
#5536=CARTESIAN_POINT('Origin',(2.76499999999999,-9.67500000000001,0.));
#5537=CARTESIAN_POINT('',(2.76499999999999,-9.67500000000001,3.));
#5538=CARTESIAN_POINT('',(1.85881834496566,-9.67500000000001,3.));
#5539=CARTESIAN_POINT('',(2.76499999999999,-9.67500000000001,0.));
#5540=CARTESIAN_POINT('',(2.76499999999999,-9.67500000000001,0.));
#5541=CARTESIAN_POINT('',(2.315,-9.67500000000001,0.));
#5542=CARTESIAN_POINT('Origin',(2.86499999999999,-9.77500000000001,0.));
#5543=CARTESIAN_POINT('',(2.86499999999999,-9.77500000000001,3.));
#5544=CARTESIAN_POINT('',(2.43247781208935,-9.34247781208937,3.));
#5545=CARTESIAN_POINT('',(2.86499999999999,-9.77500000000001,0.));
#5546=CARTESIAN_POINT('',(2.86499999999999,-9.77500000000001,0.));
#5547=CARTESIAN_POINT('',(2.76499999999999,-9.67500000000001,0.));
#5548=CARTESIAN_POINT('Origin',(2.86499999999999,-10.225,0.));
#5549=CARTESIAN_POINT('',(2.86499999999999,-10.0911372792131,3.));
#5550=CARTESIAN_POINT('',(2.86499999999999,-9.77500000000001,0.));
#5551=CARTESIAN_POINT('Origin',(2.54,-10.,12.));
#5552=CARTESIAN_POINT('Origin',(2.54,-10.,0.));
#5553=CARTESIAN_POINT('Origin',(-0.224999999999997,-10.325,0.));
#5554=CARTESIAN_POINT('',(-0.224999999999997,-10.325,5.5));
#5555=CARTESIAN_POINT('',(0.224999999999989,-10.325,5.5));
#5556=CARTESIAN_POINT('',(0.363818344965668,-10.325,5.5));
#5557=CARTESIAN_POINT('',(0.224999999999989,-10.325,12.));
#5558=CARTESIAN_POINT('',(0.224999999999989,-10.325,0.));
#5559=CARTESIAN_POINT('',(-0.224999999999997,-10.325,12.));
#5560=CARTESIAN_POINT('',(0.224999999999989,-10.325,12.));
#5561=CARTESIAN_POINT('',(-0.224999999999997,-10.325,0.));
#5562=CARTESIAN_POINT('Origin',(-0.224999999999997,-10.325,0.));
#5563=CARTESIAN_POINT('',(0.224999999999989,-10.325,3.));
#5564=CARTESIAN_POINT('',(-0.224999999999997,-10.325,3.));
#5565=CARTESIAN_POINT('',(0.363818344965668,-10.325,3.));
#5566=CARTESIAN_POINT('',(-0.224999999999997,-10.325,0.));
#5567=CARTESIAN_POINT('',(-0.224999999999997,-10.325,0.));
#5568=CARTESIAN_POINT('',(0.224999999999989,-10.325,0.));
#5569=CARTESIAN_POINT('',(0.224999999999989,-10.325,0.));
#5570=CARTESIAN_POINT('',(0.224999999999989,-10.325,0.));
#5571=CARTESIAN_POINT('Origin',(0.224999999999989,-10.325,0.));
#5572=CARTESIAN_POINT('',(0.324999999999989,-10.225,5.5));
#5573=CARTESIAN_POINT('',(0.498840532876293,-10.0511594671237,5.5));
#5574=CARTESIAN_POINT('',(0.324999999999989,-10.225,12.));
#5575=CARTESIAN_POINT('',(0.324999999999989,-10.225,0.));
#5576=CARTESIAN_POINT('',(0.224999999999989,-10.325,12.));
#5577=CARTESIAN_POINT('Origin',(0.224999999999989,-10.325,0.));
#5578=CARTESIAN_POINT('',(0.324999999999989,-10.225,3.));
#5579=CARTESIAN_POINT('',(0.498840532876293,-10.0511594671237,3.));
#5580=CARTESIAN_POINT('',(0.324999999999989,-10.225,0.));
#5581=CARTESIAN_POINT('',(0.224999999999989,-10.325,0.));
#5582=CARTESIAN_POINT('',(0.324999999999989,-10.225,0.));
#5583=CARTESIAN_POINT('Origin',(0.324999999999989,-10.225,0.));
#5584=CARTESIAN_POINT('',(0.324999999999989,-9.77500000000001,5.5));
#5585=CARTESIAN_POINT('',(0.324999999999989,-10.0911372792131,5.5));
#5586=CARTESIAN_POINT('',(0.324999999999989,-9.77500000000001,12.));
#5587=CARTESIAN_POINT('',(0.324999999999989,-9.77500000000001,0.));
#5588=CARTESIAN_POINT('',(0.324999999999989,-9.77500000000001,12.));
#5589=CARTESIAN_POINT('Origin',(-0.324999999999998,-10.225,0.));
#5590=CARTESIAN_POINT('',(-0.324999999999998,-10.225,5.5));
#5591=CARTESIAN_POINT('',(-0.0725221879106323,-10.4774778120894,5.5));
#5592=CARTESIAN_POINT('',(-0.324999999999998,-10.225,12.));
#5593=CARTESIAN_POINT('',(-0.324999999999998,-10.225,12.));
#5594=CARTESIAN_POINT('',(-0.324999999999998,-10.225,0.));
#5595=CARTESIAN_POINT('Origin',(-0.324999999999998,-10.225,0.));
#5596=CARTESIAN_POINT('',(-0.324999999999998,-10.225,3.));
#5597=CARTESIAN_POINT('',(-0.0725221879106322,-10.4774778120894,3.));
#5598=CARTESIAN_POINT('',(-0.324999999999998,-10.225,0.));
#5599=CARTESIAN_POINT('',(-0.324999999999998,-10.225,0.));
#5600=CARTESIAN_POINT('',(-0.324999999999998,-10.225,0.));
#5601=CARTESIAN_POINT('Origin',(0.324999999999989,-9.77500000000001,0.));
#5602=CARTESIAN_POINT('',(0.224999999999989,-9.67500000000001,5.5));
#5603=CARTESIAN_POINT('',(0.527477812089352,-9.97747781208938,5.5));
#5604=CARTESIAN_POINT('',(0.224999999999989,-9.67500000000001,12.));
#5605=CARTESIAN_POINT('',(0.224999999999989,-9.67500000000001,0.));
#5606=CARTESIAN_POINT('',(0.224999999999989,-9.67500000000001,12.));
#5607=CARTESIAN_POINT('Origin',(-0.324999999999998,-9.77500000000001,0.));
#5608=CARTESIAN_POINT('',(-0.324999999999998,-9.77500000000001,5.5));
#5609=CARTESIAN_POINT('',(-0.324999999999998,-9.86613727921306,5.5));
#5610=CARTESIAN_POINT('',(-0.324999999999998,-9.77500000000001,12.));
#5611=CARTESIAN_POINT('',(-0.324999999999998,-10.225,12.));
#5612=CARTESIAN_POINT('',(-0.324999999999998,-9.77500000000001,0.));
#5613=CARTESIAN_POINT('Origin',(-0.324999999999998,-9.77500000000001,0.));
#5614=CARTESIAN_POINT('',(-0.324999999999998,-9.77500000000001,3.));
#5615=CARTESIAN_POINT('',(-0.324999999999998,-9.86613727921306,3.));
#5616=CARTESIAN_POINT('',(-0.324999999999998,-9.77500000000001,0.));
#5617=CARTESIAN_POINT('',(-0.324999999999998,-9.77500000000001,0.));
#5618=CARTESIAN_POINT('',(-0.324999999999998,-10.225,0.));
#5619=CARTESIAN_POINT('Origin',(0.224999999999989,-9.67500000000001,0.));
#5620=CARTESIAN_POINT('',(-0.224999999999997,-9.67500000000001,5.5));
#5621=CARTESIAN_POINT('',(0.588818344965661,-9.67500000000001,5.5));
#5622=CARTESIAN_POINT('',(-0.224999999999997,-9.67500000000001,12.));
#5623=CARTESIAN_POINT('',(-0.224999999999997,-9.67500000000001,0.));
#5624=CARTESIAN_POINT('',(-0.224999999999997,-9.67500000000001,12.));
#5625=CARTESIAN_POINT('Origin',(-0.224999999999997,-9.67500000000001,0.));
#5626=CARTESIAN_POINT('',(-0.00115946712369121,-9.45115946712371,5.5));
#5627=CARTESIAN_POINT('',(-0.324999999999998,-9.77500000000001,12.));
#5628=CARTESIAN_POINT('Origin',(-0.224999999999997,-9.67500000000001,0.));
#5629=CARTESIAN_POINT('',(-0.224999999999997,-9.67500000000001,3.));
#5630=CARTESIAN_POINT('',(-0.00115946712369121,-9.45115946712371,3.));
#5631=CARTESIAN_POINT('',(-0.224999999999997,-9.67500000000001,0.));
#5632=CARTESIAN_POINT('',(-0.224999999999997,-9.67500000000001,0.));
#5633=CARTESIAN_POINT('',(-0.324999999999998,-9.77500000000001,0.));
#5634=CARTESIAN_POINT('Origin',(0.224999999999989,-9.67500000000001,0.));
#5635=CARTESIAN_POINT('',(0.224999999999989,-9.67500000000001,3.));
#5636=CARTESIAN_POINT('',(0.588818344965661,-9.67500000000001,3.));
#5637=CARTESIAN_POINT('',(0.224999999999989,-9.67500000000001,0.));
#5638=CARTESIAN_POINT('',(0.224999999999989,-9.67500000000001,0.));
#5639=CARTESIAN_POINT('',(-0.224999999999997,-9.67500000000001,0.));
#5640=CARTESIAN_POINT('Origin',(0.324999999999989,-9.77500000000001,0.));
#5641=CARTESIAN_POINT('',(0.324999999999989,-9.77500000000001,3.));
#5642=CARTESIAN_POINT('',(0.527477812089352,-9.97747781208938,3.));
#5643=CARTESIAN_POINT('',(0.324999999999989,-9.77500000000001,0.));
#5644=CARTESIAN_POINT('',(0.324999999999989,-9.77500000000001,0.));
#5645=CARTESIAN_POINT('',(0.224999999999989,-9.67500000000001,0.));
#5646=CARTESIAN_POINT('Origin',(0.324999999999989,-10.225,0.));
#5647=CARTESIAN_POINT('',(0.324999999999989,-10.0911372792131,3.));
#5648=CARTESIAN_POINT('',(0.324999999999989,-9.77500000000001,0.));
#5649=CARTESIAN_POINT('Origin',(-4.44089209850063E-15,-10.,12.));
#5650=CARTESIAN_POINT('Origin',(-4.44089209850063E-15,-10.,0.));
#5651=CARTESIAN_POINT('Origin',(-1.58736331006867,-8.22727455842612,3.));
#5652=CARTESIAN_POINT('',(-1.58736331006867,-8.22727455842612,5.5));
#5653=CARTESIAN_POINT('',(-1.58736331006867,-8.22727455842612,5.5));
#5654=CARTESIAN_POINT('',(-1.58736331006867,-8.22727455842612,3.));
#5655=CARTESIAN_POINT('',(-1.58736331006867,-8.22727455842612,3.));
#5656=CARTESIAN_POINT('',(-1.58736331006867,-8.22727455842612,3.));
#5657=CARTESIAN_POINT('Origin',(0.952636689931334,0.042725441573882,5.5));
#5658=CARTESIAN_POINT('',(3.49263668993133,-8.22727455842612,5.5));
#5659=CARTESIAN_POINT('',(2.99263668993133,-8.72727455842612,5.5));
#5660=CARTESIAN_POINT('',(3.49263668993133,-6.68727455842612,5.5));
#5661=CARTESIAN_POINT('',(3.49263668993133,-8.22727455842612,5.5));
#5662=CARTESIAN_POINT('',(3.01263668993133,-6.20727455842612,5.5));
#5663=CARTESIAN_POINT('',(2.99263668993133,-6.18727455842612,5.5));
#5664=CARTESIAN_POINT('',(3.49263668993133,-5.72727455842612,5.5));
#5665=CARTESIAN_POINT('',(2.99263668993133,-6.22727455842612,5.5));
#5666=CARTESIAN_POINT('',(3.49263668993133,-4.18727455842612,5.5));
#5667=CARTESIAN_POINT('',(3.49263668993133,-5.72727455842612,5.5));
#5668=CARTESIAN_POINT('',(3.01263668993133,-3.70727455842612,5.5));
#5669=CARTESIAN_POINT('',(2.99263668993133,-3.68727455842612,5.5));
#5670=CARTESIAN_POINT('',(3.49263668993133,-3.22727455842612,5.5));
#5671=CARTESIAN_POINT('',(2.99263668993133,-3.72727455842612,5.5));
#5672=CARTESIAN_POINT('',(3.49263668993133,-1.68727455842612,5.5));
#5673=CARTESIAN_POINT('',(3.49263668993133,-3.22727455842612,5.5));
#5674=CARTESIAN_POINT('',(3.01263668993133,-1.20727455842612,5.5));
#5675=CARTESIAN_POINT('',(2.99263668993133,-1.18727455842612,5.5));
#5676=CARTESIAN_POINT('',(3.49263668993133,-0.727274558426118,5.5));
#5677=CARTESIAN_POINT('',(2.99263668993133,-1.22727455842612,5.5));
#5678=CARTESIAN_POINT('',(3.49263668993133,0.812725441573882,5.5));
#5679=CARTESIAN_POINT('',(3.49263668993133,-0.727274558426118,5.5));
#5680=CARTESIAN_POINT('',(2.99263668993134,1.31272544157388,5.5));
#5681=CARTESIAN_POINT('',(2.99263668993133,1.31272544157388,5.5));
#5682=CARTESIAN_POINT('',(-1.08736331006867,1.31272544157388,5.5));
#5683=CARTESIAN_POINT('',(2.99263668993133,1.31272544157388,5.5));
#5684=CARTESIAN_POINT('',(-1.58736331006867,0.812725441573882,5.5));
#5685=CARTESIAN_POINT('',(-1.58736331006867,0.812725441573882,5.5));
#5686=CARTESIAN_POINT('',(-1.58736331006867,-0.727274558426118,5.5));
#5687=CARTESIAN_POINT('',(-1.58736331006867,0.812725441573882,5.5));
#5688=CARTESIAN_POINT('',(-1.10736331006867,-1.20727455842612,5.5));
#5689=CARTESIAN_POINT('',(-1.58736331006867,-0.727274558426118,5.5));
#5690=CARTESIAN_POINT('',(-1.58736331006867,-1.68727455842612,5.5));
#5691=CARTESIAN_POINT('',(-1.58736331006867,-1.68727455842612,5.5));
#5692=CARTESIAN_POINT('',(-1.58736331006867,-3.22727455842612,5.5));
#5693=CARTESIAN_POINT('',(-1.58736331006867,-1.68727455842612,5.5));
#5694=CARTESIAN_POINT('',(-1.10736331006867,-3.70727455842612,5.5));
#5695=CARTESIAN_POINT('',(-1.58736331006867,-3.22727455842612,5.5));
#5696=CARTESIAN_POINT('',(-1.58736331006867,-4.18727455842612,5.5));
#5697=CARTESIAN_POINT('',(-1.58736331006867,-4.18727455842612,5.5));
#5698=CARTESIAN_POINT('',(-1.58736331006867,-5.72727455842612,5.5));
#5699=CARTESIAN_POINT('',(-1.58736331006867,-4.18727455842612,5.5));
#5700=CARTESIAN_POINT('',(-1.10736331006867,-6.20727455842612,5.5));
#5701=CARTESIAN_POINT('',(-1.58736331006867,-5.72727455842612,5.5));
#5702=CARTESIAN_POINT('',(-1.58736331006867,-6.68727455842612,5.5));
#5703=CARTESIAN_POINT('',(-1.58736331006867,-6.68727455842612,5.5));
#5704=CARTESIAN_POINT('',(-1.58736331006867,-6.68727455842612,5.5));
#5705=CARTESIAN_POINT('',(2.315,-4.67500000000001,5.5));
#5706=CARTESIAN_POINT('',(2.215,-4.77500000000001,5.5));
#5707=CARTESIAN_POINT('',(1.90384053287631,-5.08615946712371,5.5));
#5708=CARTESIAN_POINT('',(2.76499999999999,-4.67500000000001,5.5));
#5709=CARTESIAN_POINT('',(1.85881834496566,-4.67500000000001,5.5));
#5710=CARTESIAN_POINT('',(2.86499999999999,-4.77500000000001,5.5));
#5711=CARTESIAN_POINT('',(2.43247781208935,-4.34247781208937,5.5));
#5712=CARTESIAN_POINT('',(2.86499999999999,-5.22499999999999,5.5));
#5713=CARTESIAN_POINT('',(2.86499999999999,-5.09113727921305,5.5));
#5714=CARTESIAN_POINT('',(2.76499999999999,-5.32499999999999,5.5));
#5715=CARTESIAN_POINT('',(2.40384053287629,-5.68615946712368,5.5));
#5716=CARTESIAN_POINT('',(2.315,-5.32499999999999,5.5));
#5717=CARTESIAN_POINT('',(1.63381834496567,-5.32499999999999,5.5));
#5718=CARTESIAN_POINT('',(2.215,-5.22499999999999,5.5));
#5719=CARTESIAN_POINT('',(1.83247781208937,-4.84247781208935,5.5));
#5720=CARTESIAN_POINT('',(2.215,-4.86613727921306,5.5));
#5721=CARTESIAN_POINT('',(-0.224999999999997,-4.67500000000001,5.5));
#5722=CARTESIAN_POINT('',(-0.324999999999998,-4.77500000000001,5.5));
#5723=CARTESIAN_POINT('',(-0.00115946712369121,-4.45115946712371,5.5));
#5724=CARTESIAN_POINT('',(0.224999999999989,-4.67500000000001,5.5));
#5725=CARTESIAN_POINT('',(0.588818344965661,-4.67500000000001,5.5));
#5726=CARTESIAN_POINT('',(0.324999999999989,-4.77500000000001,5.5));
#5727=CARTESIAN_POINT('',(0.527477812089352,-4.97747781208937,5.5));
#5728=CARTESIAN_POINT('',(0.324999999999989,-5.22499999999999,5.5));
#5729=CARTESIAN_POINT('',(0.324999999999989,-5.09113727921305,5.5));
#5730=CARTESIAN_POINT('',(0.224999999999989,-5.32499999999999,5.5));
#5731=CARTESIAN_POINT('',(0.498840532876293,-5.05115946712368,5.5));
#5732=CARTESIAN_POINT('',(-0.224999999999997,-5.32499999999999,5.5));
#5733=CARTESIAN_POINT('',(0.363818344965668,-5.32499999999999,5.5));
#5734=CARTESIAN_POINT('',(-0.324999999999998,-5.22499999999999,5.5));
#5735=CARTESIAN_POINT('',(-0.0725221879106323,-5.47747781208935,5.5));
#5736=CARTESIAN_POINT('',(-0.324999999999998,-4.86613727921306,5.5));
#5737=CARTESIAN_POINT('',(-0.224999999999997,0.324999999999989,5.5));
#5738=CARTESIAN_POINT('',(-0.324999999999998,0.224999999999989,5.5));
#5739=CARTESIAN_POINT('',(-0.00115946712369121,0.548840532876295,5.5));
#5740=CARTESIAN_POINT('',(0.224999999999989,0.324999999999989,5.5));
#5741=CARTESIAN_POINT('',(0.588818344965661,0.324999999999989,5.5));
#5742=CARTESIAN_POINT('',(0.324999999999989,0.224999999999989,5.5));
#5743=CARTESIAN_POINT('',(0.527477812089352,0.0225221879106256,5.5));
#5744=CARTESIAN_POINT('',(0.324999999999989,-0.224999999999989,5.5));
#5745=CARTESIAN_POINT('',(0.324999999999989,-0.0911372792130533,5.5));
#5746=CARTESIAN_POINT('',(0.224999999999989,-0.324999999999989,5.5));
#5747=CARTESIAN_POINT('',(0.498840532876293,-0.0511594671236846,5.5));
#5748=CARTESIAN_POINT('',(-0.224999999999997,-0.324999999999989,5.5));
#5749=CARTESIAN_POINT('',(0.363818344965668,-0.324999999999989,5.5));
#5750=CARTESIAN_POINT('',(-0.324999999999998,-0.224999999999989,5.5));
#5751=CARTESIAN_POINT('',(-0.0725221879106323,-0.477477812089354,5.5));
#5752=CARTESIAN_POINT('',(-0.324999999999998,0.133862720786935,5.5));
#5753=CARTESIAN_POINT('',(2.315,0.324999999999989,5.5));
#5754=CARTESIAN_POINT('',(2.215,0.224999999999989,5.5));
#5755=CARTESIAN_POINT('',(1.90384053287631,-0.0861594671237051,5.5));
#5756=CARTESIAN_POINT('',(2.76499999999999,0.324999999999989,5.5));
#5757=CARTESIAN_POINT('',(1.85881834496566,0.324999999999989,5.5));
#5758=CARTESIAN_POINT('',(2.86499999999999,0.224999999999989,5.5));
#5759=CARTESIAN_POINT('',(2.43247781208935,0.657522187910625,5.5));
#5760=CARTESIAN_POINT('',(2.86499999999999,-0.224999999999989,5.5));
#5761=CARTESIAN_POINT('',(2.86499999999999,-0.0911372792130533,5.5));
#5762=CARTESIAN_POINT('',(2.76499999999999,-0.324999999999989,5.5));
#5763=CARTESIAN_POINT('',(2.40384053287629,-0.686159467123685,5.5));
#5764=CARTESIAN_POINT('',(2.315,-0.324999999999989,5.5));
#5765=CARTESIAN_POINT('',(1.63381834496567,-0.324999999999989,5.5));
#5766=CARTESIAN_POINT('',(2.215,-0.224999999999989,5.5));
#5767=CARTESIAN_POINT('',(1.83247781208937,0.157522187910646,5.5));
#5768=CARTESIAN_POINT('',(2.215,0.133862720786935,5.5));
#5769=CARTESIAN_POINT('',(-0.224999999999997,-2.17500000000001,5.5));
#5770=CARTESIAN_POINT('',(-0.324999999999998,-2.27500000000001,5.5));
#5771=CARTESIAN_POINT('',(-0.00115946712369121,-1.95115946712371,5.5));
#5772=CARTESIAN_POINT('',(0.224999999999989,-2.17500000000001,5.5));
#5773=CARTESIAN_POINT('',(0.588818344965661,-2.17500000000001,5.5));
#5774=CARTESIAN_POINT('',(0.324999999999989,-2.27500000000001,5.5));
#5775=CARTESIAN_POINT('',(0.527477812089352,-2.47747781208937,5.5));
#5776=CARTESIAN_POINT('',(0.324999999999989,-2.72499999999999,5.5));
#5777=CARTESIAN_POINT('',(0.324999999999989,-2.59113727921305,5.5));
#5778=CARTESIAN_POINT('',(0.224999999999989,-2.82499999999999,5.5));
#5779=CARTESIAN_POINT('',(0.498840532876293,-2.55115946712368,5.5));
#5780=CARTESIAN_POINT('',(-0.224999999999997,-2.82499999999999,5.5));
#5781=CARTESIAN_POINT('',(0.363818344965668,-2.82499999999999,5.5));
#5782=CARTESIAN_POINT('',(-0.324999999999998,-2.72499999999999,5.5));
#5783=CARTESIAN_POINT('',(-0.0725221879106323,-2.97747781208935,5.5));
#5784=CARTESIAN_POINT('',(-0.324999999999998,-2.36613727921306,5.5));
#5785=CARTESIAN_POINT('',(2.315,-2.17500000000001,5.5));
#5786=CARTESIAN_POINT('',(2.215,-2.27500000000001,5.5));
#5787=CARTESIAN_POINT('',(1.90384053287631,-2.5861594671237,5.5));
#5788=CARTESIAN_POINT('',(2.76499999999999,-2.17500000000001,5.5));
#5789=CARTESIAN_POINT('',(1.85881834496566,-2.17500000000001,5.5));
#5790=CARTESIAN_POINT('',(2.86499999999999,-2.27500000000001,5.5));
#5791=CARTESIAN_POINT('',(2.43247781208935,-1.84247781208937,5.5));
#5792=CARTESIAN_POINT('',(2.86499999999999,-2.72499999999999,5.5));
#5793=CARTESIAN_POINT('',(2.86499999999999,-2.59113727921305,5.5));
#5794=CARTESIAN_POINT('',(2.76499999999999,-2.82499999999999,5.5));
#5795=CARTESIAN_POINT('',(2.40384053287629,-3.18615946712368,5.5));
#5796=CARTESIAN_POINT('',(2.315,-2.82499999999999,5.5));
#5797=CARTESIAN_POINT('',(1.63381834496567,-2.82499999999999,5.5));
#5798=CARTESIAN_POINT('',(2.215,-2.72499999999999,5.5));
#5799=CARTESIAN_POINT('',(1.83247781208937,-2.34247781208935,5.5));
#5800=CARTESIAN_POINT('',(2.215,-2.36613727921306,5.5));
#5801=CARTESIAN_POINT('',(-0.224999999999997,-7.17500000000001,5.5));
#5802=CARTESIAN_POINT('',(-0.324999999999998,-7.27500000000001,5.5));
#5803=CARTESIAN_POINT('',(-0.00115946712369121,-6.95115946712371,5.5));
#5804=CARTESIAN_POINT('',(0.224999999999989,-7.17500000000001,5.5));
#5805=CARTESIAN_POINT('',(0.588818344965661,-7.17500000000001,5.5));
#5806=CARTESIAN_POINT('',(0.324999999999989,-7.27500000000001,5.5));
#5807=CARTESIAN_POINT('',(0.527477812089352,-7.47747781208937,5.5));
#5808=CARTESIAN_POINT('',(0.324999999999989,-7.72499999999999,5.5));
#5809=CARTESIAN_POINT('',(0.324999999999989,-7.59113727921305,5.5));
#5810=CARTESIAN_POINT('',(0.224999999999989,-7.82499999999999,5.5));
#5811=CARTESIAN_POINT('',(0.498840532876293,-7.55115946712368,5.5));
#5812=CARTESIAN_POINT('',(-0.224999999999997,-7.82499999999999,5.5));
#5813=CARTESIAN_POINT('',(0.363818344965668,-7.82499999999999,5.5));
#5814=CARTESIAN_POINT('',(-0.324999999999998,-7.72499999999999,5.5));
#5815=CARTESIAN_POINT('',(-0.0725221879106323,-7.97747781208935,5.5));
#5816=CARTESIAN_POINT('',(-0.324999999999998,-7.36613727921306,5.5));
#5817=CARTESIAN_POINT('',(2.315,-7.17500000000001,5.5));
#5818=CARTESIAN_POINT('',(2.215,-7.27500000000001,5.5));
#5819=CARTESIAN_POINT('',(1.90384053287631,-7.58615946712371,5.5));
#5820=CARTESIAN_POINT('',(2.76499999999999,-7.17500000000001,5.5));
#5821=CARTESIAN_POINT('',(1.85881834496566,-7.17500000000001,5.5));
#5822=CARTESIAN_POINT('',(2.86499999999999,-7.27500000000001,5.5));
#5823=CARTESIAN_POINT('',(2.43247781208935,-6.84247781208937,5.5));
#5824=CARTESIAN_POINT('',(2.86499999999999,-7.72499999999999,5.5));
#5825=CARTESIAN_POINT('',(2.86499999999999,-7.59113727921305,5.5));
#5826=CARTESIAN_POINT('',(2.76499999999999,-7.82499999999999,5.5));
#5827=CARTESIAN_POINT('',(2.40384053287629,-8.18615946712369,5.5));
#5828=CARTESIAN_POINT('',(2.315,-7.82499999999999,5.5));
#5829=CARTESIAN_POINT('',(1.63381834496567,-7.82499999999999,5.5));
#5830=CARTESIAN_POINT('',(2.215,-7.72499999999999,5.5));
#5831=CARTESIAN_POINT('',(1.83247781208937,-7.34247781208935,5.5));
#5832=CARTESIAN_POINT('',(2.215,-7.36613727921306,5.5));
#5833=CARTESIAN_POINT('Origin',(3.49263668993133,-6.68727455842612,3.));
#5834=CARTESIAN_POINT('',(3.01263668993133,-6.20727455842612,3.));
#5835=CARTESIAN_POINT('',(3.01263668993133,-6.20727455842612,3.));
#5836=CARTESIAN_POINT('',(3.49263668993133,-6.68727455842612,3.));
#5837=CARTESIAN_POINT('',(3.49263668993133,-6.68727455842612,3.));
#5838=CARTESIAN_POINT('',(2.99263668993133,-6.18727455842612,3.));
#5839=CARTESIAN_POINT('Origin',(-1.08736331006867,-6.18727455842612,3.));
#5840=CARTESIAN_POINT('',(-1.10736331006867,-6.20727455842612,3.));
#5841=CARTESIAN_POINT('',(-1.10736331006867,-6.20727455842612,3.));
#5842=CARTESIAN_POINT('',(-1.58736331006867,-6.68727455842612,3.));
#5843=CARTESIAN_POINT('',(-1.58736331006867,-6.68727455842612,3.));
#5844=CARTESIAN_POINT('',(-1.58736331006867,-6.68727455842612,3.));
#5845=CARTESIAN_POINT('Origin',(3.49263668993133,-8.22727455842612,3.));
#5846=CARTESIAN_POINT('',(3.49263668993133,-8.22727455842612,3.));
#5847=CARTESIAN_POINT('',(3.49263668993133,-8.22727455842612,3.));
#5848=CARTESIAN_POINT('',(3.49263668993133,-8.22727455842612,3.));
#5849=CARTESIAN_POINT('Origin',(2.99263668993133,-8.72727455842612,3.));
#5850=CARTESIAN_POINT('',(2.99263668993133,-8.72727455842612,3.));
#5851=CARTESIAN_POINT('Origin',(-1.58736331006867,-6.68727455842612,3.));
#5852=CARTESIAN_POINT('',(-1.58736331006867,-6.68727455842612,3.));
#5853=CARTESIAN_POINT('Origin',(2.315,-7.82499999999999,0.));
#5854=CARTESIAN_POINT('',(2.76499999999999,-7.82499999999999,12.));
#5855=CARTESIAN_POINT('',(2.76499999999999,-7.82499999999999,0.));
#5856=CARTESIAN_POINT('',(2.315,-7.82499999999999,12.));
#5857=CARTESIAN_POINT('',(2.76499999999999,-7.82499999999999,12.));
#5858=CARTESIAN_POINT('',(2.315,-7.82499999999999,0.));
#5859=CARTESIAN_POINT('Origin',(2.315,-7.82499999999999,0.));
#5860=CARTESIAN_POINT('',(2.76499999999999,-7.82499999999999,3.));
#5861=CARTESIAN_POINT('',(2.315,-7.82499999999999,3.));
#5862=CARTESIAN_POINT('',(1.63381834496567,-7.82499999999999,3.));
#5863=CARTESIAN_POINT('',(2.315,-7.82499999999999,0.));
#5864=CARTESIAN_POINT('',(2.315,-7.82499999999999,0.));
#5865=CARTESIAN_POINT('',(2.76499999999999,-7.82499999999999,0.));
#5866=CARTESIAN_POINT('',(2.76499999999999,-7.82499999999999,0.));
#5867=CARTESIAN_POINT('',(2.76499999999999,-7.82499999999999,0.));
#5868=CARTESIAN_POINT('Origin',(2.76499999999999,-7.82499999999999,0.));
#5869=CARTESIAN_POINT('',(2.86499999999999,-7.72499999999999,12.));
#5870=CARTESIAN_POINT('',(2.86499999999999,-7.72499999999999,0.));
#5871=CARTESIAN_POINT('',(2.76499999999999,-7.82499999999999,12.));
#5872=CARTESIAN_POINT('Origin',(2.76499999999999,-7.82499999999999,0.));
#5873=CARTESIAN_POINT('',(2.86499999999999,-7.72499999999999,3.));
#5874=CARTESIAN_POINT('',(2.40384053287629,-8.18615946712369,3.));
#5875=CARTESIAN_POINT('',(2.86499999999999,-7.72499999999999,0.));
#5876=CARTESIAN_POINT('',(2.76499999999999,-7.82499999999999,0.));
#5877=CARTESIAN_POINT('',(2.86499999999999,-7.72499999999999,0.));
#5878=CARTESIAN_POINT('Origin',(2.86499999999999,-7.72499999999999,0.));
#5879=CARTESIAN_POINT('',(2.86499999999999,-7.27500000000001,12.));
#5880=CARTESIAN_POINT('',(2.86499999999999,-7.27500000000001,0.));
#5881=CARTESIAN_POINT('',(2.86499999999999,-7.27500000000001,12.));
#5882=CARTESIAN_POINT('Origin',(2.215,-7.72499999999999,0.));
#5883=CARTESIAN_POINT('',(2.215,-7.72499999999999,12.));
#5884=CARTESIAN_POINT('',(2.215,-7.72499999999999,12.));
#5885=CARTESIAN_POINT('',(2.215,-7.72499999999999,0.));
#5886=CARTESIAN_POINT('Origin',(2.215,-7.72499999999999,0.));
#5887=CARTESIAN_POINT('',(2.215,-7.72499999999999,3.));
#5888=CARTESIAN_POINT('',(1.83247781208937,-7.34247781208935,3.));
#5889=CARTESIAN_POINT('',(2.215,-7.72499999999999,0.));
#5890=CARTESIAN_POINT('',(2.215,-7.72499999999999,0.));
#5891=CARTESIAN_POINT('',(2.215,-7.72499999999999,0.));
#5892=CARTESIAN_POINT('Origin',(2.86499999999999,-7.27500000000001,0.));
#5893=CARTESIAN_POINT('',(2.76499999999999,-7.17500000000001,12.));
#5894=CARTESIAN_POINT('',(2.76499999999999,-7.17500000000001,0.));
#5895=CARTESIAN_POINT('',(2.76499999999999,-7.17500000000001,12.));
#5896=CARTESIAN_POINT('Origin',(2.215,-7.27500000000001,0.));
#5897=CARTESIAN_POINT('',(2.215,-7.27500000000001,12.));
#5898=CARTESIAN_POINT('',(2.215,-7.72499999999999,12.));
#5899=CARTESIAN_POINT('',(2.215,-7.27500000000001,0.));
#5900=CARTESIAN_POINT('Origin',(2.215,-7.27500000000001,0.));
#5901=CARTESIAN_POINT('',(2.215,-7.27500000000001,3.));
#5902=CARTESIAN_POINT('',(2.215,-7.36613727921306,3.));
#5903=CARTESIAN_POINT('',(2.215,-7.27500000000001,0.));
#5904=CARTESIAN_POINT('',(2.215,-7.27500000000001,0.));
#5905=CARTESIAN_POINT('',(2.215,-7.72499999999999,0.));
#5906=CARTESIAN_POINT('Origin',(2.76499999999999,-7.17500000000001,0.));
#5907=CARTESIAN_POINT('',(2.315,-7.17500000000001,12.));
#5908=CARTESIAN_POINT('',(2.315,-7.17500000000001,0.));
#5909=CARTESIAN_POINT('',(2.315,-7.17500000000001,12.));
#5910=CARTESIAN_POINT('Origin',(2.315,-7.17500000000001,0.));
#5911=CARTESIAN_POINT('',(2.215,-7.27500000000001,12.));
#5912=CARTESIAN_POINT('Origin',(2.315,-7.17500000000001,0.));
#5913=CARTESIAN_POINT('',(2.315,-7.17500000000001,3.));
#5914=CARTESIAN_POINT('',(1.90384053287631,-7.58615946712371,3.));
#5915=CARTESIAN_POINT('',(2.315,-7.17500000000001,0.));
#5916=CARTESIAN_POINT('',(2.315,-7.17500000000001,0.));
#5917=CARTESIAN_POINT('',(2.215,-7.27500000000001,0.));
#5918=CARTESIAN_POINT('Origin',(2.76499999999999,-7.17500000000001,0.));
#5919=CARTESIAN_POINT('',(2.76499999999999,-7.17500000000001,3.));
#5920=CARTESIAN_POINT('',(1.85881834496566,-7.17500000000001,3.));
#5921=CARTESIAN_POINT('',(2.76499999999999,-7.17500000000001,0.));
#5922=CARTESIAN_POINT('',(2.76499999999999,-7.17500000000001,0.));
#5923=CARTESIAN_POINT('',(2.315,-7.17500000000001,0.));
#5924=CARTESIAN_POINT('Origin',(2.86499999999999,-7.27500000000001,0.));
#5925=CARTESIAN_POINT('',(2.86499999999999,-7.27500000000001,3.));
#5926=CARTESIAN_POINT('',(2.43247781208935,-6.84247781208937,3.));
#5927=CARTESIAN_POINT('',(2.86499999999999,-7.27500000000001,0.));
#5928=CARTESIAN_POINT('',(2.86499999999999,-7.27500000000001,0.));
#5929=CARTESIAN_POINT('',(2.76499999999999,-7.17500000000001,0.));
#5930=CARTESIAN_POINT('Origin',(2.86499999999999,-7.72499999999999,0.));
#5931=CARTESIAN_POINT('',(2.86499999999999,-7.59113727921305,3.));
#5932=CARTESIAN_POINT('',(2.86499999999999,-7.27500000000001,0.));
#5933=CARTESIAN_POINT('Origin',(2.54,-7.5,12.));
#5934=CARTESIAN_POINT('Origin',(2.54,-7.5,0.));
#5935=CARTESIAN_POINT('Origin',(-0.224999999999997,-7.82499999999999,0.));
#5936=CARTESIAN_POINT('',(0.224999999999989,-7.82499999999999,12.));
#5937=CARTESIAN_POINT('',(0.224999999999989,-7.82499999999999,0.));
#5938=CARTESIAN_POINT('',(-0.224999999999997,-7.82499999999999,12.));
#5939=CARTESIAN_POINT('',(0.224999999999989,-7.82499999999999,12.));
#5940=CARTESIAN_POINT('',(-0.224999999999997,-7.82499999999999,0.));
#5941=CARTESIAN_POINT('Origin',(-0.224999999999997,-7.82499999999999,0.));
#5942=CARTESIAN_POINT('',(0.224999999999989,-7.82499999999999,3.));
#5943=CARTESIAN_POINT('',(-0.224999999999997,-7.82499999999999,3.));
#5944=CARTESIAN_POINT('',(0.363818344965668,-7.82499999999999,3.));
#5945=CARTESIAN_POINT('',(-0.224999999999997,-7.82499999999999,0.));
#5946=CARTESIAN_POINT('',(-0.224999999999997,-7.82499999999999,0.));
#5947=CARTESIAN_POINT('',(0.224999999999989,-7.82499999999999,0.));
#5948=CARTESIAN_POINT('',(0.224999999999989,-7.82499999999999,0.));
#5949=CARTESIAN_POINT('',(0.224999999999989,-7.82499999999999,0.));
#5950=CARTESIAN_POINT('Origin',(0.224999999999989,-7.82499999999999,0.));
#5951=CARTESIAN_POINT('',(0.324999999999989,-7.72499999999999,12.));
#5952=CARTESIAN_POINT('',(0.324999999999989,-7.72499999999999,0.));
#5953=CARTESIAN_POINT('',(0.224999999999989,-7.82499999999999,12.));
#5954=CARTESIAN_POINT('Origin',(0.224999999999989,-7.82499999999999,0.));
#5955=CARTESIAN_POINT('',(0.324999999999989,-7.72499999999999,3.));
#5956=CARTESIAN_POINT('',(0.498840532876293,-7.55115946712368,3.));
#5957=CARTESIAN_POINT('',(0.324999999999989,-7.72499999999999,0.));
#5958=CARTESIAN_POINT('',(0.224999999999989,-7.82499999999999,0.));
#5959=CARTESIAN_POINT('',(0.324999999999989,-7.72499999999999,0.));
#5960=CARTESIAN_POINT('Origin',(0.324999999999989,-7.72499999999999,0.));
#5961=CARTESIAN_POINT('',(0.324999999999989,-7.27500000000001,12.));
#5962=CARTESIAN_POINT('',(0.324999999999989,-7.27500000000001,0.));
#5963=CARTESIAN_POINT('',(0.324999999999989,-7.27500000000001,12.));
#5964=CARTESIAN_POINT('Origin',(-0.324999999999998,-7.72499999999999,0.));
#5965=CARTESIAN_POINT('',(-0.324999999999998,-7.72499999999999,12.));
#5966=CARTESIAN_POINT('',(-0.324999999999998,-7.72499999999999,12.));
#5967=CARTESIAN_POINT('',(-0.324999999999998,-7.72499999999999,0.));
#5968=CARTESIAN_POINT('Origin',(-0.324999999999998,-7.72499999999999,0.));
#5969=CARTESIAN_POINT('',(-0.324999999999998,-7.72499999999999,3.));
#5970=CARTESIAN_POINT('',(-0.0725221879106322,-7.97747781208935,3.));
#5971=CARTESIAN_POINT('',(-0.324999999999998,-7.72499999999999,0.));
#5972=CARTESIAN_POINT('',(-0.324999999999998,-7.72499999999999,0.));
#5973=CARTESIAN_POINT('',(-0.324999999999998,-7.72499999999999,0.));
#5974=CARTESIAN_POINT('Origin',(0.324999999999989,-7.27500000000001,0.));
#5975=CARTESIAN_POINT('',(0.224999999999989,-7.17500000000001,12.));
#5976=CARTESIAN_POINT('',(0.224999999999989,-7.17500000000001,0.));
#5977=CARTESIAN_POINT('',(0.224999999999989,-7.17500000000001,12.));
#5978=CARTESIAN_POINT('Origin',(-0.324999999999998,-7.27500000000001,0.));
#5979=CARTESIAN_POINT('',(-0.324999999999998,-7.27500000000001,12.));
#5980=CARTESIAN_POINT('',(-0.324999999999998,-7.72499999999999,12.));
#5981=CARTESIAN_POINT('',(-0.324999999999998,-7.27500000000001,0.));
#5982=CARTESIAN_POINT('Origin',(-0.324999999999998,-7.27500000000001,0.));
#5983=CARTESIAN_POINT('',(-0.324999999999998,-7.27500000000001,3.));
#5984=CARTESIAN_POINT('',(-0.324999999999998,-7.36613727921306,3.));
#5985=CARTESIAN_POINT('',(-0.324999999999998,-7.27500000000001,0.));
#5986=CARTESIAN_POINT('',(-0.324999999999998,-7.27500000000001,0.));
#5987=CARTESIAN_POINT('',(-0.324999999999998,-7.72499999999999,0.));
#5988=CARTESIAN_POINT('Origin',(0.224999999999989,-7.17500000000001,0.));
#5989=CARTESIAN_POINT('',(-0.224999999999997,-7.17500000000001,12.));
#5990=CARTESIAN_POINT('',(-0.224999999999997,-7.17500000000001,0.));
#5991=CARTESIAN_POINT('',(-0.224999999999997,-7.17500000000001,12.));
#5992=CARTESIAN_POINT('Origin',(-0.224999999999997,-7.17500000000001,0.));
#5993=CARTESIAN_POINT('',(-0.324999999999998,-7.27500000000001,12.));
#5994=CARTESIAN_POINT('Origin',(-0.224999999999997,-7.17500000000001,0.));
#5995=CARTESIAN_POINT('',(-0.224999999999997,-7.17500000000001,3.));
#5996=CARTESIAN_POINT('',(-0.00115946712369121,-6.95115946712371,3.));
#5997=CARTESIAN_POINT('',(-0.224999999999997,-7.17500000000001,0.));
#5998=CARTESIAN_POINT('',(-0.224999999999997,-7.17500000000001,0.));
#5999=CARTESIAN_POINT('',(-0.324999999999998,-7.27500000000001,0.));
#6000=CARTESIAN_POINT('Origin',(0.224999999999989,-7.17500000000001,0.));
#6001=CARTESIAN_POINT('',(0.224999999999989,-7.17500000000001,3.));
#6002=CARTESIAN_POINT('',(0.588818344965661,-7.17500000000001,3.));
#6003=CARTESIAN_POINT('',(0.224999999999989,-7.17500000000001,0.));
#6004=CARTESIAN_POINT('',(0.224999999999989,-7.17500000000001,0.));
#6005=CARTESIAN_POINT('',(-0.224999999999997,-7.17500000000001,0.));
#6006=CARTESIAN_POINT('Origin',(0.324999999999989,-7.27500000000001,0.));
#6007=CARTESIAN_POINT('',(0.324999999999989,-7.27500000000001,3.));
#6008=CARTESIAN_POINT('',(0.527477812089352,-7.47747781208937,3.));
#6009=CARTESIAN_POINT('',(0.324999999999989,-7.27500000000001,0.));
#6010=CARTESIAN_POINT('',(0.324999999999989,-7.27500000000001,0.));
#6011=CARTESIAN_POINT('',(0.224999999999989,-7.17500000000001,0.));
#6012=CARTESIAN_POINT('Origin',(0.324999999999989,-7.72499999999999,0.));
#6013=CARTESIAN_POINT('',(0.324999999999989,-7.59113727921305,3.));
#6014=CARTESIAN_POINT('',(0.324999999999989,-7.27500000000001,0.));
#6015=CARTESIAN_POINT('Origin',(-4.44089209850063E-15,-7.5,12.));
#6016=CARTESIAN_POINT('Origin',(-4.44089209850063E-15,-7.5,0.));
#6017=CARTESIAN_POINT('Origin',(-1.58736331006867,-5.72727455842612,3.));
#6018=CARTESIAN_POINT('',(-1.58736331006867,-5.72727455842612,3.));
#6019=CARTESIAN_POINT('',(-1.58736331006867,-5.72727455842612,3.));
#6020=CARTESIAN_POINT('',(-1.58736331006867,-5.72727455842612,3.));
#6021=CARTESIAN_POINT('Origin',(3.49263668993133,-4.18727455842612,3.));
#6022=CARTESIAN_POINT('',(3.01263668993133,-3.70727455842612,3.));
#6023=CARTESIAN_POINT('',(3.01263668993133,-3.70727455842612,3.));
#6024=CARTESIAN_POINT('',(3.49263668993133,-4.18727455842612,3.));
#6025=CARTESIAN_POINT('',(3.49263668993133,-4.18727455842612,3.));
#6026=CARTESIAN_POINT('',(2.99263668993133,-3.68727455842612,3.));
#6027=CARTESIAN_POINT('Origin',(-1.08736331006867,-3.68727455842612,3.));
#6028=CARTESIAN_POINT('',(-1.10736331006867,-3.70727455842612,3.));
#6029=CARTESIAN_POINT('',(-1.10736331006867,-3.70727455842612,3.));
#6030=CARTESIAN_POINT('',(-1.58736331006867,-4.18727455842612,3.));
#6031=CARTESIAN_POINT('',(-1.58736331006867,-4.18727455842612,3.));
#6032=CARTESIAN_POINT('',(-1.58736331006867,-4.18727455842612,3.));
#6033=CARTESIAN_POINT('Origin',(3.49263668993133,-5.72727455842612,3.));
#6034=CARTESIAN_POINT('',(3.49263668993133,-5.72727455842612,3.));
#6035=CARTESIAN_POINT('',(3.49263668993133,-5.72727455842612,3.));
#6036=CARTESIAN_POINT('',(3.49263668993133,-5.72727455842612,3.));
#6037=CARTESIAN_POINT('Origin',(2.99263668993133,-6.22727455842612,3.));
#6038=CARTESIAN_POINT('',(2.99263668993133,-6.22727455842612,3.));
#6039=CARTESIAN_POINT('Origin',(-1.58736331006867,-4.18727455842612,3.));
#6040=CARTESIAN_POINT('',(-1.58736331006867,-4.18727455842612,3.));
#6041=CARTESIAN_POINT('Origin',(2.315,-5.32499999999999,0.));
#6042=CARTESIAN_POINT('',(2.76499999999999,-5.32499999999999,12.));
#6043=CARTESIAN_POINT('',(2.76499999999999,-5.32499999999999,0.));
#6044=CARTESIAN_POINT('',(2.315,-5.32499999999999,12.));
#6045=CARTESIAN_POINT('',(2.76499999999999,-5.32499999999999,12.));
#6046=CARTESIAN_POINT('',(2.315,-5.32499999999999,0.));
#6047=CARTESIAN_POINT('Origin',(2.315,-5.32499999999999,0.));
#6048=CARTESIAN_POINT('',(2.76499999999999,-5.32499999999999,3.));
#6049=CARTESIAN_POINT('',(2.315,-5.32499999999999,3.));
#6050=CARTESIAN_POINT('',(1.63381834496567,-5.32499999999999,3.));
#6051=CARTESIAN_POINT('',(2.315,-5.32499999999999,0.));
#6052=CARTESIAN_POINT('',(2.315,-5.32499999999999,0.));
#6053=CARTESIAN_POINT('',(2.76499999999999,-5.32499999999999,0.));
#6054=CARTESIAN_POINT('',(2.76499999999999,-5.32499999999999,0.));
#6055=CARTESIAN_POINT('',(2.76499999999999,-5.32499999999999,0.));
#6056=CARTESIAN_POINT('Origin',(2.76499999999999,-5.32499999999999,0.));
#6057=CARTESIAN_POINT('',(2.86499999999999,-5.22499999999999,12.));
#6058=CARTESIAN_POINT('',(2.86499999999999,-5.22499999999999,0.));
#6059=CARTESIAN_POINT('',(2.76499999999999,-5.32499999999999,12.));
#6060=CARTESIAN_POINT('Origin',(2.76499999999999,-5.32499999999999,0.));
#6061=CARTESIAN_POINT('',(2.86499999999999,-5.22499999999999,3.));
#6062=CARTESIAN_POINT('',(2.40384053287629,-5.68615946712368,3.));
#6063=CARTESIAN_POINT('',(2.86499999999999,-5.22499999999999,0.));
#6064=CARTESIAN_POINT('',(2.76499999999999,-5.32499999999999,0.));
#6065=CARTESIAN_POINT('',(2.86499999999999,-5.22499999999999,0.));
#6066=CARTESIAN_POINT('Origin',(2.86499999999999,-5.22499999999999,0.));
#6067=CARTESIAN_POINT('',(2.86499999999999,-4.77500000000001,12.));
#6068=CARTESIAN_POINT('',(2.86499999999999,-4.77500000000001,0.));
#6069=CARTESIAN_POINT('',(2.86499999999999,-4.77500000000001,12.));
#6070=CARTESIAN_POINT('Origin',(2.215,-5.22499999999999,0.));
#6071=CARTESIAN_POINT('',(2.215,-5.22499999999999,12.));
#6072=CARTESIAN_POINT('',(2.215,-5.22499999999999,12.));
#6073=CARTESIAN_POINT('',(2.215,-5.22499999999999,0.));
#6074=CARTESIAN_POINT('Origin',(2.215,-5.22499999999999,0.));
#6075=CARTESIAN_POINT('',(2.215,-5.22499999999999,3.));
#6076=CARTESIAN_POINT('',(1.83247781208937,-4.84247781208935,3.));
#6077=CARTESIAN_POINT('',(2.215,-5.22499999999999,0.));
#6078=CARTESIAN_POINT('',(2.215,-5.22499999999999,0.));
#6079=CARTESIAN_POINT('',(2.215,-5.22499999999999,0.));
#6080=CARTESIAN_POINT('Origin',(2.86499999999999,-4.77500000000001,0.));
#6081=CARTESIAN_POINT('',(2.76499999999999,-4.67500000000001,12.));
#6082=CARTESIAN_POINT('',(2.76499999999999,-4.67500000000001,0.));
#6083=CARTESIAN_POINT('',(2.76499999999999,-4.67500000000001,12.));
#6084=CARTESIAN_POINT('Origin',(2.215,-4.77500000000001,0.));
#6085=CARTESIAN_POINT('',(2.215,-4.77500000000001,12.));
#6086=CARTESIAN_POINT('',(2.215,-5.22499999999999,12.));
#6087=CARTESIAN_POINT('',(2.215,-4.77500000000001,0.));
#6088=CARTESIAN_POINT('Origin',(2.215,-4.77500000000001,0.));
#6089=CARTESIAN_POINT('',(2.215,-4.77500000000001,3.));
#6090=CARTESIAN_POINT('',(2.215,-4.86613727921306,3.));
#6091=CARTESIAN_POINT('',(2.215,-4.77500000000001,0.));
#6092=CARTESIAN_POINT('',(2.215,-4.77500000000001,0.));
#6093=CARTESIAN_POINT('',(2.215,-5.22499999999999,0.));
#6094=CARTESIAN_POINT('Origin',(2.76499999999999,-4.67500000000001,0.));
#6095=CARTESIAN_POINT('',(2.315,-4.67500000000001,12.));
#6096=CARTESIAN_POINT('',(2.315,-4.67500000000001,0.));
#6097=CARTESIAN_POINT('',(2.315,-4.67500000000001,12.));
#6098=CARTESIAN_POINT('Origin',(2.315,-4.67500000000001,0.));
#6099=CARTESIAN_POINT('',(2.215,-4.77500000000001,12.));
#6100=CARTESIAN_POINT('Origin',(2.315,-4.67500000000001,0.));
#6101=CARTESIAN_POINT('',(2.315,-4.67500000000001,3.));
#6102=CARTESIAN_POINT('',(1.90384053287631,-5.08615946712371,3.));
#6103=CARTESIAN_POINT('',(2.315,-4.67500000000001,0.));
#6104=CARTESIAN_POINT('',(2.315,-4.67500000000001,0.));
#6105=CARTESIAN_POINT('',(2.215,-4.77500000000001,0.));
#6106=CARTESIAN_POINT('Origin',(2.76499999999999,-4.67500000000001,0.));
#6107=CARTESIAN_POINT('',(2.76499999999999,-4.67500000000001,3.));
#6108=CARTESIAN_POINT('',(1.85881834496566,-4.67500000000001,3.));
#6109=CARTESIAN_POINT('',(2.76499999999999,-4.67500000000001,0.));
#6110=CARTESIAN_POINT('',(2.76499999999999,-4.67500000000001,0.));
#6111=CARTESIAN_POINT('',(2.315,-4.67500000000001,0.));
#6112=CARTESIAN_POINT('Origin',(2.86499999999999,-4.77500000000001,0.));
#6113=CARTESIAN_POINT('',(2.86499999999999,-4.77500000000001,3.));
#6114=CARTESIAN_POINT('',(2.43247781208935,-4.34247781208937,3.));
#6115=CARTESIAN_POINT('',(2.86499999999999,-4.77500000000001,0.));
#6116=CARTESIAN_POINT('',(2.86499999999999,-4.77500000000001,0.));
#6117=CARTESIAN_POINT('',(2.76499999999999,-4.67500000000001,0.));
#6118=CARTESIAN_POINT('Origin',(2.86499999999999,-5.22499999999999,0.));
#6119=CARTESIAN_POINT('',(2.86499999999999,-5.09113727921305,3.));
#6120=CARTESIAN_POINT('',(2.86499999999999,-4.77500000000001,0.));
#6121=CARTESIAN_POINT('Origin',(2.54,-5.,12.));
#6122=CARTESIAN_POINT('Origin',(2.54,-5.,0.));
#6123=CARTESIAN_POINT('Origin',(-0.224999999999997,-5.32499999999999,0.));
#6124=CARTESIAN_POINT('',(0.224999999999989,-5.32499999999999,12.));
#6125=CARTESIAN_POINT('',(0.224999999999989,-5.32499999999999,0.));
#6126=CARTESIAN_POINT('',(-0.224999999999997,-5.32499999999999,12.));
#6127=CARTESIAN_POINT('',(0.224999999999989,-5.32499999999999,12.));
#6128=CARTESIAN_POINT('',(-0.224999999999997,-5.32499999999999,0.));
#6129=CARTESIAN_POINT('Origin',(-0.224999999999997,-5.32499999999999,0.));
#6130=CARTESIAN_POINT('',(0.224999999999989,-5.32499999999999,3.));
#6131=CARTESIAN_POINT('',(-0.224999999999997,-5.32499999999999,3.));
#6132=CARTESIAN_POINT('',(0.363818344965668,-5.32499999999999,3.));
#6133=CARTESIAN_POINT('',(-0.224999999999997,-5.32499999999999,0.));
#6134=CARTESIAN_POINT('',(-0.224999999999997,-5.32499999999999,0.));
#6135=CARTESIAN_POINT('',(0.224999999999989,-5.32499999999999,0.));
#6136=CARTESIAN_POINT('',(0.224999999999989,-5.32499999999999,0.));
#6137=CARTESIAN_POINT('',(0.224999999999989,-5.32499999999999,0.));
#6138=CARTESIAN_POINT('Origin',(0.224999999999989,-5.32499999999999,0.));
#6139=CARTESIAN_POINT('',(0.324999999999989,-5.22499999999999,12.));
#6140=CARTESIAN_POINT('',(0.324999999999989,-5.22499999999999,0.));
#6141=CARTESIAN_POINT('',(0.224999999999989,-5.32499999999999,12.));
#6142=CARTESIAN_POINT('Origin',(0.224999999999989,-5.32499999999999,0.));
#6143=CARTESIAN_POINT('',(0.324999999999989,-5.22499999999999,3.));
#6144=CARTESIAN_POINT('',(0.498840532876293,-5.05115946712368,3.));
#6145=CARTESIAN_POINT('',(0.324999999999989,-5.22499999999999,0.));
#6146=CARTESIAN_POINT('',(0.224999999999989,-5.32499999999999,0.));
#6147=CARTESIAN_POINT('',(0.324999999999989,-5.22499999999999,0.));
#6148=CARTESIAN_POINT('Origin',(0.324999999999989,-5.22499999999999,0.));
#6149=CARTESIAN_POINT('',(0.324999999999989,-4.77500000000001,12.));
#6150=CARTESIAN_POINT('',(0.324999999999989,-4.77500000000001,0.));
#6151=CARTESIAN_POINT('',(0.324999999999989,-4.77500000000001,12.));
#6152=CARTESIAN_POINT('Origin',(-0.324999999999998,-5.22499999999999,0.));
#6153=CARTESIAN_POINT('',(-0.324999999999998,-5.22499999999999,12.));
#6154=CARTESIAN_POINT('',(-0.324999999999998,-5.22499999999999,12.));
#6155=CARTESIAN_POINT('',(-0.324999999999998,-5.22499999999999,0.));
#6156=CARTESIAN_POINT('Origin',(-0.324999999999998,-5.22499999999999,0.));
#6157=CARTESIAN_POINT('',(-0.324999999999998,-5.22499999999999,3.));
#6158=CARTESIAN_POINT('',(-0.0725221879106322,-5.47747781208935,3.));
#6159=CARTESIAN_POINT('',(-0.324999999999998,-5.22499999999999,0.));
#6160=CARTESIAN_POINT('',(-0.324999999999998,-5.22499999999999,0.));
#6161=CARTESIAN_POINT('',(-0.324999999999998,-5.22499999999999,0.));
#6162=CARTESIAN_POINT('Origin',(0.324999999999989,-4.77500000000001,0.));
#6163=CARTESIAN_POINT('',(0.224999999999989,-4.67500000000001,12.));
#6164=CARTESIAN_POINT('',(0.224999999999989,-4.67500000000001,0.));
#6165=CARTESIAN_POINT('',(0.224999999999989,-4.67500000000001,12.));
#6166=CARTESIAN_POINT('Origin',(-0.324999999999998,-4.77500000000001,0.));
#6167=CARTESIAN_POINT('',(-0.324999999999998,-4.77500000000001,12.));
#6168=CARTESIAN_POINT('',(-0.324999999999998,-5.22499999999999,12.));
#6169=CARTESIAN_POINT('',(-0.324999999999998,-4.77500000000001,0.));
#6170=CARTESIAN_POINT('Origin',(-0.324999999999998,-4.77500000000001,0.));
#6171=CARTESIAN_POINT('',(-0.324999999999998,-4.77500000000001,3.));
#6172=CARTESIAN_POINT('',(-0.324999999999998,-4.86613727921306,3.));
#6173=CARTESIAN_POINT('',(-0.324999999999998,-4.77500000000001,0.));
#6174=CARTESIAN_POINT('',(-0.324999999999998,-4.77500000000001,0.));
#6175=CARTESIAN_POINT('',(-0.324999999999998,-5.22499999999999,0.));
#6176=CARTESIAN_POINT('Origin',(0.224999999999989,-4.67500000000001,0.));
#6177=CARTESIAN_POINT('',(-0.224999999999997,-4.67500000000001,12.));
#6178=CARTESIAN_POINT('',(-0.224999999999997,-4.67500000000001,0.));
#6179=CARTESIAN_POINT('',(-0.224999999999997,-4.67500000000001,12.));
#6180=CARTESIAN_POINT('Origin',(-0.224999999999997,-4.67500000000001,0.));
#6181=CARTESIAN_POINT('',(-0.324999999999998,-4.77500000000001,12.));
#6182=CARTESIAN_POINT('Origin',(-0.224999999999997,-4.67500000000001,0.));
#6183=CARTESIAN_POINT('',(-0.224999999999997,-4.67500000000001,3.));
#6184=CARTESIAN_POINT('',(-0.00115946712369121,-4.4511594671237,3.));
#6185=CARTESIAN_POINT('',(-0.224999999999997,-4.67500000000001,0.));
#6186=CARTESIAN_POINT('',(-0.224999999999997,-4.67500000000001,0.));
#6187=CARTESIAN_POINT('',(-0.324999999999998,-4.77500000000001,0.));
#6188=CARTESIAN_POINT('Origin',(0.224999999999989,-4.67500000000001,0.));
#6189=CARTESIAN_POINT('',(0.224999999999989,-4.67500000000001,3.));
#6190=CARTESIAN_POINT('',(0.588818344965661,-4.67500000000001,3.));
#6191=CARTESIAN_POINT('',(0.224999999999989,-4.67500000000001,0.));
#6192=CARTESIAN_POINT('',(0.224999999999989,-4.67500000000001,0.));
#6193=CARTESIAN_POINT('',(-0.224999999999997,-4.67500000000001,0.));
#6194=CARTESIAN_POINT('Origin',(0.324999999999989,-4.77500000000001,0.));
#6195=CARTESIAN_POINT('',(0.324999999999989,-4.77500000000001,3.));
#6196=CARTESIAN_POINT('',(0.527477812089352,-4.97747781208937,3.));
#6197=CARTESIAN_POINT('',(0.324999999999989,-4.77500000000001,0.));
#6198=CARTESIAN_POINT('',(0.324999999999989,-4.77500000000001,0.));
#6199=CARTESIAN_POINT('',(0.224999999999989,-4.67500000000001,0.));
#6200=CARTESIAN_POINT('Origin',(0.324999999999989,-5.22499999999999,0.));
#6201=CARTESIAN_POINT('',(0.324999999999989,-5.09113727921305,3.));
#6202=CARTESIAN_POINT('',(0.324999999999989,-4.77500000000001,0.));
#6203=CARTESIAN_POINT('Origin',(-4.44089209850063E-15,-5.,12.));
#6204=CARTESIAN_POINT('Origin',(-4.44089209850063E-15,-5.,0.));
#6205=CARTESIAN_POINT('Origin',(-1.58736331006867,-3.22727455842612,3.));
#6206=CARTESIAN_POINT('',(-1.58736331006867,-3.22727455842612,3.));
#6207=CARTESIAN_POINT('',(-1.58736331006867,-3.22727455842612,3.));
#6208=CARTESIAN_POINT('',(-1.58736331006867,-3.22727455842612,3.));
#6209=CARTESIAN_POINT('Origin',(3.49263668993133,-1.68727455842612,3.));
#6210=CARTESIAN_POINT('',(3.01263668993133,-1.20727455842612,3.));
#6211=CARTESIAN_POINT('',(3.01263668993133,-1.20727455842612,3.));
#6212=CARTESIAN_POINT('',(3.49263668993133,-1.68727455842612,3.));
#6213=CARTESIAN_POINT('',(3.49263668993133,-1.68727455842612,3.));
#6214=CARTESIAN_POINT('',(2.99263668993133,-1.18727455842612,3.));
#6215=CARTESIAN_POINT('Origin',(-1.08736331006867,-1.18727455842612,3.));
#6216=CARTESIAN_POINT('',(-1.10736331006867,-1.20727455842612,3.));
#6217=CARTESIAN_POINT('',(-1.10736331006867,-1.20727455842612,3.));
#6218=CARTESIAN_POINT('',(-1.58736331006867,-1.68727455842612,3.));
#6219=CARTESIAN_POINT('',(-1.58736331006867,-1.68727455842612,3.));
#6220=CARTESIAN_POINT('',(-1.58736331006867,-1.68727455842612,3.));
#6221=CARTESIAN_POINT('Origin',(3.49263668993133,-3.22727455842612,3.));
#6222=CARTESIAN_POINT('',(3.49263668993133,-3.22727455842612,3.));
#6223=CARTESIAN_POINT('',(3.49263668993133,-3.22727455842612,3.));
#6224=CARTESIAN_POINT('',(3.49263668993133,-3.22727455842612,3.));
#6225=CARTESIAN_POINT('Origin',(2.99263668993133,-3.72727455842612,3.));
#6226=CARTESIAN_POINT('',(2.99263668993133,-3.72727455842612,3.));
#6227=CARTESIAN_POINT('Origin',(-1.58736331006867,-1.68727455842612,3.));
#6228=CARTESIAN_POINT('',(-1.58736331006867,-1.68727455842612,3.));
#6229=CARTESIAN_POINT('Origin',(2.315,-2.82499999999999,0.));
#6230=CARTESIAN_POINT('',(2.76499999999999,-2.82499999999999,12.));
#6231=CARTESIAN_POINT('',(2.76499999999999,-2.82499999999999,0.));
#6232=CARTESIAN_POINT('',(2.315,-2.82499999999999,12.));
#6233=CARTESIAN_POINT('',(2.76499999999999,-2.82499999999999,12.));
#6234=CARTESIAN_POINT('',(2.315,-2.82499999999999,0.));
#6235=CARTESIAN_POINT('Origin',(2.315,-2.82499999999999,0.));
#6236=CARTESIAN_POINT('',(2.76499999999999,-2.82499999999999,3.));
#6237=CARTESIAN_POINT('',(2.315,-2.82499999999999,3.));
#6238=CARTESIAN_POINT('',(1.63381834496567,-2.82499999999999,3.));
#6239=CARTESIAN_POINT('',(2.315,-2.82499999999999,0.));
#6240=CARTESIAN_POINT('',(2.315,-2.82499999999999,0.));
#6241=CARTESIAN_POINT('',(2.76499999999999,-2.82499999999999,0.));
#6242=CARTESIAN_POINT('',(2.76499999999999,-2.82499999999999,0.));
#6243=CARTESIAN_POINT('',(2.76499999999999,-2.82499999999999,0.));
#6244=CARTESIAN_POINT('Origin',(2.76499999999999,-2.82499999999999,0.));
#6245=CARTESIAN_POINT('',(2.86499999999999,-2.72499999999999,12.));
#6246=CARTESIAN_POINT('',(2.86499999999999,-2.72499999999999,0.));
#6247=CARTESIAN_POINT('',(2.76499999999999,-2.82499999999999,12.));
#6248=CARTESIAN_POINT('Origin',(2.76499999999999,-2.82499999999999,0.));
#6249=CARTESIAN_POINT('',(2.86499999999999,-2.72499999999999,3.));
#6250=CARTESIAN_POINT('',(2.40384053287629,-3.18615946712368,3.));
#6251=CARTESIAN_POINT('',(2.86499999999999,-2.72499999999999,0.));
#6252=CARTESIAN_POINT('',(2.76499999999999,-2.82499999999999,0.));
#6253=CARTESIAN_POINT('',(2.86499999999999,-2.72499999999999,0.));
#6254=CARTESIAN_POINT('Origin',(2.86499999999999,-2.72499999999999,0.));
#6255=CARTESIAN_POINT('',(2.86499999999999,-2.27500000000001,12.));
#6256=CARTESIAN_POINT('',(2.86499999999999,-2.27500000000001,0.));
#6257=CARTESIAN_POINT('',(2.86499999999999,-2.27500000000001,12.));
#6258=CARTESIAN_POINT('Origin',(2.215,-2.72499999999999,0.));
#6259=CARTESIAN_POINT('',(2.215,-2.72499999999999,12.));
#6260=CARTESIAN_POINT('',(2.215,-2.72499999999999,12.));
#6261=CARTESIAN_POINT('',(2.215,-2.72499999999999,0.));
#6262=CARTESIAN_POINT('Origin',(2.215,-2.72499999999999,0.));
#6263=CARTESIAN_POINT('',(2.215,-2.72499999999999,3.));
#6264=CARTESIAN_POINT('',(1.83247781208937,-2.34247781208935,3.));
#6265=CARTESIAN_POINT('',(2.215,-2.72499999999999,0.));
#6266=CARTESIAN_POINT('',(2.215,-2.72499999999999,0.));
#6267=CARTESIAN_POINT('',(2.215,-2.72499999999999,0.));
#6268=CARTESIAN_POINT('Origin',(2.86499999999999,-2.27500000000001,0.));
#6269=CARTESIAN_POINT('',(2.76499999999999,-2.17500000000001,12.));
#6270=CARTESIAN_POINT('',(2.76499999999999,-2.17500000000001,0.));
#6271=CARTESIAN_POINT('',(2.76499999999999,-2.17500000000001,12.));
#6272=CARTESIAN_POINT('Origin',(2.215,-2.27500000000001,0.));
#6273=CARTESIAN_POINT('',(2.215,-2.27500000000001,12.));
#6274=CARTESIAN_POINT('',(2.215,-2.72499999999999,12.));
#6275=CARTESIAN_POINT('',(2.215,-2.27500000000001,0.));
#6276=CARTESIAN_POINT('Origin',(2.215,-2.27500000000001,0.));
#6277=CARTESIAN_POINT('',(2.215,-2.27500000000001,3.));
#6278=CARTESIAN_POINT('',(2.215,-2.36613727921306,3.));
#6279=CARTESIAN_POINT('',(2.215,-2.27500000000001,0.));
#6280=CARTESIAN_POINT('',(2.215,-2.27500000000001,0.));
#6281=CARTESIAN_POINT('',(2.215,-2.72499999999999,0.));
#6282=CARTESIAN_POINT('Origin',(2.76499999999999,-2.17500000000001,0.));
#6283=CARTESIAN_POINT('',(2.315,-2.17500000000001,12.));
#6284=CARTESIAN_POINT('',(2.315,-2.17500000000001,0.));
#6285=CARTESIAN_POINT('',(2.315,-2.17500000000001,12.));
#6286=CARTESIAN_POINT('Origin',(2.315,-2.17500000000001,0.));
#6287=CARTESIAN_POINT('',(2.215,-2.27500000000001,12.));
#6288=CARTESIAN_POINT('Origin',(2.315,-2.17500000000001,0.));
#6289=CARTESIAN_POINT('',(2.315,-2.17500000000001,3.));
#6290=CARTESIAN_POINT('',(1.90384053287631,-2.5861594671237,3.));
#6291=CARTESIAN_POINT('',(2.315,-2.17500000000001,0.));
#6292=CARTESIAN_POINT('',(2.315,-2.17500000000001,0.));
#6293=CARTESIAN_POINT('',(2.215,-2.27500000000001,0.));
#6294=CARTESIAN_POINT('Origin',(2.76499999999999,-2.17500000000001,0.));
#6295=CARTESIAN_POINT('',(2.76499999999999,-2.17500000000001,3.));
#6296=CARTESIAN_POINT('',(1.85881834496566,-2.17500000000001,3.));
#6297=CARTESIAN_POINT('',(2.76499999999999,-2.17500000000001,0.));
#6298=CARTESIAN_POINT('',(2.76499999999999,-2.17500000000001,0.));
#6299=CARTESIAN_POINT('',(2.315,-2.17500000000001,0.));
#6300=CARTESIAN_POINT('Origin',(2.86499999999999,-2.27500000000001,0.));
#6301=CARTESIAN_POINT('',(2.86499999999999,-2.27500000000001,3.));
#6302=CARTESIAN_POINT('',(2.43247781208935,-1.84247781208937,3.));
#6303=CARTESIAN_POINT('',(2.86499999999999,-2.27500000000001,0.));
#6304=CARTESIAN_POINT('',(2.86499999999999,-2.27500000000001,0.));
#6305=CARTESIAN_POINT('',(2.76499999999999,-2.17500000000001,0.));
#6306=CARTESIAN_POINT('Origin',(2.86499999999999,-2.72499999999999,0.));
#6307=CARTESIAN_POINT('',(2.86499999999999,-2.59113727921305,3.));
#6308=CARTESIAN_POINT('',(2.86499999999999,-2.27500000000001,0.));
#6309=CARTESIAN_POINT('Origin',(2.54,-2.5,12.));
#6310=CARTESIAN_POINT('Origin',(2.54,-2.5,0.));
#6311=CARTESIAN_POINT('Origin',(-0.224999999999997,-2.82499999999999,0.));
#6312=CARTESIAN_POINT('',(0.224999999999989,-2.82499999999999,12.));
#6313=CARTESIAN_POINT('',(0.224999999999989,-2.82499999999999,0.));
#6314=CARTESIAN_POINT('',(-0.224999999999997,-2.82499999999999,12.));
#6315=CARTESIAN_POINT('',(0.224999999999989,-2.82499999999999,12.));
#6316=CARTESIAN_POINT('',(-0.224999999999997,-2.82499999999999,0.));
#6317=CARTESIAN_POINT('Origin',(-0.224999999999997,-2.82499999999999,0.));
#6318=CARTESIAN_POINT('',(0.224999999999989,-2.82499999999999,3.));
#6319=CARTESIAN_POINT('',(-0.224999999999997,-2.82499999999999,3.));
#6320=CARTESIAN_POINT('',(0.363818344965668,-2.82499999999999,3.));
#6321=CARTESIAN_POINT('',(-0.224999999999997,-2.82499999999999,0.));
#6322=CARTESIAN_POINT('',(-0.224999999999997,-2.82499999999999,0.));
#6323=CARTESIAN_POINT('',(0.224999999999989,-2.82499999999999,0.));
#6324=CARTESIAN_POINT('',(0.224999999999989,-2.82499999999999,0.));
#6325=CARTESIAN_POINT('',(0.224999999999989,-2.82499999999999,0.));
#6326=CARTESIAN_POINT('Origin',(0.224999999999989,-2.82499999999999,0.));
#6327=CARTESIAN_POINT('',(0.324999999999989,-2.72499999999999,12.));
#6328=CARTESIAN_POINT('',(0.324999999999989,-2.72499999999999,0.));
#6329=CARTESIAN_POINT('',(0.224999999999989,-2.82499999999999,12.));
#6330=CARTESIAN_POINT('Origin',(0.224999999999989,-2.82499999999999,0.));
#6331=CARTESIAN_POINT('',(0.324999999999989,-2.72499999999999,3.));
#6332=CARTESIAN_POINT('',(0.498840532876293,-2.55115946712368,3.));
#6333=CARTESIAN_POINT('',(0.324999999999989,-2.72499999999999,0.));
#6334=CARTESIAN_POINT('',(0.224999999999989,-2.82499999999999,0.));
#6335=CARTESIAN_POINT('',(0.324999999999989,-2.72499999999999,0.));
#6336=CARTESIAN_POINT('Origin',(0.324999999999989,-2.72499999999999,0.));
#6337=CARTESIAN_POINT('',(0.324999999999989,-2.27500000000001,12.));
#6338=CARTESIAN_POINT('',(0.324999999999989,-2.27500000000001,0.));
#6339=CARTESIAN_POINT('',(0.324999999999989,-2.27500000000001,12.));
#6340=CARTESIAN_POINT('Origin',(-0.324999999999998,-2.72499999999999,0.));
#6341=CARTESIAN_POINT('',(-0.324999999999998,-2.72499999999999,12.));
#6342=CARTESIAN_POINT('',(-0.324999999999998,-2.72499999999999,12.));
#6343=CARTESIAN_POINT('',(-0.324999999999998,-2.72499999999999,0.));
#6344=CARTESIAN_POINT('Origin',(-0.324999999999998,-2.72499999999999,0.));
#6345=CARTESIAN_POINT('',(-0.324999999999998,-2.72499999999999,3.));
#6346=CARTESIAN_POINT('',(-0.0725221879106322,-2.97747781208935,3.));
#6347=CARTESIAN_POINT('',(-0.324999999999998,-2.72499999999999,0.));
#6348=CARTESIAN_POINT('',(-0.324999999999998,-2.72499999999999,0.));
#6349=CARTESIAN_POINT('',(-0.324999999999998,-2.72499999999999,0.));
#6350=CARTESIAN_POINT('Origin',(0.324999999999989,-2.27500000000001,0.));
#6351=CARTESIAN_POINT('',(0.224999999999989,-2.17500000000001,12.));
#6352=CARTESIAN_POINT('',(0.224999999999989,-2.17500000000001,0.));
#6353=CARTESIAN_POINT('',(0.224999999999989,-2.17500000000001,12.));
#6354=CARTESIAN_POINT('Origin',(-0.324999999999998,-2.27500000000001,0.));
#6355=CARTESIAN_POINT('',(-0.324999999999998,-2.27500000000001,12.));
#6356=CARTESIAN_POINT('',(-0.324999999999998,-2.72499999999999,12.));
#6357=CARTESIAN_POINT('',(-0.324999999999998,-2.27500000000001,0.));
#6358=CARTESIAN_POINT('Origin',(-0.324999999999998,-2.27500000000001,0.));
#6359=CARTESIAN_POINT('',(-0.324999999999998,-2.27500000000001,3.));
#6360=CARTESIAN_POINT('',(-0.324999999999998,-2.36613727921306,3.));
#6361=CARTESIAN_POINT('',(-0.324999999999998,-2.27500000000001,0.));
#6362=CARTESIAN_POINT('',(-0.324999999999998,-2.27500000000001,0.));
#6363=CARTESIAN_POINT('',(-0.324999999999998,-2.72499999999999,0.));
#6364=CARTESIAN_POINT('Origin',(0.224999999999989,-2.17500000000001,0.));
#6365=CARTESIAN_POINT('',(-0.224999999999997,-2.17500000000001,12.));
#6366=CARTESIAN_POINT('',(-0.224999999999997,-2.17500000000001,0.));
#6367=CARTESIAN_POINT('',(-0.224999999999997,-2.17500000000001,12.));
#6368=CARTESIAN_POINT('Origin',(-0.224999999999997,-2.17500000000001,0.));
#6369=CARTESIAN_POINT('',(-0.324999999999998,-2.27500000000001,12.));
#6370=CARTESIAN_POINT('Origin',(-0.224999999999997,-2.17500000000001,0.));
#6371=CARTESIAN_POINT('',(-0.224999999999997,-2.17500000000001,3.));
#6372=CARTESIAN_POINT('',(-0.00115946712369121,-1.95115946712371,3.));
#6373=CARTESIAN_POINT('',(-0.224999999999997,-2.17500000000001,0.));
#6374=CARTESIAN_POINT('',(-0.224999999999997,-2.17500000000001,0.));
#6375=CARTESIAN_POINT('',(-0.324999999999998,-2.27500000000001,0.));
#6376=CARTESIAN_POINT('Origin',(0.224999999999989,-2.17500000000001,0.));
#6377=CARTESIAN_POINT('',(0.224999999999989,-2.17500000000001,3.));
#6378=CARTESIAN_POINT('',(0.588818344965661,-2.17500000000001,3.));
#6379=CARTESIAN_POINT('',(0.224999999999989,-2.17500000000001,0.));
#6380=CARTESIAN_POINT('',(0.224999999999989,-2.17500000000001,0.));
#6381=CARTESIAN_POINT('',(-0.224999999999997,-2.17500000000001,0.));
#6382=CARTESIAN_POINT('Origin',(0.324999999999989,-2.27500000000001,0.));
#6383=CARTESIAN_POINT('',(0.324999999999989,-2.27500000000001,3.));
#6384=CARTESIAN_POINT('',(0.527477812089352,-2.47747781208937,3.));
#6385=CARTESIAN_POINT('',(0.324999999999989,-2.27500000000001,0.));
#6386=CARTESIAN_POINT('',(0.324999999999989,-2.27500000000001,0.));
#6387=CARTESIAN_POINT('',(0.224999999999989,-2.17500000000001,0.));
#6388=CARTESIAN_POINT('Origin',(0.324999999999989,-2.72499999999999,0.));
#6389=CARTESIAN_POINT('',(0.324999999999989,-2.59113727921305,3.));
#6390=CARTESIAN_POINT('',(0.324999999999989,-2.27500000000001,0.));
#6391=CARTESIAN_POINT('Origin',(-4.44089209850063E-15,-2.5,12.));
#6392=CARTESIAN_POINT('Origin',(-4.44089209850063E-15,-2.5,0.));
#6393=CARTESIAN_POINT('Origin',(-1.58736331006867,-0.727274558426118,3.));
#6394=CARTESIAN_POINT('',(-1.58736331006867,-0.727274558426118,3.));
#6395=CARTESIAN_POINT('',(-1.58736331006867,-0.727274558426118,3.));
#6396=CARTESIAN_POINT('',(-1.58736331006867,-0.727274558426118,3.));
#6397=CARTESIAN_POINT('Origin',(0.952636689931334,0.042725441573882,3.));
#6398=CARTESIAN_POINT('',(-1.58736331006867,0.812725441573882,3.));
#6399=CARTESIAN_POINT('',(-1.58736331006867,0.812725441573882,3.));
#6400=CARTESIAN_POINT('',(-1.08736331006867,1.31272544157388,3.));
#6401=CARTESIAN_POINT('',(-1.58736331006867,0.812725441573882,3.));
#6402=CARTESIAN_POINT('',(2.99263668993133,1.31272544157388,3.));
#6403=CARTESIAN_POINT('',(2.99263668993133,1.31272544157388,3.));
#6404=CARTESIAN_POINT('',(3.49263668993133,0.812725441573882,3.));
#6405=CARTESIAN_POINT('',(2.99263668993133,1.31272544157388,3.));
#6406=CARTESIAN_POINT('',(3.49263668993133,-0.727274558426118,3.));
#6407=CARTESIAN_POINT('',(3.49263668993133,-0.727274558426118,3.));
#6408=CARTESIAN_POINT('',(2.99263668993133,-1.22727455842612,3.));
#6409=CARTESIAN_POINT('',(-0.324999999999998,0.224999999999989,3.));
#6410=CARTESIAN_POINT('',(-0.224999999999997,0.324999999999989,3.));
#6411=CARTESIAN_POINT('',(-0.00115946712369121,0.548840532876295,3.));
#6412=CARTESIAN_POINT('',(-0.324999999999998,-0.224999999999989,3.));
#6413=CARTESIAN_POINT('',(-0.324999999999998,0.133862720786935,3.));
#6414=CARTESIAN_POINT('',(-0.224999999999997,-0.324999999999989,3.));
#6415=CARTESIAN_POINT('',(-0.0725221879106322,-0.477477812089354,3.));
#6416=CARTESIAN_POINT('',(0.224999999999989,-0.324999999999989,3.));
#6417=CARTESIAN_POINT('',(0.363818344965668,-0.324999999999989,3.));
#6418=CARTESIAN_POINT('',(0.324999999999989,-0.224999999999989,3.));
#6419=CARTESIAN_POINT('',(0.498840532876293,-0.0511594671236846,3.));
#6420=CARTESIAN_POINT('',(0.324999999999989,0.224999999999989,3.));
#6421=CARTESIAN_POINT('',(0.324999999999989,-0.0911372792130533,3.));
#6422=CARTESIAN_POINT('',(0.224999999999989,0.324999999999989,3.));
#6423=CARTESIAN_POINT('',(0.527477812089352,0.0225221879106255,3.));
#6424=CARTESIAN_POINT('',(0.588818344965661,0.324999999999989,3.));
#6425=CARTESIAN_POINT('',(2.215,0.224999999999989,3.));
#6426=CARTESIAN_POINT('',(2.315,0.324999999999989,3.));
#6427=CARTESIAN_POINT('',(1.90384053287631,-0.0861594671237051,3.));
#6428=CARTESIAN_POINT('',(2.215,-0.224999999999989,3.));
#6429=CARTESIAN_POINT('',(2.215,0.133862720786935,3.));
#6430=CARTESIAN_POINT('',(2.315,-0.324999999999989,3.));
#6431=CARTESIAN_POINT('',(1.83247781208937,0.157522187910646,3.));
#6432=CARTESIAN_POINT('',(2.76499999999999,-0.324999999999989,3.));
#6433=CARTESIAN_POINT('',(1.63381834496567,-0.324999999999989,3.));
#6434=CARTESIAN_POINT('',(2.86499999999999,-0.224999999999989,3.));
#6435=CARTESIAN_POINT('',(2.40384053287629,-0.686159467123685,3.));
#6436=CARTESIAN_POINT('',(2.86499999999999,0.224999999999989,3.));
#6437=CARTESIAN_POINT('',(2.86499999999999,-0.0911372792130533,3.));
#6438=CARTESIAN_POINT('',(2.76499999999999,0.324999999999989,3.));
#6439=CARTESIAN_POINT('',(2.43247781208935,0.657522187910625,3.));
#6440=CARTESIAN_POINT('',(1.85881834496566,0.324999999999989,3.));
#6441=CARTESIAN_POINT('Origin',(-1.08736331006867,1.31272544157388,3.));
#6442=CARTESIAN_POINT('',(-1.58736331006867,0.812725441573882,3.));
#6443=CARTESIAN_POINT('',(-1.08736331006867,1.31272544157388,3.));
#6444=CARTESIAN_POINT('Origin',(2.99263668993133,1.31272544157388,3.));
#6445=CARTESIAN_POINT('',(2.99263668993133,1.31272544157388,3.));
#6446=CARTESIAN_POINT('Origin',(3.49263668993133,0.812725441573882,3.));
#6447=CARTESIAN_POINT('',(3.49263668993133,0.812725441573882,3.));
#6448=CARTESIAN_POINT('Origin',(3.49263668993133,-0.727274558426118,3.));
#6449=CARTESIAN_POINT('',(3.49263668993133,-0.727274558426118,3.));
#6450=CARTESIAN_POINT('Origin',(2.99263668993133,-1.22727455842612,3.));
#6451=CARTESIAN_POINT('Origin',(-1.58736331006867,0.812725441573882,3.));
#6452=CARTESIAN_POINT('Origin',(2.315,-0.324999999999989,0.));
#6453=CARTESIAN_POINT('',(2.76499999999999,-0.324999999999989,12.));
#6454=CARTESIAN_POINT('',(2.76499999999999,-0.324999999999989,0.));
#6455=CARTESIAN_POINT('',(2.315,-0.324999999999989,12.));
#6456=CARTESIAN_POINT('',(2.76499999999999,-0.324999999999989,12.));
#6457=CARTESIAN_POINT('',(2.315,-0.324999999999989,0.));
#6458=CARTESIAN_POINT('Origin',(2.315,-0.324999999999989,0.));
#6459=CARTESIAN_POINT('',(2.315,-0.324999999999989,0.));
#6460=CARTESIAN_POINT('',(2.315,-0.324999999999989,0.));
#6461=CARTESIAN_POINT('',(2.76499999999999,-0.324999999999989,0.));
#6462=CARTESIAN_POINT('',(2.76499999999999,-0.324999999999989,0.));
#6463=CARTESIAN_POINT('',(2.76499999999999,-0.324999999999989,0.));
#6464=CARTESIAN_POINT('Origin',(2.76499999999999,-0.324999999999989,0.));
#6465=CARTESIAN_POINT('',(2.86499999999999,-0.224999999999989,12.));
#6466=CARTESIAN_POINT('',(2.86499999999999,-0.224999999999989,0.));
#6467=CARTESIAN_POINT('',(2.76499999999999,-0.324999999999989,12.));
#6468=CARTESIAN_POINT('Origin',(2.76499999999999,-0.324999999999989,0.));
#6469=CARTESIAN_POINT('',(2.86499999999999,-0.224999999999989,0.));
#6470=CARTESIAN_POINT('',(2.76499999999999,-0.324999999999989,0.));
#6471=CARTESIAN_POINT('',(2.86499999999999,-0.224999999999989,0.));
#6472=CARTESIAN_POINT('Origin',(2.86499999999999,-0.224999999999989,0.));
#6473=CARTESIAN_POINT('',(2.86499999999999,0.224999999999989,12.));
#6474=CARTESIAN_POINT('',(2.86499999999999,0.224999999999989,0.));
#6475=CARTESIAN_POINT('',(2.86499999999999,0.224999999999989,12.));
#6476=CARTESIAN_POINT('Origin',(2.215,-0.224999999999989,0.));
#6477=CARTESIAN_POINT('',(2.215,-0.224999999999989,12.));
#6478=CARTESIAN_POINT('',(2.215,-0.224999999999989,12.));
#6479=CARTESIAN_POINT('',(2.215,-0.224999999999989,0.));
#6480=CARTESIAN_POINT('Origin',(2.215,-0.224999999999989,0.));
#6481=CARTESIAN_POINT('',(2.215,-0.224999999999989,0.));
#6482=CARTESIAN_POINT('',(2.215,-0.224999999999989,0.));
#6483=CARTESIAN_POINT('',(2.215,-0.224999999999989,0.));
#6484=CARTESIAN_POINT('Origin',(2.86499999999999,0.224999999999989,0.));
#6485=CARTESIAN_POINT('',(2.76499999999999,0.324999999999989,12.));
#6486=CARTESIAN_POINT('',(2.76499999999999,0.324999999999989,0.));
#6487=CARTESIAN_POINT('',(2.76499999999999,0.324999999999989,12.));
#6488=CARTESIAN_POINT('Origin',(2.215,0.224999999999989,0.));
#6489=CARTESIAN_POINT('',(2.215,0.224999999999989,12.));
#6490=CARTESIAN_POINT('',(2.215,-0.224999999999989,12.));
#6491=CARTESIAN_POINT('',(2.215,0.224999999999989,0.));
#6492=CARTESIAN_POINT('Origin',(2.215,0.224999999999989,0.));
#6493=CARTESIAN_POINT('',(2.215,0.224999999999989,0.));
#6494=CARTESIAN_POINT('',(2.215,0.224999999999989,0.));
#6495=CARTESIAN_POINT('',(2.215,-0.224999999999989,0.));
#6496=CARTESIAN_POINT('Origin',(2.76499999999999,0.324999999999989,0.));
#6497=CARTESIAN_POINT('',(2.315,0.324999999999989,12.));
#6498=CARTESIAN_POINT('',(2.315,0.324999999999989,0.));
#6499=CARTESIAN_POINT('',(2.315,0.324999999999989,12.));
#6500=CARTESIAN_POINT('Origin',(2.315,0.324999999999989,0.));
#6501=CARTESIAN_POINT('',(2.215,0.224999999999989,12.));
#6502=CARTESIAN_POINT('Origin',(2.315,0.324999999999989,0.));
#6503=CARTESIAN_POINT('',(2.315,0.324999999999989,0.));
#6504=CARTESIAN_POINT('',(2.315,0.324999999999989,0.));
#6505=CARTESIAN_POINT('',(2.215,0.224999999999989,0.));
#6506=CARTESIAN_POINT('Origin',(2.76499999999999,0.324999999999989,0.));
#6507=CARTESIAN_POINT('',(2.76499999999999,0.324999999999989,0.));
#6508=CARTESIAN_POINT('',(2.76499999999999,0.324999999999989,0.));
#6509=CARTESIAN_POINT('',(2.315,0.324999999999989,0.));
#6510=CARTESIAN_POINT('Origin',(2.86499999999999,0.224999999999989,0.));
#6511=CARTESIAN_POINT('',(2.86499999999999,0.224999999999989,0.));
#6512=CARTESIAN_POINT('',(2.86499999999999,0.224999999999989,0.));
#6513=CARTESIAN_POINT('',(2.76499999999999,0.324999999999989,0.));
#6514=CARTESIAN_POINT('Origin',(2.86499999999999,-0.224999999999989,0.));
#6515=CARTESIAN_POINT('',(2.86499999999999,0.224999999999989,0.));
#6516=CARTESIAN_POINT('Origin',(2.54,0.,12.));
#6517=CARTESIAN_POINT('Origin',(2.54,0.,0.));
#6518=CARTESIAN_POINT('Origin',(-0.224999999999997,-0.324999999999989,0.));
#6519=CARTESIAN_POINT('',(0.224999999999989,-0.324999999999989,12.));
#6520=CARTESIAN_POINT('',(0.224999999999989,-0.324999999999989,0.));
#6521=CARTESIAN_POINT('',(-0.224999999999997,-0.324999999999989,12.));
#6522=CARTESIAN_POINT('',(0.224999999999989,-0.324999999999989,12.));
#6523=CARTESIAN_POINT('',(-0.224999999999997,-0.324999999999989,0.));
#6524=CARTESIAN_POINT('Origin',(-0.224999999999997,-0.324999999999989,0.));
#6525=CARTESIAN_POINT('',(-0.224999999999997,-0.324999999999989,0.));
#6526=CARTESIAN_POINT('',(-0.224999999999997,-0.324999999999989,0.));
#6527=CARTESIAN_POINT('',(0.224999999999989,-0.324999999999989,0.));
#6528=CARTESIAN_POINT('',(0.224999999999989,-0.324999999999989,0.));
#6529=CARTESIAN_POINT('',(0.224999999999989,-0.324999999999989,0.));
#6530=CARTESIAN_POINT('Origin',(0.224999999999989,-0.324999999999989,0.));
#6531=CARTESIAN_POINT('',(0.324999999999989,-0.224999999999989,12.));
#6532=CARTESIAN_POINT('',(0.324999999999989,-0.224999999999989,0.));
#6533=CARTESIAN_POINT('',(0.224999999999989,-0.324999999999989,12.));
#6534=CARTESIAN_POINT('Origin',(0.224999999999989,-0.324999999999989,0.));
#6535=CARTESIAN_POINT('',(0.324999999999989,-0.224999999999989,0.));
#6536=CARTESIAN_POINT('',(0.224999999999989,-0.324999999999989,0.));
#6537=CARTESIAN_POINT('',(0.324999999999989,-0.224999999999989,0.));
#6538=CARTESIAN_POINT('Origin',(0.324999999999989,-0.224999999999989,0.));
#6539=CARTESIAN_POINT('',(0.324999999999989,0.224999999999989,12.));
#6540=CARTESIAN_POINT('',(0.324999999999989,0.224999999999989,0.));
#6541=CARTESIAN_POINT('',(0.324999999999989,0.224999999999989,12.));
#6542=CARTESIAN_POINT('Origin',(-0.324999999999998,-0.224999999999989,0.));
#6543=CARTESIAN_POINT('',(-0.324999999999998,-0.224999999999989,12.));
#6544=CARTESIAN_POINT('',(-0.324999999999998,-0.224999999999989,12.));
#6545=CARTESIAN_POINT('',(-0.324999999999998,-0.224999999999989,0.));
#6546=CARTESIAN_POINT('Origin',(-0.324999999999998,-0.224999999999989,0.));
#6547=CARTESIAN_POINT('',(-0.324999999999998,-0.224999999999989,0.));
#6548=CARTESIAN_POINT('',(-0.324999999999998,-0.224999999999989,0.));
#6549=CARTESIAN_POINT('',(-0.324999999999998,-0.224999999999989,0.));
#6550=CARTESIAN_POINT('Origin',(0.324999999999989,0.224999999999989,0.));
#6551=CARTESIAN_POINT('',(0.224999999999989,0.324999999999989,12.));
#6552=CARTESIAN_POINT('',(0.224999999999989,0.324999999999989,0.));
#6553=CARTESIAN_POINT('',(0.224999999999989,0.324999999999989,12.));
#6554=CARTESIAN_POINT('Origin',(-0.324999999999998,0.224999999999989,0.));
#6555=CARTESIAN_POINT('',(-0.324999999999998,0.224999999999989,12.));
#6556=CARTESIAN_POINT('',(-0.324999999999998,-0.224999999999989,12.));
#6557=CARTESIAN_POINT('',(-0.324999999999998,0.224999999999989,0.));
#6558=CARTESIAN_POINT('Origin',(-0.324999999999998,0.224999999999989,0.));
#6559=CARTESIAN_POINT('',(-0.324999999999998,0.224999999999989,0.));
#6560=CARTESIAN_POINT('',(-0.324999999999998,0.224999999999989,0.));
#6561=CARTESIAN_POINT('',(-0.324999999999998,-0.224999999999989,0.));
#6562=CARTESIAN_POINT('Origin',(0.224999999999989,0.324999999999989,0.));
#6563=CARTESIAN_POINT('',(-0.224999999999997,0.324999999999989,12.));
#6564=CARTESIAN_POINT('',(-0.224999999999997,0.324999999999989,0.));
#6565=CARTESIAN_POINT('',(-0.224999999999997,0.324999999999989,12.));
#6566=CARTESIAN_POINT('Origin',(-0.224999999999997,0.324999999999989,0.));
#6567=CARTESIAN_POINT('',(-0.324999999999998,0.224999999999989,12.));
#6568=CARTESIAN_POINT('Origin',(-0.224999999999997,0.324999999999989,0.));
#6569=CARTESIAN_POINT('',(-0.224999999999997,0.324999999999989,0.));
#6570=CARTESIAN_POINT('',(-0.224999999999997,0.324999999999989,0.));
#6571=CARTESIAN_POINT('',(-0.324999999999998,0.224999999999989,0.));
#6572=CARTESIAN_POINT('Origin',(0.224999999999989,0.324999999999989,0.));
#6573=CARTESIAN_POINT('',(0.224999999999989,0.324999999999989,0.));
#6574=CARTESIAN_POINT('',(0.224999999999989,0.324999999999989,0.));
#6575=CARTESIAN_POINT('',(-0.224999999999997,0.324999999999989,0.));
#6576=CARTESIAN_POINT('Origin',(0.324999999999989,0.224999999999989,0.));
#6577=CARTESIAN_POINT('',(0.324999999999989,0.224999999999989,0.));
#6578=CARTESIAN_POINT('',(0.324999999999989,0.224999999999989,0.));
#6579=CARTESIAN_POINT('',(0.224999999999989,0.324999999999989,0.));
#6580=CARTESIAN_POINT('Origin',(0.324999999999989,-0.224999999999989,0.));
#6581=CARTESIAN_POINT('',(0.324999999999989,0.224999999999989,0.));
#6582=CARTESIAN_POINT('Origin',(-4.44089209850063E-15,0.,12.));
#6583=CARTESIAN_POINT('Origin',(-4.44089209850063E-15,0.,0.));
#6584=UNCERTAINTY_MEASURE_WITH_UNIT(LENGTH_MEASURE(0.01),#6588,
'DISTANCE_ACCURACY_VALUE',
'Maximum model space distance between geometric entities at asserted c
onnectivities');
#6585=UNCERTAINTY_MEASURE_WITH_UNIT(LENGTH_MEASURE(0.01),#6588,
'DISTANCE_ACCURACY_VALUE',
'Maximum model space distance between geometric entities at asserted c
onnectivities');
#6586=(
GEOMETRIC_REPRESENTATION_CONTEXT(3)
GLOBAL_UNCERTAINTY_ASSIGNED_CONTEXT((#6584))
GLOBAL_UNIT_ASSIGNED_CONTEXT((#6588,#6590,#6591))
REPRESENTATION_CONTEXT('','3D')
);
#6587=(
GEOMETRIC_REPRESENTATION_CONTEXT(3)
GLOBAL_UNCERTAINTY_ASSIGNED_CONTEXT((#6585))
GLOBAL_UNIT_ASSIGNED_CONTEXT((#6588,#6590,#6591))
REPRESENTATION_CONTEXT('','3D')
);
#6588=(
LENGTH_UNIT()
NAMED_UNIT(*)
SI_UNIT(.MILLI.,.METRE.)
);
#6589=(
LENGTH_UNIT()
NAMED_UNIT(*)
SI_UNIT($,.METRE.)
);
#6590=(
NAMED_UNIT(*)
PLANE_ANGLE_UNIT()
SI_UNIT($,.RADIAN.)
);
#6591=(
NAMED_UNIT(*)
SI_UNIT($,.STERADIAN.)
SOLID_ANGLE_UNIT()
);
#6592=SHAPE_DEFINITION_REPRESENTATION(#6593,#6594);
#6593=PRODUCT_DEFINITION_SHAPE('',$,#6596);
#6594=SHAPE_REPRESENTATION('',(#4188),#6586);
#6595=PRODUCT_DEFINITION_CONTEXT('part definition',#6600,'design');
#6596=PRODUCT_DEFINITION('Elecrical Unit - 1','Elecrical Unit - 1 v2',#6597,
#6595);
#6597=PRODUCT_DEFINITION_FORMATION('',$,#6602);
#6598=PRODUCT_RELATED_PRODUCT_CATEGORY('Elecrical Unit - 1 v2',
'Elecrical Unit - 1 v2',(#6602));
#6599=APPLICATION_PROTOCOL_DEFINITION('international standard',
'automotive_design',2009,#6600);
#6600=APPLICATION_CONTEXT(
'Core Data for Automotive Mechanical Design Process');
#6601=PRODUCT_CONTEXT('part definition',#6600,'mechanical');
#6602=PRODUCT('Elecrical Unit - 1','Elecrical Unit - 1 v2',$,(#6601));
#6603=PRESENTATION_STYLE_ASSIGNMENT((#6605));
#6604=PRESENTATION_STYLE_ASSIGNMENT((#6606));
#6605=SURFACE_STYLE_USAGE(.BOTH.,#6607);
#6606=SURFACE_STYLE_USAGE(.BOTH.,#6608);
#6607=SURFACE_SIDE_STYLE('',(#6609));
#6608=SURFACE_SIDE_STYLE('',(#6610));
#6609=SURFACE_STYLE_FILL_AREA(#6611);
#6610=SURFACE_STYLE_FILL_AREA(#6612);
#6611=FILL_AREA_STYLE('Steel - Satin',(#6613));
#6612=FILL_AREA_STYLE('Paint - Metallic (Black)',(#6614));
#6613=FILL_AREA_STYLE_COLOUR('Steel - Satin',#6615);
#6614=FILL_AREA_STYLE_COLOUR('Paint - Metallic (Black)',#6616);
#6615=COLOUR_RGB('Steel - Satin',0.627450980392157,0.627450980392157,0.627450980392157);
#6616=COLOUR_RGB('Paint - Metallic (Black)',0.0980392156862745,0.0980392156862745,
0.0980392156862745);
ENDSEC;
END-ISO-10303-21;
