ISO-10303-21;
HEADER;
/* Generated by software containing ST-Developer
 * from STEP Tools, Inc. (www.steptools.com) 
 */

FILE_DESCRIPTION(
/* description */ (''),
/* implementation_level */ '2;1');

FILE_NAME(
/* name */ 'Motor.step',
/* time_stamp */ '2026-07-19T11:32:25+05:30',
/* author */ (''),
/* organization */ (''),
/* preprocessor_version */ 'ST-DEVELOPER v20.1',
/* originating_system */ 'Autodesk Translation Framework v15.8.0.0',
/* authorisation */ '');

FILE_SCHEMA (('AUTOMOTIVE_DESIGN { 1 0 10303 214 3 1 1 }'));
ENDSEC;

DATA;
#10=MECHANICAL_DESIGN_GEOMETRIC_PRESENTATION_REPRESENTATION('',(#17),#2055);
#11=ITEM_DEFINED_TRANSFORMATION($,$,#1084,#1219);
#12=(
REPRESENTATION_RELATIONSHIP($,$,#2066,#2065)
REPRESENTATION_RELATIONSHIP_WITH_TRANSFORMATION(#11)
SHAPE_REPRESENTATION_RELATIONSHIP()
);
#13=CONTEXT_DEPENDENT_SHAPE_REPRESENTATION(#12,#2064);
#14=NEXT_ASSEMBLY_USAGE_OCCURRENCE('Component1:1','Component1:1',
'Component1:1',#2068,#2069,'Component1:1');
#15=SHAPE_REPRESENTATION_RELATIONSHIP('SRR','None',#2066,#16);
#16=ADVANCED_BREP_SHAPE_REPRESENTATION('',(#18),#2054);
#17=STYLED_ITEM('',(#2080),#18);
#18=MANIFOLD_SOLID_BREP('Body1',#1070);
#19=FACE_BOUND('',#210,.T.);
#20=FACE_BOUND('',#214,.T.);
#21=FACE_BOUND('',#216,.T.);
#22=FACE_BOUND('',#217,.T.);
#23=FACE_BOUND('',#218,.T.);
#24=FACE_BOUND('',#219,.T.);
#25=FACE_BOUND('',#220,.T.);
#26=FACE_BOUND('',#227,.T.);
#27=FACE_BOUND('',#231,.T.);
#28=FACE_BOUND('',#233,.T.);
#29=FACE_BOUND('',#237,.T.);
#30=FACE_BOUND('',#241,.T.);
#31=FACE_BOUND('',#242,.T.);
#32=FACE_BOUND('',#243,.T.);
#33=FACE_BOUND('',#244,.T.);
#34=FACE_BOUND('',#245,.T.);
#35=FACE_BOUND('',#249,.T.);
#36=FACE_BOUND('',#250,.T.);
#37=FACE_BOUND('',#251,.T.);
#38=FACE_BOUND('',#252,.T.);
#39=FACE_BOUND('',#253,.T.);
#40=(
BOUNDED_CURVE()
B_SPLINE_CURVE(2,(#1610,#1611,#1612),.UNSPECIFIED.,.F.,.F.)
B_SPLINE_CURVE_WITH_KNOTS((3,3),(0.,0.258298404706376),.UNSPECIFIED.)
CURVE()
GEOMETRIC_REPRESENTATION_ITEM()
RATIONAL_B_SPLINE_CURVE((1.,1.01141293053325,1.01269613432537))
REPRESENTATION_ITEM('')
);
#41=(
BOUNDED_CURVE()
B_SPLINE_CURVE(2,(#1614,#1615,#1616),.UNSPECIFIED.,.F.,.F.)
B_SPLINE_CURVE_WITH_KNOTS((3,3),(0.393058442978066,0.43936665505219),
 .UNSPECIFIED.)
CURVE()
GEOMETRIC_REPRESENTATION_ITEM()
RATIONAL_B_SPLINE_CURVE((1.00338372041286,1.00189118685273,1.))
REPRESENTATION_ITEM('')
);
#42=(
BOUNDED_CURVE()
B_SPLINE_CURVE(2,(#1618,#1619,#1620),.UNSPECIFIED.,.F.,.F.)
B_SPLINE_CURVE_WITH_KNOTS((3,3),(0.364904348765228,0.393058442978066),
 .UNSPECIFIED.)
CURVE()
GEOMETRIC_REPRESENTATION_ITEM()
RATIONAL_B_SPLINE_CURVE((1.00505120332909,1.00429113895885,1.00338372041286))
REPRESENTATION_ITEM('')
);
#43=(
BOUNDED_CURVE()
B_SPLINE_CURVE(2,(#1624,#1625,#1626),.UNSPECIFIED.,.F.,.F.)
B_SPLINE_CURVE_WITH_KNOTS((3,3),(0.323739359016161,0.582037763722503),
 .UNSPECIFIED.)
CURVE()
GEOMETRIC_REPRESENTATION_ITEM()
RATIONAL_B_SPLINE_CURVE((1.01269613432535,1.01141293053323,1.))
REPRESENTATION_ITEM('')
);
#44=(
BOUNDED_CURVE()
B_SPLINE_CURVE(2,(#1629,#1630,#1631),.UNSPECIFIED.,.F.,.F.)
B_SPLINE_CURVE_WITH_KNOTS((3,3),(0.,0.0744623062904216),.UNSPECIFIED.)
CURVE()
GEOMETRIC_REPRESENTATION_ITEM()
RATIONAL_B_SPLINE_CURVE((1.,1.00304097542037,1.00505120332921))
REPRESENTATION_ITEM('')
);
#45=(
BOUNDED_CURVE()
B_SPLINE_CURVE(2,(#1683,#1684,#1685),.UNSPECIFIED.,.F.,.F.)
B_SPLINE_CURVE_WITH_KNOTS((3,3),(0.,0.258298404706429),.UNSPECIFIED.)
CURVE()
GEOMETRIC_REPRESENTATION_ITEM()
RATIONAL_B_SPLINE_CURVE((1.,1.01141293053312,1.01269613432523))
REPRESENTATION_ITEM('')
);
#46=(
BOUNDED_CURVE()
B_SPLINE_CURVE(2,(#1687,#1688,#1689),.UNSPECIFIED.,.F.,.F.)
B_SPLINE_CURVE_WITH_KNOTS((3,3),(0.364904348765191,0.43936665505219),
 .UNSPECIFIED.)
CURVE()
GEOMETRIC_REPRESENTATION_ITEM()
RATIONAL_B_SPLINE_CURVE((1.00505120332899,1.00304097542021,1.))
REPRESENTATION_ITEM('')
);
#47=(
BOUNDED_CURVE()
B_SPLINE_CURVE(2,(#1693,#1694,#1695),.UNSPECIFIED.,.F.,.F.)
B_SPLINE_CURVE_WITH_KNOTS((3,3),(0.32373935901618,0.582037763722503),
 .UNSPECIFIED.)
CURVE()
GEOMETRIC_REPRESENTATION_ITEM()
RATIONAL_B_SPLINE_CURVE((1.01269613432539,1.01141293053327,1.))
REPRESENTATION_ITEM('')
);
#48=(
BOUNDED_CURVE()
B_SPLINE_CURVE(2,(#1698,#1699,#1700),.UNSPECIFIED.,.F.,.F.)
B_SPLINE_CURVE_WITH_KNOTS((3,3),(0.,0.0744623062904105),.UNSPECIFIED.)
CURVE()
GEOMETRIC_REPRESENTATION_ITEM()
RATIONAL_B_SPLINE_CURVE((1.,1.00304097542039,1.00505120332924))
REPRESENTATION_ITEM('')
);
#49=(
BOUNDED_CURVE()
B_SPLINE_CURVE(2,(#1791,#1792,#1793),.UNSPECIFIED.,.F.,.F.)
B_SPLINE_CURVE_WITH_KNOTS((3,3),(0.,0.258298404706385),.UNSPECIFIED.)
CURVE()
GEOMETRIC_REPRESENTATION_ITEM()
RATIONAL_B_SPLINE_CURVE((1.,1.01141293053317,1.01269613432529))
REPRESENTATION_ITEM('')
);
#50=(
BOUNDED_CURVE()
B_SPLINE_CURVE(2,(#1796,#1797,#1798),.UNSPECIFIED.,.F.,.F.)
B_SPLINE_CURVE_WITH_KNOTS((3,3),(0.364904348765209,0.43936665505219),
 .UNSPECIFIED.)
CURVE()
GEOMETRIC_REPRESENTATION_ITEM()
RATIONAL_B_SPLINE_CURVE((1.00505120332902,1.00304097542023,1.))
REPRESENTATION_ITEM('')
);
#51=(
BOUNDED_CURVE()
B_SPLINE_CURVE(2,(#1801,#1802,#1803),.UNSPECIFIED.,.F.,.F.)
B_SPLINE_CURVE_WITH_KNOTS((3,3),(0.323739359016162,0.582037763722503),
 .UNSPECIFIED.)
CURVE()
GEOMETRIC_REPRESENTATION_ITEM()
RATIONAL_B_SPLINE_CURVE((1.01269613432539,1.01141293053326,1.))
REPRESENTATION_ITEM('')
);
#52=(
BOUNDED_CURVE()
B_SPLINE_CURVE(2,(#1805,#1806,#1807),.UNSPECIFIED.,.F.,.F.)
B_SPLINE_CURVE_WITH_KNOTS((3,3),(0.,0.0744623062904092),.UNSPECIFIED.)
CURVE()
GEOMETRIC_REPRESENTATION_ITEM()
RATIONAL_B_SPLINE_CURVE((1.,1.00304097542038,1.00505120332922))
REPRESENTATION_ITEM('')
);
#53=(
BOUNDED_CURVE()
B_SPLINE_CURVE(2,(#1861,#1862,#1863),.UNSPECIFIED.,.F.,.F.)
B_SPLINE_CURVE_WITH_KNOTS((3,3),(0.,0.258298403745657),.UNSPECIFIED.)
CURVE()
GEOMETRIC_REPRESENTATION_ITEM()
RATIONAL_B_SPLINE_CURVE((1.,1.0114129304908,1.01269613431583))
REPRESENTATION_ITEM('')
);
#54=(
BOUNDED_CURVE()
B_SPLINE_CURVE(2,(#1866,#1867,#1868),.UNSPECIFIED.,.F.,.F.)
B_SPLINE_CURVE_WITH_KNOTS((3,3),(0.364904349628504,0.43936665505219),
 .UNSPECIFIED.)
CURVE()
GEOMETRIC_REPRESENTATION_ITEM()
RATIONAL_B_SPLINE_CURVE((1.0050512032824,1.00304097538497,1.))
REPRESENTATION_ITEM('')
);
#55=(
BOUNDED_CURVE()
B_SPLINE_CURVE(2,(#1871,#1872,#1873),.UNSPECIFIED.,.F.,.F.)
B_SPLINE_CURVE_WITH_KNOTS((3,3),(0.323739359976846,0.582037763722503),
 .UNSPECIFIED.)
CURVE()
GEOMETRIC_REPRESENTATION_ITEM()
RATIONAL_B_SPLINE_CURVE((1.01269613431583,1.0114129304908,1.))
REPRESENTATION_ITEM('')
);
#56=(
BOUNDED_CURVE()
B_SPLINE_CURVE(2,(#1875,#1876,#1877),.UNSPECIFIED.,.F.,.F.)
B_SPLINE_CURVE_WITH_KNOTS((3,3),(0.,0.0744623054271293),.UNSPECIFIED.)
CURVE()
GEOMETRIC_REPRESENTATION_ITEM()
RATIONAL_B_SPLINE_CURVE((1.,1.00304097538511,1.00505120328259))
REPRESENTATION_ITEM('')
);
#57=(
BOUNDED_CURVE()
B_SPLINE_CURVE(2,(#1931,#1932,#1933),.UNSPECIFIED.,.F.,.F.)
B_SPLINE_CURVE_WITH_KNOTS((3,3),(0.,0.258298404706381),.UNSPECIFIED.)
CURVE()
GEOMETRIC_REPRESENTATION_ITEM()
RATIONAL_B_SPLINE_CURVE((1.,1.01141293053317,1.01269613432529))
REPRESENTATION_ITEM('')
);
#58=(
BOUNDED_CURVE()
B_SPLINE_CURVE(2,(#1936,#1937,#1938),.UNSPECIFIED.,.F.,.F.)
B_SPLINE_CURVE_WITH_KNOTS((3,3),(0.364904348765209,0.43936665505219),
 .UNSPECIFIED.)
CURVE()
GEOMETRIC_REPRESENTATION_ITEM()
RATIONAL_B_SPLINE_CURVE((1.00505120332906,1.00304097542025,1.))
REPRESENTATION_ITEM('')
);
#59=(
BOUNDED_CURVE()
B_SPLINE_CURVE(2,(#1941,#1942,#1943),.UNSPECIFIED.,.F.,.F.)
B_SPLINE_CURVE_WITH_KNOTS((3,3),(0.323739359016146,0.582037763722503),
 .UNSPECIFIED.)
CURVE()
GEOMETRIC_REPRESENTATION_ITEM()
RATIONAL_B_SPLINE_CURVE((1.01269613432534,1.01141293053322,1.))
REPRESENTATION_ITEM('')
);
#60=(
BOUNDED_CURVE()
B_SPLINE_CURVE(2,(#1945,#1946,#1947),.UNSPECIFIED.,.F.,.F.)
B_SPLINE_CURVE_WITH_KNOTS((3,3),(0.,0.0744623062904486),.UNSPECIFIED.)
CURVE()
GEOMETRIC_REPRESENTATION_ITEM()
RATIONAL_B_SPLINE_CURVE((1.,1.00304097542036,1.0050512033292))
REPRESENTATION_ITEM('')
);
#61=PLANE('',#1102);
#62=PLANE('',#1106);
#63=PLANE('',#1110);
#64=PLANE('',#1114);
#65=PLANE('',#1115);
#66=PLANE('',#1118);
#67=PLANE('',#1119);
#68=PLANE('',#1123);
#69=PLANE('',#1126);
#70=PLANE('',#1127);
#71=PLANE('',#1134);
#72=PLANE('',#1135);
#73=PLANE('',#1136);
#74=PLANE('',#1142);
#75=PLANE('',#1143);
#76=PLANE('',#1144);
#77=PLANE('',#1150);
#78=PLANE('',#1151);
#79=PLANE('',#1152);
#80=PLANE('',#1162);
#81=PLANE('',#1169);
#82=PLANE('',#1171);
#83=PLANE('',#1186);
#84=PLANE('',#1193);
#85=PLANE('',#1195);
#86=PLANE('',#1201);
#87=PLANE('',#1207);
#88=PLANE('',#1213);
#89=PLANE('',#1215);
#90=PLANE('',#1218);
#91=CYLINDRICAL_SURFACE('',#1087,1.);
#92=CYLINDRICAL_SURFACE('',#1090,1.);
#93=CYLINDRICAL_SURFACE('',#1093,1.);
#94=CYLINDRICAL_SURFACE('',#1096,1.);
#95=CYLINDRICAL_SURFACE('',#1099,1.);
#96=CYLINDRICAL_SURFACE('',#1103,1.);
#97=CYLINDRICAL_SURFACE('',#1107,1.);
#98=CYLINDRICAL_SURFACE('',#1111,1.);
#99=CYLINDRICAL_SURFACE('',#1120,3.);
#100=CYLINDRICAL_SURFACE('',#1128,3.);
#101=CYLINDRICAL_SURFACE('',#1131,3.);
#102=CYLINDRICAL_SURFACE('',#1139,3.);
#103=CYLINDRICAL_SURFACE('',#1147,3.);
#104=CYLINDRICAL_SURFACE('',#1165,1.00000000745058);
#105=CYLINDRICAL_SURFACE('',#1167,2.);
#106=CYLINDRICAL_SURFACE('',#1172,10.5);
#107=CYLINDRICAL_SURFACE('',#1189,11.5);
#108=CYLINDRICAL_SURFACE('',#1191,9.5);
#109=CYLINDRICAL_SURFACE('',#1197,11.0000001639128);
#110=CYLINDRICAL_SURFACE('',#1199,11.5);
#111=CYLINDRICAL_SURFACE('',#1205,11.5);
#112=CYLINDRICAL_SURFACE('',#1211,1.);
#113=CYLINDRICAL_SURFACE('',#1216,1.);
#114=FACE_OUTER_BOUND('',#175,.T.);
#115=FACE_OUTER_BOUND('',#176,.T.);
#116=FACE_OUTER_BOUND('',#177,.T.);
#117=FACE_OUTER_BOUND('',#178,.T.);
#118=FACE_OUTER_BOUND('',#179,.T.);
#119=FACE_OUTER_BOUND('',#180,.T.);
#120=FACE_OUTER_BOUND('',#181,.T.);
#121=FACE_OUTER_BOUND('',#182,.T.);
#122=FACE_OUTER_BOUND('',#183,.T.);
#123=FACE_OUTER_BOUND('',#184,.T.);
#124=FACE_OUTER_BOUND('',#185,.T.);
#125=FACE_OUTER_BOUND('',#186,.T.);
#126=FACE_OUTER_BOUND('',#187,.T.);
#127=FACE_OUTER_BOUND('',#188,.T.);
#128=FACE_OUTER_BOUND('',#189,.T.);
#129=FACE_OUTER_BOUND('',#190,.T.);
#130=FACE_OUTER_BOUND('',#191,.T.);
#131=FACE_OUTER_BOUND('',#192,.T.);
#132=FACE_OUTER_BOUND('',#193,.T.);
#133=FACE_OUTER_BOUND('',#194,.T.);
#134=FACE_OUTER_BOUND('',#195,.T.);
#135=FACE_OUTER_BOUND('',#196,.T.);
#136=FACE_OUTER_BOUND('',#197,.T.);
#137=FACE_OUTER_BOUND('',#198,.T.);
#138=FACE_OUTER_BOUND('',#199,.T.);
#139=FACE_OUTER_BOUND('',#200,.T.);
#140=FACE_OUTER_BOUND('',#201,.T.);
#141=FACE_OUTER_BOUND('',#202,.T.);
#142=FACE_OUTER_BOUND('',#203,.T.);
#143=FACE_OUTER_BOUND('',#204,.T.);
#144=FACE_OUTER_BOUND('',#205,.T.);
#145=FACE_OUTER_BOUND('',#206,.T.);
#146=FACE_OUTER_BOUND('',#207,.T.);
#147=FACE_OUTER_BOUND('',#208,.T.);
#148=FACE_OUTER_BOUND('',#209,.T.);
#149=FACE_OUTER_BOUND('',#211,.T.);
#150=FACE_OUTER_BOUND('',#212,.T.);
#151=FACE_OUTER_BOUND('',#213,.T.);
#152=FACE_OUTER_BOUND('',#215,.T.);
#153=FACE_OUTER_BOUND('',#221,.T.);
#154=FACE_OUTER_BOUND('',#222,.T.);
#155=FACE_OUTER_BOUND('',#223,.T.);
#156=FACE_OUTER_BOUND('',#224,.T.);
#157=FACE_OUTER_BOUND('',#225,.T.);
#158=FACE_OUTER_BOUND('',#226,.T.);
#159=FACE_OUTER_BOUND('',#228,.T.);
#160=FACE_OUTER_BOUND('',#229,.T.);
#161=FACE_OUTER_BOUND('',#230,.T.);
#162=FACE_OUTER_BOUND('',#232,.T.);
#163=FACE_OUTER_BOUND('',#234,.T.);
#164=FACE_OUTER_BOUND('',#235,.T.);
#165=FACE_OUTER_BOUND('',#236,.T.);
#166=FACE_OUTER_BOUND('',#238,.T.);
#167=FACE_OUTER_BOUND('',#239,.T.);
#168=FACE_OUTER_BOUND('',#240,.T.);
#169=FACE_OUTER_BOUND('',#246,.T.);
#170=FACE_OUTER_BOUND('',#247,.T.);
#171=FACE_OUTER_BOUND('',#248,.T.);
#172=FACE_OUTER_BOUND('',#254,.T.);
#173=FACE_OUTER_BOUND('',#255,.T.);
#174=FACE_OUTER_BOUND('',#256,.T.);
#175=EDGE_LOOP('',(#689,#690,#691));
#176=EDGE_LOOP('',(#692,#693,#694,#695));
#177=EDGE_LOOP('',(#696,#697,#698,#699));
#178=EDGE_LOOP('',(#700,#701,#702,#703));
#179=EDGE_LOOP('',(#704,#705,#706,#707));
#180=EDGE_LOOP('',(#708,#709,#710,#711));
#181=EDGE_LOOP('',(#712));
#182=EDGE_LOOP('',(#713,#714,#715,#716));
#183=EDGE_LOOP('',(#717));
#184=EDGE_LOOP('',(#718,#719,#720,#721));
#185=EDGE_LOOP('',(#722));
#186=EDGE_LOOP('',(#723,#724,#725,#726));
#187=EDGE_LOOP('',(#727));
#188=EDGE_LOOP('',(#728,#729,#730,#731));
#189=EDGE_LOOP('',(#732,#733,#734,#735,#736));
#190=EDGE_LOOP('',(#737,#738,#739,#740));
#191=EDGE_LOOP('',(#741,#742,#743,#744,#745,#746,#747,#748,#749));
#192=EDGE_LOOP('',(#750,#751,#752,#753));
#193=EDGE_LOOP('',(#754,#755,#756,#757));
#194=EDGE_LOOP('',(#758,#759,#760,#761));
#195=EDGE_LOOP('',(#762,#763,#764,#765,#766,#767,#768,#769));
#196=EDGE_LOOP('',(#770,#771,#772,#773,#774,#775,#776,#777));
#197=EDGE_LOOP('',(#778,#779,#780,#781));
#198=EDGE_LOOP('',(#782,#783,#784,#785));
#199=EDGE_LOOP('',(#786,#787,#788,#789));
#200=EDGE_LOOP('',(#790,#791,#792,#793,#794,#795,#796,#797));
#201=EDGE_LOOP('',(#798,#799,#800,#801));
#202=EDGE_LOOP('',(#802,#803,#804,#805));
#203=EDGE_LOOP('',(#806,#807,#808,#809));
#204=EDGE_LOOP('',(#810,#811,#812,#813,#814,#815,#816,#817));
#205=EDGE_LOOP('',(#818,#819,#820,#821));
#206=EDGE_LOOP('',(#822,#823,#824,#825));
#207=EDGE_LOOP('',(#826,#827,#828,#829));
#208=EDGE_LOOP('',(#830,#831,#832,#833,#834,#835,#836,#837,#838,#839,#840,
#841,#842,#843,#844,#845,#846,#847,#848,#849,#850,#851,#852,#853,#854,#855,
#856,#857,#858,#859,#860,#861,#862,#863,#864));
#209=EDGE_LOOP('',(#865));
#210=EDGE_LOOP('',(#866));
#211=EDGE_LOOP('',(#867,#868,#869,#870));
#212=EDGE_LOOP('',(#871,#872,#873,#874));
#213=EDGE_LOOP('',(#875));
#214=EDGE_LOOP('',(#876));
#215=EDGE_LOOP('',(#877,#878,#879,#880,#881,#882,#883,#884,#885,#886,#887));
#216=EDGE_LOOP('',(#888));
#217=EDGE_LOOP('',(#889));
#218=EDGE_LOOP('',(#890));
#219=EDGE_LOOP('',(#891));
#220=EDGE_LOOP('',(#892));
#221=EDGE_LOOP('',(#893,#894,#895,#896));
#222=EDGE_LOOP('',(#897,#898,#899,#900,#901,#902));
#223=EDGE_LOOP('',(#903,#904,#905,#906,#907,#908));
#224=EDGE_LOOP('',(#909,#910,#911,#912,#913,#914));
#225=EDGE_LOOP('',(#915,#916,#917,#918,#919,#920,#921));
#226=EDGE_LOOP('',(#922));
#227=EDGE_LOOP('',(#923));
#228=EDGE_LOOP('',(#924,#925,#926,#927));
#229=EDGE_LOOP('',(#928,#929,#930,#931));
#230=EDGE_LOOP('',(#932));
#231=EDGE_LOOP('',(#933));
#232=EDGE_LOOP('',(#934));
#233=EDGE_LOOP('',(#935));
#234=EDGE_LOOP('',(#936,#937,#938,#939));
#235=EDGE_LOOP('',(#940,#941,#942,#943,#944,#945,#946,#947,#948,#949,#950,
#951,#952,#953));
#236=EDGE_LOOP('',(#954));
#237=EDGE_LOOP('',(#955));
#238=EDGE_LOOP('',(#956,#957,#958,#959,#960,#961));
#239=EDGE_LOOP('',(#962,#963,#964,#965));
#240=EDGE_LOOP('',(#966,#967,#968,#969,#970,#971,#972,#973,#974,#975));
#241=EDGE_LOOP('',(#976));
#242=EDGE_LOOP('',(#977));
#243=EDGE_LOOP('',(#978));
#244=EDGE_LOOP('',(#979));
#245=EDGE_LOOP('',(#980));
#246=EDGE_LOOP('',(#981,#982,#983,#984));
#247=EDGE_LOOP('',(#985,#986,#987,#988));
#248=EDGE_LOOP('',(#989));
#249=EDGE_LOOP('',(#990));
#250=EDGE_LOOP('',(#991));
#251=EDGE_LOOP('',(#992));
#252=EDGE_LOOP('',(#993));
#253=EDGE_LOOP('',(#994));
#254=EDGE_LOOP('',(#995));
#255=EDGE_LOOP('',(#996,#997,#998,#999));
#256=EDGE_LOOP('',(#1000));
#257=B_SPLINE_CURVE_WITH_KNOTS('',3,(#1543,#1544,#1545,#1546),
 .UNSPECIFIED.,.F.,.F.,(4,4),(0.678607584700358,0.727404647039843),
 .UNSPECIFIED.);
#258=B_SPLINE_CURVE_WITH_KNOTS('',3,(#1634,#1635,#1636,#1637,#1638,#1639,
#1640,#1641,#1642),.UNSPECIFIED.,.F.,.F.,(4,2,3,4),(-0.13327935778011,-0.131846064559832,
0.,0.137296394584461),.UNSPECIFIED.);
#259=B_SPLINE_CURVE_WITH_KNOTS('',3,(#1645,#1646,#1647,#1648,#1649,#1650,
#1651,#1652),.UNSPECIFIED.,.F.,.F.,(4,2,2,4),(1.17917656564432,1.31647296022878,
1.44831902478862,1.4497523180089),.UNSPECIFIED.);
#260=B_SPLINE_CURVE_WITH_KNOTS('',3,(#1653,#1654,#1655,#1656,#1657,#1658,
#1659,#1660),.UNSPECIFIED.,.F.,.F.,(4,2,2,4),(0.727404647039843,0.737702997437413,
0.869549052065789,1.00684543794082),.UNSPECIFIED.);
#261=B_SPLINE_CURVE_WITH_KNOTS('',3,(#1663,#1664,#1665,#1666,#1667,#1668,
#1669,#1670,#1671),.UNSPECIFIED.,.F.,.F.,(4,3,2,4),(-0.137296387721322,
0.,0.131846054628375,0.190941467365431),.UNSPECIFIED.);
#262=B_SPLINE_CURVE_WITH_KNOTS('',3,(#1703,#1704,#1705,#1706,#1707,#1708,
#1709,#1710,#1711),.UNSPECIFIED.,.F.,.F.,(4,2,3,4),(-0.133279357780111,
-0.131846064559832,0.,0.137296394584461),.UNSPECIFIED.);
#263=B_SPLINE_CURVE_WITH_KNOTS('',3,(#1714,#1715,#1716,#1717,#1718,#1719,
#1720,#1721),.UNSPECIFIED.,.F.,.F.,(4,2,2,4),(1.17917656564432,1.31647296022878,
1.44831902478862,1.4497523180089),.UNSPECIFIED.);
#264=B_SPLINE_CURVE_WITH_KNOTS('',3,(#1723,#1724,#1725,#1726,#1727,#1728,
#1729,#1730),.UNSPECIFIED.,.F.,.F.,(4,2,2,4),(0.678607584700358,0.737702997437413,
0.869549052065789,1.00684543794082),.UNSPECIFIED.);
#265=B_SPLINE_CURVE_WITH_KNOTS('',3,(#1733,#1734,#1735,#1736,#1737,#1738,
#1739,#1740,#1741),.UNSPECIFIED.,.F.,.F.,(4,3,2,4),(-0.137296387721322,
0.,0.131846054628376,0.190941467365431),.UNSPECIFIED.);
#266=B_SPLINE_CURVE_WITH_KNOTS('',3,(#1745,#1746,#1747,#1748,#1749,#1750,
#1751,#1752),.UNSPECIFIED.,.F.,.F.,(4,2,2,4),(1.17917656564432,1.31647296022878,
1.44831902478862,1.44975231800889),.UNSPECIFIED.);
#267=B_SPLINE_CURVE_WITH_KNOTS('',3,(#1756,#1757,#1758,#1759,#1760,#1761,
#1762,#1763),.UNSPECIFIED.,.F.,.F.,(4,2,2,4),(0.678607584700358,0.737702997437413,
0.869549052065789,1.00684543794082),.UNSPECIFIED.);
#268=B_SPLINE_CURVE_WITH_KNOTS('',3,(#1767,#1768,#1769,#1770,#1771,#1772,
#1773,#1774,#1775),.UNSPECIFIED.,.F.,.F.,(4,3,2,4),(-0.137296387721322,
0.,0.131846054628375,0.190941467365431),.UNSPECIFIED.);
#269=B_SPLINE_CURVE_WITH_KNOTS('',3,(#1779,#1780,#1781,#1782,#1783,#1784,
#1785,#1786,#1787),.UNSPECIFIED.,.F.,.F.,(4,2,3,4),(-0.133279357780111,
-0.131846064559832,0.,0.137296394584461),.UNSPECIFIED.);
#270=B_SPLINE_CURVE_WITH_KNOTS('',3,(#1815,#1816,#1817,#1818,#1819,#1820,
#1821,#1822),.UNSPECIFIED.,.F.,.F.,(4,2,2,4),(1.17917656473015,1.31647296022878,
1.44831902478862,1.4497523180089),.UNSPECIFIED.);
#271=B_SPLINE_CURVE_WITH_KNOTS('',3,(#1826,#1827,#1828,#1829,#1830,#1831,
#1832,#1833),.UNSPECIFIED.,.F.,.F.,(4,2,2,4),(0.678607584700358,0.737702997437414,
0.869549052065789,1.006845438855),.UNSPECIFIED.);
#272=B_SPLINE_CURVE_WITH_KNOTS('',3,(#1837,#1838,#1839,#1840,#1841,#1842,
#1843,#1844,#1845),.UNSPECIFIED.,.F.,.F.,(4,3,2,4),(-0.1372963886355,0.,
0.131846054628376,0.190941467365431),.UNSPECIFIED.);
#273=B_SPLINE_CURVE_WITH_KNOTS('',3,(#1849,#1850,#1851,#1852,#1853,#1854,
#1855,#1856,#1857),.UNSPECIFIED.,.F.,.F.,(4,2,3,4),(-0.13327935778011,-0.131846064559832,
0.,0.13729639549864),.UNSPECIFIED.);
#274=B_SPLINE_CURVE_WITH_KNOTS('',3,(#1885,#1886,#1887,#1888,#1889,#1890,
#1891,#1892),.UNSPECIFIED.,.F.,.F.,(4,2,2,4),(1.17917656564432,1.31647296022878,
1.44831902478862,1.44975231800889),.UNSPECIFIED.);
#275=B_SPLINE_CURVE_WITH_KNOTS('',3,(#1896,#1897,#1898,#1899,#1900,#1901,
#1902,#1903),.UNSPECIFIED.,.F.,.F.,(4,2,2,4),(0.678607584700358,0.737702997437413,
0.869549052065789,1.00684543794082),.UNSPECIFIED.);
#276=B_SPLINE_CURVE_WITH_KNOTS('',3,(#1907,#1908,#1909,#1910,#1911,#1912,
#1913,#1914,#1915),.UNSPECIFIED.,.F.,.F.,(4,3,2,4),(-0.137296387721322,
0.,0.131846054628376,0.190941467365431),.UNSPECIFIED.);
#277=B_SPLINE_CURVE_WITH_KNOTS('',3,(#1919,#1920,#1921,#1922,#1923,#1924,
#1925,#1926,#1927),.UNSPECIFIED.,.F.,.F.,(4,2,3,4),(-0.13327935778011,-0.131846064559832,
0.,0.137296394584461),.UNSPECIFIED.);
#278=CIRCLE('',#1086,7.08578606257879);
#279=CIRCLE('',#1088,1.);
#280=CIRCLE('',#1089,1.);
#281=CIRCLE('',#1091,1.);
#282=CIRCLE('',#1092,1.);
#283=CIRCLE('',#1094,1.);
#284=CIRCLE('',#1095,1.);
#285=CIRCLE('',#1097,1.);
#286=CIRCLE('',#1098,1.);
#287=CIRCLE('',#1100,1.);
#288=CIRCLE('',#1101,1.);
#289=CIRCLE('',#1104,1.);
#290=CIRCLE('',#1105,1.);
#291=CIRCLE('',#1108,1.);
#292=CIRCLE('',#1109,1.);
#293=CIRCLE('',#1112,1.);
#294=CIRCLE('',#1113,1.);
#295=CIRCLE('',#1116,11.5);
#296=CIRCLE('',#1117,10.0857866098203);
#297=CIRCLE('',#1121,3.);
#298=CIRCLE('',#1122,3.);
#299=CIRCLE('',#1124,11.5);
#300=CIRCLE('',#1125,10.0857866098203);
#301=CIRCLE('',#1129,3.);
#302=CIRCLE('',#1130,3.);
#303=CIRCLE('',#1132,3.);
#304=CIRCLE('',#1133,3.);
#305=CIRCLE('',#1137,11.5);
#306=CIRCLE('',#1138,10.0857866098203);
#307=CIRCLE('',#1140,3.);
#308=CIRCLE('',#1141,3.);
#309=CIRCLE('',#1145,11.5);
#310=CIRCLE('',#1146,10.0857866098203);
#311=CIRCLE('',#1148,3.);
#312=CIRCLE('',#1149,3.);
#313=CIRCLE('',#1153,11.5);
#314=CIRCLE('',#1154,10.0857866098203);
#315=CIRCLE('',#1156,10.5);
#316=CIRCLE('',#1157,7.08578606257879);
#317=CIRCLE('',#1158,7.08578606257879);
#318=CIRCLE('',#1159,7.08578606257879);
#319=CIRCLE('',#1160,7.08578606257879);
#320=CIRCLE('',#1161,7.08578606257879);
#321=CIRCLE('',#1163,2.);
#322=CIRCLE('',#1164,1.);
#323=CIRCLE('',#1166,1.);
#324=CIRCLE('',#1168,2.);
#325=CIRCLE('',#1170,10.5);
#326=CIRCLE('',#1174,11.5);
#327=CIRCLE('',#1175,7.5);
#328=CIRCLE('',#1177,7.5);
#329=CIRCLE('',#1178,11.5);
#330=CIRCLE('',#1180,7.5);
#331=CIRCLE('',#1181,11.5);
#332=CIRCLE('',#1183,7.5);
#333=CIRCLE('',#1184,11.5);
#334=CIRCLE('',#1185,11.5);
#335=CIRCLE('',#1187,11.5);
#336=CIRCLE('',#1188,9.5);
#337=CIRCLE('',#1190,11.5);
#338=CIRCLE('',#1192,9.5);
#339=CIRCLE('',#1194,11.0000001639128);
#340=CIRCLE('',#1196,11.5);
#341=CIRCLE('',#1198,11.0000001639128);
#342=CIRCLE('',#1200,11.5);
#343=CIRCLE('',#1202,11.5);
#344=CIRCLE('',#1204,7.5);
#345=CIRCLE('',#1206,11.5);
#346=CIRCLE('',#1208,1.);
#347=CIRCLE('',#1210,9.5);
#348=CIRCLE('',#1212,1.);
#349=CIRCLE('',#1214,1.);
#350=CIRCLE('',#1217,1.);
#351=LINE('',#1540,#392);
#352=LINE('',#1551,#393);
#353=LINE('',#1557,#394);
#354=LINE('',#1563,#395);
#355=LINE('',#1569,#396);
#356=LINE('',#1575,#397);
#357=LINE('',#1582,#398);
#358=LINE('',#1589,#399);
#359=LINE('',#1596,#400);
#360=LINE('',#1604,#401);
#361=LINE('',#1607,#402);
#362=LINE('',#1621,#403);
#363=LINE('',#1628,#404);
#364=LINE('',#1677,#405);
#365=LINE('',#1680,#406);
#366=LINE('',#1690,#407);
#367=LINE('',#1697,#408);
#368=LINE('',#1754,#409);
#369=LINE('',#1777,#410);
#370=LINE('',#1795,#411);
#371=LINE('',#1808,#412);
#372=LINE('',#1824,#413);
#373=LINE('',#1847,#414);
#374=LINE('',#1865,#415);
#375=LINE('',#1878,#416);
#376=LINE('',#1894,#417);
#377=LINE('',#1917,#418);
#378=LINE('',#1935,#419);
#379=LINE('',#1948,#420);
#380=LINE('',#1954,#421);
#381=LINE('',#1968,#422);
#382=LINE('',#1973,#423);
#383=LINE('',#1979,#424);
#384=LINE('',#2001,#425);
#385=LINE('',#2006,#426);
#386=LINE('',#2015,#427);
#387=LINE('',#2019,#428);
#388=LINE('',#2027,#429);
#389=LINE('',#2034,#430);
#390=LINE('',#2039,#431);
#391=LINE('',#2046,#432);
#392=VECTOR('',#1226,8.79289303128939);
#393=VECTOR('',#1233,1.);
#394=VECTOR('',#1240,1.);
#395=VECTOR('',#1247,1.);
#396=VECTOR('',#1254,1.);
#397=VECTOR('',#1261,1.);
#398=VECTOR('',#1270,1.);
#399=VECTOR('',#1279,1.);
#400=VECTOR('',#1288,1.);
#401=VECTOR('',#1297,10.);
#402=VECTOR('',#1300,10.);
#403=VECTOR('',#1303,10.);
#404=VECTOR('',#1306,10.);
#405=VECTOR('',#1317,10.);
#406=VECTOR('',#1320,10.);
#407=VECTOR('',#1323,10.);
#408=VECTOR('',#1326,10.);
#409=VECTOR('',#1335,10.);
#410=VECTOR('',#1338,10.);
#411=VECTOR('',#1343,10.);
#412=VECTOR('',#1346,10.);
#413=VECTOR('',#1355,10.);
#414=VECTOR('',#1358,10.);
#415=VECTOR('',#1363,10.);
#416=VECTOR('',#1366,10.);
#417=VECTOR('',#1375,10.);
#418=VECTOR('',#1378,10.);
#419=VECTOR('',#1383,10.);
#420=VECTOR('',#1386,10.);
#421=VECTOR('',#1395,8.79289303128939);
#422=VECTOR('',#1416,1.00000000745058);
#423=VECTOR('',#1423,2.);
#424=VECTOR('',#1432,10.5);
#425=VECTOR('',#1467,11.5);
#426=VECTOR('',#1474,9.5);
#427=VECTOR('',#1485,11.0000001639128);
#428=VECTOR('',#1492,11.5);
#429=VECTOR('',#1503,11.5);
#430=VECTOR('',#1512,10.5);
#431=VECTOR('',#1519,1.);
#432=VECTOR('',#1528,1.);
#433=VERTEX_POINT('',#1538);
#434=VERTEX_POINT('',#1539);
#435=VERTEX_POINT('',#1541);
#436=VERTEX_POINT('',#1548);
#437=VERTEX_POINT('',#1550);
#438=VERTEX_POINT('',#1554);
#439=VERTEX_POINT('',#1556);
#440=VERTEX_POINT('',#1560);
#441=VERTEX_POINT('',#1562);
#442=VERTEX_POINT('',#1566);
#443=VERTEX_POINT('',#1568);
#444=VERTEX_POINT('',#1572);
#445=VERTEX_POINT('',#1574);
#446=VERTEX_POINT('',#1579);
#447=VERTEX_POINT('',#1581);
#448=VERTEX_POINT('',#1586);
#449=VERTEX_POINT('',#1588);
#450=VERTEX_POINT('',#1593);
#451=VERTEX_POINT('',#1595);
#452=VERTEX_POINT('',#1600);
#453=VERTEX_POINT('',#1601);
#454=VERTEX_POINT('',#1603);
#455=VERTEX_POINT('',#1605);
#456=VERTEX_POINT('',#1609);
#457=VERTEX_POINT('',#1613);
#458=VERTEX_POINT('',#1617);
#459=VERTEX_POINT('',#1623);
#460=VERTEX_POINT('',#1627);
#461=VERTEX_POINT('',#1633);
#462=VERTEX_POINT('',#1643);
#463=VERTEX_POINT('',#1661);
#464=VERTEX_POINT('',#1673);
#465=VERTEX_POINT('',#1674);
#466=VERTEX_POINT('',#1676);
#467=VERTEX_POINT('',#1678);
#468=VERTEX_POINT('',#1682);
#469=VERTEX_POINT('',#1686);
#470=VERTEX_POINT('',#1692);
#471=VERTEX_POINT('',#1696);
#472=VERTEX_POINT('',#1702);
#473=VERTEX_POINT('',#1712);
#474=VERTEX_POINT('',#1722);
#475=VERTEX_POINT('',#1731);
#476=VERTEX_POINT('',#1743);
#477=VERTEX_POINT('',#1744);
#478=VERTEX_POINT('',#1753);
#479=VERTEX_POINT('',#1755);
#480=VERTEX_POINT('',#1764);
#481=VERTEX_POINT('',#1766);
#482=VERTEX_POINT('',#1776);
#483=VERTEX_POINT('',#1778);
#484=VERTEX_POINT('',#1790);
#485=VERTEX_POINT('',#1794);
#486=VERTEX_POINT('',#1800);
#487=VERTEX_POINT('',#1804);
#488=VERTEX_POINT('',#1813);
#489=VERTEX_POINT('',#1814);
#490=VERTEX_POINT('',#1823);
#491=VERTEX_POINT('',#1825);
#492=VERTEX_POINT('',#1834);
#493=VERTEX_POINT('',#1836);
#494=VERTEX_POINT('',#1846);
#495=VERTEX_POINT('',#1848);
#496=VERTEX_POINT('',#1860);
#497=VERTEX_POINT('',#1864);
#498=VERTEX_POINT('',#1870);
#499=VERTEX_POINT('',#1874);
#500=VERTEX_POINT('',#1883);
#501=VERTEX_POINT('',#1884);
#502=VERTEX_POINT('',#1893);
#503=VERTEX_POINT('',#1895);
#504=VERTEX_POINT('',#1904);
#505=VERTEX_POINT('',#1906);
#506=VERTEX_POINT('',#1916);
#507=VERTEX_POINT('',#1918);
#508=VERTEX_POINT('',#1930);
#509=VERTEX_POINT('',#1934);
#510=VERTEX_POINT('',#1940);
#511=VERTEX_POINT('',#1944);
#512=VERTEX_POINT('',#1953);
#513=VERTEX_POINT('',#1962);
#514=VERTEX_POINT('',#1964);
#515=VERTEX_POINT('',#1967);
#516=VERTEX_POINT('',#1971);
#517=VERTEX_POINT('',#1975);
#518=VERTEX_POINT('',#1991);
#519=VERTEX_POINT('',#1995);
#520=VERTEX_POINT('',#1997);
#521=VERTEX_POINT('',#2000);
#522=VERTEX_POINT('',#2004);
#523=VERTEX_POINT('',#2008);
#524=VERTEX_POINT('',#2011);
#525=VERTEX_POINT('',#2014);
#526=VERTEX_POINT('',#2021);
#527=VERTEX_POINT('',#2026);
#528=VERTEX_POINT('',#2030);
#529=VERTEX_POINT('',#2033);
#530=VERTEX_POINT('',#2037);
#531=VERTEX_POINT('',#2041);
#532=VERTEX_POINT('',#2045);
#533=EDGE_CURVE('',#433,#434,#351,.T.);
#534=EDGE_CURVE('',#433,#435,#278,.T.);
#535=EDGE_CURVE('',#435,#434,#257,.T.);
#536=EDGE_CURVE('',#436,#436,#279,.T.);
#537=EDGE_CURVE('',#436,#437,#352,.T.);
#538=EDGE_CURVE('',#437,#437,#280,.T.);
#539=EDGE_CURVE('',#438,#438,#281,.T.);
#540=EDGE_CURVE('',#438,#439,#353,.T.);
#541=EDGE_CURVE('',#439,#439,#282,.T.);
#542=EDGE_CURVE('',#440,#440,#283,.T.);
#543=EDGE_CURVE('',#440,#441,#354,.T.);
#544=EDGE_CURVE('',#441,#441,#284,.T.);
#545=EDGE_CURVE('',#442,#442,#285,.T.);
#546=EDGE_CURVE('',#442,#443,#355,.T.);
#547=EDGE_CURVE('',#443,#443,#286,.T.);
#548=EDGE_CURVE('',#444,#444,#287,.T.);
#549=EDGE_CURVE('',#444,#445,#356,.T.);
#550=EDGE_CURVE('',#445,#445,#288,.T.);
#551=EDGE_CURVE('',#446,#446,#289,.T.);
#552=EDGE_CURVE('',#446,#447,#357,.T.);
#553=EDGE_CURVE('',#447,#447,#290,.T.);
#554=EDGE_CURVE('',#448,#448,#291,.T.);
#555=EDGE_CURVE('',#448,#449,#358,.T.);
#556=EDGE_CURVE('',#449,#449,#292,.T.);
#557=EDGE_CURVE('',#450,#450,#293,.T.);
#558=EDGE_CURVE('',#450,#451,#359,.T.);
#559=EDGE_CURVE('',#451,#451,#294,.T.);
#560=EDGE_CURVE('',#452,#453,#295,.T.);
#561=EDGE_CURVE('',#454,#453,#360,.T.);
#562=EDGE_CURVE('',#455,#454,#296,.T.);
#563=EDGE_CURVE('',#452,#455,#361,.T.);
#564=EDGE_CURVE('',#452,#456,#40,.T.);
#565=EDGE_CURVE('',#457,#455,#41,.T.);
#566=EDGE_CURVE('',#458,#457,#42,.T.);
#567=EDGE_CURVE('',#456,#458,#362,.T.);
#568=EDGE_CURVE('',#459,#453,#43,.T.);
#569=EDGE_CURVE('',#459,#460,#363,.T.);
#570=EDGE_CURVE('',#454,#460,#44,.T.);
#571=EDGE_CURVE('',#461,#459,#258,.T.);
#572=EDGE_CURVE('',#462,#461,#297,.T.);
#573=EDGE_CURVE('',#456,#462,#259,.T.);
#574=EDGE_CURVE('',#434,#458,#260,.T.);
#575=EDGE_CURVE('',#463,#435,#298,.T.);
#576=EDGE_CURVE('',#460,#463,#261,.T.);
#577=EDGE_CURVE('',#464,#465,#299,.T.);
#578=EDGE_CURVE('',#466,#465,#364,.T.);
#579=EDGE_CURVE('',#467,#466,#300,.T.);
#580=EDGE_CURVE('',#464,#467,#365,.T.);
#581=EDGE_CURVE('',#464,#468,#45,.T.);
#582=EDGE_CURVE('',#469,#467,#46,.T.);
#583=EDGE_CURVE('',#468,#469,#366,.T.);
#584=EDGE_CURVE('',#470,#465,#47,.T.);
#585=EDGE_CURVE('',#470,#471,#367,.T.);
#586=EDGE_CURVE('',#466,#471,#48,.T.);
#587=EDGE_CURVE('',#472,#470,#262,.T.);
#588=EDGE_CURVE('',#473,#472,#301,.T.);
#589=EDGE_CURVE('',#468,#473,#263,.T.);
#590=EDGE_CURVE('',#474,#469,#264,.T.);
#591=EDGE_CURVE('',#475,#474,#302,.T.);
#592=EDGE_CURVE('',#471,#475,#265,.T.);
#593=EDGE_CURVE('',#476,#477,#266,.T.);
#594=EDGE_CURVE('',#476,#478,#368,.T.);
#595=EDGE_CURVE('',#479,#478,#267,.T.);
#596=EDGE_CURVE('',#480,#479,#303,.T.);
#597=EDGE_CURVE('',#481,#480,#268,.T.);
#598=EDGE_CURVE('',#482,#481,#369,.T.);
#599=EDGE_CURVE('',#483,#482,#269,.T.);
#600=EDGE_CURVE('',#477,#483,#304,.T.);
#601=EDGE_CURVE('',#484,#476,#49,.T.);
#602=EDGE_CURVE('',#484,#485,#370,.T.);
#603=EDGE_CURVE('',#478,#485,#50,.T.);
#604=EDGE_CURVE('',#482,#486,#51,.T.);
#605=EDGE_CURVE('',#487,#481,#52,.T.);
#606=EDGE_CURVE('',#487,#486,#371,.T.);
#607=EDGE_CURVE('',#484,#486,#305,.T.);
#608=EDGE_CURVE('',#485,#487,#306,.T.);
#609=EDGE_CURVE('',#488,#489,#270,.T.);
#610=EDGE_CURVE('',#488,#490,#372,.T.);
#611=EDGE_CURVE('',#491,#490,#271,.T.);
#612=EDGE_CURVE('',#492,#491,#307,.T.);
#613=EDGE_CURVE('',#493,#492,#272,.T.);
#614=EDGE_CURVE('',#494,#493,#373,.T.);
#615=EDGE_CURVE('',#495,#494,#273,.T.);
#616=EDGE_CURVE('',#489,#495,#308,.T.);
#617=EDGE_CURVE('',#496,#488,#53,.T.);
#618=EDGE_CURVE('',#496,#497,#374,.T.);
#619=EDGE_CURVE('',#490,#497,#54,.T.);
#620=EDGE_CURVE('',#494,#498,#55,.T.);
#621=EDGE_CURVE('',#499,#493,#56,.T.);
#622=EDGE_CURVE('',#499,#498,#375,.T.);
#623=EDGE_CURVE('',#496,#498,#309,.T.);
#624=EDGE_CURVE('',#497,#499,#310,.T.);
#625=EDGE_CURVE('',#500,#501,#274,.T.);
#626=EDGE_CURVE('',#500,#502,#376,.T.);
#627=EDGE_CURVE('',#503,#502,#275,.T.);
#628=EDGE_CURVE('',#504,#503,#311,.T.);
#629=EDGE_CURVE('',#505,#504,#276,.T.);
#630=EDGE_CURVE('',#506,#505,#377,.T.);
#631=EDGE_CURVE('',#507,#506,#277,.T.);
#632=EDGE_CURVE('',#501,#507,#312,.T.);
#633=EDGE_CURVE('',#508,#500,#57,.T.);
#634=EDGE_CURVE('',#508,#509,#378,.T.);
#635=EDGE_CURVE('',#502,#509,#58,.T.);
#636=EDGE_CURVE('',#506,#510,#59,.T.);
#637=EDGE_CURVE('',#511,#505,#60,.T.);
#638=EDGE_CURVE('',#511,#510,#379,.T.);
#639=EDGE_CURVE('',#508,#510,#313,.T.);
#640=EDGE_CURVE('',#509,#511,#314,.T.);
#641=EDGE_CURVE('',#457,#512,#380,.T.);
#642=EDGE_CURVE('',#512,#512,#315,.T.);
#643=EDGE_CURVE('',#463,#491,#316,.T.);
#644=EDGE_CURVE('',#492,#503,#317,.T.);
#645=EDGE_CURVE('',#504,#479,#318,.T.);
#646=EDGE_CURVE('',#480,#474,#319,.T.);
#647=EDGE_CURVE('',#475,#433,#320,.T.);
#648=EDGE_CURVE('',#513,#513,#321,.T.);
#649=EDGE_CURVE('',#514,#514,#322,.T.);
#650=EDGE_CURVE('',#514,#515,#381,.T.);
#651=EDGE_CURVE('',#515,#515,#323,.T.);
#652=EDGE_CURVE('',#516,#516,#324,.T.);
#653=EDGE_CURVE('',#516,#513,#382,.T.);
#654=EDGE_CURVE('',#517,#517,#325,.T.);
#655=EDGE_CURVE('',#512,#517,#383,.T.);
#656=EDGE_CURVE('',#498,#508,#326,.T.);
#657=EDGE_CURVE('',#495,#501,#327,.T.);
#658=EDGE_CURVE('',#483,#473,#328,.T.);
#659=EDGE_CURVE('',#486,#464,#329,.T.);
#660=EDGE_CURVE('',#507,#477,#330,.T.);
#661=EDGE_CURVE('',#510,#484,#331,.T.);
#662=EDGE_CURVE('',#472,#462,#332,.T.);
#663=EDGE_CURVE('',#465,#518,#333,.T.);
#664=EDGE_CURVE('',#518,#452,#334,.T.);
#665=EDGE_CURVE('',#519,#519,#335,.T.);
#666=EDGE_CURVE('',#520,#520,#336,.T.);
#667=EDGE_CURVE('',#519,#521,#384,.T.);
#668=EDGE_CURVE('',#521,#521,#337,.T.);
#669=EDGE_CURVE('',#522,#522,#338,.T.);
#670=EDGE_CURVE('',#522,#520,#385,.T.);
#671=EDGE_CURVE('',#523,#523,#339,.T.);
#672=EDGE_CURVE('',#524,#524,#340,.T.);
#673=EDGE_CURVE('',#523,#525,#386,.T.);
#674=EDGE_CURVE('',#525,#525,#341,.T.);
#675=EDGE_CURVE('',#453,#496,#342,.T.);
#676=EDGE_CURVE('',#518,#524,#387,.T.);
#677=EDGE_CURVE('',#526,#526,#343,.T.);
#678=EDGE_CURVE('',#461,#489,#344,.T.);
#679=EDGE_CURVE('',#526,#527,#388,.T.);
#680=EDGE_CURVE('',#527,#527,#345,.T.);
#681=EDGE_CURVE('',#528,#528,#346,.T.);
#682=EDGE_CURVE('',#527,#529,#389,.T.);
#683=EDGE_CURVE('',#529,#529,#347,.T.);
#684=EDGE_CURVE('',#530,#530,#348,.T.);
#685=EDGE_CURVE('',#530,#528,#390,.T.);
#686=EDGE_CURVE('',#531,#531,#349,.T.);
#687=EDGE_CURVE('',#531,#532,#391,.T.);
#688=EDGE_CURVE('',#532,#532,#350,.T.);
#689=ORIENTED_EDGE('',*,*,#533,.F.);
#690=ORIENTED_EDGE('',*,*,#534,.T.);
#691=ORIENTED_EDGE('',*,*,#535,.T.);
#692=ORIENTED_EDGE('',*,*,#536,.F.);
#693=ORIENTED_EDGE('',*,*,#537,.T.);
#694=ORIENTED_EDGE('',*,*,#538,.F.);
#695=ORIENTED_EDGE('',*,*,#537,.F.);
#696=ORIENTED_EDGE('',*,*,#539,.F.);
#697=ORIENTED_EDGE('',*,*,#540,.T.);
#698=ORIENTED_EDGE('',*,*,#541,.F.);
#699=ORIENTED_EDGE('',*,*,#540,.F.);
#700=ORIENTED_EDGE('',*,*,#542,.F.);
#701=ORIENTED_EDGE('',*,*,#543,.T.);
#702=ORIENTED_EDGE('',*,*,#544,.F.);
#703=ORIENTED_EDGE('',*,*,#543,.F.);
#704=ORIENTED_EDGE('',*,*,#545,.F.);
#705=ORIENTED_EDGE('',*,*,#546,.T.);
#706=ORIENTED_EDGE('',*,*,#547,.F.);
#707=ORIENTED_EDGE('',*,*,#546,.F.);
#708=ORIENTED_EDGE('',*,*,#548,.F.);
#709=ORIENTED_EDGE('',*,*,#549,.T.);
#710=ORIENTED_EDGE('',*,*,#550,.T.);
#711=ORIENTED_EDGE('',*,*,#549,.F.);
#712=ORIENTED_EDGE('',*,*,#550,.F.);
#713=ORIENTED_EDGE('',*,*,#551,.F.);
#714=ORIENTED_EDGE('',*,*,#552,.T.);
#715=ORIENTED_EDGE('',*,*,#553,.T.);
#716=ORIENTED_EDGE('',*,*,#552,.F.);
#717=ORIENTED_EDGE('',*,*,#553,.F.);
#718=ORIENTED_EDGE('',*,*,#554,.F.);
#719=ORIENTED_EDGE('',*,*,#555,.T.);
#720=ORIENTED_EDGE('',*,*,#556,.T.);
#721=ORIENTED_EDGE('',*,*,#555,.F.);
#722=ORIENTED_EDGE('',*,*,#556,.F.);
#723=ORIENTED_EDGE('',*,*,#557,.F.);
#724=ORIENTED_EDGE('',*,*,#558,.T.);
#725=ORIENTED_EDGE('',*,*,#559,.T.);
#726=ORIENTED_EDGE('',*,*,#558,.F.);
#727=ORIENTED_EDGE('',*,*,#559,.F.);
#728=ORIENTED_EDGE('',*,*,#560,.T.);
#729=ORIENTED_EDGE('',*,*,#561,.F.);
#730=ORIENTED_EDGE('',*,*,#562,.F.);
#731=ORIENTED_EDGE('',*,*,#563,.F.);
#732=ORIENTED_EDGE('',*,*,#564,.F.);
#733=ORIENTED_EDGE('',*,*,#563,.T.);
#734=ORIENTED_EDGE('',*,*,#565,.F.);
#735=ORIENTED_EDGE('',*,*,#566,.F.);
#736=ORIENTED_EDGE('',*,*,#567,.F.);
#737=ORIENTED_EDGE('',*,*,#568,.F.);
#738=ORIENTED_EDGE('',*,*,#569,.T.);
#739=ORIENTED_EDGE('',*,*,#570,.F.);
#740=ORIENTED_EDGE('',*,*,#561,.T.);
#741=ORIENTED_EDGE('',*,*,#571,.F.);
#742=ORIENTED_EDGE('',*,*,#572,.F.);
#743=ORIENTED_EDGE('',*,*,#573,.F.);
#744=ORIENTED_EDGE('',*,*,#567,.T.);
#745=ORIENTED_EDGE('',*,*,#574,.F.);
#746=ORIENTED_EDGE('',*,*,#535,.F.);
#747=ORIENTED_EDGE('',*,*,#575,.F.);
#748=ORIENTED_EDGE('',*,*,#576,.F.);
#749=ORIENTED_EDGE('',*,*,#569,.F.);
#750=ORIENTED_EDGE('',*,*,#577,.T.);
#751=ORIENTED_EDGE('',*,*,#578,.F.);
#752=ORIENTED_EDGE('',*,*,#579,.F.);
#753=ORIENTED_EDGE('',*,*,#580,.F.);
#754=ORIENTED_EDGE('',*,*,#581,.F.);
#755=ORIENTED_EDGE('',*,*,#580,.T.);
#756=ORIENTED_EDGE('',*,*,#582,.F.);
#757=ORIENTED_EDGE('',*,*,#583,.F.);
#758=ORIENTED_EDGE('',*,*,#584,.F.);
#759=ORIENTED_EDGE('',*,*,#585,.T.);
#760=ORIENTED_EDGE('',*,*,#586,.F.);
#761=ORIENTED_EDGE('',*,*,#578,.T.);
#762=ORIENTED_EDGE('',*,*,#587,.F.);
#763=ORIENTED_EDGE('',*,*,#588,.F.);
#764=ORIENTED_EDGE('',*,*,#589,.F.);
#765=ORIENTED_EDGE('',*,*,#583,.T.);
#766=ORIENTED_EDGE('',*,*,#590,.F.);
#767=ORIENTED_EDGE('',*,*,#591,.F.);
#768=ORIENTED_EDGE('',*,*,#592,.F.);
#769=ORIENTED_EDGE('',*,*,#585,.F.);
#770=ORIENTED_EDGE('',*,*,#593,.F.);
#771=ORIENTED_EDGE('',*,*,#594,.T.);
#772=ORIENTED_EDGE('',*,*,#595,.F.);
#773=ORIENTED_EDGE('',*,*,#596,.F.);
#774=ORIENTED_EDGE('',*,*,#597,.F.);
#775=ORIENTED_EDGE('',*,*,#598,.F.);
#776=ORIENTED_EDGE('',*,*,#599,.F.);
#777=ORIENTED_EDGE('',*,*,#600,.F.);
#778=ORIENTED_EDGE('',*,*,#601,.F.);
#779=ORIENTED_EDGE('',*,*,#602,.T.);
#780=ORIENTED_EDGE('',*,*,#603,.F.);
#781=ORIENTED_EDGE('',*,*,#594,.F.);
#782=ORIENTED_EDGE('',*,*,#604,.F.);
#783=ORIENTED_EDGE('',*,*,#598,.T.);
#784=ORIENTED_EDGE('',*,*,#605,.F.);
#785=ORIENTED_EDGE('',*,*,#606,.T.);
#786=ORIENTED_EDGE('',*,*,#607,.T.);
#787=ORIENTED_EDGE('',*,*,#606,.F.);
#788=ORIENTED_EDGE('',*,*,#608,.F.);
#789=ORIENTED_EDGE('',*,*,#602,.F.);
#790=ORIENTED_EDGE('',*,*,#609,.F.);
#791=ORIENTED_EDGE('',*,*,#610,.T.);
#792=ORIENTED_EDGE('',*,*,#611,.F.);
#793=ORIENTED_EDGE('',*,*,#612,.F.);
#794=ORIENTED_EDGE('',*,*,#613,.F.);
#795=ORIENTED_EDGE('',*,*,#614,.F.);
#796=ORIENTED_EDGE('',*,*,#615,.F.);
#797=ORIENTED_EDGE('',*,*,#616,.F.);
#798=ORIENTED_EDGE('',*,*,#617,.F.);
#799=ORIENTED_EDGE('',*,*,#618,.T.);
#800=ORIENTED_EDGE('',*,*,#619,.F.);
#801=ORIENTED_EDGE('',*,*,#610,.F.);
#802=ORIENTED_EDGE('',*,*,#620,.F.);
#803=ORIENTED_EDGE('',*,*,#614,.T.);
#804=ORIENTED_EDGE('',*,*,#621,.F.);
#805=ORIENTED_EDGE('',*,*,#622,.T.);
#806=ORIENTED_EDGE('',*,*,#623,.T.);
#807=ORIENTED_EDGE('',*,*,#622,.F.);
#808=ORIENTED_EDGE('',*,*,#624,.F.);
#809=ORIENTED_EDGE('',*,*,#618,.F.);
#810=ORIENTED_EDGE('',*,*,#625,.F.);
#811=ORIENTED_EDGE('',*,*,#626,.T.);
#812=ORIENTED_EDGE('',*,*,#627,.F.);
#813=ORIENTED_EDGE('',*,*,#628,.F.);
#814=ORIENTED_EDGE('',*,*,#629,.F.);
#815=ORIENTED_EDGE('',*,*,#630,.F.);
#816=ORIENTED_EDGE('',*,*,#631,.F.);
#817=ORIENTED_EDGE('',*,*,#632,.F.);
#818=ORIENTED_EDGE('',*,*,#633,.F.);
#819=ORIENTED_EDGE('',*,*,#634,.T.);
#820=ORIENTED_EDGE('',*,*,#635,.F.);
#821=ORIENTED_EDGE('',*,*,#626,.F.);
#822=ORIENTED_EDGE('',*,*,#636,.F.);
#823=ORIENTED_EDGE('',*,*,#630,.T.);
#824=ORIENTED_EDGE('',*,*,#637,.F.);
#825=ORIENTED_EDGE('',*,*,#638,.T.);
#826=ORIENTED_EDGE('',*,*,#639,.T.);
#827=ORIENTED_EDGE('',*,*,#638,.F.);
#828=ORIENTED_EDGE('',*,*,#640,.F.);
#829=ORIENTED_EDGE('',*,*,#634,.F.);
#830=ORIENTED_EDGE('',*,*,#533,.T.);
#831=ORIENTED_EDGE('',*,*,#574,.T.);
#832=ORIENTED_EDGE('',*,*,#566,.T.);
#833=ORIENTED_EDGE('',*,*,#641,.T.);
#834=ORIENTED_EDGE('',*,*,#642,.F.);
#835=ORIENTED_EDGE('',*,*,#641,.F.);
#836=ORIENTED_EDGE('',*,*,#565,.T.);
#837=ORIENTED_EDGE('',*,*,#562,.T.);
#838=ORIENTED_EDGE('',*,*,#570,.T.);
#839=ORIENTED_EDGE('',*,*,#576,.T.);
#840=ORIENTED_EDGE('',*,*,#643,.T.);
#841=ORIENTED_EDGE('',*,*,#611,.T.);
#842=ORIENTED_EDGE('',*,*,#619,.T.);
#843=ORIENTED_EDGE('',*,*,#624,.T.);
#844=ORIENTED_EDGE('',*,*,#621,.T.);
#845=ORIENTED_EDGE('',*,*,#613,.T.);
#846=ORIENTED_EDGE('',*,*,#644,.T.);
#847=ORIENTED_EDGE('',*,*,#627,.T.);
#848=ORIENTED_EDGE('',*,*,#635,.T.);
#849=ORIENTED_EDGE('',*,*,#640,.T.);
#850=ORIENTED_EDGE('',*,*,#637,.T.);
#851=ORIENTED_EDGE('',*,*,#629,.T.);
#852=ORIENTED_EDGE('',*,*,#645,.T.);
#853=ORIENTED_EDGE('',*,*,#595,.T.);
#854=ORIENTED_EDGE('',*,*,#603,.T.);
#855=ORIENTED_EDGE('',*,*,#608,.T.);
#856=ORIENTED_EDGE('',*,*,#605,.T.);
#857=ORIENTED_EDGE('',*,*,#597,.T.);
#858=ORIENTED_EDGE('',*,*,#646,.T.);
#859=ORIENTED_EDGE('',*,*,#590,.T.);
#860=ORIENTED_EDGE('',*,*,#582,.T.);
#861=ORIENTED_EDGE('',*,*,#579,.T.);
#862=ORIENTED_EDGE('',*,*,#586,.T.);
#863=ORIENTED_EDGE('',*,*,#592,.T.);
#864=ORIENTED_EDGE('',*,*,#647,.T.);
#865=ORIENTED_EDGE('',*,*,#648,.F.);
#866=ORIENTED_EDGE('',*,*,#649,.T.);
#867=ORIENTED_EDGE('',*,*,#649,.F.);
#868=ORIENTED_EDGE('',*,*,#650,.T.);
#869=ORIENTED_EDGE('',*,*,#651,.T.);
#870=ORIENTED_EDGE('',*,*,#650,.F.);
#871=ORIENTED_EDGE('',*,*,#652,.F.);
#872=ORIENTED_EDGE('',*,*,#653,.T.);
#873=ORIENTED_EDGE('',*,*,#648,.T.);
#874=ORIENTED_EDGE('',*,*,#653,.F.);
#875=ORIENTED_EDGE('',*,*,#654,.T.);
#876=ORIENTED_EDGE('',*,*,#651,.F.);
#877=ORIENTED_EDGE('',*,*,#575,.T.);
#878=ORIENTED_EDGE('',*,*,#534,.F.);
#879=ORIENTED_EDGE('',*,*,#647,.F.);
#880=ORIENTED_EDGE('',*,*,#591,.T.);
#881=ORIENTED_EDGE('',*,*,#646,.F.);
#882=ORIENTED_EDGE('',*,*,#596,.T.);
#883=ORIENTED_EDGE('',*,*,#645,.F.);
#884=ORIENTED_EDGE('',*,*,#628,.T.);
#885=ORIENTED_EDGE('',*,*,#644,.F.);
#886=ORIENTED_EDGE('',*,*,#612,.T.);
#887=ORIENTED_EDGE('',*,*,#643,.F.);
#888=ORIENTED_EDGE('',*,*,#538,.T.);
#889=ORIENTED_EDGE('',*,*,#541,.T.);
#890=ORIENTED_EDGE('',*,*,#544,.T.);
#891=ORIENTED_EDGE('',*,*,#547,.T.);
#892=ORIENTED_EDGE('',*,*,#652,.T.);
#893=ORIENTED_EDGE('',*,*,#642,.T.);
#894=ORIENTED_EDGE('',*,*,#655,.T.);
#895=ORIENTED_EDGE('',*,*,#654,.F.);
#896=ORIENTED_EDGE('',*,*,#655,.F.);
#897=ORIENTED_EDGE('',*,*,#615,.T.);
#898=ORIENTED_EDGE('',*,*,#620,.T.);
#899=ORIENTED_EDGE('',*,*,#656,.T.);
#900=ORIENTED_EDGE('',*,*,#633,.T.);
#901=ORIENTED_EDGE('',*,*,#625,.T.);
#902=ORIENTED_EDGE('',*,*,#657,.F.);
#903=ORIENTED_EDGE('',*,*,#581,.T.);
#904=ORIENTED_EDGE('',*,*,#589,.T.);
#905=ORIENTED_EDGE('',*,*,#658,.F.);
#906=ORIENTED_EDGE('',*,*,#599,.T.);
#907=ORIENTED_EDGE('',*,*,#604,.T.);
#908=ORIENTED_EDGE('',*,*,#659,.T.);
#909=ORIENTED_EDGE('',*,*,#593,.T.);
#910=ORIENTED_EDGE('',*,*,#660,.F.);
#911=ORIENTED_EDGE('',*,*,#631,.T.);
#912=ORIENTED_EDGE('',*,*,#636,.T.);
#913=ORIENTED_EDGE('',*,*,#661,.T.);
#914=ORIENTED_EDGE('',*,*,#601,.T.);
#915=ORIENTED_EDGE('',*,*,#564,.T.);
#916=ORIENTED_EDGE('',*,*,#573,.T.);
#917=ORIENTED_EDGE('',*,*,#662,.F.);
#918=ORIENTED_EDGE('',*,*,#587,.T.);
#919=ORIENTED_EDGE('',*,*,#584,.T.);
#920=ORIENTED_EDGE('',*,*,#663,.T.);
#921=ORIENTED_EDGE('',*,*,#664,.T.);
#922=ORIENTED_EDGE('',*,*,#665,.T.);
#923=ORIENTED_EDGE('',*,*,#666,.F.);
#924=ORIENTED_EDGE('',*,*,#665,.F.);
#925=ORIENTED_EDGE('',*,*,#667,.T.);
#926=ORIENTED_EDGE('',*,*,#668,.T.);
#927=ORIENTED_EDGE('',*,*,#667,.F.);
#928=ORIENTED_EDGE('',*,*,#669,.F.);
#929=ORIENTED_EDGE('',*,*,#670,.T.);
#930=ORIENTED_EDGE('',*,*,#666,.T.);
#931=ORIENTED_EDGE('',*,*,#670,.F.);
#932=ORIENTED_EDGE('',*,*,#668,.F.);
#933=ORIENTED_EDGE('',*,*,#671,.T.);
#934=ORIENTED_EDGE('',*,*,#672,.F.);
#935=ORIENTED_EDGE('',*,*,#669,.T.);
#936=ORIENTED_EDGE('',*,*,#671,.F.);
#937=ORIENTED_EDGE('',*,*,#673,.T.);
#938=ORIENTED_EDGE('',*,*,#674,.T.);
#939=ORIENTED_EDGE('',*,*,#673,.F.);
#940=ORIENTED_EDGE('',*,*,#661,.F.);
#941=ORIENTED_EDGE('',*,*,#639,.F.);
#942=ORIENTED_EDGE('',*,*,#656,.F.);
#943=ORIENTED_EDGE('',*,*,#623,.F.);
#944=ORIENTED_EDGE('',*,*,#675,.F.);
#945=ORIENTED_EDGE('',*,*,#560,.F.);
#946=ORIENTED_EDGE('',*,*,#664,.F.);
#947=ORIENTED_EDGE('',*,*,#676,.T.);
#948=ORIENTED_EDGE('',*,*,#672,.T.);
#949=ORIENTED_EDGE('',*,*,#676,.F.);
#950=ORIENTED_EDGE('',*,*,#663,.F.);
#951=ORIENTED_EDGE('',*,*,#577,.F.);
#952=ORIENTED_EDGE('',*,*,#659,.F.);
#953=ORIENTED_EDGE('',*,*,#607,.F.);
#954=ORIENTED_EDGE('',*,*,#677,.T.);
#955=ORIENTED_EDGE('',*,*,#674,.F.);
#956=ORIENTED_EDGE('',*,*,#568,.T.);
#957=ORIENTED_EDGE('',*,*,#675,.T.);
#958=ORIENTED_EDGE('',*,*,#617,.T.);
#959=ORIENTED_EDGE('',*,*,#609,.T.);
#960=ORIENTED_EDGE('',*,*,#678,.F.);
#961=ORIENTED_EDGE('',*,*,#571,.T.);
#962=ORIENTED_EDGE('',*,*,#677,.F.);
#963=ORIENTED_EDGE('',*,*,#679,.T.);
#964=ORIENTED_EDGE('',*,*,#680,.T.);
#965=ORIENTED_EDGE('',*,*,#679,.F.);
#966=ORIENTED_EDGE('',*,*,#572,.T.);
#967=ORIENTED_EDGE('',*,*,#678,.T.);
#968=ORIENTED_EDGE('',*,*,#616,.T.);
#969=ORIENTED_EDGE('',*,*,#657,.T.);
#970=ORIENTED_EDGE('',*,*,#632,.T.);
#971=ORIENTED_EDGE('',*,*,#660,.T.);
#972=ORIENTED_EDGE('',*,*,#600,.T.);
#973=ORIENTED_EDGE('',*,*,#658,.T.);
#974=ORIENTED_EDGE('',*,*,#588,.T.);
#975=ORIENTED_EDGE('',*,*,#662,.T.);
#976=ORIENTED_EDGE('',*,*,#536,.T.);
#977=ORIENTED_EDGE('',*,*,#539,.T.);
#978=ORIENTED_EDGE('',*,*,#542,.T.);
#979=ORIENTED_EDGE('',*,*,#545,.T.);
#980=ORIENTED_EDGE('',*,*,#681,.F.);
#981=ORIENTED_EDGE('',*,*,#680,.F.);
#982=ORIENTED_EDGE('',*,*,#682,.T.);
#983=ORIENTED_EDGE('',*,*,#683,.T.);
#984=ORIENTED_EDGE('',*,*,#682,.F.);
#985=ORIENTED_EDGE('',*,*,#684,.F.);
#986=ORIENTED_EDGE('',*,*,#685,.T.);
#987=ORIENTED_EDGE('',*,*,#681,.T.);
#988=ORIENTED_EDGE('',*,*,#685,.F.);
#989=ORIENTED_EDGE('',*,*,#683,.F.);
#990=ORIENTED_EDGE('',*,*,#548,.T.);
#991=ORIENTED_EDGE('',*,*,#551,.T.);
#992=ORIENTED_EDGE('',*,*,#554,.T.);
#993=ORIENTED_EDGE('',*,*,#557,.T.);
#994=ORIENTED_EDGE('',*,*,#686,.T.);
#995=ORIENTED_EDGE('',*,*,#684,.T.);
#996=ORIENTED_EDGE('',*,*,#686,.F.);
#997=ORIENTED_EDGE('',*,*,#687,.T.);
#998=ORIENTED_EDGE('',*,*,#688,.T.);
#999=ORIENTED_EDGE('',*,*,#687,.F.);
#1000=ORIENTED_EDGE('',*,*,#688,.F.);
#1001=CONICAL_SURFACE('',#1085,8.79289303128939,0.78539822998972);
#1002=CONICAL_SURFACE('',#1155,8.79289303128939,0.78539822998972);
#1003=CONICAL_SURFACE('',#1173,9.5,0.785398163397448);
#1004=CONICAL_SURFACE('',#1176,9.5,0.785398163397448);
#1005=CONICAL_SURFACE('',#1179,9.5,0.785398163397448);
#1006=CONICAL_SURFACE('',#1182,9.5,0.785398163397448);
#1007=CONICAL_SURFACE('',#1203,9.5,0.785398163397448);
#1008=CONICAL_SURFACE('',#1209,10.5,0.785398163397448);
#1009=ADVANCED_FACE('',(#114),#1001,.F.);
#1010=ADVANCED_FACE('',(#115),#91,.F.);
#1011=ADVANCED_FACE('',(#116),#92,.F.);
#1012=ADVANCED_FACE('',(#117),#93,.F.);
#1013=ADVANCED_FACE('',(#118),#94,.F.);
#1014=ADVANCED_FACE('',(#119),#95,.F.);
#1015=ADVANCED_FACE('',(#120),#61,.T.);
#1016=ADVANCED_FACE('',(#121),#96,.F.);
#1017=ADVANCED_FACE('',(#122),#62,.T.);
#1018=ADVANCED_FACE('',(#123),#97,.F.);
#1019=ADVANCED_FACE('',(#124),#63,.T.);
#1020=ADVANCED_FACE('',(#125),#98,.F.);
#1021=ADVANCED_FACE('',(#126),#64,.T.);
#1022=ADVANCED_FACE('',(#127),#65,.T.);
#1023=ADVANCED_FACE('',(#128),#66,.F.);
#1024=ADVANCED_FACE('',(#129),#67,.F.);
#1025=ADVANCED_FACE('',(#130),#99,.F.);
#1026=ADVANCED_FACE('',(#131),#68,.T.);
#1027=ADVANCED_FACE('',(#132),#69,.F.);
#1028=ADVANCED_FACE('',(#133),#70,.F.);
#1029=ADVANCED_FACE('',(#134),#100,.F.);
#1030=ADVANCED_FACE('',(#135),#101,.F.);
#1031=ADVANCED_FACE('',(#136),#71,.F.);
#1032=ADVANCED_FACE('',(#137),#72,.F.);
#1033=ADVANCED_FACE('',(#138),#73,.T.);
#1034=ADVANCED_FACE('',(#139),#102,.F.);
#1035=ADVANCED_FACE('',(#140),#74,.F.);
#1036=ADVANCED_FACE('',(#141),#75,.F.);
#1037=ADVANCED_FACE('',(#142),#76,.T.);
#1038=ADVANCED_FACE('',(#143),#103,.F.);
#1039=ADVANCED_FACE('',(#144),#77,.F.);
#1040=ADVANCED_FACE('',(#145),#78,.F.);
#1041=ADVANCED_FACE('',(#146),#79,.T.);
#1042=ADVANCED_FACE('',(#147),#1002,.F.);
#1043=ADVANCED_FACE('',(#148,#19),#80,.T.);
#1044=ADVANCED_FACE('',(#149),#104,.T.);
#1045=ADVANCED_FACE('',(#150),#105,.T.);
#1046=ADVANCED_FACE('',(#151,#20),#81,.T.);
#1047=ADVANCED_FACE('',(#152,#21,#22,#23,#24,#25),#82,.T.);
#1048=ADVANCED_FACE('',(#153),#106,.F.);
#1049=ADVANCED_FACE('',(#154),#1003,.T.);
#1050=ADVANCED_FACE('',(#155),#1004,.T.);
#1051=ADVANCED_FACE('',(#156),#1005,.T.);
#1052=ADVANCED_FACE('',(#157),#1006,.T.);
#1053=ADVANCED_FACE('',(#158,#26),#83,.T.);
#1054=ADVANCED_FACE('',(#159),#107,.T.);
#1055=ADVANCED_FACE('',(#160),#108,.T.);
#1056=ADVANCED_FACE('',(#161,#27),#84,.T.);
#1057=ADVANCED_FACE('',(#162,#28),#85,.T.);
#1058=ADVANCED_FACE('',(#163),#109,.T.);
#1059=ADVANCED_FACE('',(#164),#110,.T.);
#1060=ADVANCED_FACE('',(#165,#29),#86,.T.);
#1061=ADVANCED_FACE('',(#166),#1007,.T.);
#1062=ADVANCED_FACE('',(#167),#111,.T.);
#1063=ADVANCED_FACE('',(#168,#30,#31,#32,#33,#34),#87,.T.);
#1064=ADVANCED_FACE('',(#169),#1008,.T.);
#1065=ADVANCED_FACE('',(#170),#112,.T.);
#1066=ADVANCED_FACE('',(#171,#35,#36,#37,#38,#39),#88,.T.);
#1067=ADVANCED_FACE('',(#172),#89,.T.);
#1068=ADVANCED_FACE('',(#173),#113,.T.);
#1069=ADVANCED_FACE('',(#174),#90,.T.);
#1070=CLOSED_SHELL('',(#1009,#1010,#1011,#1012,#1013,#1014,#1015,#1016,
#1017,#1018,#1019,#1020,#1021,#1022,#1023,#1024,#1025,#1026,#1027,#1028,
#1029,#1030,#1031,#1032,#1033,#1034,#1035,#1036,#1037,#1038,#1039,#1040,
#1041,#1042,#1043,#1044,#1045,#1046,#1047,#1048,#1049,#1050,#1051,#1052,
#1053,#1054,#1055,#1056,#1057,#1058,#1059,#1060,#1061,#1062,#1063,#1064,
#1065,#1066,#1067,#1068,#1069));
#1071=DERIVED_UNIT_ELEMENT(#1073,1.);
#1072=DERIVED_UNIT_ELEMENT(#2057,-3.);
#1073=(
MASS_UNIT()
NAMED_UNIT(*)
SI_UNIT(.KILO.,.GRAM.)
);
#1074=DERIVED_UNIT((#1071,#1072));
#1075=MEASURE_REPRESENTATION_ITEM('density measure',
POSITIVE_RATIO_MEASURE(7850.),#1074);
#1076=PROPERTY_DEFINITION_REPRESENTATION(#1081,#1078);
#1077=PROPERTY_DEFINITION_REPRESENTATION(#1082,#1079);
#1078=REPRESENTATION('material name',(#1080),#2054);
#1079=REPRESENTATION('density',(#1075),#2054);
#1080=DESCRIPTIVE_REPRESENTATION_ITEM('Steel','Steel');
#1081=PROPERTY_DEFINITION('material property','material name',#2069);
#1082=PROPERTY_DEFINITION('material property','density of part',#2069);
#1083=AXIS2_PLACEMENT_3D('',#1535,#1220,#1221);
#1084=AXIS2_PLACEMENT_3D('',#1536,#1222,#1223);
#1085=AXIS2_PLACEMENT_3D('',#1537,#1224,#1225);
#1086=AXIS2_PLACEMENT_3D('',#1542,#1227,#1228);
#1087=AXIS2_PLACEMENT_3D('',#1547,#1229,#1230);
#1088=AXIS2_PLACEMENT_3D('',#1549,#1231,#1232);
#1089=AXIS2_PLACEMENT_3D('',#1552,#1234,#1235);
#1090=AXIS2_PLACEMENT_3D('',#1553,#1236,#1237);
#1091=AXIS2_PLACEMENT_3D('',#1555,#1238,#1239);
#1092=AXIS2_PLACEMENT_3D('',#1558,#1241,#1242);
#1093=AXIS2_PLACEMENT_3D('',#1559,#1243,#1244);
#1094=AXIS2_PLACEMENT_3D('',#1561,#1245,#1246);
#1095=AXIS2_PLACEMENT_3D('',#1564,#1248,#1249);
#1096=AXIS2_PLACEMENT_3D('',#1565,#1250,#1251);
#1097=AXIS2_PLACEMENT_3D('',#1567,#1252,#1253);
#1098=AXIS2_PLACEMENT_3D('',#1570,#1255,#1256);
#1099=AXIS2_PLACEMENT_3D('',#1571,#1257,#1258);
#1100=AXIS2_PLACEMENT_3D('',#1573,#1259,#1260);
#1101=AXIS2_PLACEMENT_3D('',#1576,#1262,#1263);
#1102=AXIS2_PLACEMENT_3D('',#1577,#1264,#1265);
#1103=AXIS2_PLACEMENT_3D('',#1578,#1266,#1267);
#1104=AXIS2_PLACEMENT_3D('',#1580,#1268,#1269);
#1105=AXIS2_PLACEMENT_3D('',#1583,#1271,#1272);
#1106=AXIS2_PLACEMENT_3D('',#1584,#1273,#1274);
#1107=AXIS2_PLACEMENT_3D('',#1585,#1275,#1276);
#1108=AXIS2_PLACEMENT_3D('',#1587,#1277,#1278);
#1109=AXIS2_PLACEMENT_3D('',#1590,#1280,#1281);
#1110=AXIS2_PLACEMENT_3D('',#1591,#1282,#1283);
#1111=AXIS2_PLACEMENT_3D('',#1592,#1284,#1285);
#1112=AXIS2_PLACEMENT_3D('',#1594,#1286,#1287);
#1113=AXIS2_PLACEMENT_3D('',#1597,#1289,#1290);
#1114=AXIS2_PLACEMENT_3D('',#1598,#1291,#1292);
#1115=AXIS2_PLACEMENT_3D('',#1599,#1293,#1294);
#1116=AXIS2_PLACEMENT_3D('',#1602,#1295,#1296);
#1117=AXIS2_PLACEMENT_3D('',#1606,#1298,#1299);
#1118=AXIS2_PLACEMENT_3D('',#1608,#1301,#1302);
#1119=AXIS2_PLACEMENT_3D('',#1622,#1304,#1305);
#1120=AXIS2_PLACEMENT_3D('',#1632,#1307,#1308);
#1121=AXIS2_PLACEMENT_3D('',#1644,#1309,#1310);
#1122=AXIS2_PLACEMENT_3D('',#1662,#1311,#1312);
#1123=AXIS2_PLACEMENT_3D('',#1672,#1313,#1314);
#1124=AXIS2_PLACEMENT_3D('',#1675,#1315,#1316);
#1125=AXIS2_PLACEMENT_3D('',#1679,#1318,#1319);
#1126=AXIS2_PLACEMENT_3D('',#1681,#1321,#1322);
#1127=AXIS2_PLACEMENT_3D('',#1691,#1324,#1325);
#1128=AXIS2_PLACEMENT_3D('',#1701,#1327,#1328);
#1129=AXIS2_PLACEMENT_3D('',#1713,#1329,#1330);
#1130=AXIS2_PLACEMENT_3D('',#1732,#1331,#1332);
#1131=AXIS2_PLACEMENT_3D('',#1742,#1333,#1334);
#1132=AXIS2_PLACEMENT_3D('',#1765,#1336,#1337);
#1133=AXIS2_PLACEMENT_3D('',#1788,#1339,#1340);
#1134=AXIS2_PLACEMENT_3D('',#1789,#1341,#1342);
#1135=AXIS2_PLACEMENT_3D('',#1799,#1344,#1345);
#1136=AXIS2_PLACEMENT_3D('',#1809,#1347,#1348);
#1137=AXIS2_PLACEMENT_3D('',#1810,#1349,#1350);
#1138=AXIS2_PLACEMENT_3D('',#1811,#1351,#1352);
#1139=AXIS2_PLACEMENT_3D('',#1812,#1353,#1354);
#1140=AXIS2_PLACEMENT_3D('',#1835,#1356,#1357);
#1141=AXIS2_PLACEMENT_3D('',#1858,#1359,#1360);
#1142=AXIS2_PLACEMENT_3D('',#1859,#1361,#1362);
#1143=AXIS2_PLACEMENT_3D('',#1869,#1364,#1365);
#1144=AXIS2_PLACEMENT_3D('',#1879,#1367,#1368);
#1145=AXIS2_PLACEMENT_3D('',#1880,#1369,#1370);
#1146=AXIS2_PLACEMENT_3D('',#1881,#1371,#1372);
#1147=AXIS2_PLACEMENT_3D('',#1882,#1373,#1374);
#1148=AXIS2_PLACEMENT_3D('',#1905,#1376,#1377);
#1149=AXIS2_PLACEMENT_3D('',#1928,#1379,#1380);
#1150=AXIS2_PLACEMENT_3D('',#1929,#1381,#1382);
#1151=AXIS2_PLACEMENT_3D('',#1939,#1384,#1385);
#1152=AXIS2_PLACEMENT_3D('',#1949,#1387,#1388);
#1153=AXIS2_PLACEMENT_3D('',#1950,#1389,#1390);
#1154=AXIS2_PLACEMENT_3D('',#1951,#1391,#1392);
#1155=AXIS2_PLACEMENT_3D('',#1952,#1393,#1394);
#1156=AXIS2_PLACEMENT_3D('',#1955,#1396,#1397);
#1157=AXIS2_PLACEMENT_3D('',#1956,#1398,#1399);
#1158=AXIS2_PLACEMENT_3D('',#1957,#1400,#1401);
#1159=AXIS2_PLACEMENT_3D('',#1958,#1402,#1403);
#1160=AXIS2_PLACEMENT_3D('',#1959,#1404,#1405);
#1161=AXIS2_PLACEMENT_3D('',#1960,#1406,#1407);
#1162=AXIS2_PLACEMENT_3D('',#1961,#1408,#1409);
#1163=AXIS2_PLACEMENT_3D('',#1963,#1410,#1411);
#1164=AXIS2_PLACEMENT_3D('',#1965,#1412,#1413);
#1165=AXIS2_PLACEMENT_3D('',#1966,#1414,#1415);
#1166=AXIS2_PLACEMENT_3D('',#1969,#1417,#1418);
#1167=AXIS2_PLACEMENT_3D('',#1970,#1419,#1420);
#1168=AXIS2_PLACEMENT_3D('',#1972,#1421,#1422);
#1169=AXIS2_PLACEMENT_3D('',#1974,#1424,#1425);
#1170=AXIS2_PLACEMENT_3D('',#1976,#1426,#1427);
#1171=AXIS2_PLACEMENT_3D('',#1977,#1428,#1429);
#1172=AXIS2_PLACEMENT_3D('',#1978,#1430,#1431);
#1173=AXIS2_PLACEMENT_3D('',#1980,#1433,#1434);
#1174=AXIS2_PLACEMENT_3D('',#1981,#1435,#1436);
#1175=AXIS2_PLACEMENT_3D('',#1982,#1437,#1438);
#1176=AXIS2_PLACEMENT_3D('',#1983,#1439,#1440);
#1177=AXIS2_PLACEMENT_3D('',#1984,#1441,#1442);
#1178=AXIS2_PLACEMENT_3D('',#1985,#1443,#1444);
#1179=AXIS2_PLACEMENT_3D('',#1986,#1445,#1446);
#1180=AXIS2_PLACEMENT_3D('',#1987,#1447,#1448);
#1181=AXIS2_PLACEMENT_3D('',#1988,#1449,#1450);
#1182=AXIS2_PLACEMENT_3D('',#1989,#1451,#1452);
#1183=AXIS2_PLACEMENT_3D('',#1990,#1453,#1454);
#1184=AXIS2_PLACEMENT_3D('',#1992,#1455,#1456);
#1185=AXIS2_PLACEMENT_3D('',#1993,#1457,#1458);
#1186=AXIS2_PLACEMENT_3D('',#1994,#1459,#1460);
#1187=AXIS2_PLACEMENT_3D('',#1996,#1461,#1462);
#1188=AXIS2_PLACEMENT_3D('',#1998,#1463,#1464);
#1189=AXIS2_PLACEMENT_3D('',#1999,#1465,#1466);
#1190=AXIS2_PLACEMENT_3D('',#2002,#1468,#1469);
#1191=AXIS2_PLACEMENT_3D('',#2003,#1470,#1471);
#1192=AXIS2_PLACEMENT_3D('',#2005,#1472,#1473);
#1193=AXIS2_PLACEMENT_3D('',#2007,#1475,#1476);
#1194=AXIS2_PLACEMENT_3D('',#2009,#1477,#1478);
#1195=AXIS2_PLACEMENT_3D('',#2010,#1479,#1480);
#1196=AXIS2_PLACEMENT_3D('',#2012,#1481,#1482);
#1197=AXIS2_PLACEMENT_3D('',#2013,#1483,#1484);
#1198=AXIS2_PLACEMENT_3D('',#2016,#1486,#1487);
#1199=AXIS2_PLACEMENT_3D('',#2017,#1488,#1489);
#1200=AXIS2_PLACEMENT_3D('',#2018,#1490,#1491);
#1201=AXIS2_PLACEMENT_3D('',#2020,#1493,#1494);
#1202=AXIS2_PLACEMENT_3D('',#2022,#1495,#1496);
#1203=AXIS2_PLACEMENT_3D('',#2023,#1497,#1498);
#1204=AXIS2_PLACEMENT_3D('',#2024,#1499,#1500);
#1205=AXIS2_PLACEMENT_3D('',#2025,#1501,#1502);
#1206=AXIS2_PLACEMENT_3D('',#2028,#1504,#1505);
#1207=AXIS2_PLACEMENT_3D('',#2029,#1506,#1507);
#1208=AXIS2_PLACEMENT_3D('',#2031,#1508,#1509);
#1209=AXIS2_PLACEMENT_3D('',#2032,#1510,#1511);
#1210=AXIS2_PLACEMENT_3D('',#2035,#1513,#1514);
#1211=AXIS2_PLACEMENT_3D('',#2036,#1515,#1516);
#1212=AXIS2_PLACEMENT_3D('',#2038,#1517,#1518);
#1213=AXIS2_PLACEMENT_3D('',#2040,#1520,#1521);
#1214=AXIS2_PLACEMENT_3D('',#2042,#1522,#1523);
#1215=AXIS2_PLACEMENT_3D('',#2043,#1524,#1525);
#1216=AXIS2_PLACEMENT_3D('',#2044,#1526,#1527);
#1217=AXIS2_PLACEMENT_3D('',#2047,#1529,#1530);
#1218=AXIS2_PLACEMENT_3D('',#2048,#1531,#1532);
#1219=AXIS2_PLACEMENT_3D('',#2049,#1533,#1534);
#1220=DIRECTION('axis',(0.,0.,1.));
#1221=DIRECTION('refdir',(1.,0.,0.));
#1222=DIRECTION('axis',(0.,0.,1.));
#1223=DIRECTION('refdir',(1.,0.,0.));
#1224=DIRECTION('center_axis',(0.,0.,-1.));
#1225=DIRECTION('ref_axis',(1.,0.,0.));
#1226=DIRECTION('',(-0.707106828274393,-8.65956113901473E-17,-0.707106734098699));
#1227=DIRECTION('center_axis',(0.,0.,1.));
#1228=DIRECTION('ref_axis',(1.,0.,0.));
#1229=DIRECTION('center_axis',(0.,0.,-1.));
#1230=DIRECTION('ref_axis',(-1.,0.,0.));
#1231=DIRECTION('center_axis',(0.,0.,-1.));
#1232=DIRECTION('ref_axis',(-1.,0.,0.));
#1233=DIRECTION('',(0.,0.,-1.));
#1234=DIRECTION('center_axis',(0.,0.,1.));
#1235=DIRECTION('ref_axis',(-1.,0.,0.));
#1236=DIRECTION('center_axis',(0.,0.,-1.));
#1237=DIRECTION('ref_axis',(-1.,0.,0.));
#1238=DIRECTION('center_axis',(0.,0.,-1.));
#1239=DIRECTION('ref_axis',(-1.,0.,0.));
#1240=DIRECTION('',(0.,0.,-1.));
#1241=DIRECTION('center_axis',(0.,0.,1.));
#1242=DIRECTION('ref_axis',(-1.,0.,0.));
#1243=DIRECTION('center_axis',(0.,0.,-1.));
#1244=DIRECTION('ref_axis',(-1.,0.,0.));
#1245=DIRECTION('center_axis',(0.,0.,-1.));
#1246=DIRECTION('ref_axis',(-1.,0.,0.));
#1247=DIRECTION('',(0.,0.,-1.));
#1248=DIRECTION('center_axis',(0.,0.,1.));
#1249=DIRECTION('ref_axis',(-1.,0.,0.));
#1250=DIRECTION('center_axis',(0.,0.,-1.));
#1251=DIRECTION('ref_axis',(-1.,0.,0.));
#1252=DIRECTION('center_axis',(0.,0.,-1.));
#1253=DIRECTION('ref_axis',(-1.,0.,0.));
#1254=DIRECTION('',(0.,0.,-1.));
#1255=DIRECTION('center_axis',(0.,0.,1.));
#1256=DIRECTION('ref_axis',(-1.,0.,0.));
#1257=DIRECTION('center_axis',(0.,0.,1.));
#1258=DIRECTION('ref_axis',(1.,0.,0.));
#1259=DIRECTION('center_axis',(0.,0.,1.));
#1260=DIRECTION('ref_axis',(1.,0.,0.));
#1261=DIRECTION('',(0.,0.,1.));
#1262=DIRECTION('center_axis',(0.,0.,1.));
#1263=DIRECTION('ref_axis',(1.,0.,0.));
#1264=DIRECTION('center_axis',(0.,0.,-1.));
#1265=DIRECTION('ref_axis',(1.,0.,0.));
#1266=DIRECTION('center_axis',(0.,0.,1.));
#1267=DIRECTION('ref_axis',(1.,0.,0.));
#1268=DIRECTION('center_axis',(0.,0.,1.));
#1269=DIRECTION('ref_axis',(1.,0.,0.));
#1270=DIRECTION('',(0.,0.,1.));
#1271=DIRECTION('center_axis',(0.,0.,1.));
#1272=DIRECTION('ref_axis',(1.,0.,0.));
#1273=DIRECTION('center_axis',(0.,0.,-1.));
#1274=DIRECTION('ref_axis',(1.,0.,0.));
#1275=DIRECTION('center_axis',(0.,0.,1.));
#1276=DIRECTION('ref_axis',(1.,0.,0.));
#1277=DIRECTION('center_axis',(0.,0.,1.));
#1278=DIRECTION('ref_axis',(1.,0.,0.));
#1279=DIRECTION('',(0.,0.,1.));
#1280=DIRECTION('center_axis',(0.,0.,1.));
#1281=DIRECTION('ref_axis',(1.,0.,0.));
#1282=DIRECTION('center_axis',(0.,0.,-1.));
#1283=DIRECTION('ref_axis',(1.,0.,0.));
#1284=DIRECTION('center_axis',(0.,0.,1.));
#1285=DIRECTION('ref_axis',(1.,0.,0.));
#1286=DIRECTION('center_axis',(0.,0.,1.));
#1287=DIRECTION('ref_axis',(1.,0.,0.));
#1288=DIRECTION('',(0.,0.,1.));
#1289=DIRECTION('center_axis',(0.,0.,1.));
#1290=DIRECTION('ref_axis',(1.,0.,0.));
#1291=DIRECTION('center_axis',(0.,0.,-1.));
#1292=DIRECTION('ref_axis',(1.,0.,0.));
#1293=DIRECTION('center_axis',(0.,0.,1.));
#1294=DIRECTION('ref_axis',(-1.,0.,0.));
#1295=DIRECTION('center_axis',(0.,0.,1.));
#1296=DIRECTION('ref_axis',(1.,0.,0.));
#1297=DIRECTION('',(-0.951056516295154,-0.309016994374947,0.));
#1298=DIRECTION('center_axis',(0.,0.,1.));
#1299=DIRECTION('ref_axis',(1.,0.,0.));
#1300=DIRECTION('',(0.951056516295154,0.309016994374947,0.));
#1301=DIRECTION('center_axis',(-0.309016994374947,0.951056516295154,0.));
#1302=DIRECTION('ref_axis',(0.951056516295154,0.309016994374947,0.));
#1303=DIRECTION('',(0.,0.,-1.));
#1304=DIRECTION('center_axis',(0.309016994374947,-0.951056516295154,0.));
#1305=DIRECTION('ref_axis',(-0.951056516295154,-0.309016994374947,0.));
#1306=DIRECTION('',(0.,0.,-1.));
#1307=DIRECTION('center_axis',(0.,0.,-1.));
#1308=DIRECTION('ref_axis',(0.951056516295154,0.309016994374947,0.));
#1309=DIRECTION('center_axis',(0.,0.,-1.));
#1310=DIRECTION('ref_axis',(-1.,0.,0.));
#1311=DIRECTION('center_axis',(0.,0.,1.));
#1312=DIRECTION('ref_axis',(-1.,0.,0.));
#1313=DIRECTION('center_axis',(0.,0.,1.));
#1314=DIRECTION('ref_axis',(-1.,0.,0.));
#1315=DIRECTION('center_axis',(0.,0.,1.));
#1316=DIRECTION('ref_axis',(1.,0.,0.));
#1317=DIRECTION('',(-0.587785252292473,0.809016994374948,0.));
#1318=DIRECTION('center_axis',(0.,0.,1.));
#1319=DIRECTION('ref_axis',(1.,0.,0.));
#1320=DIRECTION('',(0.587785252292473,-0.809016994374947,0.));
#1321=DIRECTION('center_axis',(0.809016994374947,0.587785252292473,0.));
#1322=DIRECTION('ref_axis',(0.587785252292473,-0.809016994374947,0.));
#1323=DIRECTION('',(0.,0.,-1.));
#1324=DIRECTION('center_axis',(-0.809016994374948,-0.587785252292473,0.));
#1325=DIRECTION('ref_axis',(-0.587785252292473,0.809016994374948,0.));
#1326=DIRECTION('',(0.,0.,-1.));
#1327=DIRECTION('center_axis',(0.,0.,-1.));
#1328=DIRECTION('ref_axis',(0.587785252292473,-0.809016994374947,0.));
#1329=DIRECTION('center_axis',(0.,0.,-1.));
#1330=DIRECTION('ref_axis',(-1.,0.,0.));
#1331=DIRECTION('center_axis',(0.,0.,1.));
#1332=DIRECTION('ref_axis',(-1.,0.,0.));
#1333=DIRECTION('center_axis',(0.,0.,-1.));
#1334=DIRECTION('ref_axis',(-1.,0.,0.));
#1335=DIRECTION('',(0.,0.,-1.));
#1336=DIRECTION('center_axis',(0.,0.,1.));
#1337=DIRECTION('ref_axis',(-1.,0.,0.));
#1338=DIRECTION('',(0.,0.,-1.));
#1339=DIRECTION('center_axis',(0.,0.,-1.));
#1340=DIRECTION('ref_axis',(-1.,0.,0.));
#1341=DIRECTION('center_axis',(0.809016994374947,-0.587785252292473,0.));
#1342=DIRECTION('ref_axis',(-0.587785252292473,-0.809016994374947,0.));
#1343=DIRECTION('',(-0.587785252292473,-0.809016994374947,0.));
#1344=DIRECTION('center_axis',(-0.809016994374947,0.587785252292473,0.));
#1345=DIRECTION('ref_axis',(0.587785252292473,0.809016994374947,0.));
#1346=DIRECTION('',(0.587785252292473,0.809016994374947,0.));
#1347=DIRECTION('center_axis',(0.,0.,1.));
#1348=DIRECTION('ref_axis',(-1.,0.,0.));
#1349=DIRECTION('center_axis',(0.,0.,1.));
#1350=DIRECTION('ref_axis',(1.,0.,0.));
#1351=DIRECTION('center_axis',(0.,0.,1.));
#1352=DIRECTION('ref_axis',(1.,0.,0.));
#1353=DIRECTION('center_axis',(0.,0.,-1.));
#1354=DIRECTION('ref_axis',(-6.12323399573677E-17,1.,0.));
#1355=DIRECTION('',(0.,0.,-1.));
#1356=DIRECTION('center_axis',(0.,0.,1.));
#1357=DIRECTION('ref_axis',(-1.,0.,0.));
#1358=DIRECTION('',(0.,0.,-1.));
#1359=DIRECTION('center_axis',(0.,0.,-1.));
#1360=DIRECTION('ref_axis',(-1.,0.,0.));
#1361=DIRECTION('center_axis',(-1.,0.,0.));
#1362=DIRECTION('ref_axis',(0.,1.,0.));
#1363=DIRECTION('',(0.,1.,0.));
#1364=DIRECTION('center_axis',(1.,0.,0.));
#1365=DIRECTION('ref_axis',(0.,-1.,0.));
#1366=DIRECTION('',(0.,-1.,0.));
#1367=DIRECTION('center_axis',(0.,0.,1.));
#1368=DIRECTION('ref_axis',(-1.,0.,0.));
#1369=DIRECTION('center_axis',(0.,0.,1.));
#1370=DIRECTION('ref_axis',(1.,0.,0.));
#1371=DIRECTION('center_axis',(0.,0.,1.));
#1372=DIRECTION('ref_axis',(1.,0.,0.));
#1373=DIRECTION('center_axis',(0.,0.,-1.));
#1374=DIRECTION('ref_axis',(-1.,0.,0.));
#1375=DIRECTION('',(0.,0.,-1.));
#1376=DIRECTION('center_axis',(0.,0.,1.));
#1377=DIRECTION('ref_axis',(-1.,0.,0.));
#1378=DIRECTION('',(0.,0.,-1.));
#1379=DIRECTION('center_axis',(0.,0.,-1.));
#1380=DIRECTION('ref_axis',(-1.,0.,0.));
#1381=DIRECTION('center_axis',(-0.309016994374948,-0.951056516295154,0.));
#1382=DIRECTION('ref_axis',(-0.951056516295154,0.309016994374948,0.));
#1383=DIRECTION('',(-0.951056516295153,0.309016994374947,0.));
#1384=DIRECTION('center_axis',(0.309016994374948,0.951056516295154,0.));
#1385=DIRECTION('ref_axis',(0.951056516295154,-0.309016994374948,0.));
#1386=DIRECTION('',(0.951056516295153,-0.309016994374947,0.));
#1387=DIRECTION('center_axis',(0.,0.,1.));
#1388=DIRECTION('ref_axis',(-1.,0.,0.));
#1389=DIRECTION('center_axis',(0.,0.,1.));
#1390=DIRECTION('ref_axis',(1.,0.,0.));
#1391=DIRECTION('center_axis',(0.,0.,1.));
#1392=DIRECTION('ref_axis',(1.,0.,0.));
#1393=DIRECTION('center_axis',(0.,0.,-1.));
#1394=DIRECTION('ref_axis',(1.,0.,0.));
#1395=DIRECTION('',(-0.707106828274393,-8.65956113901473E-17,-0.707106734098699));
#1396=DIRECTION('center_axis',(0.,0.,1.));
#1397=DIRECTION('ref_axis',(1.,0.,0.));
#1398=DIRECTION('center_axis',(0.,0.,1.));
#1399=DIRECTION('ref_axis',(1.,0.,0.));
#1400=DIRECTION('center_axis',(0.,0.,1.));
#1401=DIRECTION('ref_axis',(1.,0.,0.));
#1402=DIRECTION('center_axis',(0.,0.,1.));
#1403=DIRECTION('ref_axis',(1.,0.,0.));
#1404=DIRECTION('center_axis',(0.,0.,1.));
#1405=DIRECTION('ref_axis',(1.,0.,0.));
#1406=DIRECTION('center_axis',(0.,0.,1.));
#1407=DIRECTION('ref_axis',(1.,0.,0.));
#1408=DIRECTION('center_axis',(0.,0.,-1.));
#1409=DIRECTION('ref_axis',(-1.,0.,0.));
#1410=DIRECTION('center_axis',(0.,0.,1.));
#1411=DIRECTION('ref_axis',(1.,0.,0.));
#1412=DIRECTION('center_axis',(0.,0.,1.));
#1413=DIRECTION('ref_axis',(1.,0.,0.));
#1414=DIRECTION('center_axis',(0.,0.,1.));
#1415=DIRECTION('ref_axis',(1.,0.,0.));
#1416=DIRECTION('',(0.,0.,-1.));
#1417=DIRECTION('center_axis',(0.,0.,1.));
#1418=DIRECTION('ref_axis',(1.,0.,0.));
#1419=DIRECTION('center_axis',(0.,0.,1.));
#1420=DIRECTION('ref_axis',(1.,0.,0.));
#1421=DIRECTION('center_axis',(0.,0.,1.));
#1422=DIRECTION('ref_axis',(1.,0.,0.));
#1423=DIRECTION('',(0.,0.,-1.));
#1424=DIRECTION('center_axis',(0.,0.,1.));
#1425=DIRECTION('ref_axis',(1.,0.,0.));
#1426=DIRECTION('center_axis',(0.,0.,1.));
#1427=DIRECTION('ref_axis',(1.,0.,0.));
#1428=DIRECTION('center_axis',(0.,0.,-1.));
#1429=DIRECTION('ref_axis',(-1.,0.,0.));
#1430=DIRECTION('center_axis',(0.,0.,1.));
#1431=DIRECTION('ref_axis',(1.,0.,0.));
#1432=DIRECTION('',(0.,0.,-1.));
#1433=DIRECTION('center_axis',(0.,0.,-1.));
#1434=DIRECTION('ref_axis',(1.,0.,0.));
#1435=DIRECTION('center_axis',(0.,0.,1.));
#1436=DIRECTION('ref_axis',(1.,0.,0.));
#1437=DIRECTION('center_axis',(0.,0.,1.));
#1438=DIRECTION('ref_axis',(1.,0.,0.));
#1439=DIRECTION('center_axis',(0.,0.,-1.));
#1440=DIRECTION('ref_axis',(1.,0.,0.));
#1441=DIRECTION('center_axis',(0.,0.,1.));
#1442=DIRECTION('ref_axis',(1.,0.,0.));
#1443=DIRECTION('center_axis',(0.,0.,1.));
#1444=DIRECTION('ref_axis',(1.,0.,0.));
#1445=DIRECTION('center_axis',(0.,0.,-1.));
#1446=DIRECTION('ref_axis',(1.,0.,0.));
#1447=DIRECTION('center_axis',(0.,0.,1.));
#1448=DIRECTION('ref_axis',(1.,0.,0.));
#1449=DIRECTION('center_axis',(0.,0.,1.));
#1450=DIRECTION('ref_axis',(1.,0.,0.));
#1451=DIRECTION('center_axis',(0.,0.,-1.));
#1452=DIRECTION('ref_axis',(-0.951056516295154,0.309016994374947,0.));
#1453=DIRECTION('center_axis',(0.,0.,1.));
#1454=DIRECTION('ref_axis',(1.,0.,0.));
#1455=DIRECTION('center_axis',(0.,0.,1.));
#1456=DIRECTION('ref_axis',(1.,0.,0.));
#1457=DIRECTION('center_axis',(0.,0.,1.));
#1458=DIRECTION('ref_axis',(1.,0.,0.));
#1459=DIRECTION('center_axis',(0.,0.,1.));
#1460=DIRECTION('ref_axis',(1.,0.,0.));
#1461=DIRECTION('center_axis',(0.,0.,1.));
#1462=DIRECTION('ref_axis',(1.,0.,0.));
#1463=DIRECTION('center_axis',(0.,0.,1.));
#1464=DIRECTION('ref_axis',(1.,0.,0.));
#1465=DIRECTION('center_axis',(0.,0.,1.));
#1466=DIRECTION('ref_axis',(1.,0.,0.));
#1467=DIRECTION('',(0.,0.,-1.));
#1468=DIRECTION('center_axis',(0.,0.,1.));
#1469=DIRECTION('ref_axis',(1.,0.,0.));
#1470=DIRECTION('center_axis',(0.,0.,1.));
#1471=DIRECTION('ref_axis',(1.,0.,0.));
#1472=DIRECTION('center_axis',(0.,0.,1.));
#1473=DIRECTION('ref_axis',(1.,0.,0.));
#1474=DIRECTION('',(0.,0.,-1.));
#1475=DIRECTION('center_axis',(0.,0.,-1.));
#1476=DIRECTION('ref_axis',(-1.,0.,0.));
#1477=DIRECTION('center_axis',(0.,0.,1.));
#1478=DIRECTION('ref_axis',(1.,0.,0.));
#1479=DIRECTION('center_axis',(0.,0.,-1.));
#1480=DIRECTION('ref_axis',(-1.,0.,0.));
#1481=DIRECTION('center_axis',(0.,0.,1.));
#1482=DIRECTION('ref_axis',(1.,0.,0.));
#1483=DIRECTION('center_axis',(0.,0.,1.));
#1484=DIRECTION('ref_axis',(1.,0.,0.));
#1485=DIRECTION('',(0.,0.,-1.));
#1486=DIRECTION('center_axis',(0.,0.,1.));
#1487=DIRECTION('ref_axis',(1.,0.,0.));
#1488=DIRECTION('center_axis',(0.,0.,1.));
#1489=DIRECTION('ref_axis',(1.,0.,0.));
#1490=DIRECTION('center_axis',(0.,0.,1.));
#1491=DIRECTION('ref_axis',(1.,0.,0.));
#1492=DIRECTION('',(0.,0.,-1.));
#1493=DIRECTION('center_axis',(0.,0.,1.));
#1494=DIRECTION('ref_axis',(1.,0.,0.));
#1495=DIRECTION('center_axis',(0.,0.,1.));
#1496=DIRECTION('ref_axis',(1.,0.,0.));
#1497=DIRECTION('center_axis',(0.,0.,-1.));
#1498=DIRECTION('ref_axis',(1.,0.,0.));
#1499=DIRECTION('center_axis',(0.,0.,1.));
#1500=DIRECTION('ref_axis',(1.,0.,0.));
#1501=DIRECTION('center_axis',(0.,0.,1.));
#1502=DIRECTION('ref_axis',(1.,0.,0.));
#1503=DIRECTION('',(0.,0.,-1.));
#1504=DIRECTION('center_axis',(0.,0.,1.));
#1505=DIRECTION('ref_axis',(1.,0.,0.));
#1506=DIRECTION('center_axis',(0.,0.,1.));
#1507=DIRECTION('ref_axis',(1.,0.,0.));
#1508=DIRECTION('center_axis',(0.,0.,1.));
#1509=DIRECTION('ref_axis',(1.,0.,0.));
#1510=DIRECTION('center_axis',(0.,0.,1.));
#1511=DIRECTION('ref_axis',(1.,0.,0.));
#1512=DIRECTION('',(0.707106781186547,8.65956056235493E-17,-0.707106781186548));
#1513=DIRECTION('center_axis',(0.,0.,1.));
#1514=DIRECTION('ref_axis',(1.,0.,0.));
#1515=DIRECTION('center_axis',(0.,0.,1.));
#1516=DIRECTION('ref_axis',(1.,0.,0.));
#1517=DIRECTION('center_axis',(0.,0.,1.));
#1518=DIRECTION('ref_axis',(1.,0.,0.));
#1519=DIRECTION('',(0.,0.,-1.));
#1520=DIRECTION('center_axis',(0.,0.,-1.));
#1521=DIRECTION('ref_axis',(-1.,0.,0.));
#1522=DIRECTION('center_axis',(0.,0.,1.));
#1523=DIRECTION('ref_axis',(1.,0.,0.));
#1524=DIRECTION('center_axis',(0.,0.,1.));
#1525=DIRECTION('ref_axis',(1.,0.,0.));
#1526=DIRECTION('center_axis',(0.,0.,1.));
#1527=DIRECTION('ref_axis',(1.,0.,0.));
#1528=DIRECTION('',(0.,0.,-1.));
#1529=DIRECTION('center_axis',(0.,0.,1.));
#1530=DIRECTION('ref_axis',(1.,0.,0.));
#1531=DIRECTION('center_axis',(0.,0.,-1.));
#1532=DIRECTION('ref_axis',(-1.,0.,0.));
#1533=DIRECTION('',(0.,0.,1.));
#1534=DIRECTION('',(1.,0.,0.));
#1535=CARTESIAN_POINT('',(0.,0.,0.));
#1536=CARTESIAN_POINT('',(0.,0.,0.));
#1537=CARTESIAN_POINT('Origin',(0.,0.,5.69289340633751));
#1538=CARTESIAN_POINT('',(-7.08578606257879,-8.67758522098004E-16,7.40000014768787));
#1539=CARTESIAN_POINT('',(-7.43470276461794,-7.45225050148777E-12,7.05108349211903));
#1540=CARTESIAN_POINT('',(-8.79289303128939,-1.07681883060136E-15,5.69289340633751));
#1541=CARTESIAN_POINT('',(-7.0837650927287,-0.169222444357042,7.40000014768787));
#1542=CARTESIAN_POINT('Origin',(0.,0.,7.40000014768787));
#1543=CARTESIAN_POINT('Ctrl Pts',(-7.0837650927287,-0.16922244435704,7.40000014768787));
#1544=CARTESIAN_POINT('Ctrl Pts',(-7.19779925547104,-0.104793019350793,
7.2875372249502));
#1545=CARTESIAN_POINT('Ctrl Pts',(-7.31529911636927,-0.0482914562319619,
7.17048712446488));
#1546=CARTESIAN_POINT('Ctrl Pts',(-7.43470276461793,-1.49034604102205E-11,
7.05108349211903));
#1547=CARTESIAN_POINT('Origin',(0.,-4.5,8.4));
#1548=CARTESIAN_POINT('',(1.,-4.5,8.4));
#1549=CARTESIAN_POINT('Origin',(0.,-4.5,8.4));
#1550=CARTESIAN_POINT('',(1.,-4.5,7.40000014768787));
#1551=CARTESIAN_POINT('',(1.,-4.5,8.4));
#1552=CARTESIAN_POINT('Origin',(0.,-4.5,7.40000014768787));
#1553=CARTESIAN_POINT('Origin',(4.5,0.,8.4));
#1554=CARTESIAN_POINT('',(5.5,1.22464679914735E-16,8.4));
#1555=CARTESIAN_POINT('Origin',(4.5,0.,8.4));
#1556=CARTESIAN_POINT('',(5.5,1.22464679914735E-16,7.40000014768787));
#1557=CARTESIAN_POINT('',(5.5,-1.22464679914735E-16,8.4));
#1558=CARTESIAN_POINT('Origin',(4.5,0.,7.40000014768787));
#1559=CARTESIAN_POINT('Origin',(-4.5,0.,8.4));
#1560=CARTESIAN_POINT('',(-3.5,1.22464679914735E-16,8.4));
#1561=CARTESIAN_POINT('Origin',(-4.5,0.,8.4));
#1562=CARTESIAN_POINT('',(-3.5,1.22464679914735E-16,7.40000014768787));
#1563=CARTESIAN_POINT('',(-3.5,-1.22464679914735E-16,8.4));
#1564=CARTESIAN_POINT('Origin',(-4.5,0.,7.40000014768787));
#1565=CARTESIAN_POINT('Origin',(0.,4.5,8.4));
#1566=CARTESIAN_POINT('',(1.,4.5,8.4));
#1567=CARTESIAN_POINT('Origin',(0.,4.5,8.4));
#1568=CARTESIAN_POINT('',(1.,4.5,7.40000014768787));
#1569=CARTESIAN_POINT('',(1.,4.5,8.4));
#1570=CARTESIAN_POINT('Origin',(0.,4.5,7.40000014768787));
#1571=CARTESIAN_POINT('Origin',(8.00000011920929,0.,-10.1));
#1572=CARTESIAN_POINT('',(7.00000011920929,1.22464679914735E-16,-10.1));
#1573=CARTESIAN_POINT('Origin',(8.00000011920929,0.,-10.1));
#1574=CARTESIAN_POINT('',(7.00000011920929,1.22464679914735E-16,-7.1));
#1575=CARTESIAN_POINT('',(7.00000011920929,-1.22464679914735E-16,-10.1));
#1576=CARTESIAN_POINT('Origin',(8.00000011920929,0.,-7.1));
#1577=CARTESIAN_POINT('Origin',(8.00000011920929,0.,-7.1));
#1578=CARTESIAN_POINT('Origin',(0.,6.00000008940697,-10.1));
#1579=CARTESIAN_POINT('',(-1.,6.00000008940697,-10.1));
#1580=CARTESIAN_POINT('Origin',(0.,6.00000008940697,-10.1));
#1581=CARTESIAN_POINT('',(-1.,6.00000008940697,-7.1));
#1582=CARTESIAN_POINT('',(-1.,6.00000008940697,-10.1));
#1583=CARTESIAN_POINT('Origin',(0.,6.00000008940697,-7.1));
#1584=CARTESIAN_POINT('Origin',(0.,6.00000008940697,-7.1));
#1585=CARTESIAN_POINT('Origin',(0.,-6.00000008940697,-10.1));
#1586=CARTESIAN_POINT('',(-1.,-6.00000008940697,-10.1));
#1587=CARTESIAN_POINT('Origin',(0.,-6.00000008940697,-10.1));
#1588=CARTESIAN_POINT('',(-1.,-6.00000008940697,-7.1));
#1589=CARTESIAN_POINT('',(-1.,-6.00000008940697,-10.1));
#1590=CARTESIAN_POINT('Origin',(0.,-6.00000008940697,-7.1));
#1591=CARTESIAN_POINT('Origin',(0.,-6.00000008940697,-7.1));
#1592=CARTESIAN_POINT('Origin',(-8.00000011920929,0.,-10.1));
#1593=CARTESIAN_POINT('',(-9.00000011920929,1.22464679914735E-16,-10.1));
#1594=CARTESIAN_POINT('Origin',(-8.00000011920929,0.,-10.1));
#1595=CARTESIAN_POINT('',(-9.00000011920929,1.22464679914735E-16,-7.1));
#1596=CARTESIAN_POINT('',(-9.00000011920929,-1.22464679914735E-16,-10.1));
#1597=CARTESIAN_POINT('Origin',(-8.00000011920929,0.,-7.1));
#1598=CARTESIAN_POINT('Origin',(-8.00000011920929,0.,-7.1));
#1599=CARTESIAN_POINT('Origin',(-11.0894961981504,-3.86655151196995,4.4));
#1600=CARTESIAN_POINT('',(-11.4854917926127,-0.577475784622443,4.4));
#1601=CARTESIAN_POINT('',(-9.63138979873479,-6.28381496742444,4.4));
#1602=CARTESIAN_POINT('Origin',(0.,0.,4.4));
#1603=CARTESIAN_POINT('',(-8.23094135617842,-5.82878168487918,4.4));
#1604=CARTESIAN_POINT('',(-7.63245777726402,-5.63432258221793,4.4));
#1605=CARTESIAN_POINT('',(-10.0850433500564,-0.12244250207718,4.4));
#1606=CARTESIAN_POINT('Origin',(0.,0.,4.4));
#1607=CARTESIAN_POINT('',(-9.48655977114198,0.0720166005840678,4.4));
#1608=CARTESIAN_POINT('Origin',(-16.6194837496445,-2.24561089176338,8.4));
#1609=CARTESIAN_POINT('',(-9.48655975732784,0.0720165580685262,6.41316689226652));
#1610=CARTESIAN_POINT('Ctrl Pts',(-11.4854917926127,-0.577475784622442,
4.4));
#1611=CARTESIAN_POINT('Ctrl Pts',(-10.3901517597954,-0.221578280891712,
5.51182966757138));
#1612=CARTESIAN_POINT('Ctrl Pts',(-9.48655975732784,0.0720165580685262,
6.41316689226652));
#1613=CARTESIAN_POINT('',(-9.70820395311052,-1.17795083474308E-15,4.77758260671238));
#1614=CARTESIAN_POINT('Ctrl Pts',(-9.70820395311052,-1.1669895798215E-15,
4.77758260671238));
#1615=CARTESIAN_POINT('Ctrl Pts',(-9.89302942761315,-0.0600534259898559,
4.59275715698305));
#1616=CARTESIAN_POINT('Ctrl Pts',(-10.0850433500564,-0.122442502077179,
4.4));
#1617=CARTESIAN_POINT('',(-9.48655975732784,0.0720165580685261,4.99895342231551));
#1618=CARTESIAN_POINT('Ctrl Pts',(-9.48655975732784,0.0720165580685261,
4.99895342231551));
#1619=CARTESIAN_POINT('Ctrl Pts',(-9.59610377532354,0.0364235490172342,
4.88968276947388));
#1620=CARTESIAN_POINT('Ctrl Pts',(-9.70820395311052,-1.1669895798215E-15,
4.77758260671238));
#1621=CARTESIAN_POINT('',(-9.48655975732784,0.0720165580685261,8.4));
#1622=CARTESIAN_POINT('Origin',(-7.63245777726402,-5.63432258221793,8.4));
#1623=CARTESIAN_POINT('',(-7.63245779107816,-5.63432253970239,6.41316689226652));
#1624=CARTESIAN_POINT('Ctrl Pts',(-7.63245779107816,-5.63432253970239,6.41316689226652));
#1625=CARTESIAN_POINT('Ctrl Pts',(-8.53604979354565,-5.92791737866261,5.51182966757143));
#1626=CARTESIAN_POINT('Ctrl Pts',(-9.63138979873479,-6.28381496742444,4.4));
#1627=CARTESIAN_POINT('',(-7.63245779107816,-5.63432253970239,4.99895342231551));
#1628=CARTESIAN_POINT('',(-7.63245779107816,-5.63432253970239,8.4));
#1629=CARTESIAN_POINT('Ctrl Pts',(-8.23094135617842,-5.82878168487918,4.4));
#1630=CARTESIAN_POINT('Ctrl Pts',(-7.92254230601755,-5.72857671217837,4.70959280813837));
#1631=CARTESIAN_POINT('Ctrl Pts',(-7.63245779107816,-5.63432253970239,4.99895342231551));
#1632=CARTESIAN_POINT('Origin',(-8.55950864665638,-2.78115294937452,8.4));
#1633=CARTESIAN_POINT('',(-6.05259873684948,-4.42900085015662,8.4));
#1634=CARTESIAN_POINT('Ctrl Pts',(-6.05259873684948,-4.42900085015662,8.4));
#1635=CARTESIAN_POINT('Ctrl Pts',(-6.05466874598226,-4.432150003914,8.39646979475587));
#1636=CARTESIAN_POINT('Ctrl Pts',(-6.05674402390627,-4.43529424714241,8.3929378894805));
#1637=CARTESIAN_POINT('Ctrl Pts',(-6.250207398954,-4.7272125278404,8.0643593469645));
#1638=CARTESIAN_POINT('Ctrl Pts',(-6.48777930789868,-4.97307263462687,7.72548278017149));
#1639=CARTESIAN_POINT('Ctrl Pts',(-6.73442008146359,-5.16213000285541,7.41471862576143));
#1640=CARTESIAN_POINT('Ctrl Pts',(-6.99125663613085,-5.35900273556883,7.09110792028431));
#1641=CARTESIAN_POINT('Ctrl Pts',(-7.29642156715801,-5.52513776851091,6.74836457905496));
#1642=CARTESIAN_POINT('Ctrl Pts',(-7.63245779107816,-5.63432253970239,6.41316689226652));
#1643=CARTESIAN_POINT('',(-7.49995662035646,0.0255086803136229,8.4));
#1644=CARTESIAN_POINT('Origin',(-8.55950864665638,-2.78115294937452,8.4));
#1645=CARTESIAN_POINT('Ctrl Pts',(-9.48655975732784,0.0720165580685253,
6.41316689226652));
#1646=CARTESIAN_POINT('Ctrl Pts',(-9.15052354316957,0.18120135930399,6.74836457905496));
#1647=CARTESIAN_POINT('Ctrl Pts',(-8.80598820562886,0.226166740267422,7.09110792028431));
#1648=CARTESIAN_POINT('Ctrl Pts',(-8.17182246905711,0.209879278363029,7.72548278017149));
#1649=CARTESIAN_POINT('Ctrl Pts',(-7.83510981243863,0.150615538170587,8.0643593469645));
#1650=CARTESIAN_POINT('Ctrl Pts',(-7.50700939396704,0.0281636068289753,
8.3929378894805));
#1651=CARTESIAN_POINT('Ctrl Pts',(-7.50348231905918,0.0268396783808904,
8.39646979475586));
#1652=CARTESIAN_POINT('Ctrl Pts',(-7.49995662035646,0.025508680313623,8.4));
#1653=CARTESIAN_POINT('Ctrl Pts',(-7.43470276461794,-1.49038021747131E-11,
7.05108349211903));
#1654=CARTESIAN_POINT('Ctrl Pts',(-7.45990224486243,0.0101916450040586,
7.02588401523074));
#1655=CARTESIAN_POINT('Ctrl Pts',(-7.48518585079675,0.0200187376821545,
7.00057949845737));
#1656=CARTESIAN_POINT('Ctrl Pts',(-7.83510981841071,0.150615539055198,6.65014565106448));
#1657=CARTESIAN_POINT('Ctrl Pts',(-8.1718224717704,0.209879278432715,6.31126913272612));
#1658=CARTESIAN_POINT('Ctrl Pts',(-8.80598820665017,0.226166740293654,5.6768943590204));
#1659=CARTESIAN_POINT('Ctrl Pts',(-9.15052354432587,0.181201358928286,5.3341510633074));
#1660=CARTESIAN_POINT('Ctrl Pts',(-9.48655975732784,0.0720165580685256,
4.99895342231551));
#1661=CARTESIAN_POINT('',(-5.8303528013275,-4.02682881889563,7.40000014768787));
#1662=CARTESIAN_POINT('Origin',(-8.55950864665638,-2.78115294937452,7.40000014768787));
#1663=CARTESIAN_POINT('Ctrl Pts',(-7.63245779107816,-5.63432253970239,4.99895342231551));
#1664=CARTESIAN_POINT('Ctrl Pts',(-7.29642155929947,-5.52513776595751,5.33415107229974));
#1665=CARTESIAN_POINT('Ctrl Pts',(-6.99125664039549,-5.35900273883781,5.67689435466865));
#1666=CARTESIAN_POINT('Ctrl Pts',(-6.73442008146359,-5.16213000285541,6.00050502241922));
#1667=CARTESIAN_POINT('Ctrl Pts',(-6.48777931005281,-4.97307263627808,6.31126913272612));
#1668=CARTESIAN_POINT('Ctrl Pts',(-6.25020740326554,-4.72721253206637,6.65014565106448));
#1669=CARTESIAN_POINT('Ctrl Pts',(-5.97304382909866,-4.30899842107916,7.12088069704464));
#1670=CARTESIAN_POINT('Ctrl Pts',(-5.89621534581637,-4.17112730992216,7.26380254647653));
#1671=CARTESIAN_POINT('Ctrl Pts',(-5.8303528013275,-4.02682881889563,7.40000014768787));
#1672=CARTESIAN_POINT('Origin',(-7.20778754863352,9.69664466931348,4.4));
#1673=CARTESIAN_POINT('',(-4.09842426063915,10.7449019809305,4.4));
#1674=CARTESIAN_POINT('',(-8.95252629922059,7.21819041462358,4.4));
#1675=CARTESIAN_POINT('Origin',(0.,0.,4.4));
#1676=CARTESIAN_POINT('',(-8.0870015622289,6.02689781490764,4.4));
#1677=CARTESIAN_POINT('',(-7.71711836875112,5.5177972747187,4.4));
#1678=CARTESIAN_POINT('',(-3.23289952364746,9.55360938121458,4.4));
#1679=CARTESIAN_POINT('Origin',(0.,0.,4.4));
#1680=CARTESIAN_POINT('',(-2.86301633016968,9.04450884102563,4.4));
#1681=CARTESIAN_POINT('Origin',(-7.27140578805335,15.1121363892524,8.4));
#1682=CARTESIAN_POINT('',(-2.86301636633556,9.04450881474958,6.41316689226652));
#1683=CARTESIAN_POINT('Ctrl Pts',(-4.09842426063915,10.7449019809305,4.4));
#1684=CARTESIAN_POINT('Ctrl Pts',(-3.42146693582323,9.81315008206923,5.51182966757115));
#1685=CARTESIAN_POINT('Ctrl Pts',(-2.86301636633556,9.04450881474958,6.41316689226652));
#1686=CARTESIAN_POINT('',(-2.86301636633556,9.04450881474958,4.99895342231551));
#1687=CARTESIAN_POINT('Ctrl Pts',(-2.86301636633556,9.04450881474958,4.99895342231551));
#1688=CARTESIAN_POINT('Ctrl Pts',(-3.04229845617038,9.29126944186251,4.70959280815079));
#1689=CARTESIAN_POINT('Ctrl Pts',(-3.23289952364746,9.55360938121458,4.4));
#1690=CARTESIAN_POINT('',(-2.86301636633556,9.04450881474958,8.4));
#1691=CARTESIAN_POINT('Origin',(-7.71711836875112,5.5177972747187,8.4));
#1692=CARTESIAN_POINT('',(-7.71711833258524,5.51779730099475,6.41316689226652));
#1693=CARTESIAN_POINT('Ctrl Pts',(-7.71711833258524,5.51779730099475,6.41316689226652));
#1694=CARTESIAN_POINT('Ctrl Pts',(-8.27556890207269,6.2864385683141,5.5118296675715));
#1695=CARTESIAN_POINT('Ctrl Pts',(-8.95252629922059,7.21819041462358,4.4));
#1696=CARTESIAN_POINT('',(-7.71711833258524,5.51779730099475,4.99895342231551));
#1697=CARTESIAN_POINT('',(-7.71711833258524,5.51779730099475,8.4));
#1698=CARTESIAN_POINT('Ctrl Pts',(-8.0870015622289,6.02689781490764,4.4));
#1699=CARTESIAN_POINT('Ctrl Pts',(-7.8964004224278,5.76455792811834,4.70959280813838));
#1700=CARTESIAN_POINT('Ctrl Pts',(-7.71711833258524,5.51779730099475,4.99895342231551));
#1701=CARTESIAN_POINT('Origin',(-5.29006727063226,7.28115294937453,8.4));
#1702=CARTESIAN_POINT('',(-6.08258598903706,4.38772693840103,8.4));
#1703=CARTESIAN_POINT('Ctrl Pts',(-6.08258598903706,4.38772693840103,8.4));
#1704=CARTESIAN_POINT('Ctrl Pts',(-6.08622068023937,4.38872249204661,8.39646979475586));
#1705=CARTESIAN_POINT('Ctrl Pts',(-6.08985232939714,4.38972457404735,8.3929378894805));
#1706=CARTESIAN_POINT('Ctrl Pts',(-6.42726658315953,4.48351146784654,8.0643593469645));
#1707=CARTESIAN_POINT('Ctrl Pts',(-6.73450719706582,4.6334808287012,7.72548278017149));
#1708=CARTESIAN_POINT('Ctrl Pts',(-6.99052762961052,4.80962820388977,7.41471862576143));
#1709=CARTESIAN_POINT('Ctrl Pts',(-7.25713158510735,4.99305726269138,7.09110792028431));
#1710=CARTESIAN_POINT('Ctrl Pts',(-7.50943654054647,5.23194781034938,6.74836457905496));
#1711=CARTESIAN_POINT('Ctrl Pts',(-7.71711833258524,5.51779730099475,6.41316689226652));
#1712=CARTESIAN_POINT('',(-2.29335385613068,7.14076523144197,8.4));
#1713=CARTESIAN_POINT('Origin',(-5.29006727063226,7.28115294937453,8.4));
#1714=CARTESIAN_POINT('Ctrl Pts',(-2.86301636633556,9.04450881474958,6.41316689226652));
#1715=CARTESIAN_POINT('Ctrl Pts',(-2.65533454873986,8.75865934267241,6.74836457905496));
#1716=CARTESIAN_POINT('Ctrl Pts',(-2.5061026557041,8.44488183168662,7.09110792028431));
#1717=CARTESIAN_POINT('Ctrl Pts',(-2.32562496263121,7.83672127298525,7.72548278017149));
#1718=CARTESIAN_POINT('Ctrl Pts',(-2.27793819580501,7.4981750039195,8.0643593469645));
#1719=CARTESIAN_POINT('Ctrl Pts',(-2.29300829787112,7.14829323515433,8.39293788948049));
#1720=CARTESIAN_POINT('Ctrl Pts',(-2.29317750256182,7.14452967118995,8.39646979475586));
#1721=CARTESIAN_POINT('Ctrl Pts',(-2.29335385613068,7.14076523144197,8.4));
#1722=CARTESIAN_POINT('',(-2.34994390622235,6.68476834020777,7.40000014768787));
#1723=CARTESIAN_POINT('Ctrl Pts',(-2.34994390622235,6.68476834020777,7.40000014768787));
#1724=CARTESIAN_POINT('Ctrl Pts',(-2.31841129905318,6.84022130403991,7.26380254647653));
#1725=CARTESIAN_POINT('Ctrl Pts',(-2.29952824182535,6.99692002542862,7.12088069704464));
#1726=CARTESIAN_POINT('Ctrl Pts',(-2.27793819680917,7.49817500987264,6.65014565106448));
#1727=CARTESIAN_POINT('Ctrl Pts',(-2.32562496340339,7.83672127558727,6.31126913272612));
#1728=CARTESIAN_POINT('Ctrl Pts',(-2.50610265599476,8.44488183266604,5.6768943590204));
#1729=CARTESIAN_POINT('Ctrl Pts',(-2.65533454945449,8.75865934365602,5.33415106330739));
#1730=CARTESIAN_POINT('Ctrl Pts',(-2.86301636633556,9.04450881474958,4.99895342231551));
#1731=CARTESIAN_POINT('',(-5.63141988702759,4.30063648552467,7.40000014768787));
#1732=CARTESIAN_POINT('Origin',(-5.29006727063226,7.28115294937453,7.40000014768787));
#1733=CARTESIAN_POINT('Ctrl Pts',(-7.71711833258524,5.51779730099475,4.99895342231551));
#1734=CARTESIAN_POINT('Ctrl Pts',(-7.50943653568963,5.2319478036645,5.33415107229974));
#1735=CARTESIAN_POINT('Ctrl Pts',(-7.25713158953418,4.99305726573713,5.67689435466864));
#1736=CARTESIAN_POINT('Ctrl Pts',(-6.99052762961052,4.80962820388977,6.00050502241922));
#1737=CARTESIAN_POINT('Ctrl Pts',(-6.73450719930188,4.63348083023965,6.31126913272612));
#1738=CARTESIAN_POINT('Ctrl Pts',(-6.42726658851099,4.48351147064118,6.65014565106448));
#1739=CARTESIAN_POINT('Ctrl Pts',(-5.94387307841076,4.34914851493257,7.12088069704464));
#1740=CARTESIAN_POINT('Ctrl Pts',(-5.78900855274976,4.31868480165074,7.26380254647653));
#1741=CARTESIAN_POINT('Ctrl Pts',(-5.63141988702759,4.30063648552467,7.40000014768787));
#1742=CARTESIAN_POINT('Origin',(5.29006727063226,7.28115294937452,8.4));
#1743=CARTESIAN_POINT('',(7.71711833258524,5.51779730099474,6.41316689226652));
#1744=CARTESIAN_POINT('',(6.08258598903706,4.38772693840103,8.4));
#1745=CARTESIAN_POINT('Ctrl Pts',(7.71711833258524,5.51779730099474,6.41316689226652));
#1746=CARTESIAN_POINT('Ctrl Pts',(7.50943654054648,5.23194781034937,6.74836457905496));
#1747=CARTESIAN_POINT('Ctrl Pts',(7.25713158510735,4.99305726269137,7.09110792028431));
#1748=CARTESIAN_POINT('Ctrl Pts',(6.73450719706582,4.6334808287012,7.72548278017149));
#1749=CARTESIAN_POINT('Ctrl Pts',(6.42726658315952,4.48351146784654,8.0643593469645));
#1750=CARTESIAN_POINT('Ctrl Pts',(6.08985232939714,4.38972457404734,8.3929378894805));
#1751=CARTESIAN_POINT('Ctrl Pts',(6.08622068023938,4.38872249204661,8.39646979475586));
#1752=CARTESIAN_POINT('Ctrl Pts',(6.08258598903706,4.38772693840103,8.4));
#1753=CARTESIAN_POINT('',(7.71711833258524,5.51779730099474,4.99895342231551));
#1754=CARTESIAN_POINT('',(7.71711833258524,5.51779730099474,8.4));
#1755=CARTESIAN_POINT('',(5.63141988702759,4.30063648552467,7.40000014768787));
#1756=CARTESIAN_POINT('Ctrl Pts',(5.63141988702759,4.30063648552467,7.40000014768787));
#1757=CARTESIAN_POINT('Ctrl Pts',(5.78900855274976,4.31868480165073,7.26380254647653));
#1758=CARTESIAN_POINT('Ctrl Pts',(5.94387307841076,4.34914851493256,7.12088069704464));
#1759=CARTESIAN_POINT('Ctrl Pts',(6.42726658851099,4.48351147064117,6.65014565106448));
#1760=CARTESIAN_POINT('Ctrl Pts',(6.73450719930188,4.63348083023965,6.31126913272612));
#1761=CARTESIAN_POINT('Ctrl Pts',(7.25713158594902,4.99305726327046,5.6768943590204));
#1762=CARTESIAN_POINT('Ctrl Pts',(7.5094365412611,5.23194781133298,5.3341510633074));
#1763=CARTESIAN_POINT('Ctrl Pts',(7.71711833258524,5.51779730099474,4.99895342231551));
#1764=CARTESIAN_POINT('',(2.34994390622235,6.68476834020777,7.40000014768787));
#1765=CARTESIAN_POINT('Origin',(5.29006727063226,7.28115294937452,7.40000014768787));
#1766=CARTESIAN_POINT('',(2.86301636633556,9.04450881474958,4.99895342231551));
#1767=CARTESIAN_POINT('Ctrl Pts',(2.86301636633556,9.04450881474957,4.99895342231551));
#1768=CARTESIAN_POINT('Ctrl Pts',(2.65533454388301,8.75865933598753,5.33415107229974));
#1769=CARTESIAN_POINT('Ctrl Pts',(2.50610265723282,8.44488183683797,5.67689435466865));
#1770=CARTESIAN_POINT('Ctrl Pts',(2.41403640706905,8.13464370610939,6.00050502241922));
#1771=CARTESIAN_POINT('Ctrl Pts',(2.32562496340339,7.83672127558726,6.31126913272612));
#1772=CARTESIAN_POINT('Ctrl Pts',(2.27793819680917,7.49817500987264,6.65014565106449));
#1773=CARTESIAN_POINT('Ctrl Pts',(2.29952824182535,6.99692002542861,7.12088069704464));
#1774=CARTESIAN_POINT('Ctrl Pts',(2.31841129905318,6.84022130403991,7.26380254647653));
#1775=CARTESIAN_POINT('Ctrl Pts',(2.34994390622235,6.68476834020777,7.40000014768787));
#1776=CARTESIAN_POINT('',(2.86301636633556,9.04450881474958,6.41316689226652));
#1777=CARTESIAN_POINT('',(2.86301636633556,9.04450881474958,8.4));
#1778=CARTESIAN_POINT('',(2.29335385613068,7.14076523144197,8.4));
#1779=CARTESIAN_POINT('Ctrl Pts',(2.29335385613068,7.14076523144197,8.4));
#1780=CARTESIAN_POINT('Ctrl Pts',(2.29317750256182,7.14452967118995,8.39646979475586));
#1781=CARTESIAN_POINT('Ctrl Pts',(2.29300829787112,7.14829323515433,8.3929378894805));
#1782=CARTESIAN_POINT('Ctrl Pts',(2.27793819580501,7.4981750039195,8.0643593469645));
#1783=CARTESIAN_POINT('Ctrl Pts',(2.32562496263121,7.83672127298524,7.72548278017149));
#1784=CARTESIAN_POINT('Ctrl Pts',(2.41403640706905,8.13464370610939,7.41471862576143));
#1785=CARTESIAN_POINT('Ctrl Pts',(2.50610265570411,8.44488183168661,7.09110792028431));
#1786=CARTESIAN_POINT('Ctrl Pts',(2.65533454873986,8.75865934267241,6.74836457905496));
#1787=CARTESIAN_POINT('Ctrl Pts',(2.86301636633556,9.04450881474957,6.41316689226652));
#1788=CARTESIAN_POINT('Origin',(5.29006727063226,7.28115294937452,8.4));
#1789=CARTESIAN_POINT('Origin',(12.1255078266348,11.5854248229455,8.4));
#1790=CARTESIAN_POINT('',(8.95252629922059,7.21819041462358,4.4));
#1791=CARTESIAN_POINT('Ctrl Pts',(8.95252629922059,7.21819041462358,4.4));
#1792=CARTESIAN_POINT('Ctrl Pts',(8.27556890207282,6.28643856831427,5.51182966757129));
#1793=CARTESIAN_POINT('Ctrl Pts',(7.71711833258524,5.51779730099474,6.41316689226652));
#1794=CARTESIAN_POINT('',(8.0870015622289,6.02689781490764,4.4));
#1795=CARTESIAN_POINT('',(7.71711836875112,5.51779727471869,4.4));
#1796=CARTESIAN_POINT('Ctrl Pts',(7.71711833258524,5.51779730099474,4.99895342231551));
#1797=CARTESIAN_POINT('Ctrl Pts',(7.89640042242005,5.76455792810766,4.70959280815081));
#1798=CARTESIAN_POINT('Ctrl Pts',(8.0870015622289,6.02689781490764,4.4));
#1799=CARTESIAN_POINT('Origin',(2.86301633016968,9.04450884102563,8.4));
#1800=CARTESIAN_POINT('',(4.09842426063915,10.7449019809305,4.4));
#1801=CARTESIAN_POINT('Ctrl Pts',(2.86301636633556,9.04450881474958,6.41316689226652));
#1802=CARTESIAN_POINT('Ctrl Pts',(3.42146693582303,9.81315008206896,5.51182966757146));
#1803=CARTESIAN_POINT('Ctrl Pts',(4.09842426063915,10.7449019809305,4.4));
#1804=CARTESIAN_POINT('',(3.23289952364746,9.55360938121458,4.4));
#1805=CARTESIAN_POINT('Ctrl Pts',(3.23289952364746,9.55360938121458,4.4));
#1806=CARTESIAN_POINT('Ctrl Pts',(3.04229845617813,9.29126944187317,4.70959280813838));
#1807=CARTESIAN_POINT('Ctrl Pts',(2.86301636633556,9.04450881474958,4.99895342231551));
#1808=CARTESIAN_POINT('',(2.86301633016968,9.04450884102563,4.4));
#1809=CARTESIAN_POINT('Origin',(7.20778754863352,9.69664466931347,4.4));
#1810=CARTESIAN_POINT('Origin',(0.,0.,4.4));
#1811=CARTESIAN_POINT('Origin',(0.,0.,4.4));
#1812=CARTESIAN_POINT('Origin',(0.,-9.,8.4));
#1813=CARTESIAN_POINT('',(-3.00000004470348,-9.00000013411045,6.41316687813004));
#1814=CARTESIAN_POINT('',(-2.3418742493994,-7.125,8.4));
#1815=CARTESIAN_POINT('Ctrl Pts',(-3.,-9.00000014116889,6.41316688557029));
#1816=CARTESIAN_POINT('Ctrl Pts',(-3.00000001662637,-8.64667074837108,6.74836457449596));
#1817=CARTESIAN_POINT('Ctrl Pts',(-2.93629736062348,-8.30510310110809,7.09110791812957));
#1818=CARTESIAN_POINT('Ctrl Pts',(-2.72483907327617,-7.70700874542259,7.72548278017149));
#1819=CARTESIAN_POINT('Ctrl Pts',(-2.56442597386988,-7.40508948209622,8.0643593469645));
#1820=CARTESIAN_POINT('Ctrl Pts',(-2.34657866146526,-7.13088716888823,8.3929378894805));
#1821=CARTESIAN_POINT('Ctrl Pts',(-2.34422960460064,-7.12794183770345,8.39646979475586));
#1822=CARTESIAN_POINT('Ctrl Pts',(-2.3418742493994,-7.125,8.4));
#1823=CARTESIAN_POINT('',(-3.00000004470348,-9.00000013411045,4.99895340817903));
#1824=CARTESIAN_POINT('',(-3.00000004470348,-9.00000013411045,8.4));
#1825=CARTESIAN_POINT('',(-2.02806368940403,-6.78935356247977,7.40000014768787));
#1826=CARTESIAN_POINT('Ctrl Pts',(-2.02806368940403,-6.78935356247976,7.40000014768787));
#1827=CARTESIAN_POINT('Ctrl Pts',(-2.14494706404653,-6.89658325058555,7.26380254647653));
#1828=CARTESIAN_POINT('Ctrl Pts',(-2.25232897573497,-7.01225599662912,7.12088069704464));
#1829=CARTESIAN_POINT('Ctrl Pts',(-2.56442597655667,-7.40508948750264,6.65014565106448));
#1830=CARTESIAN_POINT('Ctrl Pts',(-2.7248390741809,-7.70700874798155,6.31126913272612));
#1831=CARTESIAN_POINT('Ctrl Pts',(-2.93629736096402,-8.3051031020713,5.67689435686566));
#1832=CARTESIAN_POINT('Ctrl Pts',(-3.00000001662637,-8.64667074958687,5.3341510587484));
#1833=CARTESIAN_POINT('Ctrl Pts',(-3.,-9.00000014116889,4.99895341561929));
#1834=CARTESIAN_POINT('',(2.02806368940403,-6.78935356247977,7.40000014768787));
#1835=CARTESIAN_POINT('Origin',(0.,-9.,7.40000014768787));
#1836=CARTESIAN_POINT('',(3.00000004470348,-9.00000013411045,4.99895340817903));
#1837=CARTESIAN_POINT('Ctrl Pts',(3.,-9.00000014116889,4.99895341561929));
#1838=CARTESIAN_POINT('Ctrl Pts',(3.00000001662637,-8.64667074010811,5.33415106774074));
#1839=CARTESIAN_POINT('Ctrl Pts',(2.93629736241461,-8.30510310617417,5.67689435251391));
#1840=CARTESIAN_POINT('Ctrl Pts',(2.82842712474619,-8.,6.00050502241922));
#1841=CARTESIAN_POINT('Ctrl Pts',(2.7248390741809,-7.70700874798155,6.31126913272612));
#1842=CARTESIAN_POINT('Ctrl Pts',(2.56442597655667,-7.40508948750264,6.65014565106448));
#1843=CARTESIAN_POINT('Ctrl Pts',(2.25232897573497,-7.01225599662912,7.12088069704464));
#1844=CARTESIAN_POINT('Ctrl Pts',(2.14494706404653,-6.89658325058555,7.26380254647653));
#1845=CARTESIAN_POINT('Ctrl Pts',(2.02806368940403,-6.78935356247976,7.40000014768787));
#1846=CARTESIAN_POINT('',(3.00000004470348,-9.00000013411045,6.41316687813004));
#1847=CARTESIAN_POINT('',(3.00000004470348,-9.00000013411045,8.4));
#1848=CARTESIAN_POINT('',(2.3418742493994,-7.125,8.4));
#1849=CARTESIAN_POINT('Ctrl Pts',(2.3418742493994,-7.125,8.4));
#1850=CARTESIAN_POINT('Ctrl Pts',(2.34422960460064,-7.12794183770345,8.39646979475587));
#1851=CARTESIAN_POINT('Ctrl Pts',(2.34657866146526,-7.13088716888823,8.3929378894805));
#1852=CARTESIAN_POINT('Ctrl Pts',(2.56442597386988,-7.40508948209622,8.0643593469645));
#1853=CARTESIAN_POINT('Ctrl Pts',(2.72483907327617,-7.70700874542259,7.72548278017149));
#1854=CARTESIAN_POINT('Ctrl Pts',(2.82842712474619,-8.,7.41471862576143));
#1855=CARTESIAN_POINT('Ctrl Pts',(2.93629736062348,-8.30510310110809,7.09110791812957));
#1856=CARTESIAN_POINT('Ctrl Pts',(3.00000001662637,-8.64667074837108,6.74836457449597));
#1857=CARTESIAN_POINT('Ctrl Pts',(3.,-9.00000014116889,6.41316688557029));
#1858=CARTESIAN_POINT('Origin',(0.,-9.,8.4));
#1859=CARTESIAN_POINT('Origin',(-3.00000004470348,-16.5000002458692,8.4));
#1860=CARTESIAN_POINT('',(-3.00000004470348,-11.1018016435072,4.4));
#1861=CARTESIAN_POINT('Ctrl Pts',(-3.00000004470348,-11.1018016435072,4.4));
#1862=CARTESIAN_POINT('Ctrl Pts',(-3.00000004470348,-9.95009298800562,5.51182965604258));
#1863=CARTESIAN_POINT('Ctrl Pts',(-3.00000004470348,-9.00000013411045,6.41316687813004));
#1864=CARTESIAN_POINT('',(-3.00000004470348,-9.62928300916586,4.4));
#1865=CARTESIAN_POINT('',(-3.00000004470348,-9.00000013411045,4.4));
#1866=CARTESIAN_POINT('Ctrl Pts',(-3.00000004470348,-9.00000013411045,4.99895340817903));
#1867=CARTESIAN_POINT('Ctrl Pts',(-3.00000004470348,-9.30501304008222,4.70959279713203));
#1868=CARTESIAN_POINT('Ctrl Pts',(-3.00000004470348,-9.62928300916586,4.4));
#1869=CARTESIAN_POINT('Origin',(3.00000004470348,-9.00000013411045,8.4));
#1870=CARTESIAN_POINT('',(3.00000004470348,-11.1018016435072,4.4));
#1871=CARTESIAN_POINT('Ctrl Pts',(3.00000004470348,-9.00000013411045,6.41316687813004));
#1872=CARTESIAN_POINT('Ctrl Pts',(3.00000004470348,-9.95009298800562,5.51182965604259));
#1873=CARTESIAN_POINT('Ctrl Pts',(3.00000004470348,-11.1018016435072,4.4));
#1874=CARTESIAN_POINT('',(3.00000004470348,-9.62928300916586,4.4));
#1875=CARTESIAN_POINT('Ctrl Pts',(3.00000004470348,-9.62928300916586,4.4));
#1876=CARTESIAN_POINT('Ctrl Pts',(3.00000004470348,-9.30501304009543,4.7095927971196));
#1877=CARTESIAN_POINT('Ctrl Pts',(3.00000004470348,-9.00000013411045,4.99895340817903));
#1878=CARTESIAN_POINT('',(3.00000004470348,-9.00000013411045,4.4));
#1879=CARTESIAN_POINT('Origin',(0.,-11.2500001229346,4.4));
#1880=CARTESIAN_POINT('Origin',(0.,0.,4.4));
#1881=CARTESIAN_POINT('Origin',(0.,0.,4.4));
#1882=CARTESIAN_POINT('Origin',(8.55950864665638,-2.78115294937453,8.4));
#1883=CARTESIAN_POINT('',(7.63245779107816,-5.63432253970239,6.41316689226652));
#1884=CARTESIAN_POINT('',(6.05259873684948,-4.42900085015662,8.4));
#1885=CARTESIAN_POINT('Ctrl Pts',(7.63245779107816,-5.63432253970239,6.41316689226652));
#1886=CARTESIAN_POINT('Ctrl Pts',(7.29642156715801,-5.52513776851091,6.74836457905496));
#1887=CARTESIAN_POINT('Ctrl Pts',(6.99125663613085,-5.35900273556883,7.09110792028431));
#1888=CARTESIAN_POINT('Ctrl Pts',(6.48777930789867,-4.97307263462687,7.72548278017149));
#1889=CARTESIAN_POINT('Ctrl Pts',(6.250207398954,-4.7272125278404,8.0643593469645));
#1890=CARTESIAN_POINT('Ctrl Pts',(6.05674402390627,-4.43529424714241,8.3929378894805));
#1891=CARTESIAN_POINT('Ctrl Pts',(6.05466874598226,-4.43215000391401,8.39646979475587));
#1892=CARTESIAN_POINT('Ctrl Pts',(6.05259873684948,-4.42900085015662,8.4));
#1893=CARTESIAN_POINT('',(7.63245779107816,-5.63432253970239,4.99895342231551));
#1894=CARTESIAN_POINT('',(7.63245779107816,-5.63432253970239,8.4));
#1895=CARTESIAN_POINT('',(5.8303528013275,-4.02682881889563,7.40000014768787));
#1896=CARTESIAN_POINT('Ctrl Pts',(5.83035280132749,-4.02682881889563,7.40000014768787));
#1897=CARTESIAN_POINT('Ctrl Pts',(5.89621534581637,-4.17112730992216,7.26380254647653));
#1898=CARTESIAN_POINT('Ctrl Pts',(5.97304382909867,-4.30899842107916,7.12088069704464));
#1899=CARTESIAN_POINT('Ctrl Pts',(6.25020740326555,-4.72721253206637,6.65014565106448));
#1900=CARTESIAN_POINT('Ctrl Pts',(6.48777931005281,-4.97307263627808,6.31126913272612));
#1901=CARTESIAN_POINT('Ctrl Pts',(6.99125663694168,-5.35900273619036,5.6768943590204));
#1902=CARTESIAN_POINT('Ctrl Pts',(7.2964215683143,-5.52513776888661,5.3341510633074));
#1903=CARTESIAN_POINT('Ctrl Pts',(7.63245779107816,-5.63432253970239,4.99895342231551));
#1904=CARTESIAN_POINT('',(7.0837650927287,-0.169222444357044,7.40000014768787));
#1905=CARTESIAN_POINT('Origin',(8.55950864665638,-2.78115294937453,7.40000014768787));
#1906=CARTESIAN_POINT('',(9.48655975732784,0.0720165580685228,4.99895342231551));
#1907=CARTESIAN_POINT('Ctrl Pts',(9.48655975732784,0.0720165580685226,4.99895342231551));
#1908=CARTESIAN_POINT('Ctrl Pts',(9.15052353531103,0.181201361857382,5.33415107229974));
#1909=CARTESIAN_POINT('Ctrl Pts',(8.80598821100049,0.226166740405381,5.67689435466865));
#1910=CARTESIAN_POINT('Ctrl Pts',(8.48248417925887,0.217858092856251,6.00050502241922));
#1911=CARTESIAN_POINT('Ctrl Pts',(8.1718224717704,0.209879278432712,6.31126913272612));
#1912=CARTESIAN_POINT('Ctrl Pts',(7.83510981841071,0.150615539055196,6.65014565106448));
#1913=CARTESIAN_POINT('Ctrl Pts',(7.36505968994911,-0.0248141226529025,
7.12088069704464));
#1914=CARTESIAN_POINT('Ctrl Pts',(7.22186553546642,-0.0911955451829416,
7.26380254647653));
#1915=CARTESIAN_POINT('Ctrl Pts',(7.0837650927287,-0.169222444357044,7.40000014768787));
#1916=CARTESIAN_POINT('',(9.48655975732784,0.0720165580685228,6.41316689226652));
#1917=CARTESIAN_POINT('',(9.48655975732784,0.0720165580685228,8.4));
#1918=CARTESIAN_POINT('',(7.49995662035646,0.0255086803136201,8.4));
#1919=CARTESIAN_POINT('Ctrl Pts',(7.49995662035646,0.0255086803136203,8.4));
#1920=CARTESIAN_POINT('Ctrl Pts',(7.50348231905917,0.0268396783808875,8.39646979475587));
#1921=CARTESIAN_POINT('Ctrl Pts',(7.50700939396704,0.0281636068289725,8.3929378894805));
#1922=CARTESIAN_POINT('Ctrl Pts',(7.83510981243863,0.150615538170584,8.0643593469645));
#1923=CARTESIAN_POINT('Ctrl Pts',(8.17182246905711,0.209879278363026,7.72548278017149));
#1924=CARTESIAN_POINT('Ctrl Pts',(8.48248417925887,0.21785809285625,7.41471862576143));
#1925=CARTESIAN_POINT('Ctrl Pts',(8.80598820562886,0.22616674026742,7.09110792028431));
#1926=CARTESIAN_POINT('Ctrl Pts',(9.15052354316957,0.181201359303987,6.74836457905496));
#1927=CARTESIAN_POINT('Ctrl Pts',(9.48655975732784,0.0720165580685225,6.41316689226652));
#1928=CARTESIAN_POINT('Origin',(8.55950864665638,-2.78115294937453,8.4));
#1929=CARTESIAN_POINT('Origin',(14.7653817557665,-7.95195007456538,8.4));
#1930=CARTESIAN_POINT('',(9.63138979873479,-6.28381496742445,4.4));
#1931=CARTESIAN_POINT('Ctrl Pts',(9.63138979873479,-6.28381496742445,4.4));
#1932=CARTESIAN_POINT('Ctrl Pts',(8.53604979354578,-5.92791737866266,5.51182966757129));
#1933=CARTESIAN_POINT('Ctrl Pts',(7.63245779107816,-5.63432253970239,6.41316689226652));
#1934=CARTESIAN_POINT('',(8.23094135617842,-5.82878168487918,4.4));
#1935=CARTESIAN_POINT('',(7.63245777726402,-5.63432258221794,4.4));
#1936=CARTESIAN_POINT('Ctrl Pts',(7.63245779107816,-5.63432253970239,4.99895342231551));
#1937=CARTESIAN_POINT('Ctrl Pts',(7.92254230600498,-5.72857671217429,4.70959280815081));
#1938=CARTESIAN_POINT('Ctrl Pts',(8.23094135617842,-5.82878168487918,4.4));
#1939=CARTESIAN_POINT('Origin',(9.48655977114198,0.072016600584065,8.4));
#1940=CARTESIAN_POINT('',(11.4854917926127,-0.577475784622445,4.4));
#1941=CARTESIAN_POINT('Ctrl Pts',(9.48655975732784,0.0720165580685228,6.41316689226652));
#1942=CARTESIAN_POINT('Ctrl Pts',(10.3901517597954,-0.221578280891712,5.51182966757139));
#1943=CARTESIAN_POINT('Ctrl Pts',(11.4854917926127,-0.577475784622445,4.4));
#1944=CARTESIAN_POINT('',(10.0850433500564,-0.122442502077183,4.4));
#1945=CARTESIAN_POINT('Ctrl Pts',(10.0850433500564,-0.122442502077182,4.4));
#1946=CARTESIAN_POINT('Ctrl Pts',(9.77664427226724,-0.022237614407458,4.70959280813836));
#1947=CARTESIAN_POINT('Ctrl Pts',(9.48655975732784,0.0720165580685228,4.99895342231551));
#1948=CARTESIAN_POINT('',(9.48655977114198,0.072016600584065,4.4));
#1949=CARTESIAN_POINT('Origin',(11.0894961981504,-3.86655151196995,4.4));
#1950=CARTESIAN_POINT('Origin',(0.,0.,4.4));
#1951=CARTESIAN_POINT('Origin',(0.,0.,4.4));
#1952=CARTESIAN_POINT('Origin',(0.,0.,5.69289340633751));
#1953=CARTESIAN_POINT('',(-10.5,-1.28587913910472E-15,3.98578666498715));
#1954=CARTESIAN_POINT('',(-8.79289303128939,-1.07681883060136E-15,5.69289340633751));
#1955=CARTESIAN_POINT('Origin',(0.,0.,3.98578666498716));
#1956=CARTESIAN_POINT('Origin',(0.,0.,7.40000014768787));
#1957=CARTESIAN_POINT('Origin',(0.,0.,7.40000014768787));
#1958=CARTESIAN_POINT('Origin',(0.,0.,7.40000014768787));
#1959=CARTESIAN_POINT('Origin',(0.,0.,7.40000014768787));
#1960=CARTESIAN_POINT('Origin',(0.,0.,7.40000014768787));
#1961=CARTESIAN_POINT('Origin',(2.,0.,6.40000014768788));
#1962=CARTESIAN_POINT('',(-2.,-2.44929359829471E-16,6.40000014768788));
#1963=CARTESIAN_POINT('Origin',(0.,0.,6.40000014768788));
#1964=CARTESIAN_POINT('',(-1.00000000745058,-1.22464680827168E-16,6.40000014768788));
#1965=CARTESIAN_POINT('Origin',(0.,0.,6.40000014768788));
#1966=CARTESIAN_POINT('Origin',(0.,0.,2.44289363178174));
#1967=CARTESIAN_POINT('',(-1.00000000745058,-1.22464680827168E-16,-2.77555756156289E-16));
#1968=CARTESIAN_POINT('',(-1.00000000745058,-1.22464680827168E-16,2.44289363178174));
#1969=CARTESIAN_POINT('Origin',(0.,0.,0.));
#1970=CARTESIAN_POINT('Origin',(0.,0.,6.90000014768787));
#1971=CARTESIAN_POINT('',(-2.,-2.44929359829471E-16,7.40000014768787));
#1972=CARTESIAN_POINT('Origin',(0.,0.,7.40000014768787));
#1973=CARTESIAN_POINT('',(-2.,-2.44929359829471E-16,6.90000014768787));
#1974=CARTESIAN_POINT('Origin',(1.,0.,0.));
#1975=CARTESIAN_POINT('',(-10.5,-1.28587913910472E-15,5.55111512312578E-16));
#1976=CARTESIAN_POINT('Origin',(0.,0.,5.55111512312578E-16));
#1977=CARTESIAN_POINT('Origin',(7.08578606257879,0.,7.40000014768787));
#1978=CARTESIAN_POINT('Origin',(0.,0.,1.99289333249358));
#1979=CARTESIAN_POINT('',(-10.5,-1.28587913910472E-15,1.99289333249358));
#1980=CARTESIAN_POINT('Origin',(0.,0.,6.4));
#1981=CARTESIAN_POINT('Origin',(0.,0.,4.4));
#1982=CARTESIAN_POINT('Origin',(0.,0.,8.4));
#1983=CARTESIAN_POINT('Origin',(0.,0.,6.4));
#1984=CARTESIAN_POINT('Origin',(0.,0.,8.4));
#1985=CARTESIAN_POINT('Origin',(0.,0.,4.4));
#1986=CARTESIAN_POINT('Origin',(0.,0.,6.4));
#1987=CARTESIAN_POINT('Origin',(0.,0.,8.4));
#1988=CARTESIAN_POINT('Origin',(0.,0.,4.4));
#1989=CARTESIAN_POINT('Origin',(0.,0.,6.4));
#1990=CARTESIAN_POINT('Origin',(0.,0.,8.4));
#1991=CARTESIAN_POINT('',(-11.5,-1.40834381901946E-15,4.4));
#1992=CARTESIAN_POINT('Origin',(0.,0.,4.4));
#1993=CARTESIAN_POINT('Origin',(0.,0.,4.4));
#1994=CARTESIAN_POINT('Origin',(9.5,0.,-4.09999978765845));
#1995=CARTESIAN_POINT('',(-11.5,-1.40834381901946E-15,-4.09999978765845));
#1996=CARTESIAN_POINT('Origin',(0.,0.,-4.09999978765845));
#1997=CARTESIAN_POINT('',(-9.5,-1.16341445918999E-15,-4.09999978765845));
#1998=CARTESIAN_POINT('Origin',(0.,0.,-4.09999978765845));
#1999=CARTESIAN_POINT('Origin',(0.,0.,-4.59999978765845));
#2000=CARTESIAN_POINT('',(-11.5,-1.40834381901946E-15,-5.09999978765845));
#2001=CARTESIAN_POINT('',(-11.5,-1.40834381901946E-15,-4.59999978765845));
#2002=CARTESIAN_POINT('Origin',(0.,0.,-5.09999978765845));
#2003=CARTESIAN_POINT('Origin',(0.,0.,-3.94999978765845));
#2004=CARTESIAN_POINT('',(-9.5,-1.16341445918999E-15,-3.79999978765845));
#2005=CARTESIAN_POINT('Origin',(0.,0.,-3.79999978765845));
#2006=CARTESIAN_POINT('',(-9.5,-1.16341445918999E-15,-3.94999978765845));
#2007=CARTESIAN_POINT('Origin',(11.5,0.,-5.09999978765845));
#2008=CARTESIAN_POINT('',(-11.0000001639128,-1.34711149913561E-15,-5.09999978765845));
#2009=CARTESIAN_POINT('Origin',(0.,0.,-5.09999978765845));
#2010=CARTESIAN_POINT('Origin',(11.5,0.,-3.79999978765845));
#2011=CARTESIAN_POINT('',(-11.5,-1.40834381901946E-15,-3.79999978765845));
#2012=CARTESIAN_POINT('Origin',(0.,0.,-3.79999978765845));
#2013=CARTESIAN_POINT('Origin',(0.,0.,-6.09999989382923));
#2014=CARTESIAN_POINT('',(-11.0000001639128,-1.34711149913561E-15,-7.1));
#2015=CARTESIAN_POINT('',(-11.0000001639128,-1.34711149913561E-15,-6.09999989382923));
#2016=CARTESIAN_POINT('Origin',(0.,0.,-7.1));
#2017=CARTESIAN_POINT('Origin',(0.,0.,0.300000106170775));
#2018=CARTESIAN_POINT('Origin',(0.,0.,4.4));
#2019=CARTESIAN_POINT('',(-11.5,-1.40834381901946E-15,0.300000106170775));
#2020=CARTESIAN_POINT('Origin',(11.0000001639128,0.,-7.1));
#2021=CARTESIAN_POINT('',(-11.5,-1.40834381901946E-15,-7.1));
#2022=CARTESIAN_POINT('Origin',(0.,0.,-7.1));
#2023=CARTESIAN_POINT('Origin',(0.,0.,6.4));
#2024=CARTESIAN_POINT('Origin',(0.,0.,8.4));
#2025=CARTESIAN_POINT('Origin',(0.,0.,-7.6));
#2026=CARTESIAN_POINT('',(-11.5,-1.40834381901946E-15,-8.1));
#2027=CARTESIAN_POINT('',(-11.5,-1.40834381901946E-15,-7.6));
#2028=CARTESIAN_POINT('Origin',(0.,0.,-8.1));
#2029=CARTESIAN_POINT('Origin',(1.,0.,8.4));
#2030=CARTESIAN_POINT('',(-1.,-1.22464679914735E-16,8.4));
#2031=CARTESIAN_POINT('Origin',(0.,0.,8.4));
#2032=CARTESIAN_POINT('Origin',(0.,0.,-9.1));
#2033=CARTESIAN_POINT('',(-9.5,-1.16341445918999E-15,-10.1));
#2034=CARTESIAN_POINT('',(-10.5,-1.28587913910472E-15,-9.1));
#2035=CARTESIAN_POINT('Origin',(0.,0.,-10.1));
#2036=CARTESIAN_POINT('Origin',(0.,0.,10.15));
#2037=CARTESIAN_POINT('',(-1.,-1.22464679914735E-16,11.9));
#2038=CARTESIAN_POINT('Origin',(0.,0.,11.9));
#2039=CARTESIAN_POINT('',(-1.,-1.22464679914735E-16,10.15));
#2040=CARTESIAN_POINT('Origin',(9.5,0.,-10.1));
#2041=CARTESIAN_POINT('',(-1.,-1.22464679914735E-16,-10.1));
#2042=CARTESIAN_POINT('Origin',(0.,0.,-10.1));
#2043=CARTESIAN_POINT('Origin',(0.,0.,11.9));
#2044=CARTESIAN_POINT('Origin',(0.,0.,-11.));
#2045=CARTESIAN_POINT('',(-1.,-1.22464679914735E-16,-11.9));
#2046=CARTESIAN_POINT('',(-1.,-1.22464679914735E-16,-11.));
#2047=CARTESIAN_POINT('Origin',(0.,0.,-11.9));
#2048=CARTESIAN_POINT('Origin',(1.,0.,-11.9));
#2049=CARTESIAN_POINT('',(0.,0.,0.));
#2050=UNCERTAINTY_MEASURE_WITH_UNIT(LENGTH_MEASURE(0.01),#2056,
'DISTANCE_ACCURACY_VALUE',
'Maximum model space distance between geometric entities at asserted c
onnectivities');
#2051=UNCERTAINTY_MEASURE_WITH_UNIT(LENGTH_MEASURE(0.01),#2056,
'DISTANCE_ACCURACY_VALUE',
'Maximum model space distance between geometric entities at asserted c
onnectivities');
#2052=UNCERTAINTY_MEASURE_WITH_UNIT(LENGTH_MEASURE(0.01),#2056,
'DISTANCE_ACCURACY_VALUE',
'Maximum model space distance between geometric entities at asserted c
onnectivities');
#2053=(
GEOMETRIC_REPRESENTATION_CONTEXT(3)
GLOBAL_UNCERTAINTY_ASSIGNED_CONTEXT((#2050))
GLOBAL_UNIT_ASSIGNED_CONTEXT((#2056,#2058,#2059))
REPRESENTATION_CONTEXT('','3D')
);
#2054=(
GEOMETRIC_REPRESENTATION_CONTEXT(3)
GLOBAL_UNCERTAINTY_ASSIGNED_CONTEXT((#2051))
GLOBAL_UNIT_ASSIGNED_CONTEXT((#2056,#2058,#2059))
REPRESENTATION_CONTEXT('','3D')
);
#2055=(
GEOMETRIC_REPRESENTATION_CONTEXT(3)
GLOBAL_UNCERTAINTY_ASSIGNED_CONTEXT((#2052))
GLOBAL_UNIT_ASSIGNED_CONTEXT((#2056,#2058,#2059))
REPRESENTATION_CONTEXT('','3D')
);
#2056=(
LENGTH_UNIT()
NAMED_UNIT(*)
SI_UNIT(.MILLI.,.METRE.)
);
#2057=(
LENGTH_UNIT()
NAMED_UNIT(*)
SI_UNIT($,.METRE.)
);
#2058=(
NAMED_UNIT(*)
PLANE_ANGLE_UNIT()
SI_UNIT($,.RADIAN.)
);
#2059=(
NAMED_UNIT(*)
SI_UNIT($,.STERADIAN.)
SOLID_ANGLE_UNIT()
);
#2060=SHAPE_DEFINITION_REPRESENTATION(#2062,#2065);
#2061=SHAPE_DEFINITION_REPRESENTATION(#2063,#2066);
#2062=PRODUCT_DEFINITION_SHAPE('',$,#2068);
#2063=PRODUCT_DEFINITION_SHAPE('',$,#2069);
#2064=PRODUCT_DEFINITION_SHAPE($,$,#14);
#2065=SHAPE_REPRESENTATION('',(#1083,#1219),#2053);
#2066=SHAPE_REPRESENTATION('',(#1084),#2054);
#2067=PRODUCT_DEFINITION_CONTEXT('part definition',#2075,'design');
#2068=PRODUCT_DEFINITION('Motor','Motor v3',#2070,#2067);
#2069=PRODUCT_DEFINITION('Component1','Component1',#2071,#2067);
#2070=PRODUCT_DEFINITION_FORMATION('',$,#2077);
#2071=PRODUCT_DEFINITION_FORMATION('',$,#2078);
#2072=PRODUCT_RELATED_PRODUCT_CATEGORY('Motor v3','Motor v3',(#2077));
#2073=PRODUCT_RELATED_PRODUCT_CATEGORY('Component1','Component1',(#2078));
#2074=APPLICATION_PROTOCOL_DEFINITION('international standard',
'automotive_design',2009,#2075);
#2075=APPLICATION_CONTEXT(
'Core Data for Automotive Mechanical Design Process');
#2076=PRODUCT_CONTEXT('part definition',#2075,'mechanical');
#2077=PRODUCT('Motor','Motor v3',$,(#2076));
#2078=PRODUCT('Component1','Component1',$,(#2076));
#2079=PRESENTATION_STYLE_ASSIGNMENT((#2081));
#2080=PRESENTATION_STYLE_ASSIGNMENT((#2082));
#2081=SURFACE_STYLE_USAGE(.BOTH.,#2083);
#2082=SURFACE_STYLE_USAGE(.BOTH.,#2084);
#2083=SURFACE_SIDE_STYLE('',(#2085));
#2084=SURFACE_SIDE_STYLE('',(#2086));
#2085=SURFACE_STYLE_FILL_AREA(#2087);
#2086=SURFACE_STYLE_FILL_AREA(#2088);
#2087=FILL_AREA_STYLE('Steel - Satin',(#2089));
#2088=FILL_AREA_STYLE('Paint - Metallic (Black)',(#2090));
#2089=FILL_AREA_STYLE_COLOUR('Steel - Satin',#2091);
#2090=FILL_AREA_STYLE_COLOUR('Paint - Metallic (Black)',#2092);
#2091=COLOUR_RGB('Steel - Satin',0.627450980392157,0.627450980392157,0.627450980392157);
#2092=COLOUR_RGB('Paint - Metallic (Black)',0.0980392156862745,0.0980392156862745,
0.0980392156862745);
ENDSEC;
END-ISO-10303-21;
