ISO-10303-21;
HEADER;
/* Generated by software containing ST-Developer
 * from STEP Tools, Inc. (www.steptools.com) 
 */

FILE_DESCRIPTION(
/* description */ (''),
/* implementation_level */ '2;1');

FILE_NAME(
/* name */ 'Spider Arm.step',
/* time_stamp */ '2026-07-19T11:32:53+05:30',
/* author */ (''),
/* organization */ (''),
/* preprocessor_version */ 'ST-DEVELOPER v20.1',
/* originating_system */ 'Autodesk Translation Framework v15.8.0.0',
/* authorisation */ '');

FILE_SCHEMA (('AUTOMOTIVE_DESIGN { 1 0 10303 214 3 1 1 }'));
ENDSEC;

DATA;
#10=MECHANICAL_DESIGN_GEOMETRIC_PRESENTATION_REPRESENTATION('',(#13),#3756);
#11=SHAPE_REPRESENTATION_RELATIONSHIP('SRR','None',#3763,#12);
#12=ADVANCED_BREP_SHAPE_REPRESENTATION('',(#14),#3755);
#13=STYLED_ITEM('',(#3773),#14);
#14=MANIFOLD_SOLID_BREP('Body1',#2104);
#15=(
BOUNDED_SURFACE()
B_SPLINE_SURFACE(2,2,((#3141,#3142,#3143,#3144,#3145,#3146,#3147,#3148,
#3149),(#3150,#3151,#3152,#3153,#3154,#3155,#3156,#3157,#3158),(#3159,#3160,
#3161,#3162,#3163,#3164,#3165,#3166,#3167)),.UNSPECIFIED.,.F.,.T.,.F.)
B_SPLINE_SURFACE_WITH_KNOTS((3,3),(3,2,2,2,3),(-3.14159265358979,-1.5707963267949),
(-3.14159265358979,-1.5707963267949,0.,1.5707963267949,3.14159265358979),
 .UNSPECIFIED.)
GEOMETRIC_REPRESENTATION_ITEM()
RATIONAL_B_SPLINE_SURFACE(((1.,0.707106781186548,1.,0.707106781186548,1.,
0.707106781186548,1.,0.707106781186548,1.),(0.707106781186548,0.5,0.707106781186548,
0.5,0.707106781186548,0.5,0.707106781186548,0.5,0.707106781186548),(1.,
0.707106781186548,1.,0.707106781186548,1.,0.707106781186548,1.,0.707106781186548,
1.)))
REPRESENTATION_ITEM('')
SURFACE()
);
#16=(
BOUNDED_SURFACE()
B_SPLINE_SURFACE(2,2,((#3184,#3185,#3186,#3187,#3188,#3189,#3190,#3191,
#3192,#3193,#3194),(#3195,#3196,#3197,#3198,#3199,#3200,#3201,#3202,#3203,
#3204,#3205),(#3206,#3207,#3208,#3209,#3210,#3211,#3212,#3213,#3214,#3215,
#3216)),.UNSPECIFIED.,.F.,.T.,.F.)
B_SPLINE_SURFACE_WITH_KNOTS((3,3),(3,2,2,2,2,3),(-3.14159265358979,-1.5707963267949),
(2.40898702059521,3.14159265358979,4.71238898038469,6.28318530717959,7.85398163397448,
8.6921723277748),.UNSPECIFIED.)
GEOMETRIC_REPRESENTATION_ITEM()
RATIONAL_B_SPLINE_SURFACE(((0.854215065273005,0.863397171034595,1.,0.707106781186548,
1.,0.707106781186548,1.,0.707106781186548,1.,0.843709610151952,0.854215065273005),
(0.604021265246252,0.610513994495844,0.707106781186548,0.5,0.707106781186548,
0.5,0.707106781186548,0.5,0.707106781186548,0.596592786690704,0.604021265246252),
(0.854215065273005,0.863397171034595,1.,0.707106781186548,1.,0.707106781186548,
1.,0.707106781186548,1.,0.843709610151952,0.854215065273005)))
REPRESENTATION_ITEM('')
SURFACE()
);
#17=(
BOUNDED_SURFACE()
B_SPLINE_SURFACE(2,2,((#3258,#3259,#3260,#3261,#3262,#3263,#3264,#3265,
#3266,#3267,#3268),(#3269,#3270,#3271,#3272,#3273,#3274,#3275,#3276,#3277,
#3278,#3279),(#3280,#3281,#3282,#3283,#3284,#3285,#3286,#3287,#3288,#3289,
#3290)),.UNSPECIFIED.,.F.,.T.,.F.)
B_SPLINE_SURFACE_WITH_KNOTS((3,3),(3,2,2,2,2,3),(-3.14159265358979,-1.5707963267949),
(2.40898706583725,3.14159265358979,4.71238898038469,6.28318530717959,7.85398163397448,
8.69217237301684),.UNSPECIFIED.)
GEOMETRIC_REPRESENTATION_ITEM()
RATIONAL_B_SPLINE_SURFACE(((0.854215066407087,0.863397179470499,1.,0.707106781186548,
1.,0.707106781186548,1.,0.707106781186548,1.,0.843709601716049,0.854215066407087),
(0.60402126604817,0.61051400046093,0.70710678118655,0.500000000000001,0.70710678118655,
0.500000000000001,0.70710678118655,0.500000000000001,0.70710678118655,0.596592780725621,
0.60402126604817),(0.854215066407087,0.863397179470499,1.,0.707106781186548,
1.,0.707106781186548,1.,0.707106781186548,1.,0.843709601716049,0.854215066407087)))
REPRESENTATION_ITEM('')
SURFACE()
);
#18=(
BOUNDED_SURFACE()
B_SPLINE_SURFACE(2,2,((#3307,#3308,#3309,#3310,#3311,#3312,#3313,#3314,
#3315),(#3316,#3317,#3318,#3319,#3320,#3321,#3322,#3323,#3324),(#3325,#3326,
#3327,#3328,#3329,#3330,#3331,#3332,#3333)),.UNSPECIFIED.,.F.,.T.,.F.)
B_SPLINE_SURFACE_WITH_KNOTS((3,3),(3,2,2,2,3),(-3.14159265358979,-1.5707963267949),
(-3.14159265358979,-1.5707963267949,0.,1.5707963267949,3.14159265358979),
 .UNSPECIFIED.)
GEOMETRIC_REPRESENTATION_ITEM()
RATIONAL_B_SPLINE_SURFACE(((1.,0.707106781186548,1.,0.707106781186548,1.,
0.707106781186548,1.,0.707106781186548,1.),(0.70710678118655,0.500000000000001,
0.70710678118655,0.500000000000001,0.70710678118655,0.500000000000001,0.70710678118655,
0.500000000000001,0.70710678118655),(1.,0.707106781186548,1.,0.707106781186548,
1.,0.707106781186548,1.,0.707106781186548,1.)))
REPRESENTATION_ITEM('')
SURFACE()
);
#19=FACE_BOUND('',#211,.T.);
#20=FACE_BOUND('',#212,.T.);
#21=FACE_BOUND('',#213,.T.);
#22=FACE_BOUND('',#214,.T.);
#23=FACE_BOUND('',#215,.T.);
#24=FACE_BOUND('',#216,.T.);
#25=FACE_BOUND('',#219,.T.);
#26=FACE_BOUND('',#220,.T.);
#27=FACE_BOUND('',#221,.T.);
#28=FACE_BOUND('',#222,.T.);
#29=FACE_BOUND('',#235,.T.);
#30=FACE_BOUND('',#236,.T.);
#31=FACE_BOUND('',#237,.T.);
#32=FACE_BOUND('',#238,.T.);
#33=FACE_BOUND('',#239,.T.);
#34=FACE_BOUND('',#240,.T.);
#35=FACE_BOUND('',#241,.T.);
#36=FACE_BOUND('',#242,.T.);
#37=FACE_BOUND('',#243,.T.);
#38=FACE_BOUND('',#256,.T.);
#39=FACE_BOUND('',#257,.T.);
#40=FACE_BOUND('',#314,.T.);
#41=FACE_BOUND('',#325,.T.);
#42=FACE_BOUND('',#326,.T.);
#43=FACE_BOUND('',#327,.T.);
#44=FACE_BOUND('',#328,.T.);
#45=FACE_BOUND('',#329,.T.);
#46=FACE_BOUND('',#330,.T.);
#47=FACE_BOUND('',#331,.T.);
#48=PLANE('',#2124);
#49=PLANE('',#2125);
#50=PLANE('',#2131);
#51=PLANE('',#2136);
#52=PLANE('',#2137);
#53=PLANE('',#2162);
#54=PLANE('',#2170);
#55=PLANE('',#2171);
#56=PLANE('',#2177);
#57=PLANE('',#2186);
#58=PLANE('',#2190);
#59=PLANE('',#2217);
#60=PLANE('',#2218);
#61=PLANE('',#2219);
#62=PLANE('',#2220);
#63=PLANE('',#2221);
#64=PLANE('',#2222);
#65=PLANE('',#2223);
#66=PLANE('',#2224);
#67=PLANE('',#2225);
#68=PLANE('',#2230);
#69=PLANE('',#2234);
#70=PLANE('',#2236);
#71=PLANE('',#2238);
#72=PLANE('',#2240);
#73=PLANE('',#2243);
#74=PLANE('',#2245);
#75=PLANE('',#2247);
#76=PLANE('',#2249);
#77=PLANE('',#2251);
#78=PLANE('',#2253);
#79=PLANE('',#2255);
#80=PLANE('',#2257);
#81=PLANE('',#2259);
#82=PLANE('',#2261);
#83=PLANE('',#2263);
#84=PLANE('',#2265);
#85=PLANE('',#2268);
#86=PLANE('',#2271);
#87=PLANE('',#2273);
#88=PLANE('',#2275);
#89=PLANE('',#2277);
#90=PLANE('',#2280);
#91=PLANE('',#2284);
#92=PLANE('',#2287);
#93=PLANE('',#2289);
#94=PLANE('',#2292);
#95=PLANE('',#2295);
#96=PLANE('',#2298);
#97=PLANE('',#2311);
#98=PLANE('',#2312);
#99=PLANE('',#2313);
#100=PLANE('',#2314);
#101=FACE_OUTER_BOUND('',#202,.T.);
#102=FACE_OUTER_BOUND('',#203,.T.);
#103=FACE_OUTER_BOUND('',#204,.T.);
#104=FACE_OUTER_BOUND('',#205,.T.);
#105=FACE_OUTER_BOUND('',#206,.T.);
#106=FACE_OUTER_BOUND('',#207,.T.);
#107=FACE_OUTER_BOUND('',#208,.T.);
#108=FACE_OUTER_BOUND('',#209,.T.);
#109=FACE_OUTER_BOUND('',#210,.T.);
#110=FACE_OUTER_BOUND('',#217,.T.);
#111=FACE_OUTER_BOUND('',#218,.T.);
#112=FACE_OUTER_BOUND('',#223,.T.);
#113=FACE_OUTER_BOUND('',#224,.T.);
#114=FACE_OUTER_BOUND('',#225,.T.);
#115=FACE_OUTER_BOUND('',#226,.T.);
#116=FACE_OUTER_BOUND('',#227,.T.);
#117=FACE_OUTER_BOUND('',#228,.T.);
#118=FACE_OUTER_BOUND('',#229,.T.);
#119=FACE_OUTER_BOUND('',#230,.T.);
#120=FACE_OUTER_BOUND('',#231,.T.);
#121=FACE_OUTER_BOUND('',#232,.T.);
#122=FACE_OUTER_BOUND('',#233,.T.);
#123=FACE_OUTER_BOUND('',#234,.T.);
#124=FACE_OUTER_BOUND('',#244,.T.);
#125=FACE_OUTER_BOUND('',#245,.T.);
#126=FACE_OUTER_BOUND('',#246,.T.);
#127=FACE_OUTER_BOUND('',#247,.T.);
#128=FACE_OUTER_BOUND('',#248,.T.);
#129=FACE_OUTER_BOUND('',#249,.T.);
#130=FACE_OUTER_BOUND('',#250,.T.);
#131=FACE_OUTER_BOUND('',#251,.T.);
#132=FACE_OUTER_BOUND('',#252,.T.);
#133=FACE_OUTER_BOUND('',#253,.T.);
#134=FACE_OUTER_BOUND('',#254,.T.);
#135=FACE_OUTER_BOUND('',#255,.T.);
#136=FACE_OUTER_BOUND('',#258,.T.);
#137=FACE_OUTER_BOUND('',#259,.T.);
#138=FACE_OUTER_BOUND('',#260,.T.);
#139=FACE_OUTER_BOUND('',#261,.T.);
#140=FACE_OUTER_BOUND('',#262,.T.);
#141=FACE_OUTER_BOUND('',#263,.T.);
#142=FACE_OUTER_BOUND('',#264,.T.);
#143=FACE_OUTER_BOUND('',#265,.T.);
#144=FACE_OUTER_BOUND('',#266,.T.);
#145=FACE_OUTER_BOUND('',#267,.T.);
#146=FACE_OUTER_BOUND('',#268,.T.);
#147=FACE_OUTER_BOUND('',#269,.T.);
#148=FACE_OUTER_BOUND('',#270,.T.);
#149=FACE_OUTER_BOUND('',#271,.T.);
#150=FACE_OUTER_BOUND('',#272,.T.);
#151=FACE_OUTER_BOUND('',#273,.T.);
#152=FACE_OUTER_BOUND('',#274,.T.);
#153=FACE_OUTER_BOUND('',#275,.T.);
#154=FACE_OUTER_BOUND('',#276,.T.);
#155=FACE_OUTER_BOUND('',#277,.T.);
#156=FACE_OUTER_BOUND('',#278,.T.);
#157=FACE_OUTER_BOUND('',#279,.T.);
#158=FACE_OUTER_BOUND('',#280,.T.);
#159=FACE_OUTER_BOUND('',#281,.T.);
#160=FACE_OUTER_BOUND('',#282,.T.);
#161=FACE_OUTER_BOUND('',#283,.T.);
#162=FACE_OUTER_BOUND('',#284,.T.);
#163=FACE_OUTER_BOUND('',#285,.T.);
#164=FACE_OUTER_BOUND('',#286,.T.);
#165=FACE_OUTER_BOUND('',#287,.T.);
#166=FACE_OUTER_BOUND('',#288,.T.);
#167=FACE_OUTER_BOUND('',#289,.T.);
#168=FACE_OUTER_BOUND('',#290,.T.);
#169=FACE_OUTER_BOUND('',#291,.T.);
#170=FACE_OUTER_BOUND('',#292,.T.);
#171=FACE_OUTER_BOUND('',#293,.T.);
#172=FACE_OUTER_BOUND('',#294,.T.);
#173=FACE_OUTER_BOUND('',#295,.T.);
#174=FACE_OUTER_BOUND('',#296,.T.);
#175=FACE_OUTER_BOUND('',#297,.T.);
#176=FACE_OUTER_BOUND('',#298,.T.);
#177=FACE_OUTER_BOUND('',#299,.T.);
#178=FACE_OUTER_BOUND('',#300,.T.);
#179=FACE_OUTER_BOUND('',#301,.T.);
#180=FACE_OUTER_BOUND('',#302,.T.);
#181=FACE_OUTER_BOUND('',#303,.T.);
#182=FACE_OUTER_BOUND('',#304,.T.);
#183=FACE_OUTER_BOUND('',#305,.T.);
#184=FACE_OUTER_BOUND('',#306,.T.);
#185=FACE_OUTER_BOUND('',#307,.T.);
#186=FACE_OUTER_BOUND('',#308,.T.);
#187=FACE_OUTER_BOUND('',#309,.T.);
#188=FACE_OUTER_BOUND('',#310,.T.);
#189=FACE_OUTER_BOUND('',#311,.T.);
#190=FACE_OUTER_BOUND('',#312,.T.);
#191=FACE_OUTER_BOUND('',#313,.T.);
#192=FACE_OUTER_BOUND('',#315,.T.);
#193=FACE_OUTER_BOUND('',#316,.T.);
#194=FACE_OUTER_BOUND('',#317,.T.);
#195=FACE_OUTER_BOUND('',#318,.T.);
#196=FACE_OUTER_BOUND('',#319,.T.);
#197=FACE_OUTER_BOUND('',#320,.T.);
#198=FACE_OUTER_BOUND('',#321,.T.);
#199=FACE_OUTER_BOUND('',#322,.T.);
#200=FACE_OUTER_BOUND('',#323,.T.);
#201=FACE_OUTER_BOUND('',#324,.T.);
#202=EDGE_LOOP('',(#1345,#1346,#1347,#1348,#1349,#1350,#1351,#1352,#1353));
#203=EDGE_LOOP('',(#1354,#1355));
#204=EDGE_LOOP('',(#1356,#1357,#1358,#1359,#1360,#1361));
#205=EDGE_LOOP('',(#1362,#1363,#1364,#1365));
#206=EDGE_LOOP('',(#1366,#1367,#1368,#1369));
#207=EDGE_LOOP('',(#1370,#1371,#1372,#1373,#1374,#1375,#1376,#1377));
#208=EDGE_LOOP('',(#1378,#1379,#1380,#1381));
#209=EDGE_LOOP('',(#1382,#1383,#1384,#1385));
#210=EDGE_LOOP('',(#1386,#1387,#1388,#1389,#1390,#1391,#1392,#1393,#1394,
#1395,#1396,#1397,#1398));
#211=EDGE_LOOP('',(#1399,#1400,#1401,#1402,#1403,#1404));
#212=EDGE_LOOP('',(#1405,#1406,#1407,#1408,#1409,#1410));
#213=EDGE_LOOP('',(#1411,#1412,#1413,#1414,#1415,#1416));
#214=EDGE_LOOP('',(#1417,#1418,#1419,#1420,#1421,#1422));
#215=EDGE_LOOP('',(#1423,#1424,#1425,#1426,#1427,#1428));
#216=EDGE_LOOP('',(#1429,#1430,#1431,#1432,#1433,#1434));
#217=EDGE_LOOP('',(#1435,#1436,#1437,#1438,#1439));
#218=EDGE_LOOP('',(#1440,#1441,#1442,#1443,#1444,#1445,#1446));
#219=EDGE_LOOP('',(#1447));
#220=EDGE_LOOP('',(#1448));
#221=EDGE_LOOP('',(#1449));
#222=EDGE_LOOP('',(#1450));
#223=EDGE_LOOP('',(#1451,#1452,#1453,#1454));
#224=EDGE_LOOP('',(#1455,#1456,#1457,#1458));
#225=EDGE_LOOP('',(#1459,#1460,#1461,#1462,#1463));
#226=EDGE_LOOP('',(#1464,#1465,#1466,#1467));
#227=EDGE_LOOP('',(#1468,#1469,#1470));
#228=EDGE_LOOP('',(#1471,#1472,#1473));
#229=EDGE_LOOP('',(#1474,#1475,#1476,#1477,#1478,#1479,#1480,#1481,#1482,
#1483,#1484));
#230=EDGE_LOOP('',(#1485,#1486,#1487,#1488));
#231=EDGE_LOOP('',(#1489,#1490,#1491));
#232=EDGE_LOOP('',(#1492,#1493,#1494));
#233=EDGE_LOOP('',(#1495,#1496,#1497,#1498,#1499,#1500,#1501,#1502,#1503,
#1504,#1505));
#234=EDGE_LOOP('',(#1506,#1507,#1508,#1509,#1510,#1511,#1512,#1513,#1514,
#1515,#1516,#1517,#1518,#1519,#1520));
#235=EDGE_LOOP('',(#1521,#1522,#1523,#1524,#1525,#1526));
#236=EDGE_LOOP('',(#1527,#1528,#1529,#1530,#1531,#1532));
#237=EDGE_LOOP('',(#1533,#1534,#1535,#1536,#1537,#1538));
#238=EDGE_LOOP('',(#1539,#1540,#1541,#1542,#1543,#1544));
#239=EDGE_LOOP('',(#1545,#1546,#1547,#1548,#1549,#1550));
#240=EDGE_LOOP('',(#1551,#1552,#1553,#1554,#1555,#1556));
#241=EDGE_LOOP('',(#1557,#1558,#1559,#1560,#1561,#1562));
#242=EDGE_LOOP('',(#1563,#1564,#1565,#1566,#1567,#1568));
#243=EDGE_LOOP('',(#1569,#1570,#1571,#1572,#1573,#1574));
#244=EDGE_LOOP('',(#1575,#1576,#1577,#1578,#1579));
#245=EDGE_LOOP('',(#1580,#1581,#1582,#1583));
#246=EDGE_LOOP('',(#1584,#1585,#1586,#1587));
#247=EDGE_LOOP('',(#1588,#1589,#1590,#1591));
#248=EDGE_LOOP('',(#1592,#1593,#1594,#1595));
#249=EDGE_LOOP('',(#1596,#1597,#1598,#1599));
#250=EDGE_LOOP('',(#1600,#1601,#1602,#1603));
#251=EDGE_LOOP('',(#1604,#1605,#1606,#1607));
#252=EDGE_LOOP('',(#1608,#1609,#1610,#1611));
#253=EDGE_LOOP('',(#1612,#1613,#1614,#1615));
#254=EDGE_LOOP('',(#1616,#1617,#1618,#1619));
#255=EDGE_LOOP('',(#1620,#1621,#1622,#1623,#1624,#1625));
#256=EDGE_LOOP('',(#1626));
#257=EDGE_LOOP('',(#1627));
#258=EDGE_LOOP('',(#1628,#1629,#1630,#1631));
#259=EDGE_LOOP('',(#1632,#1633,#1634,#1635));
#260=EDGE_LOOP('',(#1636,#1637,#1638,#1639));
#261=EDGE_LOOP('',(#1640,#1641,#1642,#1643));
#262=EDGE_LOOP('',(#1644,#1645,#1646,#1647));
#263=EDGE_LOOP('',(#1648,#1649,#1650,#1651));
#264=EDGE_LOOP('',(#1652,#1653,#1654,#1655));
#265=EDGE_LOOP('',(#1656,#1657,#1658,#1659,#1660,#1661,#1662,#1663));
#266=EDGE_LOOP('',(#1664,#1665,#1666,#1667));
#267=EDGE_LOOP('',(#1668,#1669,#1670,#1671));
#268=EDGE_LOOP('',(#1672,#1673,#1674,#1675));
#269=EDGE_LOOP('',(#1676,#1677,#1678,#1679));
#270=EDGE_LOOP('',(#1680,#1681,#1682,#1683));
#271=EDGE_LOOP('',(#1684,#1685,#1686,#1687));
#272=EDGE_LOOP('',(#1688,#1689,#1690,#1691));
#273=EDGE_LOOP('',(#1692,#1693,#1694,#1695));
#274=EDGE_LOOP('',(#1696,#1697,#1698,#1699));
#275=EDGE_LOOP('',(#1700,#1701,#1702,#1703));
#276=EDGE_LOOP('',(#1704,#1705,#1706,#1707));
#277=EDGE_LOOP('',(#1708,#1709,#1710,#1711));
#278=EDGE_LOOP('',(#1712,#1713,#1714,#1715));
#279=EDGE_LOOP('',(#1716,#1717,#1718,#1719));
#280=EDGE_LOOP('',(#1720,#1721,#1722,#1723));
#281=EDGE_LOOP('',(#1724,#1725,#1726,#1727));
#282=EDGE_LOOP('',(#1728,#1729,#1730,#1731));
#283=EDGE_LOOP('',(#1732,#1733,#1734,#1735));
#284=EDGE_LOOP('',(#1736,#1737,#1738,#1739));
#285=EDGE_LOOP('',(#1740,#1741,#1742,#1743));
#286=EDGE_LOOP('',(#1744,#1745,#1746,#1747));
#287=EDGE_LOOP('',(#1748,#1749,#1750,#1751));
#288=EDGE_LOOP('',(#1752,#1753,#1754,#1755));
#289=EDGE_LOOP('',(#1756,#1757,#1758,#1759));
#290=EDGE_LOOP('',(#1760,#1761,#1762,#1763,#1764));
#291=EDGE_LOOP('',(#1765,#1766,#1767,#1768));
#292=EDGE_LOOP('',(#1769,#1770,#1771,#1772,#1773));
#293=EDGE_LOOP('',(#1774,#1775,#1776,#1777));
#294=EDGE_LOOP('',(#1778,#1779,#1780,#1781));
#295=EDGE_LOOP('',(#1782,#1783,#1784,#1785));
#296=EDGE_LOOP('',(#1786,#1787,#1788,#1789));
#297=EDGE_LOOP('',(#1790,#1791,#1792,#1793));
#298=EDGE_LOOP('',(#1794,#1795,#1796,#1797));
#299=EDGE_LOOP('',(#1798,#1799,#1800,#1801));
#300=EDGE_LOOP('',(#1802,#1803,#1804,#1805));
#301=EDGE_LOOP('',(#1806,#1807,#1808,#1809));
#302=EDGE_LOOP('',(#1810,#1811,#1812,#1813,#1814));
#303=EDGE_LOOP('',(#1815,#1816,#1817,#1818));
#304=EDGE_LOOP('',(#1819,#1820,#1821,#1822,#1823));
#305=EDGE_LOOP('',(#1824,#1825,#1826,#1827));
#306=EDGE_LOOP('',(#1828,#1829,#1830,#1831,#1832,#1833));
#307=EDGE_LOOP('',(#1834,#1835,#1836,#1837));
#308=EDGE_LOOP('',(#1838,#1839,#1840,#1841));
#309=EDGE_LOOP('',(#1842,#1843,#1844,#1845,#1846));
#310=EDGE_LOOP('',(#1847,#1848,#1849,#1850));
#311=EDGE_LOOP('',(#1851,#1852,#1853,#1854,#1855));
#312=EDGE_LOOP('',(#1856,#1857,#1858,#1859,#1860,#1861,#1862,#1863,#1864,
#1865,#1866,#1867,#1868,#1869));
#313=EDGE_LOOP('',(#1870,#1871,#1872,#1873,#1874,#1875,#1876,#1877,#1878));
#314=EDGE_LOOP('',(#1879,#1880,#1881,#1882));
#315=EDGE_LOOP('',(#1883,#1884,#1885,#1886,#1887,#1888,#1889,#1890,#1891,
#1892,#1893,#1894));
#316=EDGE_LOOP('',(#1895,#1896,#1897,#1898));
#317=EDGE_LOOP('',(#1899,#1900,#1901,#1902,#1903,#1904,#1905,#1906,#1907,
#1908,#1909,#1910));
#318=EDGE_LOOP('',(#1911,#1912,#1913,#1914));
#319=EDGE_LOOP('',(#1915,#1916,#1917,#1918));
#320=EDGE_LOOP('',(#1919,#1920,#1921,#1922));
#321=EDGE_LOOP('',(#1923,#1924,#1925,#1926));
#322=EDGE_LOOP('',(#1927,#1928,#1929,#1930,#1931,#1932,#1933,#1934,#1935));
#323=EDGE_LOOP('',(#1936,#1937,#1938,#1939));
#324=EDGE_LOOP('',(#1940,#1941,#1942,#1943,#1944,#1945,#1946,#1947,#1948,
#1949,#1950,#1951));
#325=EDGE_LOOP('',(#1952));
#326=EDGE_LOOP('',(#1953));
#327=EDGE_LOOP('',(#1954));
#328=EDGE_LOOP('',(#1955));
#329=EDGE_LOOP('',(#1956));
#330=EDGE_LOOP('',(#1957));
#331=EDGE_LOOP('',(#1958));
#332=LINE('',#2950,#530);
#333=LINE('',#2953,#531);
#334=LINE('',#2956,#532);
#335=LINE('',#2958,#533);
#336=LINE('',#2960,#534);
#337=LINE('',#2962,#535);
#338=LINE('',#2963,#536);
#339=LINE('',#2966,#537);
#340=LINE('',#2973,#538);
#341=LINE('',#2976,#539);
#342=LINE('',#2979,#540);
#343=LINE('',#2981,#541);
#344=LINE('',#2983,#542);
#345=LINE('',#2987,#543);
#346=LINE('',#2989,#544);
#347=LINE('',#2990,#545);
#348=LINE('',#2996,#546);
#349=LINE('',#2999,#547);
#350=LINE('',#3001,#548);
#351=LINE('',#3002,#549);
#352=LINE('',#3005,#550);
#353=LINE('',#3007,#551);
#354=LINE('',#3011,#552);
#355=LINE('',#3015,#553);
#356=LINE('',#3017,#554);
#357=LINE('',#3019,#555);
#358=LINE('',#3021,#556);
#359=LINE('',#3025,#557);
#360=LINE('',#3029,#558);
#361=LINE('',#3033,#559);
#362=LINE('',#3037,#560);
#363=LINE('',#3041,#561);
#364=LINE('',#3045,#562);
#365=LINE('',#3050,#563);
#366=LINE('',#3054,#564);
#367=LINE('',#3058,#565);
#368=LINE('',#3062,#566);
#369=LINE('',#3066,#567);
#370=LINE('',#3070,#568);
#371=LINE('',#3074,#569);
#372=LINE('',#3078,#570);
#373=LINE('',#3082,#571);
#374=LINE('',#3086,#572);
#375=LINE('',#3090,#573);
#376=LINE('',#3096,#574);
#377=LINE('',#3100,#575);
#378=LINE('',#3102,#576);
#379=LINE('',#3104,#577);
#380=LINE('',#3106,#578);
#381=LINE('',#3108,#579);
#382=LINE('',#3109,#580);
#383=LINE('',#3123,#581);
#384=LINE('',#3126,#582);
#385=LINE('',#3128,#583);
#386=LINE('',#3129,#584);
#387=LINE('',#3131,#585);
#388=LINE('',#3137,#586);
#389=LINE('',#3140,#587);
#390=LINE('',#3237,#588);
#391=LINE('',#3239,#589);
#392=LINE('',#3243,#590);
#393=LINE('',#3245,#591);
#394=LINE('',#3247,#592);
#395=LINE('',#3254,#593);
#396=LINE('',#3257,#594);
#397=LINE('',#3354,#595);
#398=LINE('',#3356,#596);
#399=LINE('',#3358,#597);
#400=LINE('',#3362,#598);
#401=LINE('',#3364,#599);
#402=LINE('',#3368,#600);
#403=LINE('',#3370,#601);
#404=LINE('',#3371,#602);
#405=LINE('',#3372,#603);
#406=LINE('',#3374,#604);
#407=LINE('',#3376,#605);
#408=LINE('',#3377,#606);
#409=LINE('',#3380,#607);
#410=LINE('',#3384,#608);
#411=LINE('',#3388,#609);
#412=LINE('',#3392,#610);
#413=LINE('',#3396,#611);
#414=LINE('',#3400,#612);
#415=LINE('',#3404,#613);
#416=LINE('',#3408,#614);
#417=LINE('',#3412,#615);
#418=LINE('',#3415,#616);
#419=LINE('',#3419,#617);
#420=LINE('',#3423,#618);
#421=LINE('',#3427,#619);
#422=LINE('',#3431,#620);
#423=LINE('',#3435,#621);
#424=LINE('',#3439,#622);
#425=LINE('',#3443,#623);
#426=LINE('',#3447,#624);
#427=LINE('',#3451,#625);
#428=LINE('',#3455,#626);
#429=LINE('',#3459,#627);
#430=LINE('',#3463,#628);
#431=LINE('',#3467,#629);
#432=LINE('',#3471,#630);
#433=LINE('',#3475,#631);
#434=LINE('',#3479,#632);
#435=LINE('',#3483,#633);
#436=LINE('',#3484,#634);
#437=LINE('',#3487,#635);
#438=LINE('',#3489,#636);
#439=LINE('',#3490,#637);
#440=LINE('',#3493,#638);
#441=LINE('',#3494,#639);
#442=LINE('',#3496,#640);
#443=LINE('',#3498,#641);
#444=LINE('',#3500,#642);
#445=LINE('',#3501,#643);
#446=LINE('',#3503,#644);
#447=LINE('',#3505,#645);
#448=LINE('',#3506,#646);
#449=LINE('',#3509,#647);
#450=LINE('',#3510,#648);
#451=LINE('',#3513,#649);
#452=LINE('',#3517,#650);
#453=LINE('',#3520,#651);
#454=LINE('',#3522,#652);
#455=LINE('',#3528,#653);
#456=LINE('',#3529,#654);
#457=LINE('',#3531,#655);
#458=LINE('',#3533,#656);
#459=LINE('',#3535,#657);
#460=LINE('',#3537,#658);
#461=LINE('',#3539,#659);
#462=LINE('',#3541,#660);
#463=LINE('',#3543,#661);
#464=LINE('',#3546,#662);
#465=LINE('',#3549,#663);
#466=LINE('',#3550,#664);
#467=LINE('',#3552,#665);
#468=LINE('',#3554,#666);
#469=LINE('',#3556,#667);
#470=LINE('',#3558,#668);
#471=LINE('',#3561,#669);
#472=LINE('',#3562,#670);
#473=LINE('',#3564,#671);
#474=LINE('',#3566,#672);
#475=LINE('',#3567,#673);
#476=LINE('',#3570,#674);
#477=LINE('',#3573,#675);
#478=LINE('',#3574,#676);
#479=LINE('',#3576,#677);
#480=LINE('',#3578,#678);
#481=LINE('',#3580,#679);
#482=LINE('',#3582,#680);
#483=LINE('',#3585,#681);
#484=LINE('',#3586,#682);
#485=LINE('',#3588,#683);
#486=LINE('',#3591,#684);
#487=LINE('',#3607,#685);
#488=LINE('',#3611,#686);
#489=LINE('',#3615,#687);
#490=LINE('',#3616,#688);
#491=LINE('',#3618,#689);
#492=LINE('',#3620,#690);
#493=LINE('',#3621,#691);
#494=LINE('',#3624,#692);
#495=LINE('',#3628,#693);
#496=LINE('',#3645,#694);
#497=LINE('',#3648,#695);
#498=LINE('',#3652,#696);
#499=LINE('',#3669,#697);
#500=LINE('',#3671,#698);
#501=LINE('',#3675,#699);
#502=LINE('',#3678,#700);
#503=LINE('',#3681,#701);
#504=LINE('',#3683,#702);
#505=LINE('',#3684,#703);
#506=LINE('',#3688,#704);
#507=LINE('',#3691,#705);
#508=LINE('',#3695,#706);
#509=LINE('',#3696,#707);
#510=LINE('',#3698,#708);
#511=LINE('',#3701,#709);
#512=LINE('',#3706,#710);
#513=LINE('',#3708,#711);
#514=LINE('',#3710,#712);
#515=LINE('',#3712,#713);
#516=LINE('',#3714,#714);
#517=LINE('',#3718,#715);
#518=LINE('',#3719,#716);
#519=LINE('',#3721,#717);
#520=LINE('',#3723,#718);
#521=LINE('',#3727,#719);
#522=LINE('',#3730,#720);
#523=LINE('',#3732,#721);
#524=LINE('',#3736,#722);
#525=LINE('',#3740,#723);
#526=LINE('',#3744,#724);
#527=LINE('',#3747,#725);
#528=LINE('',#3749,#726);
#529=LINE('',#3751,#727);
#530=VECTOR('',#2327,1.25);
#531=VECTOR('',#2332,10.);
#532=VECTOR('',#2335,10.);
#533=VECTOR('',#2336,10.);
#534=VECTOR('',#2337,10.);
#535=VECTOR('',#2338,10.);
#536=VECTOR('',#2339,10.);
#537=VECTOR('',#2342,10.);
#538=VECTOR('',#2349,10.);
#539=VECTOR('',#2352,10.);
#540=VECTOR('',#2355,10.);
#541=VECTOR('',#2356,10.);
#542=VECTOR('',#2357,10.);
#543=VECTOR('',#2360,10.);
#544=VECTOR('',#2361,10.);
#545=VECTOR('',#2362,10.);
#546=VECTOR('',#2369,10.);
#547=VECTOR('',#2372,10.);
#548=VECTOR('',#2373,10.);
#549=VECTOR('',#2374,10.);
#550=VECTOR('',#2377,10.);
#551=VECTOR('',#2378,10.);
#552=VECTOR('',#2381,10.);
#553=VECTOR('',#2384,10.);
#554=VECTOR('',#2385,10.);
#555=VECTOR('',#2386,10.);
#556=VECTOR('',#2387,10.);
#557=VECTOR('',#2390,10.);
#558=VECTOR('',#2393,10.);
#559=VECTOR('',#2396,10.);
#560=VECTOR('',#2399,10.);
#561=VECTOR('',#2402,10.);
#562=VECTOR('',#2405,10.);
#563=VECTOR('',#2410,10.);
#564=VECTOR('',#2413,10.);
#565=VECTOR('',#2416,10.);
#566=VECTOR('',#2419,10.);
#567=VECTOR('',#2422,10.);
#568=VECTOR('',#2425,10.);
#569=VECTOR('',#2428,10.);
#570=VECTOR('',#2431,10.);
#571=VECTOR('',#2434,10.);
#572=VECTOR('',#2437,10.);
#573=VECTOR('',#2440,10.);
#574=VECTOR('',#2447,10.);
#575=VECTOR('',#2452,10.);
#576=VECTOR('',#2453,10.);
#577=VECTOR('',#2454,10.);
#578=VECTOR('',#2455,10.);
#579=VECTOR('',#2456,10.);
#580=VECTOR('',#2457,10.);
#581=VECTOR('',#2472,10.);
#582=VECTOR('',#2475,10.);
#583=VECTOR('',#2476,10.);
#584=VECTOR('',#2477,10.);
#585=VECTOR('',#2480,10.);
#586=VECTOR('',#2485,10.);
#587=VECTOR('',#2488,10.);
#588=VECTOR('',#2497,10.);
#589=VECTOR('',#2498,10.);
#590=VECTOR('',#2501,10.);
#591=VECTOR('',#2502,10.);
#592=VECTOR('',#2503,10.);
#593=VECTOR('',#2510,10.);
#594=VECTOR('',#2513,10.);
#595=VECTOR('',#2522,10.);
#596=VECTOR('',#2523,10.);
#597=VECTOR('',#2524,10.);
#598=VECTOR('',#2527,10.);
#599=VECTOR('',#2528,10.);
#600=VECTOR('',#2533,10.);
#601=VECTOR('',#2534,10.);
#602=VECTOR('',#2535,10.);
#603=VECTOR('',#2536,10.);
#604=VECTOR('',#2537,10.);
#605=VECTOR('',#2538,10.);
#606=VECTOR('',#2539,10.);
#607=VECTOR('',#2540,10.);
#608=VECTOR('',#2543,10.);
#609=VECTOR('',#2546,10.);
#610=VECTOR('',#2549,10.);
#611=VECTOR('',#2552,10.);
#612=VECTOR('',#2555,10.);
#613=VECTOR('',#2558,10.);
#614=VECTOR('',#2561,10.);
#615=VECTOR('',#2564,10.);
#616=VECTOR('',#2567,10.);
#617=VECTOR('',#2570,10.);
#618=VECTOR('',#2573,10.);
#619=VECTOR('',#2576,10.);
#620=VECTOR('',#2579,10.);
#621=VECTOR('',#2582,10.);
#622=VECTOR('',#2585,10.);
#623=VECTOR('',#2588,10.);
#624=VECTOR('',#2591,10.);
#625=VECTOR('',#2594,10.);
#626=VECTOR('',#2597,10.);
#627=VECTOR('',#2600,10.);
#628=VECTOR('',#2603,10.);
#629=VECTOR('',#2606,10.);
#630=VECTOR('',#2609,10.);
#631=VECTOR('',#2612,10.);
#632=VECTOR('',#2615,10.);
#633=VECTOR('',#2620,10.);
#634=VECTOR('',#2621,10.);
#635=VECTOR('',#2624,10.);
#636=VECTOR('',#2625,10.);
#637=VECTOR('',#2626,10.);
#638=VECTOR('',#2629,10.);
#639=VECTOR('',#2630,10.);
#640=VECTOR('',#2633,10.);
#641=VECTOR('',#2636,10.);
#642=VECTOR('',#2639,10.);
#643=VECTOR('',#2640,10.);
#644=VECTOR('',#2643,10.);
#645=VECTOR('',#2646,10.);
#646=VECTOR('',#2647,10.);
#647=VECTOR('',#2650,10.);
#648=VECTOR('',#2651,10.);
#649=VECTOR('',#2654,10.);
#650=VECTOR('',#2659,10.);
#651=VECTOR('',#2662,10.);
#652=VECTOR('',#2665,10.);
#653=VECTOR('',#2672,10.);
#654=VECTOR('',#2673,10.);
#655=VECTOR('',#2676,10.);
#656=VECTOR('',#2679,10.);
#657=VECTOR('',#2682,10.);
#658=VECTOR('',#2685,10.);
#659=VECTOR('',#2688,10.);
#660=VECTOR('',#2691,10.);
#661=VECTOR('',#2694,10.);
#662=VECTOR('',#2699,10.);
#663=VECTOR('',#2704,10.);
#664=VECTOR('',#2705,10.);
#665=VECTOR('',#2708,10.);
#666=VECTOR('',#2711,10.);
#667=VECTOR('',#2714,10.);
#668=VECTOR('',#2717,10.);
#669=VECTOR('',#2722,10.);
#670=VECTOR('',#2723,10.);
#671=VECTOR('',#2726,10.);
#672=VECTOR('',#2729,10.);
#673=VECTOR('',#2730,10.);
#674=VECTOR('',#2735,10.);
#675=VECTOR('',#2740,10.);
#676=VECTOR('',#2741,10.);
#677=VECTOR('',#2744,10.);
#678=VECTOR('',#2747,10.);
#679=VECTOR('',#2750,10.);
#680=VECTOR('',#2753,10.);
#681=VECTOR('',#2758,10.);
#682=VECTOR('',#2759,10.);
#683=VECTOR('',#2762,10.);
#684=VECTOR('',#2765,10.);
#685=VECTOR('',#2766,10.);
#686=VECTOR('',#2773,10.);
#687=VECTOR('',#2780,10.);
#688=VECTOR('',#2781,10.);
#689=VECTOR('',#2784,10.);
#690=VECTOR('',#2787,10.);
#691=VECTOR('',#2788,10.);
#692=VECTOR('',#2793,10.);
#693=VECTOR('',#2798,10.);
#694=VECTOR('',#2799,10.);
#695=VECTOR('',#2802,10.);
#696=VECTOR('',#2807,10.);
#697=VECTOR('',#2810,10.);
#698=VECTOR('',#2811,10.);
#699=VECTOR('',#2816,10.);
#700=VECTOR('',#2819,10.);
#701=VECTOR('',#2822,10.);
#702=VECTOR('',#2823,10.);
#703=VECTOR('',#2824,10.);
#704=VECTOR('',#2829,10.);
#705=VECTOR('',#2832,10.);
#706=VECTOR('',#2835,10.);
#707=VECTOR('',#2836,10.);
#708=VECTOR('',#2839,10.);
#709=VECTOR('',#2842,10.);
#710=VECTOR('',#2849,10.);
#711=VECTOR('',#2852,10.);
#712=VECTOR('',#2855,10.);
#713=VECTOR('',#2858,10.);
#714=VECTOR('',#2859,10.);
#715=VECTOR('',#2864,10.);
#716=VECTOR('',#2865,10.);
#717=VECTOR('',#2868,1.5);
#718=VECTOR('',#2869,1.5);
#719=VECTOR('',#2874,2.00000000000001);
#720=VECTOR('',#2879,1.5);
#721=VECTOR('',#2880,1.5);
#722=VECTOR('',#2885,1.09999999999999);
#723=VECTOR('',#2890,1.1);
#724=VECTOR('',#2895,1.1);
#725=VECTOR('',#2900,10.);
#726=VECTOR('',#2903,10.);
#727=VECTOR('',#2906,10.);
#728=B_SPLINE_CURVE_WITH_KNOTS('',3,(#2919,#2920,#2921,#2922,#2923,#2924,
#2925,#2926,#2927,#2928,#2929,#2930,#2931,#2932),.UNSPECIFIED.,.F.,.F.,
(4,2,2,2,2,2,4),(0.0367641210199388,0.038852871713452,0.0601701592344201,
0.0814874467553882,0.100563813020784,0.11964017928618,0.122850043392505),
 .UNSPECIFIED.);
#729=B_SPLINE_CURVE_WITH_KNOTS('',3,(#2935,#2936,#2937,#2938,#2939,#2940,
#2941,#2942,#2943,#2944,#2945,#2946,#2947,#2948),.UNSPECIFIED.,.F.,.F.,
(4,2,2,2,2,2,4),(0.192108754839457,0.195318618945783,0.214394985211179,
0.233471351476575,0.254788638997543,0.276105926518511,0.278194677212024),
 .UNSPECIFIED.);
#730=B_SPLINE_CURVE_WITH_KNOTS('',3,(#3169,#3170,#3171,#3172,#3173,#3174,
#3175,#3176,#3177,#3178,#3179,#3180,#3181,#3182),.UNSPECIFIED.,.F.,.F.,
(4,2,2,2,2,2,4),(0.,0.0506893513107407,0.0999099349415182,0.150850847297627,
0.208523899107736,0.323759875185691,0.325014940673117),.UNSPECIFIED.);
#731=B_SPLINE_CURVE_WITH_KNOTS('',3,(#3218,#3219,#3220,#3221,#3222,#3223,
#3224,#3225,#3226,#3227,#3228,#3229,#3230,#3231),.UNSPECIFIED.,.F.,.F.,
(4,2,2,2,2,2,4),(-0.00144921018577306,0.,0.133061702350083,0.199656135050314,
0.258477041056068,0.315311502579942,0.37384193383917),.UNSPECIFIED.);
#732=B_SPLINE_CURVE_WITH_KNOTS('',3,(#3292,#3293,#3294,#3295,#3296,#3297,
#3298,#3299,#3300,#3301,#3302,#3303,#3304,#3305),.UNSPECIFIED.,.F.,.F.,
(4,2,2,2,2,2,4),(-0.00144921018592872,0.,0.1330617023499,0.199656135050114,
0.258477041055852,0.31531150257971,0.373841933838924),.UNSPECIFIED.);
#733=B_SPLINE_CURVE_WITH_KNOTS('',3,(#3335,#3336,#3337,#3338,#3339,#3340,
#3341,#3342,#3343,#3344,#3345,#3346,#3347,#3348),.UNSPECIFIED.,.F.,.F.,
(4,2,2,2,2,2,4),(0.,0.0506893513107427,0.0999099349415239,0.150850847297637,
0.208523899107749,0.323759875185664,0.325014940673136),.UNSPECIFIED.);
#734=B_SPLINE_CURVE_WITH_KNOTS('',3,(#3593,#3594,#3595,#3596,#3597,#3598,
#3599,#3600,#3601,#3602,#3603,#3604,#3605,#3606),.UNSPECIFIED.,.F.,.F.,
(4,2,2,2,2,2,4),(0.117560924680489,0.133546999971971,0.152372656564891,
0.171198313157812,0.190023969750732,0.209381060558419,0.228738151366106),
 .UNSPECIFIED.);
#735=B_SPLINE_CURVE_WITH_KNOTS('',3,(#3630,#3631,#3632,#3633,#3634,#3635,
#3636,#3637,#3638,#3639,#3640,#3641,#3642,#3643,#3644),.UNSPECIFIED.,.F.,
 .F.,(4,2,3,2,2,2,4),(-0.0346848497044668,-0.0188105727460189,0.,0.0188105727460189,
0.0376211454920377,0.0567844715001703,0.075947797508303),.UNSPECIFIED.);
#736=B_SPLINE_CURVE_WITH_KNOTS('',3,(#3653,#3654,#3655,#3656,#3657,#3658,
#3659,#3660,#3661,#3662,#3663,#3664,#3665,#3666),.UNSPECIFIED.,.F.,.F.,
(4,2,2,2,2,2,4),(0.200594062222537,0.202019199292918,0.224769229116965,
0.247519258941012,0.269615368620027,0.291711478299042,0.293476586964431),
 .UNSPECIFIED.);
#737=CIRCLE('',#2120,1.25);
#738=CIRCLE('',#2123,1.25);
#739=CIRCLE('',#2127,0.5);
#740=CIRCLE('',#2129,10.);
#741=CIRCLE('',#2130,10.);
#742=CIRCLE('',#2132,9.99999999999996);
#743=CIRCLE('',#2134,3.);
#744=CIRCLE('',#2135,3.);
#745=CIRCLE('',#2138,0.5);
#746=CIRCLE('',#2139,0.5);
#747=CIRCLE('',#2140,3.);
#748=CIRCLE('',#2141,0.5);
#749=CIRCLE('',#2142,0.5);
#750=CIRCLE('',#2143,0.5);
#751=CIRCLE('',#2144,0.5);
#752=CIRCLE('',#2145,0.5);
#753=CIRCLE('',#2146,0.5);
#754=CIRCLE('',#2147,0.5);
#755=CIRCLE('',#2148,0.5);
#756=CIRCLE('',#2149,0.5);
#757=CIRCLE('',#2150,0.5);
#758=CIRCLE('',#2151,0.5);
#759=CIRCLE('',#2152,0.5);
#760=CIRCLE('',#2153,0.5);
#761=CIRCLE('',#2154,0.5);
#762=CIRCLE('',#2155,0.5);
#763=CIRCLE('',#2156,0.5);
#764=CIRCLE('',#2157,0.5);
#765=CIRCLE('',#2158,0.5);
#766=CIRCLE('',#2161,3.);
#767=CIRCLE('',#2163,2.00000000000001);
#768=CIRCLE('',#2164,1.09999999999999);
#769=CIRCLE('',#2165,1.1);
#770=CIRCLE('',#2166,1.1);
#771=CIRCLE('',#2169,2.);
#772=CIRCLE('',#2173,2.);
#773=CIRCLE('',#2174,2.);
#774=CIRCLE('',#2175,2.);
#775=CIRCLE('',#2176,2.);
#776=CIRCLE('',#2178,1.5);
#777=CIRCLE('',#2179,3.);
#778=CIRCLE('',#2180,1.5);
#779=CIRCLE('',#2182,2.);
#780=CIRCLE('',#2183,2.);
#781=CIRCLE('',#2184,2.);
#782=CIRCLE('',#2185,2.);
#783=CIRCLE('',#2187,1.5);
#784=CIRCLE('',#2188,3.);
#785=CIRCLE('',#2189,1.5);
#786=CIRCLE('',#2191,0.5);
#787=CIRCLE('',#2192,0.5);
#788=CIRCLE('',#2193,0.5);
#789=CIRCLE('',#2194,0.5);
#790=CIRCLE('',#2195,0.5);
#791=CIRCLE('',#2196,0.5);
#792=CIRCLE('',#2197,0.5);
#793=CIRCLE('',#2198,0.5);
#794=CIRCLE('',#2199,0.5);
#795=CIRCLE('',#2200,0.5);
#796=CIRCLE('',#2201,0.5);
#797=CIRCLE('',#2202,0.5);
#798=CIRCLE('',#2203,0.5);
#799=CIRCLE('',#2204,0.5);
#800=CIRCLE('',#2205,0.5);
#801=CIRCLE('',#2206,0.5);
#802=CIRCLE('',#2207,0.5);
#803=CIRCLE('',#2208,0.5);
#804=CIRCLE('',#2209,0.5);
#805=CIRCLE('',#2210,0.5);
#806=CIRCLE('',#2211,0.5);
#807=CIRCLE('',#2212,0.5);
#808=CIRCLE('',#2213,0.5);
#809=CIRCLE('',#2214,0.5);
#810=CIRCLE('',#2215,0.5);
#811=CIRCLE('',#2216,0.5);
#812=CIRCLE('',#2227,3.);
#813=CIRCLE('',#2229,3.);
#814=CIRCLE('',#2231,1.5);
#815=CIRCLE('',#2232,1.5);
#816=CIRCLE('',#2269,9.99999999999996);
#817=CIRCLE('',#2286,0.5);
#818=CIRCLE('',#2288,0.5);
#819=CIRCLE('',#2293,9.99999999999996);
#820=CIRCLE('',#2297,9.99999999999996);
#821=CIRCLE('',#2300,1.5);
#822=CIRCLE('',#2302,2.00000000000001);
#823=CIRCLE('',#2304,1.5);
#824=CIRCLE('',#2306,1.09999999999999);
#825=CIRCLE('',#2308,1.1);
#826=CIRCLE('',#2310,1.1);
#827=ELLIPSE('',#2119,1.88811865350431,1.25);
#828=ELLIPSE('',#2121,1.88811865350431,1.25);
#829=ELLIPSE('',#2122,1.88811865350431,1.25);
#830=ELLIPSE('',#2160,5.24483426575087,3.);
#831=ELLIPSE('',#2168,2.9422921029756,2.);
#832=ELLIPSE('',#2266,15.1049492280345,9.99999999999996);
#833=ELLIPSE('',#2278,15.1049492280345,9.99999999999996);
#834=ELLIPSE('',#2281,15.1049492280345,9.99999999999996);
#835=ELLIPSE('',#2283,0.735573025743901,0.5);
#836=ELLIPSE('',#2291,0.735573025743901,0.5);
#837=VERTEX_POINT('',#2911);
#838=VERTEX_POINT('',#2912);
#839=VERTEX_POINT('',#2914);
#840=VERTEX_POINT('',#2916);
#841=VERTEX_POINT('',#2918);
#842=VERTEX_POINT('',#2933);
#843=VERTEX_POINT('',#2949);
#844=VERTEX_POINT('',#2955);
#845=VERTEX_POINT('',#2957);
#846=VERTEX_POINT('',#2959);
#847=VERTEX_POINT('',#2961);
#848=VERTEX_POINT('',#2965);
#849=VERTEX_POINT('',#2969);
#850=VERTEX_POINT('',#2970);
#851=VERTEX_POINT('',#2972);
#852=VERTEX_POINT('',#2974);
#853=VERTEX_POINT('',#2978);
#854=VERTEX_POINT('',#2980);
#855=VERTEX_POINT('',#2982);
#856=VERTEX_POINT('',#2984);
#857=VERTEX_POINT('',#2986);
#858=VERTEX_POINT('',#2988);
#859=VERTEX_POINT('',#2992);
#860=VERTEX_POINT('',#2994);
#861=VERTEX_POINT('',#2998);
#862=VERTEX_POINT('',#3000);
#863=VERTEX_POINT('',#3004);
#864=VERTEX_POINT('',#3006);
#865=VERTEX_POINT('',#3008);
#866=VERTEX_POINT('',#3010);
#867=VERTEX_POINT('',#3012);
#868=VERTEX_POINT('',#3014);
#869=VERTEX_POINT('',#3016);
#870=VERTEX_POINT('',#3018);
#871=VERTEX_POINT('',#3020);
#872=VERTEX_POINT('',#3023);
#873=VERTEX_POINT('',#3024);
#874=VERTEX_POINT('',#3026);
#875=VERTEX_POINT('',#3028);
#876=VERTEX_POINT('',#3030);
#877=VERTEX_POINT('',#3032);
#878=VERTEX_POINT('',#3035);
#879=VERTEX_POINT('',#3036);
#880=VERTEX_POINT('',#3038);
#881=VERTEX_POINT('',#3040);
#882=VERTEX_POINT('',#3042);
#883=VERTEX_POINT('',#3044);
#884=VERTEX_POINT('',#3047);
#885=VERTEX_POINT('',#3049);
#886=VERTEX_POINT('',#3051);
#887=VERTEX_POINT('',#3053);
#888=VERTEX_POINT('',#3056);
#889=VERTEX_POINT('',#3057);
#890=VERTEX_POINT('',#3059);
#891=VERTEX_POINT('',#3061);
#892=VERTEX_POINT('',#3063);
#893=VERTEX_POINT('',#3065);
#894=VERTEX_POINT('',#3068);
#895=VERTEX_POINT('',#3069);
#896=VERTEX_POINT('',#3071);
#897=VERTEX_POINT('',#3073);
#898=VERTEX_POINT('',#3075);
#899=VERTEX_POINT('',#3077);
#900=VERTEX_POINT('',#3080);
#901=VERTEX_POINT('',#3081);
#902=VERTEX_POINT('',#3083);
#903=VERTEX_POINT('',#3085);
#904=VERTEX_POINT('',#3087);
#905=VERTEX_POINT('',#3089);
#906=VERTEX_POINT('',#3093);
#907=VERTEX_POINT('',#3095);
#908=VERTEX_POINT('',#3099);
#909=VERTEX_POINT('',#3101);
#910=VERTEX_POINT('',#3103);
#911=VERTEX_POINT('',#3105);
#912=VERTEX_POINT('',#3107);
#913=VERTEX_POINT('',#3110);
#914=VERTEX_POINT('',#3112);
#915=VERTEX_POINT('',#3114);
#916=VERTEX_POINT('',#3116);
#917=VERTEX_POINT('',#3119);
#918=VERTEX_POINT('',#3121);
#919=VERTEX_POINT('',#3125);
#920=VERTEX_POINT('',#3127);
#921=VERTEX_POINT('',#3133);
#922=VERTEX_POINT('',#3134);
#923=VERTEX_POINT('',#3136);
#924=VERTEX_POINT('',#3138);
#925=VERTEX_POINT('',#3168);
#926=VERTEX_POINT('',#3217);
#927=VERTEX_POINT('',#3234);
#928=VERTEX_POINT('',#3236);
#929=VERTEX_POINT('',#3238);
#930=VERTEX_POINT('',#3240);
#931=VERTEX_POINT('',#3242);
#932=VERTEX_POINT('',#3244);
#933=VERTEX_POINT('',#3246);
#934=VERTEX_POINT('',#3250);
#935=VERTEX_POINT('',#3251);
#936=VERTEX_POINT('',#3253);
#937=VERTEX_POINT('',#3255);
#938=VERTEX_POINT('',#3291);
#939=VERTEX_POINT('',#3334);
#940=VERTEX_POINT('',#3351);
#941=VERTEX_POINT('',#3353);
#942=VERTEX_POINT('',#3355);
#943=VERTEX_POINT('',#3357);
#944=VERTEX_POINT('',#3359);
#945=VERTEX_POINT('',#3361);
#946=VERTEX_POINT('',#3363);
#947=VERTEX_POINT('',#3367);
#948=VERTEX_POINT('',#3369);
#949=VERTEX_POINT('',#3373);
#950=VERTEX_POINT('',#3375);
#951=VERTEX_POINT('',#3378);
#952=VERTEX_POINT('',#3379);
#953=VERTEX_POINT('',#3381);
#954=VERTEX_POINT('',#3383);
#955=VERTEX_POINT('',#3385);
#956=VERTEX_POINT('',#3387);
#957=VERTEX_POINT('',#3390);
#958=VERTEX_POINT('',#3391);
#959=VERTEX_POINT('',#3393);
#960=VERTEX_POINT('',#3395);
#961=VERTEX_POINT('',#3397);
#962=VERTEX_POINT('',#3399);
#963=VERTEX_POINT('',#3402);
#964=VERTEX_POINT('',#3403);
#965=VERTEX_POINT('',#3405);
#966=VERTEX_POINT('',#3407);
#967=VERTEX_POINT('',#3409);
#968=VERTEX_POINT('',#3411);
#969=VERTEX_POINT('',#3414);
#970=VERTEX_POINT('',#3416);
#971=VERTEX_POINT('',#3418);
#972=VERTEX_POINT('',#3421);
#973=VERTEX_POINT('',#3422);
#974=VERTEX_POINT('',#3424);
#975=VERTEX_POINT('',#3426);
#976=VERTEX_POINT('',#3428);
#977=VERTEX_POINT('',#3430);
#978=VERTEX_POINT('',#3433);
#979=VERTEX_POINT('',#3434);
#980=VERTEX_POINT('',#3436);
#981=VERTEX_POINT('',#3438);
#982=VERTEX_POINT('',#3440);
#983=VERTEX_POINT('',#3442);
#984=VERTEX_POINT('',#3445);
#985=VERTEX_POINT('',#3446);
#986=VERTEX_POINT('',#3448);
#987=VERTEX_POINT('',#3450);
#988=VERTEX_POINT('',#3452);
#989=VERTEX_POINT('',#3454);
#990=VERTEX_POINT('',#3457);
#991=VERTEX_POINT('',#3458);
#992=VERTEX_POINT('',#3460);
#993=VERTEX_POINT('',#3462);
#994=VERTEX_POINT('',#3464);
#995=VERTEX_POINT('',#3466);
#996=VERTEX_POINT('',#3469);
#997=VERTEX_POINT('',#3470);
#998=VERTEX_POINT('',#3472);
#999=VERTEX_POINT('',#3474);
#1000=VERTEX_POINT('',#3476);
#1001=VERTEX_POINT('',#3478);
#1002=VERTEX_POINT('',#3482);
#1003=VERTEX_POINT('',#3486);
#1004=VERTEX_POINT('',#3488);
#1005=VERTEX_POINT('',#3492);
#1006=VERTEX_POINT('',#3508);
#1007=VERTEX_POINT('',#3512);
#1008=VERTEX_POINT('',#3516);
#1009=VERTEX_POINT('',#3518);
#1010=VERTEX_POINT('',#3523);
#1011=VERTEX_POINT('',#3525);
#1012=VERTEX_POINT('',#3590);
#1013=VERTEX_POINT('',#3592);
#1014=VERTEX_POINT('',#3627);
#1015=VERTEX_POINT('',#3629);
#1016=VERTEX_POINT('',#3647);
#1017=VERTEX_POINT('',#3651);
#1018=VERTEX_POINT('',#3668);
#1019=VERTEX_POINT('',#3670);
#1020=VERTEX_POINT('',#3674);
#1021=VERTEX_POINT('',#3676);
#1022=VERTEX_POINT('',#3680);
#1023=VERTEX_POINT('',#3682);
#1024=VERTEX_POINT('',#3686);
#1025=VERTEX_POINT('',#3690);
#1026=VERTEX_POINT('',#3692);
#1027=VERTEX_POINT('',#3694);
#1028=VERTEX_POINT('',#3700);
#1029=VERTEX_POINT('',#3704);
#1030=VERTEX_POINT('',#3713);
#1031=VERTEX_POINT('',#3717);
#1032=VERTEX_POINT('',#3722);
#1033=VERTEX_POINT('',#3726);
#1034=VERTEX_POINT('',#3731);
#1035=VERTEX_POINT('',#3735);
#1036=VERTEX_POINT('',#3739);
#1037=VERTEX_POINT('',#3743);
#1038=EDGE_CURVE('',#837,#838,#827,.T.);
#1039=EDGE_CURVE('',#837,#839,#737,.T.);
#1040=EDGE_CURVE('',#840,#839,#828,.T.);
#1041=EDGE_CURVE('',#841,#840,#728,.T.);
#1042=EDGE_CURVE('',#842,#841,#829,.T.);
#1043=EDGE_CURVE('',#838,#842,#729,.T.);
#1044=EDGE_CURVE('',#838,#843,#332,.T.);
#1045=EDGE_CURVE('',#843,#843,#738,.T.);
#1046=EDGE_CURVE('',#839,#837,#333,.T.);
#1047=EDGE_CURVE('',#844,#841,#334,.T.);
#1048=EDGE_CURVE('',#845,#844,#335,.T.);
#1049=EDGE_CURVE('',#846,#845,#336,.T.);
#1050=EDGE_CURVE('',#847,#846,#337,.T.);
#1051=EDGE_CURVE('',#842,#847,#338,.T.);
#1052=EDGE_CURVE('',#840,#848,#339,.T.);
#1053=EDGE_CURVE('',#848,#844,#739,.T.);
#1054=EDGE_CURVE('',#849,#850,#740,.T.);
#1055=EDGE_CURVE('',#850,#851,#340,.T.);
#1056=EDGE_CURVE('',#851,#852,#741,.T.);
#1057=EDGE_CURVE('',#852,#849,#341,.T.);
#1058=EDGE_CURVE('',#850,#853,#342,.T.);
#1059=EDGE_CURVE('',#854,#853,#343,.T.);
#1060=EDGE_CURVE('',#854,#855,#344,.T.);
#1061=EDGE_CURVE('',#855,#856,#742,.T.);
#1062=EDGE_CURVE('',#856,#857,#345,.T.);
#1063=EDGE_CURVE('',#858,#857,#346,.T.);
#1064=EDGE_CURVE('',#858,#851,#347,.T.);
#1065=EDGE_CURVE('',#859,#858,#743,.T.);
#1066=EDGE_CURVE('',#857,#860,#744,.T.);
#1067=EDGE_CURVE('',#860,#859,#348,.T.);
#1068=EDGE_CURVE('',#861,#860,#349,.T.);
#1069=EDGE_CURVE('',#862,#861,#350,.T.);
#1070=EDGE_CURVE('',#859,#862,#351,.T.);
#1071=EDGE_CURVE('',#863,#856,#352,.T.);
#1072=EDGE_CURVE('',#863,#864,#353,.T.);
#1073=EDGE_CURVE('',#865,#864,#745,.T.);
#1074=EDGE_CURVE('',#865,#866,#354,.T.);
#1075=EDGE_CURVE('',#867,#866,#746,.T.);
#1076=EDGE_CURVE('',#867,#868,#355,.T.);
#1077=EDGE_CURVE('',#869,#868,#356,.T.);
#1078=EDGE_CURVE('',#869,#870,#357,.T.);
#1079=EDGE_CURVE('',#870,#871,#358,.T.);
#1080=EDGE_CURVE('',#871,#861,#747,.F.);
#1081=EDGE_CURVE('',#872,#873,#359,.T.);
#1082=EDGE_CURVE('',#874,#873,#748,.T.);
#1083=EDGE_CURVE('',#874,#875,#360,.T.);
#1084=EDGE_CURVE('',#876,#875,#749,.T.);
#1085=EDGE_CURVE('',#876,#877,#361,.T.);
#1086=EDGE_CURVE('',#872,#877,#750,.T.);
#1087=EDGE_CURVE('',#878,#879,#362,.T.);
#1088=EDGE_CURVE('',#880,#879,#751,.T.);
#1089=EDGE_CURVE('',#880,#881,#363,.T.);
#1090=EDGE_CURVE('',#882,#881,#752,.T.);
#1091=EDGE_CURVE('',#882,#883,#364,.T.);
#1092=EDGE_CURVE('',#878,#883,#753,.T.);
#1093=EDGE_CURVE('',#884,#846,#754,.T.);
#1094=EDGE_CURVE('',#884,#885,#365,.T.);
#1095=EDGE_CURVE('',#886,#885,#755,.T.);
#1096=EDGE_CURVE('',#886,#887,#366,.T.);
#1097=EDGE_CURVE('',#847,#887,#756,.T.);
#1098=EDGE_CURVE('',#888,#889,#367,.T.);
#1099=EDGE_CURVE('',#890,#889,#757,.T.);
#1100=EDGE_CURVE('',#890,#891,#368,.T.);
#1101=EDGE_CURVE('',#892,#891,#758,.T.);
#1102=EDGE_CURVE('',#892,#893,#369,.T.);
#1103=EDGE_CURVE('',#888,#893,#759,.T.);
#1104=EDGE_CURVE('',#894,#895,#370,.T.);
#1105=EDGE_CURVE('',#896,#895,#760,.T.);
#1106=EDGE_CURVE('',#896,#897,#371,.T.);
#1107=EDGE_CURVE('',#898,#897,#761,.T.);
#1108=EDGE_CURVE('',#898,#899,#372,.T.);
#1109=EDGE_CURVE('',#894,#899,#762,.T.);
#1110=EDGE_CURVE('',#900,#901,#373,.T.);
#1111=EDGE_CURVE('',#902,#901,#763,.T.);
#1112=EDGE_CURVE('',#902,#903,#374,.T.);
#1113=EDGE_CURVE('',#904,#903,#764,.T.);
#1114=EDGE_CURVE('',#904,#905,#375,.T.);
#1115=EDGE_CURVE('',#900,#905,#765,.T.);
#1116=EDGE_CURVE('',#906,#871,#830,.F.);
#1117=EDGE_CURVE('',#906,#907,#376,.T.);
#1118=EDGE_CURVE('',#907,#862,#766,.T.);
#1119=EDGE_CURVE('',#906,#908,#377,.T.);
#1120=EDGE_CURVE('',#909,#908,#378,.T.);
#1121=EDGE_CURVE('',#910,#909,#379,.T.);
#1122=EDGE_CURVE('',#911,#910,#380,.T.);
#1123=EDGE_CURVE('',#912,#911,#381,.T.);
#1124=EDGE_CURVE('',#912,#907,#382,.T.);
#1125=EDGE_CURVE('',#913,#913,#767,.T.);
#1126=EDGE_CURVE('',#914,#914,#768,.T.);
#1127=EDGE_CURVE('',#915,#915,#769,.T.);
#1128=EDGE_CURVE('',#916,#916,#770,.T.);
#1129=EDGE_CURVE('',#917,#854,#831,.T.);
#1130=EDGE_CURVE('',#918,#853,#771,.T.);
#1131=EDGE_CURVE('',#918,#917,#383,.T.);
#1132=EDGE_CURVE('',#918,#919,#384,.T.);
#1133=EDGE_CURVE('',#920,#919,#385,.T.);
#1134=EDGE_CURVE('',#917,#920,#386,.T.);
#1135=EDGE_CURVE('',#919,#849,#387,.T.);
#1136=EDGE_CURVE('',#921,#922,#772,.T.);
#1137=EDGE_CURVE('',#922,#923,#388,.T.);
#1138=EDGE_CURVE('',#923,#924,#773,.T.);
#1139=EDGE_CURVE('',#924,#921,#389,.T.);
#1140=EDGE_CURVE('',#924,#925,#730,.F.);
#1141=EDGE_CURVE('',#923,#925,#774,.T.);
#1142=EDGE_CURVE('',#921,#926,#731,.T.);
#1143=EDGE_CURVE('',#926,#922,#775,.T.);
#1144=EDGE_CURVE('',#927,#926,#776,.T.);
#1145=EDGE_CURVE('',#927,#928,#390,.T.);
#1146=EDGE_CURVE('',#929,#928,#391,.T.);
#1147=EDGE_CURVE('',#930,#929,#777,.T.);
#1148=EDGE_CURVE('',#931,#930,#392,.T.);
#1149=EDGE_CURVE('',#932,#931,#393,.T.);
#1150=EDGE_CURVE('',#932,#933,#394,.T.);
#1151=EDGE_CURVE('',#925,#933,#778,.T.);
#1152=EDGE_CURVE('',#934,#935,#779,.T.);
#1153=EDGE_CURVE('',#935,#936,#395,.T.);
#1154=EDGE_CURVE('',#936,#937,#780,.T.);
#1155=EDGE_CURVE('',#937,#934,#396,.T.);
#1156=EDGE_CURVE('',#936,#938,#732,.T.);
#1157=EDGE_CURVE('',#938,#937,#781,.T.);
#1158=EDGE_CURVE('',#935,#939,#733,.F.);
#1159=EDGE_CURVE('',#934,#939,#782,.T.);
#1160=EDGE_CURVE('',#940,#938,#783,.T.);
#1161=EDGE_CURVE('',#941,#940,#397,.T.);
#1162=EDGE_CURVE('',#942,#941,#398,.T.);
#1163=EDGE_CURVE('',#943,#942,#399,.T.);
#1164=EDGE_CURVE('',#944,#943,#784,.T.);
#1165=EDGE_CURVE('',#945,#944,#400,.T.);
#1166=EDGE_CURVE('',#946,#945,#401,.T.);
#1167=EDGE_CURVE('',#939,#946,#785,.T.);
#1168=EDGE_CURVE('',#947,#912,#402,.T.);
#1169=EDGE_CURVE('',#948,#947,#403,.T.);
#1170=EDGE_CURVE('',#948,#942,#404,.T.);
#1171=EDGE_CURVE('',#941,#932,#405,.T.);
#1172=EDGE_CURVE('',#931,#949,#406,.T.);
#1173=EDGE_CURVE('',#950,#949,#407,.T.);
#1174=EDGE_CURVE('',#950,#852,#408,.T.);
#1175=EDGE_CURVE('',#951,#952,#409,.T.);
#1176=EDGE_CURVE('',#953,#952,#786,.T.);
#1177=EDGE_CURVE('',#953,#954,#410,.T.);
#1178=EDGE_CURVE('',#955,#954,#787,.T.);
#1179=EDGE_CURVE('',#955,#956,#411,.T.);
#1180=EDGE_CURVE('',#951,#956,#788,.T.);
#1181=EDGE_CURVE('',#957,#958,#412,.T.);
#1182=EDGE_CURVE('',#959,#958,#789,.T.);
#1183=EDGE_CURVE('',#959,#960,#413,.T.);
#1184=EDGE_CURVE('',#961,#960,#790,.T.);
#1185=EDGE_CURVE('',#961,#962,#414,.T.);
#1186=EDGE_CURVE('',#957,#962,#791,.T.);
#1187=EDGE_CURVE('',#963,#964,#415,.T.);
#1188=EDGE_CURVE('',#965,#964,#792,.T.);
#1189=EDGE_CURVE('',#965,#966,#416,.T.);
#1190=EDGE_CURVE('',#967,#966,#793,.T.);
#1191=EDGE_CURVE('',#967,#968,#417,.T.);
#1192=EDGE_CURVE('',#963,#968,#794,.T.);
#1193=EDGE_CURVE('',#848,#969,#418,.T.);
#1194=EDGE_CURVE('',#970,#969,#795,.T.);
#1195=EDGE_CURVE('',#970,#971,#419,.T.);
#1196=EDGE_CURVE('',#845,#971,#796,.T.);
#1197=EDGE_CURVE('',#972,#973,#420,.T.);
#1198=EDGE_CURVE('',#974,#973,#797,.T.);
#1199=EDGE_CURVE('',#974,#975,#421,.T.);
#1200=EDGE_CURVE('',#976,#975,#798,.T.);
#1201=EDGE_CURVE('',#976,#977,#422,.T.);
#1202=EDGE_CURVE('',#972,#977,#799,.T.);
#1203=EDGE_CURVE('',#978,#979,#423,.T.);
#1204=EDGE_CURVE('',#980,#979,#800,.T.);
#1205=EDGE_CURVE('',#980,#981,#424,.T.);
#1206=EDGE_CURVE('',#982,#981,#801,.T.);
#1207=EDGE_CURVE('',#982,#983,#425,.T.);
#1208=EDGE_CURVE('',#978,#983,#802,.T.);
#1209=EDGE_CURVE('',#984,#985,#426,.T.);
#1210=EDGE_CURVE('',#986,#985,#803,.T.);
#1211=EDGE_CURVE('',#986,#987,#427,.T.);
#1212=EDGE_CURVE('',#988,#987,#804,.T.);
#1213=EDGE_CURVE('',#988,#989,#428,.T.);
#1214=EDGE_CURVE('',#984,#989,#805,.T.);
#1215=EDGE_CURVE('',#990,#991,#429,.T.);
#1216=EDGE_CURVE('',#992,#991,#806,.T.);
#1217=EDGE_CURVE('',#992,#993,#430,.T.);
#1218=EDGE_CURVE('',#994,#993,#807,.T.);
#1219=EDGE_CURVE('',#994,#995,#431,.T.);
#1220=EDGE_CURVE('',#990,#995,#808,.T.);
#1221=EDGE_CURVE('',#996,#997,#432,.T.);
#1222=EDGE_CURVE('',#998,#997,#809,.T.);
#1223=EDGE_CURVE('',#998,#999,#433,.T.);
#1224=EDGE_CURVE('',#1000,#999,#810,.T.);
#1225=EDGE_CURVE('',#1000,#1001,#434,.T.);
#1226=EDGE_CURVE('',#996,#1001,#811,.T.);
#1227=EDGE_CURVE('',#1002,#870,#435,.T.);
#1228=EDGE_CURVE('',#1002,#908,#436,.T.);
#1229=EDGE_CURVE('',#1003,#910,#437,.T.);
#1230=EDGE_CURVE('',#1004,#1003,#438,.T.);
#1231=EDGE_CURVE('',#1004,#911,#439,.T.);
#1232=EDGE_CURVE('',#1005,#909,#440,.T.);
#1233=EDGE_CURVE('',#1003,#1005,#441,.T.);
#1234=EDGE_CURVE('',#1005,#1002,#442,.T.);
#1235=EDGE_CURVE('',#919,#950,#443,.T.);
#1236=EDGE_CURVE('',#946,#927,#444,.T.);
#1237=EDGE_CURVE('',#928,#945,#445,.T.);
#1238=EDGE_CURVE('',#933,#940,#446,.T.);
#1239=EDGE_CURVE('',#936,#924,#447,.T.);
#1240=EDGE_CURVE('',#921,#935,#448,.T.);
#1241=EDGE_CURVE('',#930,#1006,#449,.T.);
#1242=EDGE_CURVE('',#949,#1006,#450,.T.);
#1243=EDGE_CURVE('',#929,#1007,#451,.T.);
#1244=EDGE_CURVE('',#1006,#1007,#812,.T.);
#1245=EDGE_CURVE('',#1008,#943,#452,.T.);
#1246=EDGE_CURVE('',#1008,#1009,#813,.T.);
#1247=EDGE_CURVE('',#1009,#944,#453,.T.);
#1248=EDGE_CURVE('',#1007,#920,#454,.T.);
#1249=EDGE_CURVE('',#1010,#1010,#814,.T.);
#1250=EDGE_CURVE('',#1011,#1011,#815,.T.);
#1251=EDGE_CURVE('',#966,#882,#455,.T.);
#1252=EDGE_CURVE('',#881,#967,#456,.T.);
#1253=EDGE_CURVE('',#883,#965,#457,.T.);
#1254=EDGE_CURVE('',#964,#878,#458,.T.);
#1255=EDGE_CURVE('',#879,#963,#459,.T.);
#1256=EDGE_CURVE('',#971,#884,#460,.T.);
#1257=EDGE_CURVE('',#885,#970,#461,.T.);
#1258=EDGE_CURVE('',#969,#886,#462,.T.);
#1259=EDGE_CURVE('',#887,#838,#463,.T.);
#1260=EDGE_CURVE('',#968,#880,#464,.T.);
#1261=EDGE_CURVE('',#993,#898,#465,.T.);
#1262=EDGE_CURVE('',#897,#994,#466,.T.);
#1263=EDGE_CURVE('',#899,#992,#467,.T.);
#1264=EDGE_CURVE('',#991,#894,#468,.T.);
#1265=EDGE_CURVE('',#895,#990,#469,.T.);
#1266=EDGE_CURVE('',#995,#896,#470,.T.);
#1267=EDGE_CURVE('',#952,#872,#471,.T.);
#1268=EDGE_CURVE('',#877,#953,#472,.T.);
#1269=EDGE_CURVE('',#873,#951,#473,.T.);
#1270=EDGE_CURVE('',#954,#876,#474,.T.);
#1271=EDGE_CURVE('',#875,#955,#475,.T.);
#1272=EDGE_CURVE('',#956,#874,#476,.T.);
#1273=EDGE_CURVE('',#981,#892,#477,.T.);
#1274=EDGE_CURVE('',#891,#982,#478,.T.);
#1275=EDGE_CURVE('',#893,#980,#479,.T.);
#1276=EDGE_CURVE('',#979,#888,#480,.T.);
#1277=EDGE_CURVE('',#889,#978,#481,.T.);
#1278=EDGE_CURVE('',#983,#890,#482,.T.);
#1279=EDGE_CURVE('',#973,#865,#483,.T.);
#1280=EDGE_CURVE('',#864,#974,#484,.T.);
#1281=EDGE_CURVE('',#866,#972,#485,.T.);
#1282=EDGE_CURVE('',#975,#1012,#486,.T.);
#1283=EDGE_CURVE('',#1012,#1013,#734,.T.);
#1284=EDGE_CURVE('',#1013,#976,#487,.T.);
#1285=EDGE_CURVE('',#1012,#863,#832,.T.);
#1286=EDGE_CURVE('',#977,#867,#488,.T.);
#1287=EDGE_CURVE('',#868,#1013,#816,.T.);
#1288=EDGE_CURVE('',#1001,#902,#489,.T.);
#1289=EDGE_CURVE('',#901,#996,#490,.T.);
#1290=EDGE_CURVE('',#903,#1000,#491,.T.);
#1291=EDGE_CURVE('',#997,#900,#492,.T.);
#1292=EDGE_CURVE('',#905,#998,#493,.T.);
#1293=EDGE_CURVE('',#999,#904,#494,.T.);
#1294=EDGE_CURVE('',#958,#1014,#495,.T.);
#1295=EDGE_CURVE('',#1014,#1015,#735,.T.);
#1296=EDGE_CURVE('',#1015,#959,#496,.T.);
#1297=EDGE_CURVE('',#1016,#957,#497,.T.);
#1298=EDGE_CURVE('',#1014,#1016,#833,.T.);
#1299=EDGE_CURVE('',#962,#1017,#498,.T.);
#1300=EDGE_CURVE('',#1017,#1016,#736,.T.);
#1301=EDGE_CURVE('',#1018,#961,#499,.T.);
#1302=EDGE_CURVE('',#1019,#1018,#500,.T.);
#1303=EDGE_CURVE('',#1017,#1019,#834,.T.);
#1304=EDGE_CURVE('',#989,#1020,#501,.T.);
#1305=EDGE_CURVE('',#1020,#1021,#835,.T.);
#1306=EDGE_CURVE('',#1021,#984,#502,.T.);
#1307=EDGE_CURVE('',#1022,#988,#503,.T.);
#1308=EDGE_CURVE('',#1022,#1023,#504,.T.);
#1309=EDGE_CURVE('',#1020,#1023,#505,.T.);
#1310=EDGE_CURVE('',#1022,#1024,#817,.T.);
#1311=EDGE_CURVE('',#987,#1024,#506,.T.);
#1312=EDGE_CURVE('',#1025,#1024,#507,.T.);
#1313=EDGE_CURVE('',#1025,#1026,#818,.T.);
#1314=EDGE_CURVE('',#1027,#1026,#508,.T.);
#1315=EDGE_CURVE('',#1023,#1027,#509,.T.);
#1316=EDGE_CURVE('',#1025,#986,#510,.T.);
#1317=EDGE_CURVE('',#960,#1028,#511,.T.);
#1318=EDGE_CURVE('',#1028,#1018,#836,.T.);
#1319=EDGE_CURVE('',#1029,#1015,#819,.T.);
#1320=EDGE_CURVE('',#1028,#1029,#512,.T.);
#1321=EDGE_CURVE('',#985,#1026,#513,.T.);
#1322=EDGE_CURVE('',#1027,#1021,#514,.T.);
#1323=EDGE_CURVE('',#1029,#855,#515,.T.);
#1324=EDGE_CURVE('',#1030,#1019,#516,.T.);
#1325=EDGE_CURVE('',#869,#1030,#820,.T.);
#1326=EDGE_CURVE('',#1031,#917,#517,.T.);
#1327=EDGE_CURVE('',#1031,#1030,#518,.T.);
#1328=EDGE_CURVE('',#1010,#927,#519,.T.);
#1329=EDGE_CURVE('',#946,#1032,#520,.T.);
#1330=EDGE_CURVE('',#1032,#1032,#821,.T.);
#1331=EDGE_CURVE('',#913,#1033,#521,.T.);
#1332=EDGE_CURVE('',#1033,#1033,#822,.T.);
#1333=EDGE_CURVE('',#1011,#924,#522,.T.);
#1334=EDGE_CURVE('',#936,#1034,#523,.T.);
#1335=EDGE_CURVE('',#1034,#1034,#823,.T.);
#1336=EDGE_CURVE('',#914,#1035,#524,.T.);
#1337=EDGE_CURVE('',#1035,#1035,#824,.T.);
#1338=EDGE_CURVE('',#915,#1036,#525,.T.);
#1339=EDGE_CURVE('',#1036,#1036,#825,.T.);
#1340=EDGE_CURVE('',#916,#1037,#526,.T.);
#1341=EDGE_CURVE('',#1037,#1037,#826,.T.);
#1342=EDGE_CURVE('',#947,#1004,#527,.T.);
#1343=EDGE_CURVE('',#1009,#1031,#528,.T.);
#1344=EDGE_CURVE('',#948,#1008,#529,.T.);
#1345=ORIENTED_EDGE('',*,*,#1038,.F.);
#1346=ORIENTED_EDGE('',*,*,#1039,.T.);
#1347=ORIENTED_EDGE('',*,*,#1040,.F.);
#1348=ORIENTED_EDGE('',*,*,#1041,.F.);
#1349=ORIENTED_EDGE('',*,*,#1042,.F.);
#1350=ORIENTED_EDGE('',*,*,#1043,.F.);
#1351=ORIENTED_EDGE('',*,*,#1044,.T.);
#1352=ORIENTED_EDGE('',*,*,#1045,.F.);
#1353=ORIENTED_EDGE('',*,*,#1044,.F.);
#1354=ORIENTED_EDGE('',*,*,#1046,.F.);
#1355=ORIENTED_EDGE('',*,*,#1039,.F.);
#1356=ORIENTED_EDGE('',*,*,#1042,.T.);
#1357=ORIENTED_EDGE('',*,*,#1047,.F.);
#1358=ORIENTED_EDGE('',*,*,#1048,.F.);
#1359=ORIENTED_EDGE('',*,*,#1049,.F.);
#1360=ORIENTED_EDGE('',*,*,#1050,.F.);
#1361=ORIENTED_EDGE('',*,*,#1051,.F.);
#1362=ORIENTED_EDGE('',*,*,#1041,.T.);
#1363=ORIENTED_EDGE('',*,*,#1052,.T.);
#1364=ORIENTED_EDGE('',*,*,#1053,.T.);
#1365=ORIENTED_EDGE('',*,*,#1047,.T.);
#1366=ORIENTED_EDGE('',*,*,#1054,.T.);
#1367=ORIENTED_EDGE('',*,*,#1055,.T.);
#1368=ORIENTED_EDGE('',*,*,#1056,.T.);
#1369=ORIENTED_EDGE('',*,*,#1057,.T.);
#1370=ORIENTED_EDGE('',*,*,#1055,.F.);
#1371=ORIENTED_EDGE('',*,*,#1058,.T.);
#1372=ORIENTED_EDGE('',*,*,#1059,.F.);
#1373=ORIENTED_EDGE('',*,*,#1060,.T.);
#1374=ORIENTED_EDGE('',*,*,#1061,.T.);
#1375=ORIENTED_EDGE('',*,*,#1062,.T.);
#1376=ORIENTED_EDGE('',*,*,#1063,.F.);
#1377=ORIENTED_EDGE('',*,*,#1064,.T.);
#1378=ORIENTED_EDGE('',*,*,#1065,.T.);
#1379=ORIENTED_EDGE('',*,*,#1063,.T.);
#1380=ORIENTED_EDGE('',*,*,#1066,.T.);
#1381=ORIENTED_EDGE('',*,*,#1067,.T.);
#1382=ORIENTED_EDGE('',*,*,#1067,.F.);
#1383=ORIENTED_EDGE('',*,*,#1068,.F.);
#1384=ORIENTED_EDGE('',*,*,#1069,.F.);
#1385=ORIENTED_EDGE('',*,*,#1070,.F.);
#1386=ORIENTED_EDGE('',*,*,#1066,.F.);
#1387=ORIENTED_EDGE('',*,*,#1062,.F.);
#1388=ORIENTED_EDGE('',*,*,#1071,.F.);
#1389=ORIENTED_EDGE('',*,*,#1072,.T.);
#1390=ORIENTED_EDGE('',*,*,#1073,.F.);
#1391=ORIENTED_EDGE('',*,*,#1074,.T.);
#1392=ORIENTED_EDGE('',*,*,#1075,.F.);
#1393=ORIENTED_EDGE('',*,*,#1076,.T.);
#1394=ORIENTED_EDGE('',*,*,#1077,.F.);
#1395=ORIENTED_EDGE('',*,*,#1078,.T.);
#1396=ORIENTED_EDGE('',*,*,#1079,.T.);
#1397=ORIENTED_EDGE('',*,*,#1080,.T.);
#1398=ORIENTED_EDGE('',*,*,#1068,.T.);
#1399=ORIENTED_EDGE('',*,*,#1081,.T.);
#1400=ORIENTED_EDGE('',*,*,#1082,.F.);
#1401=ORIENTED_EDGE('',*,*,#1083,.T.);
#1402=ORIENTED_EDGE('',*,*,#1084,.F.);
#1403=ORIENTED_EDGE('',*,*,#1085,.T.);
#1404=ORIENTED_EDGE('',*,*,#1086,.F.);
#1405=ORIENTED_EDGE('',*,*,#1087,.T.);
#1406=ORIENTED_EDGE('',*,*,#1088,.F.);
#1407=ORIENTED_EDGE('',*,*,#1089,.T.);
#1408=ORIENTED_EDGE('',*,*,#1090,.F.);
#1409=ORIENTED_EDGE('',*,*,#1091,.T.);
#1410=ORIENTED_EDGE('',*,*,#1092,.F.);
#1411=ORIENTED_EDGE('',*,*,#1050,.T.);
#1412=ORIENTED_EDGE('',*,*,#1093,.F.);
#1413=ORIENTED_EDGE('',*,*,#1094,.T.);
#1414=ORIENTED_EDGE('',*,*,#1095,.F.);
#1415=ORIENTED_EDGE('',*,*,#1096,.T.);
#1416=ORIENTED_EDGE('',*,*,#1097,.F.);
#1417=ORIENTED_EDGE('',*,*,#1098,.T.);
#1418=ORIENTED_EDGE('',*,*,#1099,.F.);
#1419=ORIENTED_EDGE('',*,*,#1100,.T.);
#1420=ORIENTED_EDGE('',*,*,#1101,.F.);
#1421=ORIENTED_EDGE('',*,*,#1102,.T.);
#1422=ORIENTED_EDGE('',*,*,#1103,.F.);
#1423=ORIENTED_EDGE('',*,*,#1104,.T.);
#1424=ORIENTED_EDGE('',*,*,#1105,.F.);
#1425=ORIENTED_EDGE('',*,*,#1106,.T.);
#1426=ORIENTED_EDGE('',*,*,#1107,.F.);
#1427=ORIENTED_EDGE('',*,*,#1108,.T.);
#1428=ORIENTED_EDGE('',*,*,#1109,.F.);
#1429=ORIENTED_EDGE('',*,*,#1110,.T.);
#1430=ORIENTED_EDGE('',*,*,#1111,.F.);
#1431=ORIENTED_EDGE('',*,*,#1112,.T.);
#1432=ORIENTED_EDGE('',*,*,#1113,.F.);
#1433=ORIENTED_EDGE('',*,*,#1114,.T.);
#1434=ORIENTED_EDGE('',*,*,#1115,.F.);
#1435=ORIENTED_EDGE('',*,*,#1116,.F.);
#1436=ORIENTED_EDGE('',*,*,#1117,.T.);
#1437=ORIENTED_EDGE('',*,*,#1118,.T.);
#1438=ORIENTED_EDGE('',*,*,#1069,.T.);
#1439=ORIENTED_EDGE('',*,*,#1080,.F.);
#1440=ORIENTED_EDGE('',*,*,#1117,.F.);
#1441=ORIENTED_EDGE('',*,*,#1119,.T.);
#1442=ORIENTED_EDGE('',*,*,#1120,.F.);
#1443=ORIENTED_EDGE('',*,*,#1121,.F.);
#1444=ORIENTED_EDGE('',*,*,#1122,.F.);
#1445=ORIENTED_EDGE('',*,*,#1123,.F.);
#1446=ORIENTED_EDGE('',*,*,#1124,.T.);
#1447=ORIENTED_EDGE('',*,*,#1125,.F.);
#1448=ORIENTED_EDGE('',*,*,#1126,.F.);
#1449=ORIENTED_EDGE('',*,*,#1127,.F.);
#1450=ORIENTED_EDGE('',*,*,#1128,.F.);
#1451=ORIENTED_EDGE('',*,*,#1129,.T.);
#1452=ORIENTED_EDGE('',*,*,#1059,.T.);
#1453=ORIENTED_EDGE('',*,*,#1130,.F.);
#1454=ORIENTED_EDGE('',*,*,#1131,.T.);
#1455=ORIENTED_EDGE('',*,*,#1131,.F.);
#1456=ORIENTED_EDGE('',*,*,#1132,.T.);
#1457=ORIENTED_EDGE('',*,*,#1133,.F.);
#1458=ORIENTED_EDGE('',*,*,#1134,.F.);
#1459=ORIENTED_EDGE('',*,*,#1130,.T.);
#1460=ORIENTED_EDGE('',*,*,#1058,.F.);
#1461=ORIENTED_EDGE('',*,*,#1054,.F.);
#1462=ORIENTED_EDGE('',*,*,#1135,.F.);
#1463=ORIENTED_EDGE('',*,*,#1132,.F.);
#1464=ORIENTED_EDGE('',*,*,#1136,.T.);
#1465=ORIENTED_EDGE('',*,*,#1137,.T.);
#1466=ORIENTED_EDGE('',*,*,#1138,.T.);
#1467=ORIENTED_EDGE('',*,*,#1139,.T.);
#1468=ORIENTED_EDGE('',*,*,#1140,.F.);
#1469=ORIENTED_EDGE('',*,*,#1138,.F.);
#1470=ORIENTED_EDGE('',*,*,#1141,.T.);
#1471=ORIENTED_EDGE('',*,*,#1142,.T.);
#1472=ORIENTED_EDGE('',*,*,#1143,.T.);
#1473=ORIENTED_EDGE('',*,*,#1136,.F.);
#1474=ORIENTED_EDGE('',*,*,#1141,.F.);
#1475=ORIENTED_EDGE('',*,*,#1137,.F.);
#1476=ORIENTED_EDGE('',*,*,#1143,.F.);
#1477=ORIENTED_EDGE('',*,*,#1144,.F.);
#1478=ORIENTED_EDGE('',*,*,#1145,.T.);
#1479=ORIENTED_EDGE('',*,*,#1146,.F.);
#1480=ORIENTED_EDGE('',*,*,#1147,.F.);
#1481=ORIENTED_EDGE('',*,*,#1148,.F.);
#1482=ORIENTED_EDGE('',*,*,#1149,.F.);
#1483=ORIENTED_EDGE('',*,*,#1150,.T.);
#1484=ORIENTED_EDGE('',*,*,#1151,.F.);
#1485=ORIENTED_EDGE('',*,*,#1152,.T.);
#1486=ORIENTED_EDGE('',*,*,#1153,.T.);
#1487=ORIENTED_EDGE('',*,*,#1154,.T.);
#1488=ORIENTED_EDGE('',*,*,#1155,.T.);
#1489=ORIENTED_EDGE('',*,*,#1156,.T.);
#1490=ORIENTED_EDGE('',*,*,#1157,.T.);
#1491=ORIENTED_EDGE('',*,*,#1154,.F.);
#1492=ORIENTED_EDGE('',*,*,#1158,.F.);
#1493=ORIENTED_EDGE('',*,*,#1152,.F.);
#1494=ORIENTED_EDGE('',*,*,#1159,.T.);
#1495=ORIENTED_EDGE('',*,*,#1159,.F.);
#1496=ORIENTED_EDGE('',*,*,#1155,.F.);
#1497=ORIENTED_EDGE('',*,*,#1157,.F.);
#1498=ORIENTED_EDGE('',*,*,#1160,.F.);
#1499=ORIENTED_EDGE('',*,*,#1161,.F.);
#1500=ORIENTED_EDGE('',*,*,#1162,.F.);
#1501=ORIENTED_EDGE('',*,*,#1163,.F.);
#1502=ORIENTED_EDGE('',*,*,#1164,.F.);
#1503=ORIENTED_EDGE('',*,*,#1165,.F.);
#1504=ORIENTED_EDGE('',*,*,#1166,.F.);
#1505=ORIENTED_EDGE('',*,*,#1167,.F.);
#1506=ORIENTED_EDGE('',*,*,#1065,.F.);
#1507=ORIENTED_EDGE('',*,*,#1070,.T.);
#1508=ORIENTED_EDGE('',*,*,#1118,.F.);
#1509=ORIENTED_EDGE('',*,*,#1124,.F.);
#1510=ORIENTED_EDGE('',*,*,#1168,.F.);
#1511=ORIENTED_EDGE('',*,*,#1169,.F.);
#1512=ORIENTED_EDGE('',*,*,#1170,.T.);
#1513=ORIENTED_EDGE('',*,*,#1162,.T.);
#1514=ORIENTED_EDGE('',*,*,#1171,.T.);
#1515=ORIENTED_EDGE('',*,*,#1149,.T.);
#1516=ORIENTED_EDGE('',*,*,#1172,.T.);
#1517=ORIENTED_EDGE('',*,*,#1173,.F.);
#1518=ORIENTED_EDGE('',*,*,#1174,.T.);
#1519=ORIENTED_EDGE('',*,*,#1056,.F.);
#1520=ORIENTED_EDGE('',*,*,#1064,.F.);
#1521=ORIENTED_EDGE('',*,*,#1175,.T.);
#1522=ORIENTED_EDGE('',*,*,#1176,.F.);
#1523=ORIENTED_EDGE('',*,*,#1177,.T.);
#1524=ORIENTED_EDGE('',*,*,#1178,.F.);
#1525=ORIENTED_EDGE('',*,*,#1179,.T.);
#1526=ORIENTED_EDGE('',*,*,#1180,.F.);
#1527=ORIENTED_EDGE('',*,*,#1181,.T.);
#1528=ORIENTED_EDGE('',*,*,#1182,.F.);
#1529=ORIENTED_EDGE('',*,*,#1183,.T.);
#1530=ORIENTED_EDGE('',*,*,#1184,.F.);
#1531=ORIENTED_EDGE('',*,*,#1185,.T.);
#1532=ORIENTED_EDGE('',*,*,#1186,.F.);
#1533=ORIENTED_EDGE('',*,*,#1187,.T.);
#1534=ORIENTED_EDGE('',*,*,#1188,.F.);
#1535=ORIENTED_EDGE('',*,*,#1189,.T.);
#1536=ORIENTED_EDGE('',*,*,#1190,.F.);
#1537=ORIENTED_EDGE('',*,*,#1191,.T.);
#1538=ORIENTED_EDGE('',*,*,#1192,.F.);
#1539=ORIENTED_EDGE('',*,*,#1048,.T.);
#1540=ORIENTED_EDGE('',*,*,#1053,.F.);
#1541=ORIENTED_EDGE('',*,*,#1193,.T.);
#1542=ORIENTED_EDGE('',*,*,#1194,.F.);
#1543=ORIENTED_EDGE('',*,*,#1195,.T.);
#1544=ORIENTED_EDGE('',*,*,#1196,.F.);
#1545=ORIENTED_EDGE('',*,*,#1197,.T.);
#1546=ORIENTED_EDGE('',*,*,#1198,.F.);
#1547=ORIENTED_EDGE('',*,*,#1199,.T.);
#1548=ORIENTED_EDGE('',*,*,#1200,.F.);
#1549=ORIENTED_EDGE('',*,*,#1201,.T.);
#1550=ORIENTED_EDGE('',*,*,#1202,.F.);
#1551=ORIENTED_EDGE('',*,*,#1203,.T.);
#1552=ORIENTED_EDGE('',*,*,#1204,.F.);
#1553=ORIENTED_EDGE('',*,*,#1205,.T.);
#1554=ORIENTED_EDGE('',*,*,#1206,.F.);
#1555=ORIENTED_EDGE('',*,*,#1207,.T.);
#1556=ORIENTED_EDGE('',*,*,#1208,.F.);
#1557=ORIENTED_EDGE('',*,*,#1209,.T.);
#1558=ORIENTED_EDGE('',*,*,#1210,.F.);
#1559=ORIENTED_EDGE('',*,*,#1211,.T.);
#1560=ORIENTED_EDGE('',*,*,#1212,.F.);
#1561=ORIENTED_EDGE('',*,*,#1213,.T.);
#1562=ORIENTED_EDGE('',*,*,#1214,.F.);
#1563=ORIENTED_EDGE('',*,*,#1215,.T.);
#1564=ORIENTED_EDGE('',*,*,#1216,.F.);
#1565=ORIENTED_EDGE('',*,*,#1217,.T.);
#1566=ORIENTED_EDGE('',*,*,#1218,.F.);
#1567=ORIENTED_EDGE('',*,*,#1219,.T.);
#1568=ORIENTED_EDGE('',*,*,#1220,.F.);
#1569=ORIENTED_EDGE('',*,*,#1221,.T.);
#1570=ORIENTED_EDGE('',*,*,#1222,.F.);
#1571=ORIENTED_EDGE('',*,*,#1223,.T.);
#1572=ORIENTED_EDGE('',*,*,#1224,.F.);
#1573=ORIENTED_EDGE('',*,*,#1225,.T.);
#1574=ORIENTED_EDGE('',*,*,#1226,.F.);
#1575=ORIENTED_EDGE('',*,*,#1079,.F.);
#1576=ORIENTED_EDGE('',*,*,#1227,.F.);
#1577=ORIENTED_EDGE('',*,*,#1228,.T.);
#1578=ORIENTED_EDGE('',*,*,#1119,.F.);
#1579=ORIENTED_EDGE('',*,*,#1116,.T.);
#1580=ORIENTED_EDGE('',*,*,#1122,.T.);
#1581=ORIENTED_EDGE('',*,*,#1229,.F.);
#1582=ORIENTED_EDGE('',*,*,#1230,.F.);
#1583=ORIENTED_EDGE('',*,*,#1231,.T.);
#1584=ORIENTED_EDGE('',*,*,#1121,.T.);
#1585=ORIENTED_EDGE('',*,*,#1232,.F.);
#1586=ORIENTED_EDGE('',*,*,#1233,.F.);
#1587=ORIENTED_EDGE('',*,*,#1229,.T.);
#1588=ORIENTED_EDGE('',*,*,#1120,.T.);
#1589=ORIENTED_EDGE('',*,*,#1228,.F.);
#1590=ORIENTED_EDGE('',*,*,#1234,.F.);
#1591=ORIENTED_EDGE('',*,*,#1232,.T.);
#1592=ORIENTED_EDGE('',*,*,#1057,.F.);
#1593=ORIENTED_EDGE('',*,*,#1174,.F.);
#1594=ORIENTED_EDGE('',*,*,#1235,.F.);
#1595=ORIENTED_EDGE('',*,*,#1135,.T.);
#1596=ORIENTED_EDGE('',*,*,#1236,.F.);
#1597=ORIENTED_EDGE('',*,*,#1166,.T.);
#1598=ORIENTED_EDGE('',*,*,#1237,.F.);
#1599=ORIENTED_EDGE('',*,*,#1145,.F.);
#1600=ORIENTED_EDGE('',*,*,#1238,.F.);
#1601=ORIENTED_EDGE('',*,*,#1150,.F.);
#1602=ORIENTED_EDGE('',*,*,#1171,.F.);
#1603=ORIENTED_EDGE('',*,*,#1161,.T.);
#1604=ORIENTED_EDGE('',*,*,#1139,.F.);
#1605=ORIENTED_EDGE('',*,*,#1239,.F.);
#1606=ORIENTED_EDGE('',*,*,#1153,.F.);
#1607=ORIENTED_EDGE('',*,*,#1240,.F.);
#1608=ORIENTED_EDGE('',*,*,#1148,.T.);
#1609=ORIENTED_EDGE('',*,*,#1241,.T.);
#1610=ORIENTED_EDGE('',*,*,#1242,.F.);
#1611=ORIENTED_EDGE('',*,*,#1172,.F.);
#1612=ORIENTED_EDGE('',*,*,#1147,.T.);
#1613=ORIENTED_EDGE('',*,*,#1243,.T.);
#1614=ORIENTED_EDGE('',*,*,#1244,.F.);
#1615=ORIENTED_EDGE('',*,*,#1241,.F.);
#1616=ORIENTED_EDGE('',*,*,#1164,.T.);
#1617=ORIENTED_EDGE('',*,*,#1245,.F.);
#1618=ORIENTED_EDGE('',*,*,#1246,.T.);
#1619=ORIENTED_EDGE('',*,*,#1247,.T.);
#1620=ORIENTED_EDGE('',*,*,#1133,.T.);
#1621=ORIENTED_EDGE('',*,*,#1235,.T.);
#1622=ORIENTED_EDGE('',*,*,#1173,.T.);
#1623=ORIENTED_EDGE('',*,*,#1242,.T.);
#1624=ORIENTED_EDGE('',*,*,#1244,.T.);
#1625=ORIENTED_EDGE('',*,*,#1248,.T.);
#1626=ORIENTED_EDGE('',*,*,#1249,.T.);
#1627=ORIENTED_EDGE('',*,*,#1250,.T.);
#1628=ORIENTED_EDGE('',*,*,#1190,.T.);
#1629=ORIENTED_EDGE('',*,*,#1251,.T.);
#1630=ORIENTED_EDGE('',*,*,#1090,.T.);
#1631=ORIENTED_EDGE('',*,*,#1252,.T.);
#1632=ORIENTED_EDGE('',*,*,#1251,.F.);
#1633=ORIENTED_EDGE('',*,*,#1189,.F.);
#1634=ORIENTED_EDGE('',*,*,#1253,.F.);
#1635=ORIENTED_EDGE('',*,*,#1091,.F.);
#1636=ORIENTED_EDGE('',*,*,#1188,.T.);
#1637=ORIENTED_EDGE('',*,*,#1254,.T.);
#1638=ORIENTED_EDGE('',*,*,#1092,.T.);
#1639=ORIENTED_EDGE('',*,*,#1253,.T.);
#1640=ORIENTED_EDGE('',*,*,#1254,.F.);
#1641=ORIENTED_EDGE('',*,*,#1187,.F.);
#1642=ORIENTED_EDGE('',*,*,#1255,.F.);
#1643=ORIENTED_EDGE('',*,*,#1087,.F.);
#1644=ORIENTED_EDGE('',*,*,#1196,.T.);
#1645=ORIENTED_EDGE('',*,*,#1256,.T.);
#1646=ORIENTED_EDGE('',*,*,#1093,.T.);
#1647=ORIENTED_EDGE('',*,*,#1049,.T.);
#1648=ORIENTED_EDGE('',*,*,#1256,.F.);
#1649=ORIENTED_EDGE('',*,*,#1195,.F.);
#1650=ORIENTED_EDGE('',*,*,#1257,.F.);
#1651=ORIENTED_EDGE('',*,*,#1094,.F.);
#1652=ORIENTED_EDGE('',*,*,#1194,.T.);
#1653=ORIENTED_EDGE('',*,*,#1258,.T.);
#1654=ORIENTED_EDGE('',*,*,#1095,.T.);
#1655=ORIENTED_EDGE('',*,*,#1257,.T.);
#1656=ORIENTED_EDGE('',*,*,#1038,.T.);
#1657=ORIENTED_EDGE('',*,*,#1259,.F.);
#1658=ORIENTED_EDGE('',*,*,#1096,.F.);
#1659=ORIENTED_EDGE('',*,*,#1258,.F.);
#1660=ORIENTED_EDGE('',*,*,#1193,.F.);
#1661=ORIENTED_EDGE('',*,*,#1052,.F.);
#1662=ORIENTED_EDGE('',*,*,#1040,.T.);
#1663=ORIENTED_EDGE('',*,*,#1046,.T.);
#1664=ORIENTED_EDGE('',*,*,#1043,.T.);
#1665=ORIENTED_EDGE('',*,*,#1051,.T.);
#1666=ORIENTED_EDGE('',*,*,#1097,.T.);
#1667=ORIENTED_EDGE('',*,*,#1259,.T.);
#1668=ORIENTED_EDGE('',*,*,#1192,.T.);
#1669=ORIENTED_EDGE('',*,*,#1260,.T.);
#1670=ORIENTED_EDGE('',*,*,#1088,.T.);
#1671=ORIENTED_EDGE('',*,*,#1255,.T.);
#1672=ORIENTED_EDGE('',*,*,#1252,.F.);
#1673=ORIENTED_EDGE('',*,*,#1089,.F.);
#1674=ORIENTED_EDGE('',*,*,#1260,.F.);
#1675=ORIENTED_EDGE('',*,*,#1191,.F.);
#1676=ORIENTED_EDGE('',*,*,#1218,.T.);
#1677=ORIENTED_EDGE('',*,*,#1261,.T.);
#1678=ORIENTED_EDGE('',*,*,#1107,.T.);
#1679=ORIENTED_EDGE('',*,*,#1262,.T.);
#1680=ORIENTED_EDGE('',*,*,#1261,.F.);
#1681=ORIENTED_EDGE('',*,*,#1217,.F.);
#1682=ORIENTED_EDGE('',*,*,#1263,.F.);
#1683=ORIENTED_EDGE('',*,*,#1108,.F.);
#1684=ORIENTED_EDGE('',*,*,#1216,.T.);
#1685=ORIENTED_EDGE('',*,*,#1264,.T.);
#1686=ORIENTED_EDGE('',*,*,#1109,.T.);
#1687=ORIENTED_EDGE('',*,*,#1263,.T.);
#1688=ORIENTED_EDGE('',*,*,#1264,.F.);
#1689=ORIENTED_EDGE('',*,*,#1215,.F.);
#1690=ORIENTED_EDGE('',*,*,#1265,.F.);
#1691=ORIENTED_EDGE('',*,*,#1104,.F.);
#1692=ORIENTED_EDGE('',*,*,#1220,.T.);
#1693=ORIENTED_EDGE('',*,*,#1266,.T.);
#1694=ORIENTED_EDGE('',*,*,#1105,.T.);
#1695=ORIENTED_EDGE('',*,*,#1265,.T.);
#1696=ORIENTED_EDGE('',*,*,#1262,.F.);
#1697=ORIENTED_EDGE('',*,*,#1106,.F.);
#1698=ORIENTED_EDGE('',*,*,#1266,.F.);
#1699=ORIENTED_EDGE('',*,*,#1219,.F.);
#1700=ORIENTED_EDGE('',*,*,#1176,.T.);
#1701=ORIENTED_EDGE('',*,*,#1267,.T.);
#1702=ORIENTED_EDGE('',*,*,#1086,.T.);
#1703=ORIENTED_EDGE('',*,*,#1268,.T.);
#1704=ORIENTED_EDGE('',*,*,#1267,.F.);
#1705=ORIENTED_EDGE('',*,*,#1175,.F.);
#1706=ORIENTED_EDGE('',*,*,#1269,.F.);
#1707=ORIENTED_EDGE('',*,*,#1081,.F.);
#1708=ORIENTED_EDGE('',*,*,#1178,.T.);
#1709=ORIENTED_EDGE('',*,*,#1270,.T.);
#1710=ORIENTED_EDGE('',*,*,#1084,.T.);
#1711=ORIENTED_EDGE('',*,*,#1271,.T.);
#1712=ORIENTED_EDGE('',*,*,#1268,.F.);
#1713=ORIENTED_EDGE('',*,*,#1085,.F.);
#1714=ORIENTED_EDGE('',*,*,#1270,.F.);
#1715=ORIENTED_EDGE('',*,*,#1177,.F.);
#1716=ORIENTED_EDGE('',*,*,#1180,.T.);
#1717=ORIENTED_EDGE('',*,*,#1272,.T.);
#1718=ORIENTED_EDGE('',*,*,#1082,.T.);
#1719=ORIENTED_EDGE('',*,*,#1269,.T.);
#1720=ORIENTED_EDGE('',*,*,#1271,.F.);
#1721=ORIENTED_EDGE('',*,*,#1083,.F.);
#1722=ORIENTED_EDGE('',*,*,#1272,.F.);
#1723=ORIENTED_EDGE('',*,*,#1179,.F.);
#1724=ORIENTED_EDGE('',*,*,#1206,.T.);
#1725=ORIENTED_EDGE('',*,*,#1273,.T.);
#1726=ORIENTED_EDGE('',*,*,#1101,.T.);
#1727=ORIENTED_EDGE('',*,*,#1274,.T.);
#1728=ORIENTED_EDGE('',*,*,#1273,.F.);
#1729=ORIENTED_EDGE('',*,*,#1205,.F.);
#1730=ORIENTED_EDGE('',*,*,#1275,.F.);
#1731=ORIENTED_EDGE('',*,*,#1102,.F.);
#1732=ORIENTED_EDGE('',*,*,#1204,.T.);
#1733=ORIENTED_EDGE('',*,*,#1276,.T.);
#1734=ORIENTED_EDGE('',*,*,#1103,.T.);
#1735=ORIENTED_EDGE('',*,*,#1275,.T.);
#1736=ORIENTED_EDGE('',*,*,#1276,.F.);
#1737=ORIENTED_EDGE('',*,*,#1203,.F.);
#1738=ORIENTED_EDGE('',*,*,#1277,.F.);
#1739=ORIENTED_EDGE('',*,*,#1098,.F.);
#1740=ORIENTED_EDGE('',*,*,#1208,.T.);
#1741=ORIENTED_EDGE('',*,*,#1278,.T.);
#1742=ORIENTED_EDGE('',*,*,#1099,.T.);
#1743=ORIENTED_EDGE('',*,*,#1277,.T.);
#1744=ORIENTED_EDGE('',*,*,#1274,.F.);
#1745=ORIENTED_EDGE('',*,*,#1100,.F.);
#1746=ORIENTED_EDGE('',*,*,#1278,.F.);
#1747=ORIENTED_EDGE('',*,*,#1207,.F.);
#1748=ORIENTED_EDGE('',*,*,#1198,.T.);
#1749=ORIENTED_EDGE('',*,*,#1279,.T.);
#1750=ORIENTED_EDGE('',*,*,#1073,.T.);
#1751=ORIENTED_EDGE('',*,*,#1280,.T.);
#1752=ORIENTED_EDGE('',*,*,#1279,.F.);
#1753=ORIENTED_EDGE('',*,*,#1197,.F.);
#1754=ORIENTED_EDGE('',*,*,#1281,.F.);
#1755=ORIENTED_EDGE('',*,*,#1074,.F.);
#1756=ORIENTED_EDGE('',*,*,#1200,.T.);
#1757=ORIENTED_EDGE('',*,*,#1282,.T.);
#1758=ORIENTED_EDGE('',*,*,#1283,.T.);
#1759=ORIENTED_EDGE('',*,*,#1284,.T.);
#1760=ORIENTED_EDGE('',*,*,#1280,.F.);
#1761=ORIENTED_EDGE('',*,*,#1072,.F.);
#1762=ORIENTED_EDGE('',*,*,#1285,.F.);
#1763=ORIENTED_EDGE('',*,*,#1282,.F.);
#1764=ORIENTED_EDGE('',*,*,#1199,.F.);
#1765=ORIENTED_EDGE('',*,*,#1202,.T.);
#1766=ORIENTED_EDGE('',*,*,#1286,.T.);
#1767=ORIENTED_EDGE('',*,*,#1075,.T.);
#1768=ORIENTED_EDGE('',*,*,#1281,.T.);
#1769=ORIENTED_EDGE('',*,*,#1284,.F.);
#1770=ORIENTED_EDGE('',*,*,#1287,.F.);
#1771=ORIENTED_EDGE('',*,*,#1076,.F.);
#1772=ORIENTED_EDGE('',*,*,#1286,.F.);
#1773=ORIENTED_EDGE('',*,*,#1201,.F.);
#1774=ORIENTED_EDGE('',*,*,#1226,.T.);
#1775=ORIENTED_EDGE('',*,*,#1288,.T.);
#1776=ORIENTED_EDGE('',*,*,#1111,.T.);
#1777=ORIENTED_EDGE('',*,*,#1289,.T.);
#1778=ORIENTED_EDGE('',*,*,#1288,.F.);
#1779=ORIENTED_EDGE('',*,*,#1225,.F.);
#1780=ORIENTED_EDGE('',*,*,#1290,.F.);
#1781=ORIENTED_EDGE('',*,*,#1112,.F.);
#1782=ORIENTED_EDGE('',*,*,#1222,.T.);
#1783=ORIENTED_EDGE('',*,*,#1291,.T.);
#1784=ORIENTED_EDGE('',*,*,#1115,.T.);
#1785=ORIENTED_EDGE('',*,*,#1292,.T.);
#1786=ORIENTED_EDGE('',*,*,#1289,.F.);
#1787=ORIENTED_EDGE('',*,*,#1110,.F.);
#1788=ORIENTED_EDGE('',*,*,#1291,.F.);
#1789=ORIENTED_EDGE('',*,*,#1221,.F.);
#1790=ORIENTED_EDGE('',*,*,#1224,.T.);
#1791=ORIENTED_EDGE('',*,*,#1293,.T.);
#1792=ORIENTED_EDGE('',*,*,#1113,.T.);
#1793=ORIENTED_EDGE('',*,*,#1290,.T.);
#1794=ORIENTED_EDGE('',*,*,#1292,.F.);
#1795=ORIENTED_EDGE('',*,*,#1114,.F.);
#1796=ORIENTED_EDGE('',*,*,#1293,.F.);
#1797=ORIENTED_EDGE('',*,*,#1223,.F.);
#1798=ORIENTED_EDGE('',*,*,#1182,.T.);
#1799=ORIENTED_EDGE('',*,*,#1294,.T.);
#1800=ORIENTED_EDGE('',*,*,#1295,.T.);
#1801=ORIENTED_EDGE('',*,*,#1296,.T.);
#1802=ORIENTED_EDGE('',*,*,#1294,.F.);
#1803=ORIENTED_EDGE('',*,*,#1181,.F.);
#1804=ORIENTED_EDGE('',*,*,#1297,.F.);
#1805=ORIENTED_EDGE('',*,*,#1298,.F.);
#1806=ORIENTED_EDGE('',*,*,#1186,.T.);
#1807=ORIENTED_EDGE('',*,*,#1299,.T.);
#1808=ORIENTED_EDGE('',*,*,#1300,.T.);
#1809=ORIENTED_EDGE('',*,*,#1297,.T.);
#1810=ORIENTED_EDGE('',*,*,#1299,.F.);
#1811=ORIENTED_EDGE('',*,*,#1185,.F.);
#1812=ORIENTED_EDGE('',*,*,#1301,.F.);
#1813=ORIENTED_EDGE('',*,*,#1302,.F.);
#1814=ORIENTED_EDGE('',*,*,#1303,.F.);
#1815=ORIENTED_EDGE('',*,*,#1214,.T.);
#1816=ORIENTED_EDGE('',*,*,#1304,.T.);
#1817=ORIENTED_EDGE('',*,*,#1305,.T.);
#1818=ORIENTED_EDGE('',*,*,#1306,.T.);
#1819=ORIENTED_EDGE('',*,*,#1304,.F.);
#1820=ORIENTED_EDGE('',*,*,#1213,.F.);
#1821=ORIENTED_EDGE('',*,*,#1307,.F.);
#1822=ORIENTED_EDGE('',*,*,#1308,.T.);
#1823=ORIENTED_EDGE('',*,*,#1309,.F.);
#1824=ORIENTED_EDGE('',*,*,#1310,.F.);
#1825=ORIENTED_EDGE('',*,*,#1307,.T.);
#1826=ORIENTED_EDGE('',*,*,#1212,.T.);
#1827=ORIENTED_EDGE('',*,*,#1311,.T.);
#1828=ORIENTED_EDGE('',*,*,#1310,.T.);
#1829=ORIENTED_EDGE('',*,*,#1312,.F.);
#1830=ORIENTED_EDGE('',*,*,#1313,.T.);
#1831=ORIENTED_EDGE('',*,*,#1314,.F.);
#1832=ORIENTED_EDGE('',*,*,#1315,.F.);
#1833=ORIENTED_EDGE('',*,*,#1308,.F.);
#1834=ORIENTED_EDGE('',*,*,#1311,.F.);
#1835=ORIENTED_EDGE('',*,*,#1211,.F.);
#1836=ORIENTED_EDGE('',*,*,#1316,.F.);
#1837=ORIENTED_EDGE('',*,*,#1312,.T.);
#1838=ORIENTED_EDGE('',*,*,#1184,.T.);
#1839=ORIENTED_EDGE('',*,*,#1317,.T.);
#1840=ORIENTED_EDGE('',*,*,#1318,.T.);
#1841=ORIENTED_EDGE('',*,*,#1301,.T.);
#1842=ORIENTED_EDGE('',*,*,#1296,.F.);
#1843=ORIENTED_EDGE('',*,*,#1319,.F.);
#1844=ORIENTED_EDGE('',*,*,#1320,.F.);
#1845=ORIENTED_EDGE('',*,*,#1317,.F.);
#1846=ORIENTED_EDGE('',*,*,#1183,.F.);
#1847=ORIENTED_EDGE('',*,*,#1313,.F.);
#1848=ORIENTED_EDGE('',*,*,#1316,.T.);
#1849=ORIENTED_EDGE('',*,*,#1210,.T.);
#1850=ORIENTED_EDGE('',*,*,#1321,.T.);
#1851=ORIENTED_EDGE('',*,*,#1306,.F.);
#1852=ORIENTED_EDGE('',*,*,#1322,.F.);
#1853=ORIENTED_EDGE('',*,*,#1314,.T.);
#1854=ORIENTED_EDGE('',*,*,#1321,.F.);
#1855=ORIENTED_EDGE('',*,*,#1209,.F.);
#1856=ORIENTED_EDGE('',*,*,#1287,.T.);
#1857=ORIENTED_EDGE('',*,*,#1283,.F.);
#1858=ORIENTED_EDGE('',*,*,#1285,.T.);
#1859=ORIENTED_EDGE('',*,*,#1071,.T.);
#1860=ORIENTED_EDGE('',*,*,#1061,.F.);
#1861=ORIENTED_EDGE('',*,*,#1323,.F.);
#1862=ORIENTED_EDGE('',*,*,#1319,.T.);
#1863=ORIENTED_EDGE('',*,*,#1295,.F.);
#1864=ORIENTED_EDGE('',*,*,#1298,.T.);
#1865=ORIENTED_EDGE('',*,*,#1300,.F.);
#1866=ORIENTED_EDGE('',*,*,#1303,.T.);
#1867=ORIENTED_EDGE('',*,*,#1324,.F.);
#1868=ORIENTED_EDGE('',*,*,#1325,.F.);
#1869=ORIENTED_EDGE('',*,*,#1077,.T.);
#1870=ORIENTED_EDGE('',*,*,#1302,.T.);
#1871=ORIENTED_EDGE('',*,*,#1318,.F.);
#1872=ORIENTED_EDGE('',*,*,#1320,.T.);
#1873=ORIENTED_EDGE('',*,*,#1323,.T.);
#1874=ORIENTED_EDGE('',*,*,#1060,.F.);
#1875=ORIENTED_EDGE('',*,*,#1129,.F.);
#1876=ORIENTED_EDGE('',*,*,#1326,.F.);
#1877=ORIENTED_EDGE('',*,*,#1327,.T.);
#1878=ORIENTED_EDGE('',*,*,#1324,.T.);
#1879=ORIENTED_EDGE('',*,*,#1322,.T.);
#1880=ORIENTED_EDGE('',*,*,#1305,.F.);
#1881=ORIENTED_EDGE('',*,*,#1309,.T.);
#1882=ORIENTED_EDGE('',*,*,#1315,.T.);
#1883=ORIENTED_EDGE('',*,*,#1249,.F.);
#1884=ORIENTED_EDGE('',*,*,#1328,.T.);
#1885=ORIENTED_EDGE('',*,*,#1144,.T.);
#1886=ORIENTED_EDGE('',*,*,#1142,.F.);
#1887=ORIENTED_EDGE('',*,*,#1240,.T.);
#1888=ORIENTED_EDGE('',*,*,#1158,.T.);
#1889=ORIENTED_EDGE('',*,*,#1167,.T.);
#1890=ORIENTED_EDGE('',*,*,#1329,.T.);
#1891=ORIENTED_EDGE('',*,*,#1330,.T.);
#1892=ORIENTED_EDGE('',*,*,#1329,.F.);
#1893=ORIENTED_EDGE('',*,*,#1236,.T.);
#1894=ORIENTED_EDGE('',*,*,#1328,.F.);
#1895=ORIENTED_EDGE('',*,*,#1125,.T.);
#1896=ORIENTED_EDGE('',*,*,#1331,.T.);
#1897=ORIENTED_EDGE('',*,*,#1332,.T.);
#1898=ORIENTED_EDGE('',*,*,#1331,.F.);
#1899=ORIENTED_EDGE('',*,*,#1250,.F.);
#1900=ORIENTED_EDGE('',*,*,#1333,.T.);
#1901=ORIENTED_EDGE('',*,*,#1140,.T.);
#1902=ORIENTED_EDGE('',*,*,#1151,.T.);
#1903=ORIENTED_EDGE('',*,*,#1238,.T.);
#1904=ORIENTED_EDGE('',*,*,#1160,.T.);
#1905=ORIENTED_EDGE('',*,*,#1156,.F.);
#1906=ORIENTED_EDGE('',*,*,#1334,.T.);
#1907=ORIENTED_EDGE('',*,*,#1335,.T.);
#1908=ORIENTED_EDGE('',*,*,#1334,.F.);
#1909=ORIENTED_EDGE('',*,*,#1239,.T.);
#1910=ORIENTED_EDGE('',*,*,#1333,.F.);
#1911=ORIENTED_EDGE('',*,*,#1126,.T.);
#1912=ORIENTED_EDGE('',*,*,#1336,.T.);
#1913=ORIENTED_EDGE('',*,*,#1337,.T.);
#1914=ORIENTED_EDGE('',*,*,#1336,.F.);
#1915=ORIENTED_EDGE('',*,*,#1127,.T.);
#1916=ORIENTED_EDGE('',*,*,#1338,.T.);
#1917=ORIENTED_EDGE('',*,*,#1339,.T.);
#1918=ORIENTED_EDGE('',*,*,#1338,.F.);
#1919=ORIENTED_EDGE('',*,*,#1128,.T.);
#1920=ORIENTED_EDGE('',*,*,#1340,.T.);
#1921=ORIENTED_EDGE('',*,*,#1341,.T.);
#1922=ORIENTED_EDGE('',*,*,#1340,.F.);
#1923=ORIENTED_EDGE('',*,*,#1123,.T.);
#1924=ORIENTED_EDGE('',*,*,#1231,.F.);
#1925=ORIENTED_EDGE('',*,*,#1342,.F.);
#1926=ORIENTED_EDGE('',*,*,#1168,.T.);
#1927=ORIENTED_EDGE('',*,*,#1165,.T.);
#1928=ORIENTED_EDGE('',*,*,#1247,.F.);
#1929=ORIENTED_EDGE('',*,*,#1343,.T.);
#1930=ORIENTED_EDGE('',*,*,#1326,.T.);
#1931=ORIENTED_EDGE('',*,*,#1134,.T.);
#1932=ORIENTED_EDGE('',*,*,#1248,.F.);
#1933=ORIENTED_EDGE('',*,*,#1243,.F.);
#1934=ORIENTED_EDGE('',*,*,#1146,.T.);
#1935=ORIENTED_EDGE('',*,*,#1237,.T.);
#1936=ORIENTED_EDGE('',*,*,#1163,.T.);
#1937=ORIENTED_EDGE('',*,*,#1170,.F.);
#1938=ORIENTED_EDGE('',*,*,#1344,.T.);
#1939=ORIENTED_EDGE('',*,*,#1245,.T.);
#1940=ORIENTED_EDGE('',*,*,#1344,.F.);
#1941=ORIENTED_EDGE('',*,*,#1169,.T.);
#1942=ORIENTED_EDGE('',*,*,#1342,.T.);
#1943=ORIENTED_EDGE('',*,*,#1230,.T.);
#1944=ORIENTED_EDGE('',*,*,#1233,.T.);
#1945=ORIENTED_EDGE('',*,*,#1234,.T.);
#1946=ORIENTED_EDGE('',*,*,#1227,.T.);
#1947=ORIENTED_EDGE('',*,*,#1078,.F.);
#1948=ORIENTED_EDGE('',*,*,#1325,.T.);
#1949=ORIENTED_EDGE('',*,*,#1327,.F.);
#1950=ORIENTED_EDGE('',*,*,#1343,.F.);
#1951=ORIENTED_EDGE('',*,*,#1246,.F.);
#1952=ORIENTED_EDGE('',*,*,#1045,.T.);
#1953=ORIENTED_EDGE('',*,*,#1341,.F.);
#1954=ORIENTED_EDGE('',*,*,#1339,.F.);
#1955=ORIENTED_EDGE('',*,*,#1337,.F.);
#1956=ORIENTED_EDGE('',*,*,#1335,.F.);
#1957=ORIENTED_EDGE('',*,*,#1332,.F.);
#1958=ORIENTED_EDGE('',*,*,#1330,.F.);
#1959=CYLINDRICAL_SURFACE('',#2118,1.25);
#1960=CYLINDRICAL_SURFACE('',#2126,0.5);
#1961=CYLINDRICAL_SURFACE('',#2128,10.);
#1962=CYLINDRICAL_SURFACE('',#2133,3.);
#1963=CYLINDRICAL_SURFACE('',#2159,3.);
#1964=CYLINDRICAL_SURFACE('',#2167,2.);
#1965=CYLINDRICAL_SURFACE('',#2172,2.);
#1966=CYLINDRICAL_SURFACE('',#2181,2.);
#1967=CYLINDRICAL_SURFACE('',#2226,3.);
#1968=CYLINDRICAL_SURFACE('',#2228,3.);
#1969=CYLINDRICAL_SURFACE('',#2233,0.5);
#1970=CYLINDRICAL_SURFACE('',#2235,0.5);
#1971=CYLINDRICAL_SURFACE('',#2237,0.5);
#1972=CYLINDRICAL_SURFACE('',#2239,0.5);
#1973=CYLINDRICAL_SURFACE('',#2241,0.5);
#1974=CYLINDRICAL_SURFACE('',#2242,0.5);
#1975=CYLINDRICAL_SURFACE('',#2244,0.5);
#1976=CYLINDRICAL_SURFACE('',#2246,0.5);
#1977=CYLINDRICAL_SURFACE('',#2248,0.5);
#1978=CYLINDRICAL_SURFACE('',#2250,0.5);
#1979=CYLINDRICAL_SURFACE('',#2252,0.5);
#1980=CYLINDRICAL_SURFACE('',#2254,0.5);
#1981=CYLINDRICAL_SURFACE('',#2256,0.5);
#1982=CYLINDRICAL_SURFACE('',#2258,0.5);
#1983=CYLINDRICAL_SURFACE('',#2260,0.5);
#1984=CYLINDRICAL_SURFACE('',#2262,0.5);
#1985=CYLINDRICAL_SURFACE('',#2264,0.5);
#1986=CYLINDRICAL_SURFACE('',#2267,0.5);
#1987=CYLINDRICAL_SURFACE('',#2270,0.5);
#1988=CYLINDRICAL_SURFACE('',#2272,0.5);
#1989=CYLINDRICAL_SURFACE('',#2274,0.5);
#1990=CYLINDRICAL_SURFACE('',#2276,0.5);
#1991=CYLINDRICAL_SURFACE('',#2279,0.5);
#1992=CYLINDRICAL_SURFACE('',#2282,0.5);
#1993=CYLINDRICAL_SURFACE('',#2285,0.5);
#1994=CYLINDRICAL_SURFACE('',#2290,0.5);
#1995=CYLINDRICAL_SURFACE('',#2294,0.5);
#1996=CYLINDRICAL_SURFACE('',#2296,9.99999999999996);
#1997=CYLINDRICAL_SURFACE('',#2299,1.5);
#1998=CYLINDRICAL_SURFACE('',#2301,2.00000000000001);
#1999=CYLINDRICAL_SURFACE('',#2303,1.5);
#2000=CYLINDRICAL_SURFACE('',#2305,1.09999999999999);
#2001=CYLINDRICAL_SURFACE('',#2307,1.1);
#2002=CYLINDRICAL_SURFACE('',#2309,1.1);
#2003=ADVANCED_FACE('',(#101),#1959,.F.);
#2004=ADVANCED_FACE('',(#102),#48,.T.);
#2005=ADVANCED_FACE('',(#103),#49,.F.);
#2006=ADVANCED_FACE('',(#104),#1960,.F.);
#2007=ADVANCED_FACE('',(#105),#1961,.F.);
#2008=ADVANCED_FACE('',(#106),#50,.T.);
#2009=ADVANCED_FACE('',(#107),#1962,.T.);
#2010=ADVANCED_FACE('',(#108),#51,.F.);
#2011=ADVANCED_FACE('',(#109,#19,#20,#21,#22,#23,#24),#52,.T.);
#2012=ADVANCED_FACE('',(#110),#1963,.F.);
#2013=ADVANCED_FACE('',(#111,#25,#26,#27,#28),#53,.F.);
#2014=ADVANCED_FACE('',(#112),#1964,.F.);
#2015=ADVANCED_FACE('',(#113),#54,.T.);
#2016=ADVANCED_FACE('',(#114),#55,.F.);
#2017=ADVANCED_FACE('',(#115),#1965,.F.);
#2018=ADVANCED_FACE('',(#116),#15,.T.);
#2019=ADVANCED_FACE('',(#117),#16,.T.);
#2020=ADVANCED_FACE('',(#118),#56,.F.);
#2021=ADVANCED_FACE('',(#119),#1966,.F.);
#2022=ADVANCED_FACE('',(#120),#17,.T.);
#2023=ADVANCED_FACE('',(#121),#18,.T.);
#2024=ADVANCED_FACE('',(#122),#57,.F.);
#2025=ADVANCED_FACE('',(#123,#29,#30,#31,#32,#33,#34,#35,#36,#37),#58,.T.);
#2026=ADVANCED_FACE('',(#124),#59,.T.);
#2027=ADVANCED_FACE('',(#125),#60,.T.);
#2028=ADVANCED_FACE('',(#126),#61,.T.);
#2029=ADVANCED_FACE('',(#127),#62,.T.);
#2030=ADVANCED_FACE('',(#128),#63,.T.);
#2031=ADVANCED_FACE('',(#129),#64,.F.);
#2032=ADVANCED_FACE('',(#130),#65,.F.);
#2033=ADVANCED_FACE('',(#131),#66,.F.);
#2034=ADVANCED_FACE('',(#132),#67,.T.);
#2035=ADVANCED_FACE('',(#133),#1967,.T.);
#2036=ADVANCED_FACE('',(#134),#1968,.T.);
#2037=ADVANCED_FACE('',(#135,#38,#39),#68,.T.);
#2038=ADVANCED_FACE('',(#136),#1969,.F.);
#2039=ADVANCED_FACE('',(#137),#69,.F.);
#2040=ADVANCED_FACE('',(#138),#1970,.F.);
#2041=ADVANCED_FACE('',(#139),#70,.F.);
#2042=ADVANCED_FACE('',(#140),#1971,.F.);
#2043=ADVANCED_FACE('',(#141),#71,.F.);
#2044=ADVANCED_FACE('',(#142),#1972,.F.);
#2045=ADVANCED_FACE('',(#143),#72,.F.);
#2046=ADVANCED_FACE('',(#144),#1973,.F.);
#2047=ADVANCED_FACE('',(#145),#1974,.F.);
#2048=ADVANCED_FACE('',(#146),#73,.F.);
#2049=ADVANCED_FACE('',(#147),#1975,.F.);
#2050=ADVANCED_FACE('',(#148),#74,.F.);
#2051=ADVANCED_FACE('',(#149),#1976,.F.);
#2052=ADVANCED_FACE('',(#150),#75,.F.);
#2053=ADVANCED_FACE('',(#151),#1977,.F.);
#2054=ADVANCED_FACE('',(#152),#76,.F.);
#2055=ADVANCED_FACE('',(#153),#1978,.F.);
#2056=ADVANCED_FACE('',(#154),#77,.F.);
#2057=ADVANCED_FACE('',(#155),#1979,.F.);
#2058=ADVANCED_FACE('',(#156),#78,.F.);
#2059=ADVANCED_FACE('',(#157),#1980,.F.);
#2060=ADVANCED_FACE('',(#158),#79,.F.);
#2061=ADVANCED_FACE('',(#159),#1981,.F.);
#2062=ADVANCED_FACE('',(#160),#80,.F.);
#2063=ADVANCED_FACE('',(#161),#1982,.F.);
#2064=ADVANCED_FACE('',(#162),#81,.F.);
#2065=ADVANCED_FACE('',(#163),#1983,.F.);
#2066=ADVANCED_FACE('',(#164),#82,.F.);
#2067=ADVANCED_FACE('',(#165),#1984,.F.);
#2068=ADVANCED_FACE('',(#166),#83,.F.);
#2069=ADVANCED_FACE('',(#167),#1985,.F.);
#2070=ADVANCED_FACE('',(#168),#84,.F.);
#2071=ADVANCED_FACE('',(#169),#1986,.F.);
#2072=ADVANCED_FACE('',(#170),#85,.F.);
#2073=ADVANCED_FACE('',(#171),#1987,.F.);
#2074=ADVANCED_FACE('',(#172),#86,.F.);
#2075=ADVANCED_FACE('',(#173),#1988,.F.);
#2076=ADVANCED_FACE('',(#174),#87,.F.);
#2077=ADVANCED_FACE('',(#175),#1989,.F.);
#2078=ADVANCED_FACE('',(#176),#88,.F.);
#2079=ADVANCED_FACE('',(#177),#1990,.F.);
#2080=ADVANCED_FACE('',(#178),#89,.F.);
#2081=ADVANCED_FACE('',(#179),#1991,.F.);
#2082=ADVANCED_FACE('',(#180),#90,.F.);
#2083=ADVANCED_FACE('',(#181),#1992,.F.);
#2084=ADVANCED_FACE('',(#182),#91,.F.);
#2085=ADVANCED_FACE('',(#183),#1993,.F.);
#2086=ADVANCED_FACE('',(#184),#92,.F.);
#2087=ADVANCED_FACE('',(#185),#93,.F.);
#2088=ADVANCED_FACE('',(#186),#1994,.F.);
#2089=ADVANCED_FACE('',(#187),#94,.F.);
#2090=ADVANCED_FACE('',(#188),#1995,.F.);
#2091=ADVANCED_FACE('',(#189),#95,.F.);
#2092=ADVANCED_FACE('',(#190),#1996,.F.);
#2093=ADVANCED_FACE('',(#191,#40),#96,.T.);
#2094=ADVANCED_FACE('',(#192),#1997,.F.);
#2095=ADVANCED_FACE('',(#193),#1998,.F.);
#2096=ADVANCED_FACE('',(#194),#1999,.F.);
#2097=ADVANCED_FACE('',(#195),#2000,.F.);
#2098=ADVANCED_FACE('',(#196),#2001,.F.);
#2099=ADVANCED_FACE('',(#197),#2002,.F.);
#2100=ADVANCED_FACE('',(#198),#97,.T.);
#2101=ADVANCED_FACE('',(#199),#98,.T.);
#2102=ADVANCED_FACE('',(#200),#99,.T.);
#2103=ADVANCED_FACE('',(#201,#41,#42,#43,#44,#45,#46,#47),#100,.F.);
#2104=CLOSED_SHELL('',(#2003,#2004,#2005,#2006,#2007,#2008,#2009,#2010,
#2011,#2012,#2013,#2014,#2015,#2016,#2017,#2018,#2019,#2020,#2021,#2022,
#2023,#2024,#2025,#2026,#2027,#2028,#2029,#2030,#2031,#2032,#2033,#2034,
#2035,#2036,#2037,#2038,#2039,#2040,#2041,#2042,#2043,#2044,#2045,#2046,
#2047,#2048,#2049,#2050,#2051,#2052,#2053,#2054,#2055,#2056,#2057,#2058,
#2059,#2060,#2061,#2062,#2063,#2064,#2065,#2066,#2067,#2068,#2069,#2070,
#2071,#2072,#2073,#2074,#2075,#2076,#2077,#2078,#2079,#2080,#2081,#2082,
#2083,#2084,#2085,#2086,#2087,#2088,#2089,#2090,#2091,#2092,#2093,#2094,
#2095,#2096,#2097,#2098,#2099,#2100,#2101,#2102,#2103));
#2105=DERIVED_UNIT_ELEMENT(#2107,1.);
#2106=DERIVED_UNIT_ELEMENT(#3758,-3.);
#2107=(
MASS_UNIT()
NAMED_UNIT(*)
SI_UNIT(.KILO.,.GRAM.)
);
#2108=DERIVED_UNIT((#2105,#2106));
#2109=MEASURE_REPRESENTATION_ITEM('density measure',
POSITIVE_RATIO_MEASURE(7850.),#2108);
#2110=PROPERTY_DEFINITION_REPRESENTATION(#2115,#2112);
#2111=PROPERTY_DEFINITION_REPRESENTATION(#2116,#2113);
#2112=REPRESENTATION('material name',(#2114),#3755);
#2113=REPRESENTATION('density',(#2109),#3755);
#2114=DESCRIPTIVE_REPRESENTATION_ITEM('Steel','Steel');
#2115=PROPERTY_DEFINITION('material property','material name',#3765);
#2116=PROPERTY_DEFINITION('material property','density of part',#3765);
#2117=AXIS2_PLACEMENT_3D('',#2909,#2315,#2316);
#2118=AXIS2_PLACEMENT_3D('',#2910,#2317,#2318);
#2119=AXIS2_PLACEMENT_3D('',#2913,#2319,#2320);
#2120=AXIS2_PLACEMENT_3D('',#2915,#2321,#2322);
#2121=AXIS2_PLACEMENT_3D('',#2917,#2323,#2324);
#2122=AXIS2_PLACEMENT_3D('',#2934,#2325,#2326);
#2123=AXIS2_PLACEMENT_3D('',#2951,#2328,#2329);
#2124=AXIS2_PLACEMENT_3D('',#2952,#2330,#2331);
#2125=AXIS2_PLACEMENT_3D('',#2954,#2333,#2334);
#2126=AXIS2_PLACEMENT_3D('',#2964,#2340,#2341);
#2127=AXIS2_PLACEMENT_3D('',#2967,#2343,#2344);
#2128=AXIS2_PLACEMENT_3D('',#2968,#2345,#2346);
#2129=AXIS2_PLACEMENT_3D('',#2971,#2347,#2348);
#2130=AXIS2_PLACEMENT_3D('',#2975,#2350,#2351);
#2131=AXIS2_PLACEMENT_3D('',#2977,#2353,#2354);
#2132=AXIS2_PLACEMENT_3D('',#2985,#2358,#2359);
#2133=AXIS2_PLACEMENT_3D('',#2991,#2363,#2364);
#2134=AXIS2_PLACEMENT_3D('',#2993,#2365,#2366);
#2135=AXIS2_PLACEMENT_3D('',#2995,#2367,#2368);
#2136=AXIS2_PLACEMENT_3D('',#2997,#2370,#2371);
#2137=AXIS2_PLACEMENT_3D('',#3003,#2375,#2376);
#2138=AXIS2_PLACEMENT_3D('',#3009,#2379,#2380);
#2139=AXIS2_PLACEMENT_3D('',#3013,#2382,#2383);
#2140=AXIS2_PLACEMENT_3D('',#3022,#2388,#2389);
#2141=AXIS2_PLACEMENT_3D('',#3027,#2391,#2392);
#2142=AXIS2_PLACEMENT_3D('',#3031,#2394,#2395);
#2143=AXIS2_PLACEMENT_3D('',#3034,#2397,#2398);
#2144=AXIS2_PLACEMENT_3D('',#3039,#2400,#2401);
#2145=AXIS2_PLACEMENT_3D('',#3043,#2403,#2404);
#2146=AXIS2_PLACEMENT_3D('',#3046,#2406,#2407);
#2147=AXIS2_PLACEMENT_3D('',#3048,#2408,#2409);
#2148=AXIS2_PLACEMENT_3D('',#3052,#2411,#2412);
#2149=AXIS2_PLACEMENT_3D('',#3055,#2414,#2415);
#2150=AXIS2_PLACEMENT_3D('',#3060,#2417,#2418);
#2151=AXIS2_PLACEMENT_3D('',#3064,#2420,#2421);
#2152=AXIS2_PLACEMENT_3D('',#3067,#2423,#2424);
#2153=AXIS2_PLACEMENT_3D('',#3072,#2426,#2427);
#2154=AXIS2_PLACEMENT_3D('',#3076,#2429,#2430);
#2155=AXIS2_PLACEMENT_3D('',#3079,#2432,#2433);
#2156=AXIS2_PLACEMENT_3D('',#3084,#2435,#2436);
#2157=AXIS2_PLACEMENT_3D('',#3088,#2438,#2439);
#2158=AXIS2_PLACEMENT_3D('',#3091,#2441,#2442);
#2159=AXIS2_PLACEMENT_3D('',#3092,#2443,#2444);
#2160=AXIS2_PLACEMENT_3D('',#3094,#2445,#2446);
#2161=AXIS2_PLACEMENT_3D('',#3097,#2448,#2449);
#2162=AXIS2_PLACEMENT_3D('',#3098,#2450,#2451);
#2163=AXIS2_PLACEMENT_3D('',#3111,#2458,#2459);
#2164=AXIS2_PLACEMENT_3D('',#3113,#2460,#2461);
#2165=AXIS2_PLACEMENT_3D('',#3115,#2462,#2463);
#2166=AXIS2_PLACEMENT_3D('',#3117,#2464,#2465);
#2167=AXIS2_PLACEMENT_3D('',#3118,#2466,#2467);
#2168=AXIS2_PLACEMENT_3D('',#3120,#2468,#2469);
#2169=AXIS2_PLACEMENT_3D('',#3122,#2470,#2471);
#2170=AXIS2_PLACEMENT_3D('',#3124,#2473,#2474);
#2171=AXIS2_PLACEMENT_3D('',#3130,#2478,#2479);
#2172=AXIS2_PLACEMENT_3D('',#3132,#2481,#2482);
#2173=AXIS2_PLACEMENT_3D('',#3135,#2483,#2484);
#2174=AXIS2_PLACEMENT_3D('',#3139,#2486,#2487);
#2175=AXIS2_PLACEMENT_3D('',#3183,#2489,#2490);
#2176=AXIS2_PLACEMENT_3D('',#3232,#2491,#2492);
#2177=AXIS2_PLACEMENT_3D('',#3233,#2493,#2494);
#2178=AXIS2_PLACEMENT_3D('',#3235,#2495,#2496);
#2179=AXIS2_PLACEMENT_3D('',#3241,#2499,#2500);
#2180=AXIS2_PLACEMENT_3D('',#3248,#2504,#2505);
#2181=AXIS2_PLACEMENT_3D('',#3249,#2506,#2507);
#2182=AXIS2_PLACEMENT_3D('',#3252,#2508,#2509);
#2183=AXIS2_PLACEMENT_3D('',#3256,#2511,#2512);
#2184=AXIS2_PLACEMENT_3D('',#3306,#2514,#2515);
#2185=AXIS2_PLACEMENT_3D('',#3349,#2516,#2517);
#2186=AXIS2_PLACEMENT_3D('',#3350,#2518,#2519);
#2187=AXIS2_PLACEMENT_3D('',#3352,#2520,#2521);
#2188=AXIS2_PLACEMENT_3D('',#3360,#2525,#2526);
#2189=AXIS2_PLACEMENT_3D('',#3365,#2529,#2530);
#2190=AXIS2_PLACEMENT_3D('',#3366,#2531,#2532);
#2191=AXIS2_PLACEMENT_3D('',#3382,#2541,#2542);
#2192=AXIS2_PLACEMENT_3D('',#3386,#2544,#2545);
#2193=AXIS2_PLACEMENT_3D('',#3389,#2547,#2548);
#2194=AXIS2_PLACEMENT_3D('',#3394,#2550,#2551);
#2195=AXIS2_PLACEMENT_3D('',#3398,#2553,#2554);
#2196=AXIS2_PLACEMENT_3D('',#3401,#2556,#2557);
#2197=AXIS2_PLACEMENT_3D('',#3406,#2559,#2560);
#2198=AXIS2_PLACEMENT_3D('',#3410,#2562,#2563);
#2199=AXIS2_PLACEMENT_3D('',#3413,#2565,#2566);
#2200=AXIS2_PLACEMENT_3D('',#3417,#2568,#2569);
#2201=AXIS2_PLACEMENT_3D('',#3420,#2571,#2572);
#2202=AXIS2_PLACEMENT_3D('',#3425,#2574,#2575);
#2203=AXIS2_PLACEMENT_3D('',#3429,#2577,#2578);
#2204=AXIS2_PLACEMENT_3D('',#3432,#2580,#2581);
#2205=AXIS2_PLACEMENT_3D('',#3437,#2583,#2584);
#2206=AXIS2_PLACEMENT_3D('',#3441,#2586,#2587);
#2207=AXIS2_PLACEMENT_3D('',#3444,#2589,#2590);
#2208=AXIS2_PLACEMENT_3D('',#3449,#2592,#2593);
#2209=AXIS2_PLACEMENT_3D('',#3453,#2595,#2596);
#2210=AXIS2_PLACEMENT_3D('',#3456,#2598,#2599);
#2211=AXIS2_PLACEMENT_3D('',#3461,#2601,#2602);
#2212=AXIS2_PLACEMENT_3D('',#3465,#2604,#2605);
#2213=AXIS2_PLACEMENT_3D('',#3468,#2607,#2608);
#2214=AXIS2_PLACEMENT_3D('',#3473,#2610,#2611);
#2215=AXIS2_PLACEMENT_3D('',#3477,#2613,#2614);
#2216=AXIS2_PLACEMENT_3D('',#3480,#2616,#2617);
#2217=AXIS2_PLACEMENT_3D('',#3481,#2618,#2619);
#2218=AXIS2_PLACEMENT_3D('',#3485,#2622,#2623);
#2219=AXIS2_PLACEMENT_3D('',#3491,#2627,#2628);
#2220=AXIS2_PLACEMENT_3D('',#3495,#2631,#2632);
#2221=AXIS2_PLACEMENT_3D('',#3497,#2634,#2635);
#2222=AXIS2_PLACEMENT_3D('',#3499,#2637,#2638);
#2223=AXIS2_PLACEMENT_3D('',#3502,#2641,#2642);
#2224=AXIS2_PLACEMENT_3D('',#3504,#2644,#2645);
#2225=AXIS2_PLACEMENT_3D('',#3507,#2648,#2649);
#2226=AXIS2_PLACEMENT_3D('',#3511,#2652,#2653);
#2227=AXIS2_PLACEMENT_3D('',#3514,#2655,#2656);
#2228=AXIS2_PLACEMENT_3D('',#3515,#2657,#2658);
#2229=AXIS2_PLACEMENT_3D('',#3519,#2660,#2661);
#2230=AXIS2_PLACEMENT_3D('',#3521,#2663,#2664);
#2231=AXIS2_PLACEMENT_3D('',#3524,#2666,#2667);
#2232=AXIS2_PLACEMENT_3D('',#3526,#2668,#2669);
#2233=AXIS2_PLACEMENT_3D('',#3527,#2670,#2671);
#2234=AXIS2_PLACEMENT_3D('',#3530,#2674,#2675);
#2235=AXIS2_PLACEMENT_3D('',#3532,#2677,#2678);
#2236=AXIS2_PLACEMENT_3D('',#3534,#2680,#2681);
#2237=AXIS2_PLACEMENT_3D('',#3536,#2683,#2684);
#2238=AXIS2_PLACEMENT_3D('',#3538,#2686,#2687);
#2239=AXIS2_PLACEMENT_3D('',#3540,#2689,#2690);
#2240=AXIS2_PLACEMENT_3D('',#3542,#2692,#2693);
#2241=AXIS2_PLACEMENT_3D('',#3544,#2695,#2696);
#2242=AXIS2_PLACEMENT_3D('',#3545,#2697,#2698);
#2243=AXIS2_PLACEMENT_3D('',#3547,#2700,#2701);
#2244=AXIS2_PLACEMENT_3D('',#3548,#2702,#2703);
#2245=AXIS2_PLACEMENT_3D('',#3551,#2706,#2707);
#2246=AXIS2_PLACEMENT_3D('',#3553,#2709,#2710);
#2247=AXIS2_PLACEMENT_3D('',#3555,#2712,#2713);
#2248=AXIS2_PLACEMENT_3D('',#3557,#2715,#2716);
#2249=AXIS2_PLACEMENT_3D('',#3559,#2718,#2719);
#2250=AXIS2_PLACEMENT_3D('',#3560,#2720,#2721);
#2251=AXIS2_PLACEMENT_3D('',#3563,#2724,#2725);
#2252=AXIS2_PLACEMENT_3D('',#3565,#2727,#2728);
#2253=AXIS2_PLACEMENT_3D('',#3568,#2731,#2732);
#2254=AXIS2_PLACEMENT_3D('',#3569,#2733,#2734);
#2255=AXIS2_PLACEMENT_3D('',#3571,#2736,#2737);
#2256=AXIS2_PLACEMENT_3D('',#3572,#2738,#2739);
#2257=AXIS2_PLACEMENT_3D('',#3575,#2742,#2743);
#2258=AXIS2_PLACEMENT_3D('',#3577,#2745,#2746);
#2259=AXIS2_PLACEMENT_3D('',#3579,#2748,#2749);
#2260=AXIS2_PLACEMENT_3D('',#3581,#2751,#2752);
#2261=AXIS2_PLACEMENT_3D('',#3583,#2754,#2755);
#2262=AXIS2_PLACEMENT_3D('',#3584,#2756,#2757);
#2263=AXIS2_PLACEMENT_3D('',#3587,#2760,#2761);
#2264=AXIS2_PLACEMENT_3D('',#3589,#2763,#2764);
#2265=AXIS2_PLACEMENT_3D('',#3608,#2767,#2768);
#2266=AXIS2_PLACEMENT_3D('',#3609,#2769,#2770);
#2267=AXIS2_PLACEMENT_3D('',#3610,#2771,#2772);
#2268=AXIS2_PLACEMENT_3D('',#3612,#2774,#2775);
#2269=AXIS2_PLACEMENT_3D('',#3613,#2776,#2777);
#2270=AXIS2_PLACEMENT_3D('',#3614,#2778,#2779);
#2271=AXIS2_PLACEMENT_3D('',#3617,#2782,#2783);
#2272=AXIS2_PLACEMENT_3D('',#3619,#2785,#2786);
#2273=AXIS2_PLACEMENT_3D('',#3622,#2789,#2790);
#2274=AXIS2_PLACEMENT_3D('',#3623,#2791,#2792);
#2275=AXIS2_PLACEMENT_3D('',#3625,#2794,#2795);
#2276=AXIS2_PLACEMENT_3D('',#3626,#2796,#2797);
#2277=AXIS2_PLACEMENT_3D('',#3646,#2800,#2801);
#2278=AXIS2_PLACEMENT_3D('',#3649,#2803,#2804);
#2279=AXIS2_PLACEMENT_3D('',#3650,#2805,#2806);
#2280=AXIS2_PLACEMENT_3D('',#3667,#2808,#2809);
#2281=AXIS2_PLACEMENT_3D('',#3672,#2812,#2813);
#2282=AXIS2_PLACEMENT_3D('',#3673,#2814,#2815);
#2283=AXIS2_PLACEMENT_3D('',#3677,#2817,#2818);
#2284=AXIS2_PLACEMENT_3D('',#3679,#2820,#2821);
#2285=AXIS2_PLACEMENT_3D('',#3685,#2825,#2826);
#2286=AXIS2_PLACEMENT_3D('',#3687,#2827,#2828);
#2287=AXIS2_PLACEMENT_3D('',#3689,#2830,#2831);
#2288=AXIS2_PLACEMENT_3D('',#3693,#2833,#2834);
#2289=AXIS2_PLACEMENT_3D('',#3697,#2837,#2838);
#2290=AXIS2_PLACEMENT_3D('',#3699,#2840,#2841);
#2291=AXIS2_PLACEMENT_3D('',#3702,#2843,#2844);
#2292=AXIS2_PLACEMENT_3D('',#3703,#2845,#2846);
#2293=AXIS2_PLACEMENT_3D('',#3705,#2847,#2848);
#2294=AXIS2_PLACEMENT_3D('',#3707,#2850,#2851);
#2295=AXIS2_PLACEMENT_3D('',#3709,#2853,#2854);
#2296=AXIS2_PLACEMENT_3D('',#3711,#2856,#2857);
#2297=AXIS2_PLACEMENT_3D('',#3715,#2860,#2861);
#2298=AXIS2_PLACEMENT_3D('',#3716,#2862,#2863);
#2299=AXIS2_PLACEMENT_3D('',#3720,#2866,#2867);
#2300=AXIS2_PLACEMENT_3D('',#3724,#2870,#2871);
#2301=AXIS2_PLACEMENT_3D('',#3725,#2872,#2873);
#2302=AXIS2_PLACEMENT_3D('',#3728,#2875,#2876);
#2303=AXIS2_PLACEMENT_3D('',#3729,#2877,#2878);
#2304=AXIS2_PLACEMENT_3D('',#3733,#2881,#2882);
#2305=AXIS2_PLACEMENT_3D('',#3734,#2883,#2884);
#2306=AXIS2_PLACEMENT_3D('',#3737,#2886,#2887);
#2307=AXIS2_PLACEMENT_3D('',#3738,#2888,#2889);
#2308=AXIS2_PLACEMENT_3D('',#3741,#2891,#2892);
#2309=AXIS2_PLACEMENT_3D('',#3742,#2893,#2894);
#2310=AXIS2_PLACEMENT_3D('',#3745,#2896,#2897);
#2311=AXIS2_PLACEMENT_3D('',#3746,#2898,#2899);
#2312=AXIS2_PLACEMENT_3D('',#3748,#2901,#2902);
#2313=AXIS2_PLACEMENT_3D('',#3750,#2904,#2905);
#2314=AXIS2_PLACEMENT_3D('',#3752,#2907,#2908);
#2315=DIRECTION('axis',(0.,0.,1.));
#2316=DIRECTION('refdir',(1.,0.,0.));
#2317=DIRECTION('center_axis',(0.,0.,-1.));
#2318=DIRECTION('ref_axis',(1.,0.,0.));
#2319=DIRECTION('center_axis',(0.,-0.749473216676716,-0.662034664866015));
#2320=DIRECTION('ref_axis',(0.,-0.662034664866015,0.749473216676716));
#2321=DIRECTION('center_axis',(0.,0.,1.));
#2322=DIRECTION('ref_axis',(1.,0.,0.));
#2323=DIRECTION('center_axis',(0.,-0.749473216676716,-0.662034664866015));
#2324=DIRECTION('ref_axis',(0.,-0.662034664866015,0.749473216676716));
#2325=DIRECTION('center_axis',(0.,0.749473216676716,-0.662034664866015));
#2326=DIRECTION('ref_axis',(0.,-0.662034664866015,-0.749473216676716));
#2327=DIRECTION('',(0.,0.,-1.));
#2328=DIRECTION('center_axis',(0.,0.,1.));
#2329=DIRECTION('ref_axis',(1.,0.,0.));
#2330=DIRECTION('center_axis',(0.,0.,-1.));
#2331=DIRECTION('ref_axis',(1.,0.,0.));
#2332=DIRECTION('',(-1.,0.,0.));
#2333=DIRECTION('center_axis',(0.,0.749473216676716,-0.662034664866015));
#2334=DIRECTION('ref_axis',(0.,-0.662034664866015,-0.749473216676716));
#2335=DIRECTION('',(-1.,0.,0.));
#2336=DIRECTION('',(0.,-0.662034664866015,-0.749473216676716));
#2337=DIRECTION('',(1.,0.,0.));
#2338=DIRECTION('',(0.,0.662034664866015,0.749473216676716));
#2339=DIRECTION('',(-1.,0.,0.));
#2340=DIRECTION('center_axis',(-1.,0.,0.));
#2341=DIRECTION('ref_axis',(0.,0.,-1.));
#2342=DIRECTION('',(1.,0.,0.));
#2343=DIRECTION('center_axis',(1.,0.,0.));
#2344=DIRECTION('ref_axis',(0.,0.,-1.));
#2345=DIRECTION('center_axis',(-1.,0.,0.));
#2346=DIRECTION('ref_axis',(0.,0.360596676776185,-0.932721843154738));
#2347=DIRECTION('center_axis',(-1.,0.,0.));
#2348=DIRECTION('ref_axis',(0.,0.360596676776185,-0.932721843154738));
#2349=DIRECTION('',(1.,0.,0.));
#2350=DIRECTION('center_axis',(1.,0.,0.));
#2351=DIRECTION('ref_axis',(0.,0.360596676776185,-0.932721843154738));
#2352=DIRECTION('',(-1.,0.,0.));
#2353=DIRECTION('center_axis',(0.,0.,1.));
#2354=DIRECTION('ref_axis',(1.,0.,0.));
#2355=DIRECTION('',(0.,1.,0.));
#2356=DIRECTION('',(1.,0.,0.));
#2357=DIRECTION('',(0.733451151088847,-0.67974216359326,0.));
#2358=DIRECTION('center_axis',(0.,0.,-1.));
#2359=DIRECTION('ref_axis',(1.,-8.88178419700129E-16,0.));
#2360=DIRECTION('',(0.,-1.,0.));
#2361=DIRECTION('',(-1.,0.,0.));
#2362=DIRECTION('',(0.,1.,0.));
#2363=DIRECTION('center_axis',(1.,0.,0.));
#2364=DIRECTION('ref_axis',(0.,-0.411075014525322,0.911601520639915));
#2365=DIRECTION('center_axis',(-1.,0.,0.));
#2366=DIRECTION('ref_axis',(0.,-0.411075014525322,0.911601520639915));
#2367=DIRECTION('center_axis',(1.,0.,0.));
#2368=DIRECTION('ref_axis',(0.,-0.411075014525322,0.911601520639915));
#2369=DIRECTION('',(1.,0.,0.));
#2370=DIRECTION('center_axis',(0.,0.749473216676716,-0.662034664866014));
#2371=DIRECTION('ref_axis',(0.,-0.662034664866014,-0.749473216676716));
#2372=DIRECTION('',(0.,0.662034664866014,0.749473216676716));
#2373=DIRECTION('',(-1.,0.,0.));
#2374=DIRECTION('',(0.,-0.662034664866014,-0.749473216676716));
#2375=DIRECTION('center_axis',(-1.,0.,0.));
#2376=DIRECTION('ref_axis',(0.,-1.,0.));
#2377=DIRECTION('',(0.,0.,1.));
#2378=DIRECTION('',(0.,-0.662034664866013,0.749473216676717));
#2379=DIRECTION('center_axis',(-1.,0.,0.));
#2380=DIRECTION('ref_axis',(0.,0.,1.));
#2381=DIRECTION('',(0.,-0.662034664866013,-0.749473216676717));
#2382=DIRECTION('center_axis',(-1.,0.,0.));
#2383=DIRECTION('ref_axis',(0.,-0.911601520639916,-0.411075014525321));
#2384=DIRECTION('',(0.,1.,0.));
#2385=DIRECTION('',(0.,0.,1.));
#2386=DIRECTION('',(0.,-1.,0.));
#2387=DIRECTION('',(0.,0.,1.));
#2388=DIRECTION('center_axis',(-1.,0.,0.));
#2389=DIRECTION('ref_axis',(0.,0.411075014525319,-0.911601520639917));
#2390=DIRECTION('',(0.,0.662034664866015,-0.749473216676716));
#2391=DIRECTION('center_axis',(-1.,0.,0.));
#2392=DIRECTION('ref_axis',(0.,0.,-1.));
#2393=DIRECTION('',(0.,0.662034664866015,0.749473216676716));
#2394=DIRECTION('center_axis',(-1.,0.,0.));
#2395=DIRECTION('ref_axis',(0.,0.911601520639915,0.411075014525323));
#2396=DIRECTION('',(0.,-1.,0.));
#2397=DIRECTION('center_axis',(-1.,0.,0.));
#2398=DIRECTION('ref_axis',(0.,-0.911601520639919,0.411075014525314));
#2399=DIRECTION('',(0.,-0.662034664866013,0.749473216676717));
#2400=DIRECTION('center_axis',(-1.,0.,0.));
#2401=DIRECTION('ref_axis',(0.,0.,1.));
#2402=DIRECTION('',(0.,-0.662034664866013,-0.749473216676717));
#2403=DIRECTION('center_axis',(-1.,0.,0.));
#2404=DIRECTION('ref_axis',(0.,-0.911601520639916,-0.411075014525321));
#2405=DIRECTION('',(0.,1.,0.));
#2406=DIRECTION('center_axis',(-1.,0.,0.));
#2407=DIRECTION('ref_axis',(0.,0.911601520639917,-0.411075014525319));
#2408=DIRECTION('center_axis',(-1.,0.,0.));
#2409=DIRECTION('ref_axis',(0.,0.911601520639915,0.411075014525323));
#2410=DIRECTION('',(0.,-1.,0.));
#2411=DIRECTION('center_axis',(-1.,0.,0.));
#2412=DIRECTION('ref_axis',(0.,-0.911601520639919,0.411075014525314));
#2413=DIRECTION('',(0.,0.662034664866015,-0.749473216676716));
#2414=DIRECTION('center_axis',(-1.,0.,0.));
#2415=DIRECTION('ref_axis',(0.,0.,-1.));
#2416=DIRECTION('',(0.,-0.662034664866013,0.749473216676717));
#2417=DIRECTION('center_axis',(-1.,0.,0.));
#2418=DIRECTION('ref_axis',(0.,0.,1.));
#2419=DIRECTION('',(0.,-0.662034664866013,-0.749473216676717));
#2420=DIRECTION('center_axis',(-1.,0.,0.));
#2421=DIRECTION('ref_axis',(0.,-0.911601520639916,-0.411075014525321));
#2422=DIRECTION('',(0.,1.,0.));
#2423=DIRECTION('center_axis',(-1.,0.,0.));
#2424=DIRECTION('ref_axis',(0.,0.911601520639918,-0.411075014525316));
#2425=DIRECTION('',(0.,-0.662034664866013,0.749473216676717));
#2426=DIRECTION('center_axis',(-1.,0.,0.));
#2427=DIRECTION('ref_axis',(0.,0.,1.));
#2428=DIRECTION('',(0.,-0.662034664866013,-0.749473216676717));
#2429=DIRECTION('center_axis',(-1.,0.,0.));
#2430=DIRECTION('ref_axis',(0.,-0.911601520639916,-0.411075014525321));
#2431=DIRECTION('',(0.,1.,0.));
#2432=DIRECTION('center_axis',(-1.,0.,0.));
#2433=DIRECTION('ref_axis',(0.,0.911601520639917,-0.411075014525319));
#2434=DIRECTION('',(0.,0.662034664866014,-0.749473216676716));
#2435=DIRECTION('center_axis',(-1.,0.,0.));
#2436=DIRECTION('ref_axis',(0.,0.,-1.));
#2437=DIRECTION('',(0.,0.662034664866014,0.749473216676716));
#2438=DIRECTION('center_axis',(-1.,0.,0.));
#2439=DIRECTION('ref_axis',(0.,0.911601520639917,0.411075014525319));
#2440=DIRECTION('',(0.,-1.,0.));
#2441=DIRECTION('center_axis',(-1.,0.,0.));
#2442=DIRECTION('ref_axis',(0.,-0.911601520639917,0.411075014525319));
#2443=DIRECTION('center_axis',(1.,0.,0.));
#2444=DIRECTION('ref_axis',(0.,0.411075014525319,-0.911601520639917));
#2445=DIRECTION('center_axis',(-0.5719913819947,0.82025962897353,0.));
#2446=DIRECTION('ref_axis',(0.82025962897353,0.5719913819947,2.64599167574033E-17));
#2447=DIRECTION('',(1.,0.,0.));
#2448=DIRECTION('center_axis',(1.,0.,0.));
#2449=DIRECTION('ref_axis',(0.,0.411075014525319,-0.911601520639917));
#2450=DIRECTION('center_axis',(0.,0.,-1.));
#2451=DIRECTION('ref_axis',(0.,-1.,0.));
#2452=DIRECTION('',(-0.82025962897353,-0.571991381994701,0.));
#2453=DIRECTION('',(-1.48029736616689E-15,1.,0.));
#2454=DIRECTION('',(-0.709542943269825,0.704662196840439,0.));
#2455=DIRECTION('',(-1.,0.,0.));
#2456=DIRECTION('',(-0.707106781186545,-0.70710678118655,0.));
#2457=DIRECTION('',(0.,1.,0.));
#2458=DIRECTION('center_axis',(0.,0.,1.));
#2459=DIRECTION('ref_axis',(1.,0.,0.));
#2460=DIRECTION('center_axis',(0.,0.,1.));
#2461=DIRECTION('ref_axis',(1.,0.,0.));
#2462=DIRECTION('center_axis',(0.,0.,1.));
#2463=DIRECTION('ref_axis',(1.,0.,0.));
#2464=DIRECTION('center_axis',(0.,0.,1.));
#2465=DIRECTION('ref_axis',(1.,0.,0.));
#2466=DIRECTION('center_axis',(-1.,0.,0.));
#2467=DIRECTION('ref_axis',(0.,0.707106781186547,-0.707106781186548));
#2468=DIRECTION('center_axis',(-0.67974216359326,-0.733451151088847,0.));
#2469=DIRECTION('ref_axis',(-0.733451151088846,0.67974216359326,-1.41499762655579E-16));
#2470=DIRECTION('center_axis',(-1.,0.,0.));
#2471=DIRECTION('ref_axis',(0.,0.707106781186547,-0.707106781186548));
#2472=DIRECTION('',(-1.,0.,0.));
#2473=DIRECTION('center_axis',(0.,-1.,0.));
#2474=DIRECTION('ref_axis',(1.,0.,0.));
#2475=DIRECTION('',(0.,0.,1.));
#2476=DIRECTION('',(1.,0.,0.));
#2477=DIRECTION('',(0.,0.,1.));
#2478=DIRECTION('center_axis',(1.,0.,0.));
#2479=DIRECTION('ref_axis',(0.,0.,-1.));
#2480=DIRECTION('',(0.,-0.739940073395944,-0.672672793996312));
#2481=DIRECTION('center_axis',(-1.,0.,0.));
#2482=DIRECTION('ref_axis',(0.,-0.707106781186548,0.707106781186547));
#2483=DIRECTION('center_axis',(-1.,0.,0.));
#2484=DIRECTION('ref_axis',(0.,-1.,0.));
#2485=DIRECTION('',(1.,0.,0.));
#2486=DIRECTION('center_axis',(1.,0.,0.));
#2487=DIRECTION('ref_axis',(0.,0.,1.));
#2488=DIRECTION('',(-1.,0.,0.));
#2489=DIRECTION('center_axis',(0.,0.,-1.));
#2490=DIRECTION('ref_axis',(0.,-1.,0.));
#2491=DIRECTION('center_axis',(0.,0.,-1.));
#2492=DIRECTION('ref_axis',(0.,-1.,0.));
#2493=DIRECTION('center_axis',(0.,0.,1.));
#2494=DIRECTION('ref_axis',(0.,1.,0.));
#2495=DIRECTION('center_axis',(0.,0.,-1.));
#2496=DIRECTION('ref_axis',(1.,0.,0.));
#2497=DIRECTION('',(-1.,0.,0.));
#2498=DIRECTION('',(0.,-1.,0.));
#2499=DIRECTION('center_axis',(0.,0.,1.));
#2500=DIRECTION('ref_axis',(0.,1.,0.));
#2501=DIRECTION('',(-1.,0.,0.));
#2502=DIRECTION('',(0.,1.,0.));
#2503=DIRECTION('',(-1.,0.,0.));
#2504=DIRECTION('center_axis',(0.,0.,-1.));
#2505=DIRECTION('ref_axis',(1.,0.,0.));
#2506=DIRECTION('center_axis',(-1.,0.,0.));
#2507=DIRECTION('ref_axis',(0.,-0.707106781186548,-0.707106781186547));
#2508=DIRECTION('center_axis',(-1.,0.,0.));
#2509=DIRECTION('ref_axis',(0.,0.,-1.));
#2510=DIRECTION('',(1.,0.,0.));
#2511=DIRECTION('center_axis',(1.,0.,0.));
#2512=DIRECTION('ref_axis',(0.,-1.,0.));
#2513=DIRECTION('',(-1.,0.,0.));
#2514=DIRECTION('center_axis',(0.,0.,1.));
#2515=DIRECTION('ref_axis',(0.,-1.,0.));
#2516=DIRECTION('center_axis',(0.,0.,1.));
#2517=DIRECTION('ref_axis',(0.,-1.,0.));
#2518=DIRECTION('center_axis',(0.,0.,-1.));
#2519=DIRECTION('ref_axis',(0.,-1.,0.));
#2520=DIRECTION('center_axis',(0.,0.,1.));
#2521=DIRECTION('ref_axis',(1.,0.,0.));
#2522=DIRECTION('',(-1.,0.,0.));
#2523=DIRECTION('',(0.,-1.,0.));
#2524=DIRECTION('',(1.,0.,0.));
#2525=DIRECTION('center_axis',(0.,0.,-1.));
#2526=DIRECTION('ref_axis',(0.,1.,0.));
#2527=DIRECTION('',(0.,1.,0.));
#2528=DIRECTION('',(-1.,0.,0.));
#2529=DIRECTION('center_axis',(0.,0.,1.));
#2530=DIRECTION('ref_axis',(1.,0.,0.));
#2531=DIRECTION('center_axis',(1.,0.,0.));
#2532=DIRECTION('ref_axis',(0.,1.,0.));
#2533=DIRECTION('',(0.,0.,1.));
#2534=DIRECTION('',(0.,-1.,0.));
#2535=DIRECTION('',(0.,0.,1.));
#2536=DIRECTION('',(0.,0.,1.));
#2537=DIRECTION('',(0.,0.,1.));
#2538=DIRECTION('',(0.,1.,0.));
#2539=DIRECTION('',(0.,-0.739940073395944,-0.672672793996312));
#2540=DIRECTION('',(0.,-0.662034664866015,0.749473216676716));
#2541=DIRECTION('center_axis',(1.,0.,0.));
#2542=DIRECTION('ref_axis',(0.,-0.911601520639919,0.411075014525314));
#2543=DIRECTION('',(0.,1.,0.));
#2544=DIRECTION('center_axis',(1.,0.,0.));
#2545=DIRECTION('ref_axis',(0.,0.911601520639915,0.411075014525323));
#2546=DIRECTION('',(0.,-0.662034664866015,-0.749473216676716));
#2547=DIRECTION('center_axis',(1.,0.,0.));
#2548=DIRECTION('ref_axis',(0.,0.,-1.));
#2549=DIRECTION('',(0.,-0.662034664866014,0.749473216676716));
#2550=DIRECTION('center_axis',(1.,0.,0.));
#2551=DIRECTION('ref_axis',(0.,-0.911601520639917,0.411075014525319));
#2552=DIRECTION('',(0.,1.,0.));
#2553=DIRECTION('center_axis',(1.,0.,0.));
#2554=DIRECTION('ref_axis',(0.,0.911601520639915,0.411075014525323));
#2555=DIRECTION('',(0.,-0.662034664866014,-0.749473216676716));
#2556=DIRECTION('center_axis',(1.,0.,0.));
#2557=DIRECTION('ref_axis',(0.,0.,-1.));
#2558=DIRECTION('',(0.,0.662034664866013,-0.749473216676717));
#2559=DIRECTION('center_axis',(1.,0.,0.));
#2560=DIRECTION('ref_axis',(0.,0.911601520639917,-0.411075014525319));
#2561=DIRECTION('',(0.,-1.,0.));
#2562=DIRECTION('center_axis',(1.,0.,0.));
#2563=DIRECTION('ref_axis',(0.,-0.911601520639916,-0.411075014525321));
#2564=DIRECTION('',(0.,0.662034664866013,0.749473216676717));
#2565=DIRECTION('center_axis',(1.,0.,0.));
#2566=DIRECTION('ref_axis',(0.,0.,1.));
#2567=DIRECTION('',(0.,-0.662034664866015,0.749473216676716));
#2568=DIRECTION('center_axis',(1.,0.,0.));
#2569=DIRECTION('ref_axis',(0.,-0.911601520639919,0.411075014525314));
#2570=DIRECTION('',(0.,1.,0.));
#2571=DIRECTION('center_axis',(1.,0.,0.));
#2572=DIRECTION('ref_axis',(0.,0.911601520639915,0.411075014525323));
#2573=DIRECTION('',(0.,0.662034664866013,0.749473216676717));
#2574=DIRECTION('center_axis',(1.,0.,0.));
#2575=DIRECTION('ref_axis',(0.,0.,1.));
#2576=DIRECTION('',(0.,0.662034664866013,-0.749473216676717));
#2577=DIRECTION('center_axis',(1.,0.,0.));
#2578=DIRECTION('ref_axis',(0.,0.911601520639918,-0.411075014525318));
#2579=DIRECTION('',(0.,-1.,0.));
#2580=DIRECTION('center_axis',(1.,0.,0.));
#2581=DIRECTION('ref_axis',(0.,-0.911601520639916,-0.411075014525321));
#2582=DIRECTION('',(0.,0.662034664866013,-0.749473216676717));
#2583=DIRECTION('center_axis',(1.,0.,0.));
#2584=DIRECTION('ref_axis',(0.,0.911601520639918,-0.411075014525316));
#2585=DIRECTION('',(0.,-1.,0.));
#2586=DIRECTION('center_axis',(1.,0.,0.));
#2587=DIRECTION('ref_axis',(0.,-0.911601520639916,-0.411075014525321));
#2588=DIRECTION('',(0.,0.662034664866013,0.749473216676717));
#2589=DIRECTION('center_axis',(1.,0.,0.));
#2590=DIRECTION('ref_axis',(0.,0.,1.));
#2591=DIRECTION('',(0.,0.662034664866014,0.749473216676716));
#2592=DIRECTION('center_axis',(1.,0.,0.));
#2593=DIRECTION('ref_axis',(0.,0.353925686637242,0.935273547331665));
#2594=DIRECTION('',(0.,0.,-1.));
#2595=DIRECTION('center_axis',(1.,0.,0.));
#2596=DIRECTION('ref_axis',(0.,0.707106781186548,-0.707106781186548));
#2597=DIRECTION('',(0.,-1.,0.));
#2598=DIRECTION('center_axis',(1.,0.,0.));
#2599=DIRECTION('ref_axis',(0.,-0.911601520639915,-0.411075014525324));
#2600=DIRECTION('',(0.,0.662034664866013,-0.749473216676717));
#2601=DIRECTION('center_axis',(1.,0.,0.));
#2602=DIRECTION('ref_axis',(0.,0.911601520639917,-0.411075014525319));
#2603=DIRECTION('',(0.,-1.,0.));
#2604=DIRECTION('center_axis',(1.,0.,0.));
#2605=DIRECTION('ref_axis',(0.,-0.911601520639916,-0.411075014525321));
#2606=DIRECTION('',(0.,0.662034664866013,0.749473216676717));
#2607=DIRECTION('center_axis',(1.,0.,0.));
#2608=DIRECTION('ref_axis',(0.,0.,1.));
#2609=DIRECTION('',(0.,-0.662034664866014,0.749473216676716));
#2610=DIRECTION('center_axis',(1.,0.,0.));
#2611=DIRECTION('ref_axis',(0.,-0.911601520639917,0.411075014525319));
#2612=DIRECTION('',(0.,1.,0.));
#2613=DIRECTION('center_axis',(1.,0.,0.));
#2614=DIRECTION('ref_axis',(0.,0.911601520639917,0.411075014525319));
#2615=DIRECTION('',(0.,-0.662034664866014,-0.749473216676716));
#2616=DIRECTION('center_axis',(1.,0.,0.));
#2617=DIRECTION('ref_axis',(0.,0.,-1.));
#2618=DIRECTION('center_axis',(-0.5719913819947,0.82025962897353,0.));
#2619=DIRECTION('ref_axis',(-0.82025962897353,-0.5719913819947,0.));
#2620=DIRECTION('',(0.82025962897353,0.5719913819947,0.));
#2621=DIRECTION('',(0.,0.,1.));
#2622=DIRECTION('center_axis',(0.,-1.,0.));
#2623=DIRECTION('ref_axis',(1.,0.,0.));
#2624=DIRECTION('',(0.,0.,1.));
#2625=DIRECTION('',(-1.,0.,0.));
#2626=DIRECTION('',(0.,0.,1.));
#2627=DIRECTION('center_axis',(-0.704662196840439,-0.709542943269825,0.));
#2628=DIRECTION('ref_axis',(0.709542943269825,-0.704662196840439,0.));
#2629=DIRECTION('',(0.,0.,1.));
#2630=DIRECTION('',(-0.709542943269825,0.704662196840439,0.));
#2631=DIRECTION('center_axis',(-1.,-1.48029736616689E-15,0.));
#2632=DIRECTION('ref_axis',(1.48029736616689E-15,-1.,0.));
#2633=DIRECTION('',(-1.48029736616689E-15,1.,0.));
#2634=DIRECTION('center_axis',(0.,-0.672672793996313,0.739940073395944));
#2635=DIRECTION('ref_axis',(0.,0.739940073395944,0.672672793996312));
#2636=DIRECTION('',(1.,0.,0.));
#2637=DIRECTION('center_axis',(0.,-1.,0.));
#2638=DIRECTION('ref_axis',(0.,0.,1.));
#2639=DIRECTION('',(0.,0.,1.));
#2640=DIRECTION('',(0.,0.,-1.));
#2641=DIRECTION('center_axis',(0.,-1.,0.));
#2642=DIRECTION('ref_axis',(0.,0.,1.));
#2643=DIRECTION('',(0.,0.,-1.));
#2644=DIRECTION('center_axis',(0.,-1.,0.));
#2645=DIRECTION('ref_axis',(0.,0.,1.));
#2646=DIRECTION('',(0.,0.,1.));
#2647=DIRECTION('',(0.,0.,-1.));
#2648=DIRECTION('center_axis',(0.,1.,0.));
#2649=DIRECTION('ref_axis',(-1.,0.,0.));
#2650=DIRECTION('',(0.,0.,1.));
#2651=DIRECTION('',(-1.,0.,0.));
#2652=DIRECTION('center_axis',(0.,0.,1.));
#2653=DIRECTION('ref_axis',(0.,1.,0.));
#2654=DIRECTION('',(0.,0.,1.));
#2655=DIRECTION('center_axis',(0.,0.,1.));
#2656=DIRECTION('ref_axis',(0.,1.,0.));
#2657=DIRECTION('center_axis',(0.,0.,1.));
#2658=DIRECTION('ref_axis',(0.,1.,0.));
#2659=DIRECTION('',(0.,0.,1.));
#2660=DIRECTION('center_axis',(0.,0.,1.));
#2661=DIRECTION('ref_axis',(0.,1.,0.));
#2662=DIRECTION('',(0.,0.,1.));
#2663=DIRECTION('center_axis',(0.,0.,1.));
#2664=DIRECTION('ref_axis',(-1.,0.,0.));
#2665=DIRECTION('',(0.,-1.,0.));
#2666=DIRECTION('center_axis',(0.,0.,-1.));
#2667=DIRECTION('ref_axis',(-1.,0.,0.));
#2668=DIRECTION('center_axis',(0.,0.,-1.));
#2669=DIRECTION('ref_axis',(-1.,0.,0.));
#2670=DIRECTION('center_axis',(-1.,0.,0.));
#2671=DIRECTION('ref_axis',(0.,-0.911601520639916,-0.411075014525321));
#2672=DIRECTION('',(-1.,0.,0.));
#2673=DIRECTION('',(1.,0.,0.));
#2674=DIRECTION('center_axis',(0.,0.,-1.));
#2675=DIRECTION('ref_axis',(0.,-1.,0.));
#2676=DIRECTION('',(1.,0.,0.));
#2677=DIRECTION('center_axis',(-1.,0.,0.));
#2678=DIRECTION('ref_axis',(0.,0.911601520639917,-0.411075014525319));
#2679=DIRECTION('',(-1.,0.,0.));
#2680=DIRECTION('center_axis',(0.,0.749473216676717,0.662034664866013));
#2681=DIRECTION('ref_axis',(0.,0.662034664866013,-0.749473216676717));
#2682=DIRECTION('',(1.,0.,0.));
#2683=DIRECTION('center_axis',(-1.,0.,0.));
#2684=DIRECTION('ref_axis',(0.,0.911601520639915,0.411075014525323));
#2685=DIRECTION('',(-1.,0.,0.));
#2686=DIRECTION('center_axis',(0.,0.,1.));
#2687=DIRECTION('ref_axis',(0.,1.,0.));
#2688=DIRECTION('',(1.,0.,0.));
#2689=DIRECTION('center_axis',(-1.,0.,0.));
#2690=DIRECTION('ref_axis',(0.,-0.911601520639919,0.411075014525314));
#2691=DIRECTION('',(-1.,0.,0.));
#2692=DIRECTION('center_axis',(0.,-0.749473216676716,-0.662034664866015));
#2693=DIRECTION('ref_axis',(0.,-0.662034664866015,0.749473216676716));
#2694=DIRECTION('',(1.,0.,0.));
#2695=DIRECTION('center_axis',(-1.,0.,0.));
#2696=DIRECTION('ref_axis',(0.,0.,-1.));
#2697=DIRECTION('center_axis',(-1.,0.,0.));
#2698=DIRECTION('ref_axis',(0.,0.,1.));
#2699=DIRECTION('',(-1.,0.,0.));
#2700=DIRECTION('center_axis',(0.,-0.749473216676717,0.662034664866013));
#2701=DIRECTION('ref_axis',(0.,0.662034664866013,0.749473216676717));
#2702=DIRECTION('center_axis',(-1.,0.,0.));
#2703=DIRECTION('ref_axis',(0.,-0.911601520639916,-0.411075014525321));
#2704=DIRECTION('',(-1.,0.,0.));
#2705=DIRECTION('',(1.,0.,0.));
#2706=DIRECTION('center_axis',(0.,0.,-1.));
#2707=DIRECTION('ref_axis',(0.,-1.,0.));
#2708=DIRECTION('',(1.,0.,0.));
#2709=DIRECTION('center_axis',(-1.,0.,0.));
#2710=DIRECTION('ref_axis',(0.,0.911601520639917,-0.411075014525319));
#2711=DIRECTION('',(-1.,0.,0.));
#2712=DIRECTION('center_axis',(0.,0.749473216676717,0.662034664866013));
#2713=DIRECTION('ref_axis',(0.,0.662034664866013,-0.749473216676717));
#2714=DIRECTION('',(1.,0.,0.));
#2715=DIRECTION('center_axis',(-1.,0.,0.));
#2716=DIRECTION('ref_axis',(0.,0.,1.));
#2717=DIRECTION('',(-1.,0.,0.));
#2718=DIRECTION('center_axis',(0.,-0.749473216676717,0.662034664866013));
#2719=DIRECTION('ref_axis',(0.,0.662034664866013,0.749473216676717));
#2720=DIRECTION('center_axis',(-1.,0.,0.));
#2721=DIRECTION('ref_axis',(0.,-0.911601520639919,0.411075014525314));
#2722=DIRECTION('',(-1.,0.,0.));
#2723=DIRECTION('',(1.,0.,0.));
#2724=DIRECTION('center_axis',(0.,-0.749473216676716,-0.662034664866015));
#2725=DIRECTION('ref_axis',(0.,-0.662034664866015,0.749473216676716));
#2726=DIRECTION('',(1.,0.,0.));
#2727=DIRECTION('center_axis',(-1.,0.,0.));
#2728=DIRECTION('ref_axis',(0.,0.911601520639915,0.411075014525323));
#2729=DIRECTION('',(-1.,0.,0.));
#2730=DIRECTION('',(1.,0.,0.));
#2731=DIRECTION('center_axis',(0.,0.,1.));
#2732=DIRECTION('ref_axis',(0.,1.,0.));
#2733=DIRECTION('center_axis',(-1.,0.,0.));
#2734=DIRECTION('ref_axis',(0.,0.,-1.));
#2735=DIRECTION('',(-1.,0.,0.));
#2736=DIRECTION('center_axis',(0.,0.749473216676716,-0.662034664866015));
#2737=DIRECTION('ref_axis',(0.,-0.662034664866015,-0.749473216676716));
#2738=DIRECTION('center_axis',(-1.,0.,0.));
#2739=DIRECTION('ref_axis',(0.,-0.911601520639916,-0.411075014525321));
#2740=DIRECTION('',(-1.,0.,0.));
#2741=DIRECTION('',(1.,0.,0.));
#2742=DIRECTION('center_axis',(0.,0.,-1.));
#2743=DIRECTION('ref_axis',(0.,-1.,0.));
#2744=DIRECTION('',(1.,0.,0.));
#2745=DIRECTION('center_axis',(-1.,0.,0.));
#2746=DIRECTION('ref_axis',(0.,0.911601520639918,-0.411075014525316));
#2747=DIRECTION('',(-1.,0.,0.));
#2748=DIRECTION('center_axis',(0.,0.749473216676717,0.662034664866013));
#2749=DIRECTION('ref_axis',(0.,0.662034664866013,-0.749473216676717));
#2750=DIRECTION('',(1.,0.,0.));
#2751=DIRECTION('center_axis',(-1.,0.,0.));
#2752=DIRECTION('ref_axis',(0.,0.,1.));
#2753=DIRECTION('',(-1.,0.,0.));
#2754=DIRECTION('center_axis',(0.,-0.749473216676717,0.662034664866013));
#2755=DIRECTION('ref_axis',(0.,0.662034664866013,0.749473216676717));
#2756=DIRECTION('center_axis',(-1.,0.,0.));
#2757=DIRECTION('ref_axis',(0.,0.,1.));
#2758=DIRECTION('',(-1.,0.,0.));
#2759=DIRECTION('',(1.,0.,0.));
#2760=DIRECTION('center_axis',(0.,-0.749473216676717,0.662034664866013));
#2761=DIRECTION('ref_axis',(0.,0.662034664866013,0.749473216676717));
#2762=DIRECTION('',(1.,0.,0.));
#2763=DIRECTION('center_axis',(-1.,0.,0.));
#2764=DIRECTION('ref_axis',(0.,0.911601520639918,-0.411075014525318));
#2765=DIRECTION('',(-1.,0.,0.));
#2766=DIRECTION('',(1.,0.,0.));
#2767=DIRECTION('center_axis',(0.,0.749473216676717,0.662034664866013));
#2768=DIRECTION('ref_axis',(0.,0.662034664866013,-0.749473216676717));
#2769=DIRECTION('center_axis',(0.,-0.749473216676717,-0.662034664866013));
#2770=DIRECTION('ref_axis',(5.880049024274E-16,0.662034664866013,-0.749473216676717));
#2771=DIRECTION('center_axis',(-1.,0.,0.));
#2772=DIRECTION('ref_axis',(0.,-0.911601520639916,-0.411075014525321));
#2773=DIRECTION('',(-1.,0.,0.));
#2774=DIRECTION('center_axis',(0.,0.,-1.));
#2775=DIRECTION('ref_axis',(0.,-1.,0.));
#2776=DIRECTION('center_axis',(0.,0.,1.));
#2777=DIRECTION('ref_axis',(1.,-8.88178419700129E-16,0.));
#2778=DIRECTION('center_axis',(-1.,0.,0.));
#2779=DIRECTION('ref_axis',(0.,0.,-1.));
#2780=DIRECTION('',(-1.,0.,0.));
#2781=DIRECTION('',(1.,0.,0.));
#2782=DIRECTION('center_axis',(0.,0.749473216676716,-0.662034664866014));
#2783=DIRECTION('ref_axis',(0.,-0.662034664866014,-0.749473216676716));
#2784=DIRECTION('',(1.,0.,0.));
#2785=DIRECTION('center_axis',(-1.,0.,0.));
#2786=DIRECTION('ref_axis',(0.,-0.911601520639917,0.411075014525319));
#2787=DIRECTION('',(-1.,0.,0.));
#2788=DIRECTION('',(1.,0.,0.));
#2789=DIRECTION('center_axis',(0.,-0.749473216676716,-0.662034664866014));
#2790=DIRECTION('ref_axis',(0.,-0.662034664866014,0.749473216676716));
#2791=DIRECTION('center_axis',(-1.,0.,0.));
#2792=DIRECTION('ref_axis',(0.,0.911601520639917,0.411075014525319));
#2793=DIRECTION('',(-1.,0.,0.));
#2794=DIRECTION('center_axis',(0.,0.,1.));
#2795=DIRECTION('ref_axis',(0.,1.,0.));
#2796=DIRECTION('center_axis',(-1.,0.,0.));
#2797=DIRECTION('ref_axis',(0.,-0.911601520639917,0.411075014525319));
#2798=DIRECTION('',(-1.,0.,0.));
#2799=DIRECTION('',(1.,0.,0.));
#2800=DIRECTION('center_axis',(0.,-0.749473216676716,-0.662034664866014));
#2801=DIRECTION('ref_axis',(0.,-0.662034664866014,0.749473216676716));
#2802=DIRECTION('',(1.,0.,0.));
#2803=DIRECTION('center_axis',(0.,0.749473216676716,0.662034664866014));
#2804=DIRECTION('ref_axis',(5.88004902427401E-16,0.662034664866014,-0.749473216676716));
#2805=DIRECTION('center_axis',(-1.,0.,0.));
#2806=DIRECTION('ref_axis',(0.,0.,-1.));
#2807=DIRECTION('',(-1.,0.,0.));
#2808=DIRECTION('center_axis',(0.,0.749473216676716,-0.662034664866014));
#2809=DIRECTION('ref_axis',(0.,-0.662034664866014,-0.749473216676716));
#2810=DIRECTION('',(1.,0.,0.));
#2811=DIRECTION('',(-0.581269876262515,0.538704783182495,0.609854480614893));
#2812=DIRECTION('center_axis',(0.,-0.749473216676716,0.662034664866014));
#2813=DIRECTION('ref_axis',(5.88004902427401E-16,0.662034664866014,0.749473216676716));
#2814=DIRECTION('center_axis',(-1.,0.,0.));
#2815=DIRECTION('ref_axis',(0.,-0.911601520639915,-0.411075014525324));
#2816=DIRECTION('',(-1.,0.,0.));
#2817=DIRECTION('center_axis',(-0.67974216359326,-0.733451151088847,0.));
#2818=DIRECTION('ref_axis',(0.733451151088847,-0.67974216359326,-9.43331751037196E-17));
#2819=DIRECTION('',(1.,0.,0.));
#2820=DIRECTION('center_axis',(0.,0.,-1.));
#2821=DIRECTION('ref_axis',(0.,-1.,0.));
#2822=DIRECTION('',(1.,0.,0.));
#2823=DIRECTION('',(0.,-1.,0.));
#2824=DIRECTION('',(-0.733451151088847,0.67974216359326,0.));
#2825=DIRECTION('center_axis',(-1.,0.,0.));
#2826=DIRECTION('ref_axis',(0.,0.707106781186548,-0.707106781186548));
#2827=DIRECTION('center_axis',(1.,0.,0.));
#2828=DIRECTION('ref_axis',(0.,0.707106781186548,-0.707106781186548));
#2829=DIRECTION('',(-1.,0.,0.));
#2830=DIRECTION('center_axis',(-1.,0.,0.));
#2831=DIRECTION('ref_axis',(0.,0.,1.));
#2832=DIRECTION('',(0.,0.,-1.));
#2833=DIRECTION('center_axis',(1.,0.,0.));
#2834=DIRECTION('ref_axis',(0.,0.353925686637242,0.935273547331665));
#2835=DIRECTION('',(0.,0.662034664866014,0.749473216676716));
#2836=DIRECTION('',(0.,0.,1.));
#2837=DIRECTION('center_axis',(0.,1.,0.));
#2838=DIRECTION('ref_axis',(0.,0.,-1.));
#2839=DIRECTION('',(1.,0.,0.));
#2840=DIRECTION('center_axis',(-1.,0.,0.));
#2841=DIRECTION('ref_axis',(0.,0.911601520639915,0.411075014525323));
#2842=DIRECTION('',(-1.,0.,0.));
#2843=DIRECTION('center_axis',(-0.67974216359326,-0.733451151088847,0.));
#2844=DIRECTION('ref_axis',(-0.733451151088847,0.67974216359326,-9.43331751037196E-17));
#2845=DIRECTION('center_axis',(0.,0.,1.));
#2846=DIRECTION('ref_axis',(0.,1.,0.));
#2847=DIRECTION('center_axis',(0.,0.,-1.));
#2848=DIRECTION('ref_axis',(1.,-8.88178419700129E-16,0.));
#2849=DIRECTION('',(0.733451151088847,-0.67974216359326,0.));
#2850=DIRECTION('center_axis',(-1.,0.,0.));
#2851=DIRECTION('ref_axis',(0.,0.353925686637242,0.935273547331665));
#2852=DIRECTION('',(-1.,0.,0.));
#2853=DIRECTION('center_axis',(0.,-0.749473216676716,0.662034664866014));
#2854=DIRECTION('ref_axis',(0.,0.662034664866014,0.749473216676716));
#2855=DIRECTION('',(0.581269876262515,-0.538704783182495,-0.609854480614893));
#2856=DIRECTION('center_axis',(0.,0.,1.));
#2857=DIRECTION('ref_axis',(1.,-8.88178419700129E-16,0.));
#2858=DIRECTION('',(0.,0.,1.));
#2859=DIRECTION('',(0.,0.,1.));
#2860=DIRECTION('center_axis',(0.,0.,1.));
#2861=DIRECTION('ref_axis',(1.,-8.88178419700129E-16,0.));
#2862=DIRECTION('center_axis',(-0.67974216359326,-0.733451151088847,0.));
#2863=DIRECTION('ref_axis',(0.733451151088847,-0.67974216359326,0.));
#2864=DIRECTION('',(0.,0.,1.));
#2865=DIRECTION('',(0.733451151088847,-0.67974216359326,0.));
#2866=DIRECTION('center_axis',(0.,0.,1.));
#2867=DIRECTION('ref_axis',(1.,0.,0.));
#2868=DIRECTION('',(0.,0.,-1.));
#2869=DIRECTION('',(0.,0.,-1.));
#2870=DIRECTION('center_axis',(0.,0.,-1.));
#2871=DIRECTION('ref_axis',(1.,0.,0.));
#2872=DIRECTION('center_axis',(0.,0.,1.));
#2873=DIRECTION('ref_axis',(1.,0.,0.));
#2874=DIRECTION('',(0.,0.,-1.));
#2875=DIRECTION('center_axis',(0.,0.,-1.));
#2876=DIRECTION('ref_axis',(1.,0.,0.));
#2877=DIRECTION('center_axis',(0.,0.,1.));
#2878=DIRECTION('ref_axis',(1.,0.,0.));
#2879=DIRECTION('',(0.,0.,-1.));
#2880=DIRECTION('',(0.,0.,-1.));
#2881=DIRECTION('center_axis',(0.,0.,-1.));
#2882=DIRECTION('ref_axis',(1.,0.,0.));
#2883=DIRECTION('center_axis',(0.,0.,1.));
#2884=DIRECTION('ref_axis',(1.,0.,0.));
#2885=DIRECTION('',(0.,0.,-1.));
#2886=DIRECTION('center_axis',(0.,0.,-1.));
#2887=DIRECTION('ref_axis',(1.,0.,0.));
#2888=DIRECTION('center_axis',(0.,0.,1.));
#2889=DIRECTION('ref_axis',(1.,0.,0.));
#2890=DIRECTION('',(0.,0.,-1.));
#2891=DIRECTION('center_axis',(0.,0.,-1.));
#2892=DIRECTION('ref_axis',(1.,0.,0.));
#2893=DIRECTION('center_axis',(0.,0.,1.));
#2894=DIRECTION('ref_axis',(1.,0.,0.));
#2895=DIRECTION('',(0.,0.,-1.));
#2896=DIRECTION('center_axis',(0.,0.,-1.));
#2897=DIRECTION('ref_axis',(1.,0.,0.));
#2898=DIRECTION('center_axis',(0.70710678118655,-0.707106781186545,0.));
#2899=DIRECTION('ref_axis',(0.707106781186545,0.70710678118655,0.));
#2900=DIRECTION('',(-0.707106781186545,-0.70710678118655,0.));
#2901=DIRECTION('center_axis',(-1.,0.,0.));
#2902=DIRECTION('ref_axis',(0.,-1.,0.));
#2903=DIRECTION('',(0.,-1.,0.));
#2904=DIRECTION('center_axis',(0.,1.,0.));
#2905=DIRECTION('ref_axis',(-1.,0.,0.));
#2906=DIRECTION('',(-1.,0.,0.));
#2907=DIRECTION('center_axis',(0.,0.,1.));
#2908=DIRECTION('ref_axis',(1.,0.,0.));
#2909=CARTESIAN_POINT('',(0.,0.,0.));
#2910=CARTESIAN_POINT('Origin',(-4.50000007069737,-60.7914033144931,3.42423000975943));
#2911=CARTESIAN_POINT('',(-5.3844333612718,-61.6747366346637,4.42423000975943));
#2912=CARTESIAN_POINT('',(-5.75000007069737,-60.7914033144931,3.42423000975943));
#2913=CARTESIAN_POINT('Origin',(-4.50000007069737,-60.7914033144931,3.42423000975943));
#2914=CARTESIAN_POINT('',(-3.61556678012294,-61.6747366346637,4.42423000975943));
#2915=CARTESIAN_POINT('Origin',(-4.50000007069737,-60.7914033144931,4.42423000975943));
#2916=CARTESIAN_POINT('',(-3.25000007069737,-60.7914033144931,3.42423000975943));
#2917=CARTESIAN_POINT('Origin',(-4.50000007069737,-60.7914033144931,3.42423000975943));
#2918=CARTESIAN_POINT('',(-3.49960519991671,-60.0419300978164,3.42423000975943));
#2919=CARTESIAN_POINT('Ctrl Pts',(-3.49960519991671,-60.0419300978164,3.42423000975943));
#2920=CARTESIAN_POINT('Ctrl Pts',(-3.49646324213976,-60.0461239747613,3.41948222446799));
#2921=CARTESIAN_POINT('Ctrl Pts',(-3.49332201514859,-60.0503719431604,3.41485517641734));
#2922=CARTESIAN_POINT('Ctrl Pts',(-3.45824866722752,-60.0984449164599,3.3643973744399));
#2923=CARTESIAN_POINT('Ctrl Pts',(-3.42238713130623,-60.1540526092649,3.32432310164755));
#2924=CARTESIAN_POINT('Ctrl Pts',(-3.35758296053281,-60.2792034209786,3.2696902199376));
#2925=CARTESIAN_POINT('Ctrl Pts',(-3.32879558277768,-60.3488773451338,3.25524734219244));
#2926=CARTESIAN_POINT('Ctrl Pts',(-3.28843030059556,-60.4773298969317,3.25524734219244));
#2927=CARTESIAN_POINT('Ctrl Pts',(-3.2732253819625,-60.5435790753099,3.2670553107347));
#2928=CARTESIAN_POINT('Ctrl Pts',(-3.2546444072972,-60.6669755932346,3.31731620481975));
#2929=CARTESIAN_POINT('Ctrl Pts',(-3.25100058435476,-60.7240651797454,3.35581154793009));
#2930=CARTESIAN_POINT('Ctrl Pts',(-3.2500629556442,-60.7767472393972,3.40817894598074));
#2931=CARTESIAN_POINT('Ctrl Pts',(-3.25000007069737,-60.7841777268932,3.4160500991471));
#2932=CARTESIAN_POINT('Ctrl Pts',(-3.25000007069737,-60.7914033144931,3.42423000975943));
#2933=CARTESIAN_POINT('',(-5.50039494147803,-60.0419300978164,3.42423000975943));
#2934=CARTESIAN_POINT('Origin',(-4.50000007069737,-60.7914033144931,2.57576975182199));
#2935=CARTESIAN_POINT('Ctrl Pts',(-5.75000007069737,-60.7914033144931,3.42423000975943));
#2936=CARTESIAN_POINT('Ctrl Pts',(-5.75000007069737,-60.7841777268932,3.4160500991471));
#2937=CARTESIAN_POINT('Ctrl Pts',(-5.74993718575054,-60.7767472393972,3.40817894598074));
#2938=CARTESIAN_POINT('Ctrl Pts',(-5.74899955703998,-60.7240651797454,3.35581154793009));
#2939=CARTESIAN_POINT('Ctrl Pts',(-5.74535573409754,-60.6669755932345,3.31731620481975));
#2940=CARTESIAN_POINT('Ctrl Pts',(-5.72677475943224,-60.5435790753099,3.2670553107347));
#2941=CARTESIAN_POINT('Ctrl Pts',(-5.71156984079918,-60.4773298969317,3.25524734219244));
#2942=CARTESIAN_POINT('Ctrl Pts',(-5.67120455861706,-60.3488773451338,3.25524734219244));
#2943=CARTESIAN_POINT('Ctrl Pts',(-5.64241718086193,-60.2792034209786,3.2696902199376));
#2944=CARTESIAN_POINT('Ctrl Pts',(-5.57761301008852,-60.1540526092649,3.32432310164755));
#2945=CARTESIAN_POINT('Ctrl Pts',(-5.54175147416722,-60.0984449164599,3.3643973744399));
#2946=CARTESIAN_POINT('Ctrl Pts',(-5.50667812624615,-60.0503719431604,3.41485517641734));
#2947=CARTESIAN_POINT('Ctrl Pts',(-5.50353689925498,-60.0461239747613,3.41948222446799));
#2948=CARTESIAN_POINT('Ctrl Pts',(-5.50039494147803,-60.0419300978164,3.42423000975943));
#2949=CARTESIAN_POINT('',(-5.75000007069737,-60.7914033144931,0.));
#2950=CARTESIAN_POINT('',(-5.75000007069737,-60.7914033144931,3.42423000975943));
#2951=CARTESIAN_POINT('Origin',(-4.50000007069737,-60.7914033144931,0.));
#2952=CARTESIAN_POINT('Origin',(-4.50000007069737,-60.7914033144931,4.42423000975943));
#2953=CARTESIAN_POINT('',(-2.25000003534868,-61.6747366346637,4.42423000975943));
#2954=CARTESIAN_POINT('Origin',(0.,-56.,8.));
#2955=CARTESIAN_POINT('',(0.,-60.0419300978164,3.42423000975943));
#2956=CARTESIAN_POINT('',(0.,-60.0419300978164,3.42423000975943));
#2957=CARTESIAN_POINT('',(0.,-56.7340652993774,7.168982667567));
#2958=CARTESIAN_POINT('',(0.,-65.5309718813922,-2.78977964914875));
#2959=CARTESIAN_POINT('',(-9.00000014139474,-56.7340652993774,7.168982667567));
#2960=CARTESIAN_POINT('',(0.,-56.7340652993774,7.16898266756699));
#2961=CARTESIAN_POINT('',(-9.00000014139474,-60.0419300978164,3.42423000975943));
#2962=CARTESIAN_POINT('',(-9.00000014139474,-50.2505141555149,14.5088519964066));
#2963=CARTESIAN_POINT('',(0.,-60.0419300978164,3.42423000975943));
#2964=CARTESIAN_POINT('Origin',(0.,-60.4166667061547,3.75524734219244));
#2965=CARTESIAN_POINT('',(0.,-60.7914033144931,3.42423000975943));
#2966=CARTESIAN_POINT('',(0.,-60.7914033144931,3.42423000975943));
#2967=CARTESIAN_POINT('Origin',(0.,-60.4166667061547,3.75524734219244));
#2968=CARTESIAN_POINT('Origin',(-4.5,-22.8660687473185,20.));
#2969=CARTESIAN_POINT('',(-3.,-16.1393408073554,12.6005992660406));
#2970=CARTESIAN_POINT('',(-3.,-22.8660687473185,10.));
#2971=CARTESIAN_POINT('Origin',(-3.,-22.8660687473185,20.));
#2972=CARTESIAN_POINT('',(0.,-22.8660687473185,10.));
#2973=CARTESIAN_POINT('',(-4.5,-22.8660687473185,10.));
#2974=CARTESIAN_POINT('',(0.,-16.1393408073554,12.6005992660406));
#2975=CARTESIAN_POINT('Origin',(0.,-22.8660687473185,20.));
#2976=CARTESIAN_POINT('',(-4.5,-16.1393408073554,12.6005992660406));
#2977=CARTESIAN_POINT('Origin',(-9.,-46.8713209843096,10.));
#2978=CARTESIAN_POINT('',(-3.,-10.,10.));
#2979=CARTESIAN_POINT('',(-3.,-30.1856604921548,10.));
#2980=CARTESIAN_POINT('',(-15.8419724702329,-10.,10.));
#2981=CARTESIAN_POINT('',(-13.5,-10.,10.));
#2982=CARTESIAN_POINT('',(-12.2025785054621,-13.3728892839134,10.));
#2983=CARTESIAN_POINT('',(-18.,-8.,10.));
#2984=CARTESIAN_POINT('',(-9.00000014139474,-20.7074007948019,10.));
#2985=CARTESIAN_POINT('Origin',(-19.0000001413947,-20.7074007948019,10.));
#2986=CARTESIAN_POINT('',(-9.00000014139474,-68.580521834388,10.));
#2987=CARTESIAN_POINT('',(-9.00000014139474,-20.7074007948019,10.));
#2988=CARTESIAN_POINT('',(0.,-68.580521834388,10.));
#2989=CARTESIAN_POINT('',(-4.5,-68.580521834388,10.));
#2990=CARTESIAN_POINT('',(0.,0.,10.));
#2991=CARTESIAN_POINT('Origin',(-4.5,-68.580521834388,7.));
#2992=CARTESIAN_POINT('',(0.,-70.8289414844182,8.98610399459805));
#2993=CARTESIAN_POINT('Origin',(0.,-68.580521834388,7.));
#2994=CARTESIAN_POINT('',(-9.00000014139474,-70.8289414844182,8.98610399459805));
#2995=CARTESIAN_POINT('Origin',(-9.00000014139474,-68.580521834388,7.));
#2996=CARTESIAN_POINT('',(-4.5,-70.8289414844182,8.98610399459804));
#2997=CARTESIAN_POINT('Origin',(0.,-71.7,8.));
#2998=CARTESIAN_POINT('',(-9.00000014139474,-73.8960584958378,5.51389600540196));
#2999=CARTESIAN_POINT('',(-9.00000014139474,-62.5099384602635,18.4038434075613));
#3000=CARTESIAN_POINT('',(0.,-73.8960584958378,5.51389600540196));
#3001=CARTESIAN_POINT('',(0.,-73.8960584958378,5.51389600540195));
#3002=CARTESIAN_POINT('',(0.,-77.7903961861408,1.10521176200595));
#3003=CARTESIAN_POINT('Origin',(-9.00000014139474,-20.7074007948019,0.));
#3004=CARTESIAN_POINT('',(-9.00000014139474,-20.7074007948019,5.59328379337381));
#3005=CARTESIAN_POINT('',(-9.00000014139474,-20.7074007948019,0.));
#3006=CARTESIAN_POINT('',(-9.00000014139474,-22.4585968039711,7.57576987103128));
#3007=CARTESIAN_POINT('',(-9.00000014139474,-20.3827370185021,5.22573989019908));
#3008=CARTESIAN_POINT('',(-9.00000014139474,-23.2080700206479,7.57576987103128));
#3009=CARTESIAN_POINT('Origin',(-9.00000014139474,-22.8333334123095,7.24475253859827));
#3010=CARTESIAN_POINT('',(-9.00000014139474,-27.3992681129321,2.83101724302604));
#3011=CARTESIAN_POINT('',(-9.00000014139474,-27.0021550171311,3.28057924497148));
#3012=CARTESIAN_POINT('',(-9.00000014139474,-27.0245315045937,1.99999991059303));
#3013=CARTESIAN_POINT('Origin',(-9.00000014139474,-27.0245315045937,2.49999991059303));
#3014=CARTESIAN_POINT('',(-9.00000014139474,-20.7074007948019,1.99999991059303));
#3015=CARTESIAN_POINT('',(-9.00000014139474,-19.1203671035557,1.99999991059303));
#3016=CARTESIAN_POINT('',(-9.00000014139474,-20.7074007948019,0.));
#3017=CARTESIAN_POINT('',(-9.00000014139474,-20.7074007948019,0.));
#3018=CARTESIAN_POINT('',(-9.00000014139474,-75.0416371250741,0.));
#3019=CARTESIAN_POINT('',(-9.00000014139474,-20.7074007948019,0.));
#3020=CARTESIAN_POINT('',(-9.00000014139474,-75.0416371250741,4.71006421528121));
#3021=CARTESIAN_POINT('',(-9.00000014139474,-75.0416371250741,1.99999991059304));
#3022=CARTESIAN_POINT('Origin',(-9.00000014139474,-76.1444781458679,7.5));
#3023=CARTESIAN_POINT('',(-9.00000014139474,-49.0992681129321,7.16898266756699));
#3024=CARTESIAN_POINT('',(-9.00000014139474,-45.7914033144931,3.42423000975943));
#3025=CARTESIAN_POINT('',(-9.00000014139474,-39.2574900493872,-3.97265304209198));
#3026=CARTESIAN_POINT('',(-9.00000014139474,-45.0419300978164,3.42423000975943));
#3027=CARTESIAN_POINT('Origin',(-9.00000014139474,-45.4166667061547,3.75524734219244));
#3028=CARTESIAN_POINT('',(-9.00000014139474,-41.7340652993774,7.168982667567));
#3029=CARTESIAN_POINT('',(-9.00000014139474,-38.5376883866468,10.7875226226919));
#3030=CARTESIAN_POINT('',(-9.00000014139474,-42.1088019077158,8.));
#3031=CARTESIAN_POINT('Origin',(-9.00000014139474,-42.1088019077158,7.5));
#3032=CARTESIAN_POINT('',(-9.00000014139474,-48.7245315045937,8.));
#3033=CARTESIAN_POINT('',(-9.00000014139474,-35.2703671035557,8.));
#3034=CARTESIAN_POINT('Origin',(-9.00000014139474,-48.7245315045937,7.5));
#3035=CARTESIAN_POINT('',(-9.00000014139474,-63.2673987116869,2.83101724302604));
#3036=CARTESIAN_POINT('',(-9.00000014139474,-67.4585968039711,7.57576987103128));
#3037=CARTESIAN_POINT('',(-9.00000014139474,-55.5212143251064,-5.93824823094495));
#3038=CARTESIAN_POINT('',(-9.00000014139474,-68.2080700206479,7.57576987103128));
#3039=CARTESIAN_POINT('Origin',(-9.00000014139474,-67.8333334123095,7.24475253859827));
#3040=CARTESIAN_POINT('',(-9.00000014139474,-72.3992681129321,2.83101724302604));
#3041=CARTESIAN_POINT('',(-9.00000014139474,-62.1406323237353,14.4445673661155));
#3042=CARTESIAN_POINT('',(-9.00000014139474,-72.0245315045937,1.99999991059303));
#3043=CARTESIAN_POINT('Origin',(-9.00000014139474,-72.0245315045937,2.49999991059303));
#3044=CARTESIAN_POINT('',(-9.00000014139474,-63.6421353200253,1.99999991059303));
#3045=CARTESIAN_POINT('',(-9.00000014139474,-41.6203671035557,1.99999991059303));
#3046=CARTESIAN_POINT('Origin',(-9.00000014139474,-63.6421353200253,2.49999991059303));
#3047=CARTESIAN_POINT('',(-9.00000014139474,-57.1088019077158,8.));
#3048=CARTESIAN_POINT('Origin',(-9.00000014139474,-57.1088019077158,7.5));
#3049=CARTESIAN_POINT('',(-9.00000014139474,-63.7245315045937,8.));
#3050=CARTESIAN_POINT('',(-9.00000014139474,-42.7703671035557,8.));
#3051=CARTESIAN_POINT('',(-9.00000014139474,-64.0992681129321,7.16898266756699));
#3052=CARTESIAN_POINT('Origin',(-9.00000014139474,-63.7245315045937,7.5));
#3053=CARTESIAN_POINT('',(-9.00000014139474,-60.7914033144931,3.42423000975943));
#3054=CARTESIAN_POINT('',(-9.00000014139474,-50.9703158182553,-7.69398241580666));
#3055=CARTESIAN_POINT('Origin',(-9.00000014139474,-60.4166667061547,3.75524734219244));
#3056=CARTESIAN_POINT('',(-9.00000014139474,-33.2673987116869,2.83101724302604));
#3057=CARTESIAN_POINT('',(-9.00000014139474,-37.4585968039711,7.57576987103128));
#3058=CARTESIAN_POINT('',(-9.00000014139474,-32.0955627873702,1.5044105164844));
#3059=CARTESIAN_POINT('',(-9.00000014139474,-38.2080700206479,7.57576987103128));
#3060=CARTESIAN_POINT('Origin',(-9.00000014139474,-37.8333334123095,7.24475253859827));
#3061=CARTESIAN_POINT('',(-9.00000014139474,-42.3992681129321,2.83101724302604));
#3062=CARTESIAN_POINT('',(-9.00000014139474,-38.7149807859992,7.00190861868615));
#3063=CARTESIAN_POINT('',(-9.00000014139474,-42.0245315045937,1.99999991059303));
#3064=CARTESIAN_POINT('Origin',(-9.00000014139474,-42.0245315045937,2.49999991059303));
#3065=CARTESIAN_POINT('',(-9.00000014139474,-33.6421353200253,1.99999991059303));
#3066=CARTESIAN_POINT('',(-9.00000014139474,-26.6203671035557,1.99999991059303));
#3067=CARTESIAN_POINT('Origin',(-9.00000014139474,-33.6421353200253,2.49999991059303));
#3068=CARTESIAN_POINT('',(-9.00000014139474,-48.2673987116869,2.83101724302604));
#3069=CARTESIAN_POINT('',(-9.00000014139474,-52.4585968039711,7.57576987103127));
#3070=CARTESIAN_POINT('',(-9.00000014139474,-43.8083885562383,-2.21691885723028));
#3071=CARTESIAN_POINT('',(-9.00000014139474,-53.2080700206479,7.57576987103128));
#3072=CARTESIAN_POINT('Origin',(-9.00000014139474,-52.8333334123095,7.24475253859827));
#3073=CARTESIAN_POINT('',(-9.00000014139474,-57.3992681129321,2.83101724302604));
#3074=CARTESIAN_POINT('',(-9.00000014139474,-50.4278065548672,10.7232379924008));
#3075=CARTESIAN_POINT('',(-9.00000014139474,-57.0245315045937,1.99999991059303));
#3076=CARTESIAN_POINT('Origin',(-9.00000014139474,-57.0245315045937,2.49999991059303));
#3077=CARTESIAN_POINT('',(-9.00000014139474,-48.6421353200253,1.99999991059303));
#3078=CARTESIAN_POINT('',(-9.00000014139474,-34.1203671035557,1.99999991059303));
#3079=CARTESIAN_POINT('Origin',(-9.00000014139474,-48.6421353200253,2.49999991059303));
#3080=CARTESIAN_POINT('',(-9.00000014139474,-34.0992681129321,7.16898266756699));
#3081=CARTESIAN_POINT('',(-9.00000014139474,-30.7914033144931,3.42423000975943));
#3082=CARTESIAN_POINT('',(-9.00000014139474,-27.5446642805192,-0.251323668377305));
#3083=CARTESIAN_POINT('',(-9.00000014139474,-30.0419300978164,3.42423000975943));
#3084=CARTESIAN_POINT('Origin',(-9.00000014139474,-30.4166667061547,3.75524734219244));
#3085=CARTESIAN_POINT('',(-9.00000014139474,-26.7340652993774,7.16898266756699));
#3086=CARTESIAN_POINT('',(-9.00000014139474,-26.8248626177787,7.0661932489772));
#3087=CARTESIAN_POINT('',(-9.00000014139474,-27.1088019077158,8.));
#3088=CARTESIAN_POINT('Origin',(-9.00000014139474,-27.1088019077158,7.5));
#3089=CARTESIAN_POINT('',(-9.00000014139474,-33.7245315045937,8.));
#3090=CARTESIAN_POINT('',(-9.00000014139474,-27.7703671035557,8.));
#3091=CARTESIAN_POINT('Origin',(-9.00000014139474,-33.7245315045937,7.5));
#3092=CARTESIAN_POINT('Origin',(0.,-76.1444781458679,7.5));
#3093=CARTESIAN_POINT('',(-10.5815204142675,-76.1444781458679,4.5));
#3094=CARTESIAN_POINT('Origin',(-10.5815204142675,-76.1444781458679,7.5));
#3095=CARTESIAN_POINT('',(0.,-76.1444781458679,4.5));
#3096=CARTESIAN_POINT('',(0.,-76.1444781458679,4.5));
#3097=CARTESIAN_POINT('Origin',(0.,-76.1444781458679,7.5));
#3098=CARTESIAN_POINT('Origin',(0.,-74.9278115186893,4.5));
#3099=CARTESIAN_POINT('',(-17.1055372580261,-80.6938687032064,4.5));
#3100=CARTESIAN_POINT('',(-7.34976854233721,-73.8908816573968,4.5));
#3101=CARTESIAN_POINT('',(-17.1055372580261,-83.6938687032064,4.5));
#3102=CARTESIAN_POINT('',(-17.1055372580261,-77.8108401109479,4.5));
#3103=CARTESIAN_POINT('',(-6.98716253754058,-93.7426419686191,4.5));
#3104=CARTESIAN_POINT('',(-14.9910978186826,-85.7937635080896,4.5));
#3105=CARTESIAN_POINT('',(-3.30761197868529,-93.7426419686191,4.5));
#3106=CARTESIAN_POINT('',(-3.49358126877029,-93.7426419686191,4.5));
#3107=CARTESIAN_POINT('',(0.,-90.4350299899338,4.5));
#3108=CARTESIAN_POINT('',(2.22299862846848,-88.2120313614653,4.5));
#3109=CARTESIAN_POINT('',(0.,-77.,4.5));
#3110=CARTESIAN_POINT('',(-11.0000001341105,-86.0000012814999,4.5));
#3111=CARTESIAN_POINT('Origin',(-9.00000013411046,-86.0000012814999,4.5));
#3112=CARTESIAN_POINT('',(-5.85735944699116,-90.2426419686191,4.5));
#3113=CARTESIAN_POINT('Origin',(-4.75735944699117,-90.2426419686191,4.5));
#3114=CARTESIAN_POINT('',(-14.087327863424,-82.0890607577882,4.5));
#3115=CARTESIAN_POINT('Origin',(-12.987327863424,-82.0890607577882,4.5));
#3116=CARTESIAN_POINT('',(-4.44314588461809,-80.3431470320075,4.5));
#3117=CARTESIAN_POINT('Origin',(-3.34314588461809,-80.3431470320075,4.5));
#3118=CARTESIAN_POINT('Origin',(-13.5,-10.,12.));
#3119=CARTESIAN_POINT('',(-18.,-8.,12.));
#3120=CARTESIAN_POINT('Origin',(-15.8419724702329,-10.,12.));
#3121=CARTESIAN_POINT('',(-3.,-8.,12.));
#3122=CARTESIAN_POINT('Origin',(-3.,-10.,12.));
#3123=CARTESIAN_POINT('',(-13.5,-8.,12.));
#3124=CARTESIAN_POINT('Origin',(-18.,-8.,10.));
#3125=CARTESIAN_POINT('',(-3.,-8.,20.));
#3126=CARTESIAN_POINT('',(-3.,-8.,12.5));
#3127=CARTESIAN_POINT('',(-18.,-8.,20.));
#3128=CARTESIAN_POINT('',(-18.,-8.,20.));
#3129=CARTESIAN_POINT('',(-18.,-8.,10.));
#3130=CARTESIAN_POINT('Origin',(-3.,-13.5,15.));
#3131=CARTESIAN_POINT('',(-3.,-16.25,12.5));
#3132=CARTESIAN_POINT('Origin',(0.,-2.,12.));
#3133=CARTESIAN_POINT('',(-13.5,-4.,12.));
#3134=CARTESIAN_POINT('',(-13.5,-2.,14.));
#3135=CARTESIAN_POINT('Origin',(-13.5,-2.,12.));
#3136=CARTESIAN_POINT('',(-4.5,-2.,14.));
#3137=CARTESIAN_POINT('',(0.,-2.,14.));
#3138=CARTESIAN_POINT('',(-4.5,-4.,12.));
#3139=CARTESIAN_POINT('Origin',(-4.5,-2.,12.));
#3140=CARTESIAN_POINT('',(0.,-4.,12.));
#3141=CARTESIAN_POINT('Ctrl Pts',(-4.5,-4.,12.));
#3142=CARTESIAN_POINT('Ctrl Pts',(-4.5,-4.,12.));
#3143=CARTESIAN_POINT('Ctrl Pts',(-4.5,-4.,12.));
#3144=CARTESIAN_POINT('Ctrl Pts',(-4.5,-4.,12.));
#3145=CARTESIAN_POINT('Ctrl Pts',(-4.5,-4.,12.));
#3146=CARTESIAN_POINT('Ctrl Pts',(-4.5,-4.,12.));
#3147=CARTESIAN_POINT('Ctrl Pts',(-4.5,-4.,12.));
#3148=CARTESIAN_POINT('Ctrl Pts',(-4.5,-4.,12.));
#3149=CARTESIAN_POINT('Ctrl Pts',(-4.5,-4.,12.));
#3150=CARTESIAN_POINT('Ctrl Pts',(-4.5,-4.,14.));
#3151=CARTESIAN_POINT('Ctrl Pts',(-4.5,-4.,14.));
#3152=CARTESIAN_POINT('Ctrl Pts',(-4.5,-4.,14.));
#3153=CARTESIAN_POINT('Ctrl Pts',(-4.5,-4.,14.));
#3154=CARTESIAN_POINT('Ctrl Pts',(-4.5,-4.,14.));
#3155=CARTESIAN_POINT('Ctrl Pts',(-4.5,-4.,14.));
#3156=CARTESIAN_POINT('Ctrl Pts',(-4.5,-4.,14.));
#3157=CARTESIAN_POINT('Ctrl Pts',(-4.5,-4.,14.));
#3158=CARTESIAN_POINT('Ctrl Pts',(-4.5,-4.,14.));
#3159=CARTESIAN_POINT('Ctrl Pts',(-4.5,-2.,14.));
#3160=CARTESIAN_POINT('Ctrl Pts',(-2.5,-2.,14.));
#3161=CARTESIAN_POINT('Ctrl Pts',(-2.5,-4.,14.));
#3162=CARTESIAN_POINT('Ctrl Pts',(-2.5,-6.,14.));
#3163=CARTESIAN_POINT('Ctrl Pts',(-4.5,-6.,14.));
#3164=CARTESIAN_POINT('Ctrl Pts',(-6.5,-6.,14.));
#3165=CARTESIAN_POINT('Ctrl Pts',(-6.5,-4.,14.));
#3166=CARTESIAN_POINT('Ctrl Pts',(-6.5,-2.,14.));
#3167=CARTESIAN_POINT('Ctrl Pts',(-4.5,-2.,14.));
#3168=CARTESIAN_POINT('',(-3.16666666666667,-2.50928801500014,14.));
#3169=CARTESIAN_POINT('Ctrl Pts',(-3.16666666666667,-2.50928801500014,14.));
#3170=CARTESIAN_POINT('Ctrl Pts',(-3.33458494113509,-2.52806184881893,14.));
#3171=CARTESIAN_POINT('Ctrl Pts',(-3.49711636703031,-2.57502442779292,13.988257546153));
#3172=CARTESIAN_POINT('Ctrl Pts',(-3.79294698790733,-2.71651479522589,13.931552997574));
#3173=CARTESIAN_POINT('Ctrl Pts',(-3.92235608758259,-2.80740529264738,13.8883920102823));
#3174=CARTESIAN_POINT('Ctrl Pts',(-4.1463494026153,-3.01992682673052,13.7616825654224));
#3175=CARTESIAN_POINT('Ctrl Pts',(-4.23513648591478,-3.13809496956917,13.6792664003225));
#3176=CARTESIAN_POINT('Ctrl Pts',(-4.37875153095814,-3.38952208594233,13.4609240067292));
#3177=CARTESIAN_POINT('Ctrl Pts',(-4.42453420452415,-3.51669060020929,13.3243692196076));
#3178=CARTESIAN_POINT('Ctrl Pts',(-4.50924584018715,-3.84630770310755,12.8549237824067));
#3179=CARTESIAN_POINT('Ctrl Pts',(-4.49999988658607,-3.99673363138275,12.4580192755556));
#3180=CARTESIAN_POINT('Ctrl Pts',(-4.5000000003063,-3.99998249847836,12.0096613378311));
#3181=CARTESIAN_POINT('Ctrl Pts',(-4.4999999996937,-4.,12.0048306689173));
#3182=CARTESIAN_POINT('Ctrl Pts',(-4.5,-4.,12.));
#3183=CARTESIAN_POINT('Origin',(-4.5,-4.,14.));
#3184=CARTESIAN_POINT('Ctrl Pts',(-13.5,-4.,12.));
#3185=CARTESIAN_POINT('Ctrl Pts',(-13.5,-4.,12.));
#3186=CARTESIAN_POINT('Ctrl Pts',(-13.5,-4.,12.));
#3187=CARTESIAN_POINT('Ctrl Pts',(-13.5,-4.,12.));
#3188=CARTESIAN_POINT('Ctrl Pts',(-13.5,-4.,12.));
#3189=CARTESIAN_POINT('Ctrl Pts',(-13.5,-4.,12.));
#3190=CARTESIAN_POINT('Ctrl Pts',(-13.5,-4.,12.));
#3191=CARTESIAN_POINT('Ctrl Pts',(-13.5,-4.,12.));
#3192=CARTESIAN_POINT('Ctrl Pts',(-13.5,-4.,12.));
#3193=CARTESIAN_POINT('Ctrl Pts',(-13.5,-4.,12.));
#3194=CARTESIAN_POINT('Ctrl Pts',(-13.5,-4.,12.));
#3195=CARTESIAN_POINT('Ctrl Pts',(-13.5,-4.,14.));
#3196=CARTESIAN_POINT('Ctrl Pts',(-13.5,-4.,14.));
#3197=CARTESIAN_POINT('Ctrl Pts',(-13.5,-4.,14.));
#3198=CARTESIAN_POINT('Ctrl Pts',(-13.5,-4.,14.));
#3199=CARTESIAN_POINT('Ctrl Pts',(-13.5,-4.,14.));
#3200=CARTESIAN_POINT('Ctrl Pts',(-13.5,-4.,14.));
#3201=CARTESIAN_POINT('Ctrl Pts',(-13.5,-4.,14.));
#3202=CARTESIAN_POINT('Ctrl Pts',(-13.5,-4.,14.));
#3203=CARTESIAN_POINT('Ctrl Pts',(-13.5,-4.,14.));
#3204=CARTESIAN_POINT('Ctrl Pts',(-13.5,-4.,14.));
#3205=CARTESIAN_POINT('Ctrl Pts',(-13.5,-4.,14.));
#3206=CARTESIAN_POINT('Ctrl Pts',(-14.8333334201277,-2.50928809263135,14.));
#3207=CARTESIAN_POINT('Ctrl Pts',(-14.2639320892183,-2.,14.));
#3208=CARTESIAN_POINT('Ctrl Pts',(-13.5,-2.,14.));
#3209=CARTESIAN_POINT('Ctrl Pts',(-11.5,-2.,14.));
#3210=CARTESIAN_POINT('Ctrl Pts',(-11.5,-4.,14.));
#3211=CARTESIAN_POINT('Ctrl Pts',(-11.5,-6.,14.));
#3212=CARTESIAN_POINT('Ctrl Pts',(-13.5,-6.,14.));
#3213=CARTESIAN_POINT('Ctrl Pts',(-15.5,-6.,14.));
#3214=CARTESIAN_POINT('Ctrl Pts',(-15.5,-4.,14.));
#3215=CARTESIAN_POINT('Ctrl Pts',(-15.5,-3.10557287886817,14.));
#3216=CARTESIAN_POINT('Ctrl Pts',(-14.8333334201277,-2.50928809263135,14.));
#3217=CARTESIAN_POINT('',(-14.833333404416,-2.50928807857843,14.));
#3218=CARTESIAN_POINT('Ctrl Pts',(-13.5,-4.,12.));
#3219=CARTESIAN_POINT('Ctrl Pts',(-13.5000000003063,-4.,12.0048306689168));
#3220=CARTESIAN_POINT('Ctrl Pts',(-13.4999999996945,-3.99998249847837,12.00966133783));
#3221=CARTESIAN_POINT('Ctrl Pts',(-13.5000001135697,-3.9967336313831,12.4580192755547));
#3222=CARTESIAN_POINT('Ctrl Pts',(-13.4907541671414,-3.84630770266693,12.8549237824064));
#3223=CARTESIAN_POINT('Ctrl Pts',(-13.5754658185218,-3.51669060380778,13.3243692196076));
#3224=CARTESIAN_POINT('Ctrl Pts',(-13.6212484981517,-3.38952209172391,13.4609240067292));
#3225=CARTESIAN_POINT('Ctrl Pts',(-13.7648635551841,-3.13809498219885,13.6792664003225));
#3226=CARTESIAN_POINT('Ctrl Pts',(-13.8536506441182,-3.01992684359389,13.7616825654224));
#3227=CARTESIAN_POINT('Ctrl Pts',(-14.0776439692848,-2.8074053201916,13.8883920102823));
#3228=CARTESIAN_POINT('Ctrl Pts',(-14.207053073294,-2.71651482894081,13.931552997574));
#3229=CARTESIAN_POINT('Ctrl Pts',(-14.5028837009178,-2.57502447561414,13.988257546153));
#3230=CARTESIAN_POINT('Ctrl Pts',(-14.6654151290524,-2.52806190439025,14.));
#3231=CARTESIAN_POINT('Ctrl Pts',(-14.833333404416,-2.50928807857843,14.));
#3232=CARTESIAN_POINT('Origin',(-13.5,-4.,14.));
#3233=CARTESIAN_POINT('Origin',(0.,-4.,14.));
#3234=CARTESIAN_POINT('',(-16.5,-4.,14.));
#3235=CARTESIAN_POINT('Origin',(-15.,-4.00000007152557,14.));
#3236=CARTESIAN_POINT('',(-18.,-4.,14.));
#3237=CARTESIAN_POINT('',(0.,-4.,14.));
#3238=CARTESIAN_POINT('',(-18.,-3.,14.));
#3239=CARTESIAN_POINT('',(-18.,-3.5,14.));
#3240=CARTESIAN_POINT('',(-15.,0.,14.));
#3241=CARTESIAN_POINT('Origin',(-15.,-3.,14.));
#3242=CARTESIAN_POINT('',(0.,0.,14.));
#3243=CARTESIAN_POINT('',(0.,0.,14.));
#3244=CARTESIAN_POINT('',(0.,-4.,14.));
#3245=CARTESIAN_POINT('',(0.,-47.2175149949669,14.));
#3246=CARTESIAN_POINT('',(-1.5,-4.,14.));
#3247=CARTESIAN_POINT('',(0.,-4.,14.));
#3248=CARTESIAN_POINT('Origin',(-3.,-4.,14.));
#3249=CARTESIAN_POINT('Origin',(0.,-2.,7.00000007450581));
#3250=CARTESIAN_POINT('',(-13.5,-2.,5.00000007450581));
#3251=CARTESIAN_POINT('',(-13.5,-4.,7.00000007450581));
#3252=CARTESIAN_POINT('Origin',(-13.5,-2.,7.00000007450581));
#3253=CARTESIAN_POINT('',(-4.5,-4.,7.00000007450581));
#3254=CARTESIAN_POINT('',(0.,-4.,7.00000007450581));
#3255=CARTESIAN_POINT('',(-4.5,-2.,5.00000007450581));
#3256=CARTESIAN_POINT('Origin',(-4.5,-2.,7.00000007450581));
#3257=CARTESIAN_POINT('',(0.,-2.,5.00000007450581));
#3258=CARTESIAN_POINT('Ctrl Pts',(-4.5,-4.,7.00000007450581));
#3259=CARTESIAN_POINT('Ctrl Pts',(-4.5,-4.,7.00000007450581));
#3260=CARTESIAN_POINT('Ctrl Pts',(-4.5,-4.,7.00000007450581));
#3261=CARTESIAN_POINT('Ctrl Pts',(-4.5,-4.,7.00000007450581));
#3262=CARTESIAN_POINT('Ctrl Pts',(-4.5,-4.,7.00000007450581));
#3263=CARTESIAN_POINT('Ctrl Pts',(-4.5,-4.,7.00000007450581));
#3264=CARTESIAN_POINT('Ctrl Pts',(-4.5,-4.,7.00000007450581));
#3265=CARTESIAN_POINT('Ctrl Pts',(-4.5,-4.,7.00000007450581));
#3266=CARTESIAN_POINT('Ctrl Pts',(-4.5,-4.,7.00000007450581));
#3267=CARTESIAN_POINT('Ctrl Pts',(-4.5,-4.,7.00000007450581));
#3268=CARTESIAN_POINT('Ctrl Pts',(-4.5,-4.,7.00000007450581));
#3269=CARTESIAN_POINT('Ctrl Pts',(-4.5,-4.,5.00000007450581));
#3270=CARTESIAN_POINT('Ctrl Pts',(-4.5,-4.,5.00000007450581));
#3271=CARTESIAN_POINT('Ctrl Pts',(-4.5,-4.,5.00000007450581));
#3272=CARTESIAN_POINT('Ctrl Pts',(-4.5,-4.,5.00000007450581));
#3273=CARTESIAN_POINT('Ctrl Pts',(-4.5,-4.,5.00000007450581));
#3274=CARTESIAN_POINT('Ctrl Pts',(-4.5,-4.,5.00000007450581));
#3275=CARTESIAN_POINT('Ctrl Pts',(-4.5,-4.,5.00000007450581));
#3276=CARTESIAN_POINT('Ctrl Pts',(-4.5,-4.,5.00000007450581));
#3277=CARTESIAN_POINT('Ctrl Pts',(-4.5,-4.,5.00000007450581));
#3278=CARTESIAN_POINT('Ctrl Pts',(-4.5,-4.,5.00000007450581));
#3279=CARTESIAN_POINT('Ctrl Pts',(-4.5,-4.,5.00000007450581));
#3280=CARTESIAN_POINT('Ctrl Pts',(-3.16666665095502,-2.50928802905306,5.00000007450581));
#3281=CARTESIAN_POINT('Ctrl Pts',(-3.73606796542238,-2.,5.00000007450581));
#3282=CARTESIAN_POINT('Ctrl Pts',(-4.5,-2.,5.00000007450581));
#3283=CARTESIAN_POINT('Ctrl Pts',(-6.5,-2.,5.00000007450581));
#3284=CARTESIAN_POINT('Ctrl Pts',(-6.5,-4.,5.00000007450581));
#3285=CARTESIAN_POINT('Ctrl Pts',(-6.5,-6.,5.00000007450581));
#3286=CARTESIAN_POINT('Ctrl Pts',(-4.5,-6.,5.00000007450581));
#3287=CARTESIAN_POINT('Ctrl Pts',(-2.5,-6.,5.00000007450581));
#3288=CARTESIAN_POINT('Ctrl Pts',(-2.5,-4.,5.00000007450581));
#3289=CARTESIAN_POINT('Ctrl Pts',(-2.5,-3.10557282164771,5.00000007450581));
#3290=CARTESIAN_POINT('Ctrl Pts',(-3.16666665095502,-2.50928802905306,5.00000007450581));
#3291=CARTESIAN_POINT('',(-3.16666666666667,-2.50928801500014,5.00000007450581));
#3292=CARTESIAN_POINT('Ctrl Pts',(-4.5,-4.,7.00000007450581));
#3293=CARTESIAN_POINT('Ctrl Pts',(-4.4999999996937,-4.,6.9951694055885));
#3294=CARTESIAN_POINT('Ctrl Pts',(-4.5000000003063,-3.99998249847836,6.99033873667474));
#3295=CARTESIAN_POINT('Ctrl Pts',(-4.49999988658607,-3.99673363138275,6.5419807989502));
#3296=CARTESIAN_POINT('Ctrl Pts',(-4.50924584018715,-3.84630770310755,6.14507629209908));
#3297=CARTESIAN_POINT('Ctrl Pts',(-4.42453420452415,-3.51669060020929,5.67563085489824));
#3298=CARTESIAN_POINT('Ctrl Pts',(-4.37875153095814,-3.38952208594233,5.53907606777662));
#3299=CARTESIAN_POINT('Ctrl Pts',(-4.23513648591478,-3.13809496956917,5.32073367418335));
#3300=CARTESIAN_POINT('Ctrl Pts',(-4.1463494026153,-3.01992682673052,5.23831750908336));
#3301=CARTESIAN_POINT('Ctrl Pts',(-3.92235608758259,-2.80740529264738,5.11160806422349));
#3302=CARTESIAN_POINT('Ctrl Pts',(-3.79294698790733,-2.71651479522589,5.06844707693175));
#3303=CARTESIAN_POINT('Ctrl Pts',(-3.49711636703031,-2.57502442779292,5.01174252835276));
#3304=CARTESIAN_POINT('Ctrl Pts',(-3.33458494113509,-2.52806184881893,5.00000007450581));
#3305=CARTESIAN_POINT('Ctrl Pts',(-3.16666666666667,-2.50928801500014,5.00000007450581));
#3306=CARTESIAN_POINT('Origin',(-4.5,-4.,5.00000007450581));
#3307=CARTESIAN_POINT('Ctrl Pts',(-13.5,-4.,7.00000007450581));
#3308=CARTESIAN_POINT('Ctrl Pts',(-13.5,-4.,7.00000007450581));
#3309=CARTESIAN_POINT('Ctrl Pts',(-13.5,-4.,7.00000007450581));
#3310=CARTESIAN_POINT('Ctrl Pts',(-13.5,-4.,7.00000007450581));
#3311=CARTESIAN_POINT('Ctrl Pts',(-13.5,-4.,7.00000007450581));
#3312=CARTESIAN_POINT('Ctrl Pts',(-13.5,-4.,7.00000007450581));
#3313=CARTESIAN_POINT('Ctrl Pts',(-13.5,-4.,7.00000007450581));
#3314=CARTESIAN_POINT('Ctrl Pts',(-13.5,-4.,7.00000007450581));
#3315=CARTESIAN_POINT('Ctrl Pts',(-13.5,-4.,7.00000007450581));
#3316=CARTESIAN_POINT('Ctrl Pts',(-13.5,-4.,5.00000007450581));
#3317=CARTESIAN_POINT('Ctrl Pts',(-13.5,-4.,5.00000007450581));
#3318=CARTESIAN_POINT('Ctrl Pts',(-13.5,-4.,5.00000007450581));
#3319=CARTESIAN_POINT('Ctrl Pts',(-13.5,-4.,5.00000007450581));
#3320=CARTESIAN_POINT('Ctrl Pts',(-13.5,-4.,5.00000007450581));
#3321=CARTESIAN_POINT('Ctrl Pts',(-13.5,-4.,5.00000007450581));
#3322=CARTESIAN_POINT('Ctrl Pts',(-13.5,-4.,5.00000007450581));
#3323=CARTESIAN_POINT('Ctrl Pts',(-13.5,-4.,5.00000007450581));
#3324=CARTESIAN_POINT('Ctrl Pts',(-13.5,-4.,5.00000007450581));
#3325=CARTESIAN_POINT('Ctrl Pts',(-13.5,-2.,5.00000007450581));
#3326=CARTESIAN_POINT('Ctrl Pts',(-15.5,-2.,5.00000007450581));
#3327=CARTESIAN_POINT('Ctrl Pts',(-15.5,-4.,5.00000007450581));
#3328=CARTESIAN_POINT('Ctrl Pts',(-15.5,-6.,5.00000007450581));
#3329=CARTESIAN_POINT('Ctrl Pts',(-13.5,-6.,5.00000007450581));
#3330=CARTESIAN_POINT('Ctrl Pts',(-11.5,-6.,5.00000007450581));
#3331=CARTESIAN_POINT('Ctrl Pts',(-11.5,-4.,5.00000007450581));
#3332=CARTESIAN_POINT('Ctrl Pts',(-11.5,-2.,5.00000007450581));
#3333=CARTESIAN_POINT('Ctrl Pts',(-13.5,-2.,5.00000007450581));
#3334=CARTESIAN_POINT('',(-14.833333404416,-2.50928807857843,5.00000007450581));
#3335=CARTESIAN_POINT('Ctrl Pts',(-14.833333404416,-2.50928807857843,5.00000007450581));
#3336=CARTESIAN_POINT('Ctrl Pts',(-14.6654151290524,-2.52806190439025,5.00000007450581));
#3337=CARTESIAN_POINT('Ctrl Pts',(-14.5028837009178,-2.57502447561414,5.01174252835276));
#3338=CARTESIAN_POINT('Ctrl Pts',(-14.207053073294,-2.71651482894081,5.06844707693176));
#3339=CARTESIAN_POINT('Ctrl Pts',(-14.0776439692848,-2.8074053201916,5.1116080642235));
#3340=CARTESIAN_POINT('Ctrl Pts',(-13.8536506441182,-3.01992684359389,5.23831750908336));
#3341=CARTESIAN_POINT('Ctrl Pts',(-13.7648635551841,-3.13809498219885,5.32073367418335));
#3342=CARTESIAN_POINT('Ctrl Pts',(-13.6212484981517,-3.3895220917239,5.53907606777661));
#3343=CARTESIAN_POINT('Ctrl Pts',(-13.5754658185218,-3.51669060380778,5.67563085489823));
#3344=CARTESIAN_POINT('Ctrl Pts',(-13.4907541671415,-3.84630770266659,6.14507629209896));
#3345=CARTESIAN_POINT('Ctrl Pts',(-13.5000001135697,-3.99673363138263,6.54198079894989));
#3346=CARTESIAN_POINT('Ctrl Pts',(-13.4999999996945,-3.99998249847836,6.99033873667439));
#3347=CARTESIAN_POINT('Ctrl Pts',(-13.5000000003063,-4.,6.99516940558827));
#3348=CARTESIAN_POINT('Ctrl Pts',(-13.5,-4.,7.00000007450581));
#3349=CARTESIAN_POINT('Origin',(-13.5,-4.,5.00000007450581));
#3350=CARTESIAN_POINT('Origin',(0.,0.,5.00000007450581));
#3351=CARTESIAN_POINT('',(-1.5,-4.,5.00000007450581));
#3352=CARTESIAN_POINT('Origin',(-3.,-4.,5.00000007450581));
#3353=CARTESIAN_POINT('',(0.,-4.,5.00000007450581));
#3354=CARTESIAN_POINT('',(0.,-4.,5.00000007450581));
#3355=CARTESIAN_POINT('',(0.,0.,5.00000007450581));
#3356=CARTESIAN_POINT('',(0.,-45.2175149949669,5.00000007450581));
#3357=CARTESIAN_POINT('',(-15.,0.,5.00000007450581));
#3358=CARTESIAN_POINT('',(0.,0.,5.00000007450581));
#3359=CARTESIAN_POINT('',(-18.,-3.,5.00000007450581));
#3360=CARTESIAN_POINT('Origin',(-15.,-3.,5.00000007450581));
#3361=CARTESIAN_POINT('',(-18.,-4.,5.00000007450581));
#3362=CARTESIAN_POINT('',(-18.,-1.5,5.00000007450581));
#3363=CARTESIAN_POINT('',(-16.5,-4.,5.00000007450581));
#3364=CARTESIAN_POINT('',(0.,-4.,5.00000007450581));
#3365=CARTESIAN_POINT('Origin',(-15.,-4.00000007152557,5.00000007450581));
#3366=CARTESIAN_POINT('Origin',(0.,-90.4350299899338,0.));
#3367=CARTESIAN_POINT('',(0.,-90.4350299899338,0.));
#3368=CARTESIAN_POINT('',(0.,-90.4350299899338,0.));
#3369=CARTESIAN_POINT('',(0.,0.,0.));
#3370=CARTESIAN_POINT('',(0.,0.,0.));
#3371=CARTESIAN_POINT('',(0.,0.,0.));
#3372=CARTESIAN_POINT('',(0.,-4.,2.5000000372529));
#3373=CARTESIAN_POINT('',(0.,0.,20.));
#3374=CARTESIAN_POINT('',(0.,0.,0.));
#3375=CARTESIAN_POINT('',(0.,-8.,20.));
#3376=CARTESIAN_POINT('',(0.,-90.4350299899338,20.));
#3377=CARTESIAN_POINT('',(0.,-8.,20.));
#3378=CARTESIAN_POINT('',(0.,-45.7914033144931,3.42423000975943));
#3379=CARTESIAN_POINT('',(0.,-49.0992681129321,7.16898266756699));
#3380=CARTESIAN_POINT('',(0.,-54.5379477752645,13.3259786034633));
#3381=CARTESIAN_POINT('',(0.,-48.7245315045937,8.));
#3382=CARTESIAN_POINT('Origin',(0.,-48.7245315045937,7.5));
#3383=CARTESIAN_POINT('',(0.,-42.1088019077158,8.));
#3384=CARTESIAN_POINT('',(0.,-70.1341817011217,8.));
#3385=CARTESIAN_POINT('',(0.,-41.7340652993774,7.168982667567));
#3386=CARTESIAN_POINT('Origin',(0.,-42.1088019077158,7.5));
#3387=CARTESIAN_POINT('',(0.,-45.0419300978164,3.42423000975943));
#3388=CARTESIAN_POINT('',(0.,-53.8181461125241,-6.51110902286343));
#3389=CARTESIAN_POINT('Origin',(0.,-45.4166667061547,3.75524734219244));
#3390=CARTESIAN_POINT('',(0.,-15.7914033144931,3.42423000975943));
#3391=CARTESIAN_POINT('',(0.,-19.0992681129321,7.16898266756699));
#3392=CARTESIAN_POINT('',(0.,-31.1122962375284,20.7686373508927));
#3393=CARTESIAN_POINT('',(0.,-18.7245315045937,8.));
#3394=CARTESIAN_POINT('Origin',(0.,-18.7245315045937,7.5));
#3395=CARTESIAN_POINT('',(0.,-12.1088019077158,8.));
#3396=CARTESIAN_POINT('',(0.,-55.1341817011217,8.));
#3397=CARTESIAN_POINT('',(0.,-11.7340652993774,7.16898266756699));
#3398=CARTESIAN_POINT('Origin',(0.,-12.1088019077158,7.5));
#3399=CARTESIAN_POINT('',(0.,-15.0419300978164,3.42423000975943));
#3400=CARTESIAN_POINT('',(0.,-30.3924945747879,-13.9537677702928));
#3401=CARTESIAN_POINT('Origin',(0.,-15.4166667061547,3.75524734219244));
#3402=CARTESIAN_POINT('',(0.,-67.4585968039711,7.57576987103128));
#3403=CARTESIAN_POINT('',(0.,-63.2673987116869,2.83101724302604));
#3404=CARTESIAN_POINT('',(0.,-70.8016720509836,11.3603834146103));
#3405=CARTESIAN_POINT('',(0.,-63.6421353200253,1.99999991059303));
#3406=CARTESIAN_POINT('Origin',(0.,-63.6421353200253,2.49999991059303));
#3407=CARTESIAN_POINT('',(0.,-72.0245315045937,1.99999991059303));
#3408=CARTESIAN_POINT('',(0.,-76.4841817011217,1.99999991059303));
#3409=CARTESIAN_POINT('',(0.,-72.3992681129321,2.83101724302604));
#3410=CARTESIAN_POINT('Origin',(0.,-72.0245315045937,2.49999991059303));
#3411=CARTESIAN_POINT('',(0.,-68.2080700206479,7.57576987103128));
#3412=CARTESIAN_POINT('',(0.,-77.4210900496126,-2.85406427943979));
#3413=CARTESIAN_POINT('Origin',(0.,-67.8333334123095,7.24475253859827));
#3414=CARTESIAN_POINT('',(0.,-64.0992681129321,7.16898266756699));
#3415=CARTESIAN_POINT('',(0.,-66.2507735441326,9.60464922974865));
#3416=CARTESIAN_POINT('',(0.,-63.7245315045937,8.));
#3417=CARTESIAN_POINT('Origin',(0.,-63.7245315045937,7.5));
#3418=CARTESIAN_POINT('',(0.,-57.1088019077158,8.));
#3419=CARTESIAN_POINT('',(0.,-77.6341817011217,8.));
#3420=CARTESIAN_POINT('Origin',(0.,-57.1088019077158,7.5));
#3421=CARTESIAN_POINT('',(0.,-27.3992681129321,2.83101724302604));
#3422=CARTESIAN_POINT('',(0.,-23.2080700206478,7.57576987103128));
#3423=CARTESIAN_POINT('',(0.,-42.2826127430083,-14.0180524005838));
#3424=CARTESIAN_POINT('',(0.,-22.4585968039711,7.57576987103128));
#3425=CARTESIAN_POINT('Origin',(0.,-22.8333334123095,7.24475253859827));
#3426=CARTESIAN_POINT('',(0.,-18.2673987116869,2.83101724302604));
#3427=CARTESIAN_POINT('',(0.,-35.6631947443793,22.5243715357544));
#3428=CARTESIAN_POINT('',(0.,-18.6421353200253,1.99999991059303));
#3429=CARTESIAN_POINT('Origin',(0.,-18.6421353200253,2.49999991059303));
#3430=CARTESIAN_POINT('',(0.,-27.0245315045937,1.99999991059303));
#3431=CARTESIAN_POINT('',(0.,-53.9841817011217,1.99999991059303));
#3432=CARTESIAN_POINT('Origin',(0.,-27.0245315045937,2.49999991059303));
#3433=CARTESIAN_POINT('',(0.,-37.4585968039711,7.57576987103127));
#3434=CARTESIAN_POINT('',(0.,-33.2673987116869,2.83101724302603));
#3435=CARTESIAN_POINT('',(0.,-47.3760205132474,18.8030421620397));
#3436=CARTESIAN_POINT('',(0.,-33.6421353200253,1.99999991059303));
#3437=CARTESIAN_POINT('Origin',(0.,-33.6421353200253,2.49999991059303));
#3438=CARTESIAN_POINT('',(0.,-42.0245315045937,1.99999991059303));
#3439=CARTESIAN_POINT('',(0.,-61.4841817011217,1.99999991059303));
#3440=CARTESIAN_POINT('',(0.,-42.3992681129321,2.83101724302604));
#3441=CARTESIAN_POINT('Origin',(0.,-42.0245315045937,2.49999991059303));
#3442=CARTESIAN_POINT('',(0.,-38.2080700206479,7.57576987103128));
#3443=CARTESIAN_POINT('',(0.,-53.9954385118764,-10.2967230268691));
#3444=CARTESIAN_POINT('Origin',(0.,-37.8333334123095,7.24475253859827));
#3445=CARTESIAN_POINT('',(0.,-12.5659347006226,2.83101724302604));
#3446=CARTESIAN_POINT('',(0.,-8.87473660833836,7.0097321267476));
#3447=CARTESIAN_POINT('',(0.,-30.6999294210143,-17.6980336897392));
#3448=CARTESIAN_POINT('',(0.,-8.00000000000001,6.6787147943146));
#3449=CARTESIAN_POINT('Origin',(0.,-8.5,6.6787147943146));
#3450=CARTESIAN_POINT('',(0.,-8.00000000000001,2.49999991059303));
#3451=CARTESIAN_POINT('',(0.,-8.00000000000001,4.));
#3452=CARTESIAN_POINT('',(0.,-8.5,1.99999991059303));
#3453=CARTESIAN_POINT('Origin',(0.,-8.5,2.49999991059303));
#3454=CARTESIAN_POINT('',(0.,-12.1911980922842,1.99999991059303));
#3455=CARTESIAN_POINT('',(0.,-49.2175149949669,1.99999991059303));
#3456=CARTESIAN_POINT('Origin',(0.,-12.1911980922842,2.49999991059303));
#3457=CARTESIAN_POINT('',(0.,-52.4585968039711,7.57576987103127));
#3458=CARTESIAN_POINT('',(0.,-48.2673987116869,2.83101724302604));
#3459=CARTESIAN_POINT('',(0.,-59.0888462821155,15.081712788325));
#3460=CARTESIAN_POINT('',(0.,-48.6421353200253,1.99999991059303));
#3461=CARTESIAN_POINT('Origin',(0.,-48.6421353200253,2.49999991059303));
#3462=CARTESIAN_POINT('',(0.,-57.0245315045937,1.99999991059303));
#3463=CARTESIAN_POINT('',(0.,-68.9841817011217,1.99999991059303));
#3464=CARTESIAN_POINT('',(0.,-57.3992681129321,2.83101724302604));
#3465=CARTESIAN_POINT('Origin',(0.,-57.0245315045937,2.49999991059303));
#3466=CARTESIAN_POINT('',(0.,-53.2080700206479,7.57576987103128));
#3467=CARTESIAN_POINT('',(0.,-65.7082642807445,-6.57539365315447));
#3468=CARTESIAN_POINT('Origin',(0.,-52.8333334123095,7.24475253859827));
#3469=CARTESIAN_POINT('',(0.,-30.7914033144931,3.42423000975943));
#3470=CARTESIAN_POINT('',(0.,-34.0992681129321,7.16898266756699));
#3471=CARTESIAN_POINT('',(0.,-42.8251220063965,17.047307977178));
#3472=CARTESIAN_POINT('',(0.,-33.7245315045937,8.));
#3473=CARTESIAN_POINT('Origin',(0.,-33.7245315045937,7.5));
#3474=CARTESIAN_POINT('',(0.,-27.1088019077158,8.));
#3475=CARTESIAN_POINT('',(0.,-62.6341817011217,8.));
#3476=CARTESIAN_POINT('',(0.,-26.7340652993774,7.16898266756699));
#3477=CARTESIAN_POINT('Origin',(0.,-27.1088019077158,7.5));
#3478=CARTESIAN_POINT('',(0.,-30.0419300978164,3.42423000975943));
#3479=CARTESIAN_POINT('',(0.,-42.105320343656,-10.2324383965781));
#3480=CARTESIAN_POINT('Origin',(0.,-30.4166667061547,3.75524734219244));
#3481=CARTESIAN_POINT('Origin',(-9.00000014139474,-75.0416371250741,0.));
#3482=CARTESIAN_POINT('',(-17.1055372580261,-80.6938687032064,0.));
#3483=CARTESIAN_POINT('',(-17.1055372580261,-80.6938687032064,0.));
#3484=CARTESIAN_POINT('',(-17.1055372580261,-80.6938687032064,0.));
#3485=CARTESIAN_POINT('Origin',(-6.98716253754058,-93.7426419686191,0.));
#3486=CARTESIAN_POINT('',(-6.98716253754058,-93.7426419686191,0.));
#3487=CARTESIAN_POINT('',(-6.98716253754058,-93.7426419686191,0.));
#3488=CARTESIAN_POINT('',(-3.30761197868529,-93.7426419686191,0.));
#3489=CARTESIAN_POINT('',(-3.30761197868529,-93.7426419686191,0.));
#3490=CARTESIAN_POINT('',(-3.30761197868529,-93.7426419686191,0.));
#3491=CARTESIAN_POINT('Origin',(-17.1055372580261,-83.6938687032064,0.));
#3492=CARTESIAN_POINT('',(-17.1055372580261,-83.6938687032064,0.));
#3493=CARTESIAN_POINT('',(-17.1055372580261,-83.6938687032064,0.));
#3494=CARTESIAN_POINT('',(-6.98716253754058,-93.7426419686191,0.));
#3495=CARTESIAN_POINT('Origin',(-17.1055372580261,-80.6938687032064,0.));
#3496=CARTESIAN_POINT('',(-17.1055372580261,-83.6938687032064,0.));
#3497=CARTESIAN_POINT('Origin',(0.,-19.,10.));
#3498=CARTESIAN_POINT('',(-18.,-8.,20.));
#3499=CARTESIAN_POINT('Origin',(0.,-4.,5.00000007450581));
#3500=CARTESIAN_POINT('',(-16.5,-4.,0.));
#3501=CARTESIAN_POINT('',(-18.,-4.,2.5000000372529));
#3502=CARTESIAN_POINT('Origin',(0.,-4.,5.00000007450581));
#3503=CARTESIAN_POINT('',(-1.5,-4.,0.));
#3504=CARTESIAN_POINT('Origin',(0.,-4.,5.00000007450581));
#3505=CARTESIAN_POINT('',(-4.5,-4.,0.));
#3506=CARTESIAN_POINT('',(-13.5,-4.,0.));
#3507=CARTESIAN_POINT('Origin',(0.,0.,0.));
#3508=CARTESIAN_POINT('',(-15.,0.,20.));
#3509=CARTESIAN_POINT('',(-15.,0.,0.));
#3510=CARTESIAN_POINT('',(0.,0.,20.));
#3511=CARTESIAN_POINT('Origin',(-15.,-3.,0.));
#3512=CARTESIAN_POINT('',(-18.,-3.,20.));
#3513=CARTESIAN_POINT('',(-18.,-3.,0.));
#3514=CARTESIAN_POINT('Origin',(-15.,-3.,20.));
#3515=CARTESIAN_POINT('Origin',(-15.,-3.,0.));
#3516=CARTESIAN_POINT('',(-15.,0.,0.));
#3517=CARTESIAN_POINT('',(-15.,0.,0.));
#3518=CARTESIAN_POINT('',(-18.,-3.,0.));
#3519=CARTESIAN_POINT('Origin',(-15.,-3.,0.));
#3520=CARTESIAN_POINT('',(-18.,-3.,0.));
#3521=CARTESIAN_POINT('Origin',(-9.,-4.,20.));
#3522=CARTESIAN_POINT('',(-18.,-3.,20.));
#3523=CARTESIAN_POINT('',(-16.5,-4.00000007152557,20.));
#3524=CARTESIAN_POINT('Origin',(-15.,-4.00000007152557,20.));
#3525=CARTESIAN_POINT('',(-4.5,-4.,20.));
#3526=CARTESIAN_POINT('Origin',(-3.,-4.,20.));
#3527=CARTESIAN_POINT('Origin',(0.,-72.0245315045937,2.49999991059303));
#3528=CARTESIAN_POINT('',(0.,-72.0245315045937,1.99999991059303));
#3529=CARTESIAN_POINT('',(0.,-72.3992681129321,2.83101724302604));
#3530=CARTESIAN_POINT('Origin',(0.,-62.5333334123095,1.99999991059303));
#3531=CARTESIAN_POINT('',(0.,-63.6421353200253,1.99999991059303));
#3532=CARTESIAN_POINT('Origin',(0.,-63.6421353200253,2.49999991059303));
#3533=CARTESIAN_POINT('',(0.,-63.2673987116869,2.83101724302604));
#3534=CARTESIAN_POINT('Origin',(0.,-67.8333334123095,8.));
#3535=CARTESIAN_POINT('',(0.,-67.4585968039711,7.57576987103128));
#3536=CARTESIAN_POINT('Origin',(0.,-57.1088019077158,7.5));
#3537=CARTESIAN_POINT('',(0.,-57.1088019077158,8.));
#3538=CARTESIAN_POINT('Origin',(0.,-64.8333334123095,8.));
#3539=CARTESIAN_POINT('',(0.,-63.7245315045937,8.));
#3540=CARTESIAN_POINT('Origin',(0.,-63.7245315045937,7.5));
#3541=CARTESIAN_POINT('',(0.,-64.0992681129321,7.16898266756699));
#3542=CARTESIAN_POINT('Origin',(0.,-60.4166667061547,2.99999988079071));
#3543=CARTESIAN_POINT('',(0.,-60.7914033144931,3.42423000975943));
#3544=CARTESIAN_POINT('Origin',(0.,-60.4166667061547,3.75524734219244));
#3545=CARTESIAN_POINT('Origin',(0.,-67.8333334123095,7.24475253859827));
#3546=CARTESIAN_POINT('',(0.,-68.2080700206479,7.57576987103128));
#3547=CARTESIAN_POINT('Origin',(0.,-73.1333334123095,1.99999991059303));
#3548=CARTESIAN_POINT('Origin',(0.,-57.0245315045937,2.49999991059303));
#3549=CARTESIAN_POINT('',(0.,-57.0245315045937,1.99999991059303));
#3550=CARTESIAN_POINT('',(0.,-57.3992681129321,2.83101724302604));
#3551=CARTESIAN_POINT('Origin',(0.,-47.5333334123095,1.99999991059303));
#3552=CARTESIAN_POINT('',(0.,-48.6421353200253,1.99999991059303));
#3553=CARTESIAN_POINT('Origin',(0.,-48.6421353200253,2.49999991059303));
#3554=CARTESIAN_POINT('',(0.,-48.2673987116869,2.83101724302604));
#3555=CARTESIAN_POINT('Origin',(0.,-52.8333334123095,8.));
#3556=CARTESIAN_POINT('',(0.,-52.4585968039711,7.57576987103128));
#3557=CARTESIAN_POINT('Origin',(0.,-52.8333334123095,7.24475253859827));
#3558=CARTESIAN_POINT('',(0.,-53.2080700206479,7.57576987103128));
#3559=CARTESIAN_POINT('Origin',(0.,-58.1333334123095,1.99999991059303));
#3560=CARTESIAN_POINT('Origin',(0.,-48.7245315045937,7.5));
#3561=CARTESIAN_POINT('',(0.,-49.0992681129321,7.16898266756699));
#3562=CARTESIAN_POINT('',(0.,-48.7245315045937,8.));
#3563=CARTESIAN_POINT('Origin',(0.,-45.4166667061547,2.99999988079071));
#3564=CARTESIAN_POINT('',(0.,-45.7914033144931,3.42423000975943));
#3565=CARTESIAN_POINT('Origin',(0.,-42.1088019077158,7.5));
#3566=CARTESIAN_POINT('',(0.,-42.1088019077158,8.));
#3567=CARTESIAN_POINT('',(0.,-41.7340652993774,7.16898266756699));
#3568=CARTESIAN_POINT('Origin',(0.,-49.8333334123095,8.));
#3569=CARTESIAN_POINT('Origin',(0.,-45.4166667061547,3.75524734219244));
#3570=CARTESIAN_POINT('',(0.,-45.0419300978164,3.42423000975943));
#3571=CARTESIAN_POINT('Origin',(0.,-41.,8.));
#3572=CARTESIAN_POINT('Origin',(0.,-42.0245315045937,2.49999991059303));
#3573=CARTESIAN_POINT('',(0.,-42.0245315045937,1.99999991059303));
#3574=CARTESIAN_POINT('',(0.,-42.3992681129321,2.83101724302604));
#3575=CARTESIAN_POINT('Origin',(0.,-32.5333334123095,1.99999991059303));
#3576=CARTESIAN_POINT('',(0.,-33.6421353200253,1.99999991059303));
#3577=CARTESIAN_POINT('Origin',(0.,-33.6421353200253,2.49999991059303));
#3578=CARTESIAN_POINT('',(0.,-33.2673987116869,2.83101724302604));
#3579=CARTESIAN_POINT('Origin',(0.,-37.8333334123095,8.));
#3580=CARTESIAN_POINT('',(0.,-37.4585968039711,7.57576987103128));
#3581=CARTESIAN_POINT('Origin',(0.,-37.8333334123095,7.24475253859827));
#3582=CARTESIAN_POINT('',(0.,-38.2080700206479,7.57576987103128));
#3583=CARTESIAN_POINT('Origin',(0.,-43.1333334123095,1.99999991059303));
#3584=CARTESIAN_POINT('Origin',(0.,-22.8333334123095,7.24475253859827));
#3585=CARTESIAN_POINT('',(0.,-23.2080700206479,7.57576987103128));
#3586=CARTESIAN_POINT('',(0.,-22.4585968039711,7.57576987103128));
#3587=CARTESIAN_POINT('Origin',(0.,-28.1333334123095,1.99999991059303));
#3588=CARTESIAN_POINT('',(0.,-27.3992681129321,2.83101724302604));
#3589=CARTESIAN_POINT('Origin',(0.,-18.6421353200253,2.49999991059303));
#3590=CARTESIAN_POINT('',(-9.30224834861336,-18.2673987116869,2.83101724302604));
#3591=CARTESIAN_POINT('',(0.,-18.2673987116869,2.83101724302604));
#3592=CARTESIAN_POINT('',(-9.2155901684482,-18.6421353200253,1.99999991059303));
#3593=CARTESIAN_POINT('Ctrl Pts',(-9.30224834861336,-18.2673987116869,2.83101724302604));
#3594=CARTESIAN_POINT('Ctrl Pts',(-9.31116795399982,-18.2319478734577,2.79088421801756));
#3595=CARTESIAN_POINT('Ctrl Pts',(-9.31906272774681,-18.2014193670615,2.74276396353968));
#3596=CARTESIAN_POINT('Ctrl Pts',(-9.33127237584454,-18.154679525112,2.62952212551616));
#3597=CARTESIAN_POINT('Ctrl Pts',(-9.33462828905926,-18.1421353200253,2.5627520992361));
#3598=CARTESIAN_POINT('Ctrl Pts',(-9.33462828905926,-18.1421353200253,2.43724772194997));
#3599=CARTESIAN_POINT('Ctrl Pts',(-9.33127237584454,-18.154679525112,2.3704776956699));
#3600=CARTESIAN_POINT('Ctrl Pts',(-9.31806679084397,-18.2052319203029,2.24799875887578));
#3601=CARTESIAN_POINT('Ctrl Pts',(-9.3082587548675,-18.2432262467918,2.19227964124595));
#3602=CARTESIAN_POINT('Ctrl Pts',(-9.28626164741056,-18.3313943331109,2.10316369787188));
#3603=CARTESIAN_POINT('Ctrl Pts',(-9.27250746947597,-18.3879345338056,2.06424910527329));
#3604=CARTESIAN_POINT('Ctrl Pts',(-9.24381801417143,-18.5117351284591,2.01266779012211));
#3605=CARTESIAN_POINT('Ctrl Pts',(-9.22891601222728,-18.5790027492433,1.99999991059303));
#3606=CARTESIAN_POINT('Ctrl Pts',(-9.2155901684482,-18.6421353200253,1.99999991059303));
#3607=CARTESIAN_POINT('',(0.,-18.6421353200253,1.99999991059303));
#3608=CARTESIAN_POINT('Origin',(0.,-22.8333334123095,8.));
#3609=CARTESIAN_POINT('Origin',(-19.0000001413947,-20.7074007948019,5.5932837933738));
#3610=CARTESIAN_POINT('Origin',(0.,-27.0245315045937,2.49999991059303));
#3611=CARTESIAN_POINT('',(0.,-27.0245315045937,1.99999991059303));
#3612=CARTESIAN_POINT('Origin',(0.,-17.5333334123095,1.99999991059303));
#3613=CARTESIAN_POINT('Origin',(-19.0000001413947,-20.7074007948019,1.99999991059303));
#3614=CARTESIAN_POINT('Origin',(0.,-30.4166667061547,3.75524734219244));
#3615=CARTESIAN_POINT('',(0.,-30.0419300978164,3.42423000975943));
#3616=CARTESIAN_POINT('',(0.,-30.7914033144931,3.42423000975943));
#3617=CARTESIAN_POINT('Origin',(0.,-26.,8.));
#3618=CARTESIAN_POINT('',(0.,-26.7340652993774,7.16898266756699));
#3619=CARTESIAN_POINT('Origin',(0.,-33.7245315045937,7.5));
#3620=CARTESIAN_POINT('',(0.,-34.0992681129321,7.16898266756699));
#3621=CARTESIAN_POINT('',(0.,-33.7245315045937,8.));
#3622=CARTESIAN_POINT('Origin',(0.,-30.4166667061547,2.99999988079071));
#3623=CARTESIAN_POINT('Origin',(0.,-27.1088019077158,7.5));
#3624=CARTESIAN_POINT('',(0.,-27.1088019077158,8.));
#3625=CARTESIAN_POINT('Origin',(0.,-34.8333334123095,8.));
#3626=CARTESIAN_POINT('Origin',(0.,-18.7245315045937,7.5));
#3627=CARTESIAN_POINT('',(-9.13015164825655,-19.0992681129321,7.16898266756699));
#3628=CARTESIAN_POINT('',(0.,-19.0992681129321,7.16898266756699));
#3629=CARTESIAN_POINT('',(-9.19855997283025,-18.7245315045937,8.));
#3630=CARTESIAN_POINT('Ctrl Pts',(-9.13015164825655,-19.0992681129321,7.16898266756699));
#3631=CARTESIAN_POINT('Ctrl Pts',(-9.12436852887014,-19.1347617713877,7.20916416830416));
#3632=CARTESIAN_POINT('Ctrl Pts',(-9.11960824836285,-19.1652187355495,7.25722599925002));
#3633=CARTESIAN_POINT('Ctrl Pts',(-9.11240863623599,-19.2120100679356,7.37046251158255));
#3634=CARTESIAN_POINT('Ctrl Pts',(-9.11055634165769,-19.2245315045937,7.4372980908466));
#3635=CARTESIAN_POINT('Ctrl Pts',(-9.11055634165769,-19.2245315045937,7.5));
#3636=CARTESIAN_POINT('Ctrl Pts',(-9.11055634165769,-19.2245315045937,7.56270190915339));
#3637=CARTESIAN_POINT('Ctrl Pts',(-9.11240863623599,-19.2120100679356,7.62953748841745));
#3638=CARTESIAN_POINT('Ctrl Pts',(-9.12021774187199,-19.1612575480757,7.75236020040182));
#3639=CARTESIAN_POINT('Ctrl Pts',(-9.12620903258286,-19.1230303235791,7.80834673292965));
#3640=CARTESIAN_POINT('Ctrl Pts',(-9.14083809393269,-19.0343857455745,7.89751253532345));
#3641=CARTESIAN_POINT('Ctrl Pts',(-9.15051460810509,-18.9777816519801,7.93628162507935));
#3642=CARTESIAN_POINT('Ctrl Pts',(-9.1730258728376,-18.8541538130933,7.98751958866953));
#3643=CARTESIAN_POINT('Ctrl Pts',(-9.18589384928366,-18.7871409023602,8.));
#3644=CARTESIAN_POINT('Ctrl Pts',(-9.19855997283025,-18.7245315045937,8.));
#3645=CARTESIAN_POINT('',(0.,-18.7245315045937,8.));
#3646=CARTESIAN_POINT('Origin',(0.,-15.4166667061547,2.99999988079071));
#3647=CARTESIAN_POINT('',(-10.2917874215769,-15.7914033144931,3.42423000975943));
#3648=CARTESIAN_POINT('',(0.,-15.7914033144931,3.42423000975943));
#3649=CARTESIAN_POINT('Origin',(-19.0000001413947,-20.7074007948019,8.98951025907587));
#3650=CARTESIAN_POINT('Origin',(0.,-15.4166667061547,3.75524734219244));
#3651=CARTESIAN_POINT('',(-10.7597063492051,-15.0419300978164,3.42423000975943));
#3652=CARTESIAN_POINT('',(0.,-15.0419300978164,3.42423000975943));
#3653=CARTESIAN_POINT('Ctrl Pts',(-10.7597063492051,-15.0419300978164,3.42423000975936));
#3654=CARTESIAN_POINT('Ctrl Pts',(-10.7577171037066,-15.0448234085772,3.42095456356631));
#3655=CARTESIAN_POINT('Ctrl Pts',(-10.7557152225249,-15.0477383649932,3.41774119353716));
#3656=CARTESIAN_POINT('Ctrl Pts',(-10.7215958098033,-15.0974771311569,3.36430259244328));
#3657=CARTESIAN_POINT('Ctrl Pts',(-10.6819422432697,-15.1562099768998,3.3228540382772));
#3658=CARTESIAN_POINT('Ctrl Pts',(-10.5983111126819,-15.2836172299322,3.26831868604653));
#3659=CARTESIAN_POINT('Ctrl Pts',(-10.5543610034316,-15.3523162706484,3.25524734219244));
#3660=CARTESIAN_POINT('Ctrl Pts',(-10.4752713370939,-15.479167471729,3.25524734219244));
#3661=CARTESIAN_POINT('Ctrl Pts',(-10.4340651888617,-15.5469547339643,3.26763279681055));
#3662=CARTESIAN_POINT('Ctrl Pts',(-10.3588429536101,-15.6739280765527,3.32101294986871));
#3663=CARTESIAN_POINT('Ctrl Pts',(-10.3248029085033,-15.7330780809729,3.36205967804449));
#3664=CARTESIAN_POINT('Ctrl Pts',(-10.2959845898225,-15.7839739396974,3.41596063530856));
#3665=CARTESIAN_POINT('Ctrl Pts',(-10.2938733506384,-15.7877082934808,3.42004696704164));
#3666=CARTESIAN_POINT('Ctrl Pts',(-10.2917874215768,-15.7914033144932,3.42423000975951));
#3667=CARTESIAN_POINT('Origin',(0.,-11.,8.));
#3668=CARTESIAN_POINT('',(-13.9708921429978,-11.7340652993774,7.16898266756699));
#3669=CARTESIAN_POINT('',(0.,-11.7340652993774,7.16898266756699));
#3670=CARTESIAN_POINT('',(-12.2025785054621,-13.3728892839134,5.31371020459746));
#3671=CARTESIAN_POINT('',(-11.8675400800824,-13.6833935946864,4.96219588527685));
#3672=CARTESIAN_POINT('Origin',(-19.0000001413947,-20.7074007948019,-2.98951049749444));
#3673=CARTESIAN_POINT('Origin',(0.,-12.1911980922842,2.49999991059303));
#3674=CARTESIAN_POINT('',(-13.4776395670717,-12.1911980922842,1.99999991059303));
#3675=CARTESIAN_POINT('',(0.,-12.1911980922842,1.99999991059303));
#3676=CARTESIAN_POINT('',(-13.0732936084688,-12.5659347006226,2.83101724302604));
#3677=CARTESIAN_POINT('Origin',(-13.4776395670717,-12.1911980922842,2.49999991059303));
#3678=CARTESIAN_POINT('',(0.,-12.5659347006226,2.83101724302604));
#3679=CARTESIAN_POINT('Origin',(0.,-8.,1.99999991059303));
#3680=CARTESIAN_POINT('',(-17.,-8.5,1.99999991059303));
#3681=CARTESIAN_POINT('',(0.,-8.5,1.99999991059303));
#3682=CARTESIAN_POINT('',(-17.,-8.92677223641158,1.99999991059303));
#3683=CARTESIAN_POINT('',(-17.,-8.,1.99999991059303));
#3684=CARTESIAN_POINT('',(-13.158444680698,-12.4870190509799,1.99999991059303));
#3685=CARTESIAN_POINT('Origin',(0.,-8.5,2.49999991059303));
#3686=CARTESIAN_POINT('',(-17.,-8.,2.49999991059303));
#3687=CARTESIAN_POINT('Origin',(-17.,-8.5,2.49999991059303));
#3688=CARTESIAN_POINT('',(0.,-8.,2.49999991059303));
#3689=CARTESIAN_POINT('Origin',(-17.,-10.65,4.99999995529652));
#3690=CARTESIAN_POINT('',(-17.,-8.,6.6787147943146));
#3691=CARTESIAN_POINT('',(-17.,-8.,1.99999991059303));
#3692=CARTESIAN_POINT('',(-17.,-8.87473660833836,7.0097321267476));
#3693=CARTESIAN_POINT('Origin',(-17.,-8.5,6.6787147943146));
#3694=CARTESIAN_POINT('',(-17.,-8.92677223641158,6.9508238676737));
#3695=CARTESIAN_POINT('',(-17.,-8.,8.));
#3696=CARTESIAN_POINT('',(-17.,-8.92677223641158,2.49999997764826));
#3697=CARTESIAN_POINT('Origin',(0.,-8.,8.));
#3698=CARTESIAN_POINT('',(0.,-8.,6.6787147943146));
#3699=CARTESIAN_POINT('Origin',(0.,-12.1088019077158,7.5));
#3700=CARTESIAN_POINT('',(-13.566546184395,-12.1088019077158,8.));
#3701=CARTESIAN_POINT('',(0.,-12.1088019077158,8.));
#3702=CARTESIAN_POINT('Origin',(-13.566546184395,-12.1088019077158,7.5));
#3703=CARTESIAN_POINT('Origin',(0.,-19.8333334123095,8.));
#3704=CARTESIAN_POINT('',(-12.2025785054621,-13.3728892839134,8.));
#3705=CARTESIAN_POINT('Origin',(-19.0000001413947,-20.7074007948019,8.));
#3706=CARTESIAN_POINT('',(-10.2086450997186,-15.2208114056101,8.));
#3707=CARTESIAN_POINT('Origin',(0.,-8.5,6.6787147943146));
#3708=CARTESIAN_POINT('',(0.,-8.87473660833836,7.0097321267476));
#3709=CARTESIAN_POINT('Origin',(0.,-13.3,1.99999991059303));
#3710=CARTESIAN_POINT('',(-11.6478956072491,-13.8869539939896,1.33552368108073));
#3711=CARTESIAN_POINT('Origin',(-19.0000001413947,-20.7074007948019,0.));
#3712=CARTESIAN_POINT('',(-12.2025785054621,-13.3728892839134,0.));
#3713=CARTESIAN_POINT('',(-12.2025785054621,-13.3728892839134,0.));
#3714=CARTESIAN_POINT('',(-12.2025785054621,-13.3728892839134,0.));
#3715=CARTESIAN_POINT('Origin',(-19.0000001413947,-20.7074007948019,0.));
#3716=CARTESIAN_POINT('Origin',(-18.,-8.,0.));
#3717=CARTESIAN_POINT('',(-18.,-8.,0.));
#3718=CARTESIAN_POINT('',(-18.,-8.,0.));
#3719=CARTESIAN_POINT('',(-18.,-8.,0.));
#3720=CARTESIAN_POINT('Origin',(-15.,-4.00000007152557,0.));
#3721=CARTESIAN_POINT('',(-16.5,-4.00000007152557,0.));
#3722=CARTESIAN_POINT('',(-16.5,-4.00000007152557,0.));
#3723=CARTESIAN_POINT('',(-16.5,-4.00000007152557,0.));
#3724=CARTESIAN_POINT('Origin',(-15.,-4.00000007152557,0.));
#3725=CARTESIAN_POINT('Origin',(-9.00000013411046,-86.0000012814999,0.));
#3726=CARTESIAN_POINT('',(-11.0000001341105,-86.0000012814999,0.));
#3727=CARTESIAN_POINT('',(-11.0000001341105,-86.0000012814999,0.));
#3728=CARTESIAN_POINT('Origin',(-9.00000013411046,-86.0000012814999,0.));
#3729=CARTESIAN_POINT('Origin',(-3.,-4.,0.));
#3730=CARTESIAN_POINT('',(-4.5,-4.,0.));
#3731=CARTESIAN_POINT('',(-4.5,-4.,0.));
#3732=CARTESIAN_POINT('',(-4.5,-4.,0.));
#3733=CARTESIAN_POINT('Origin',(-3.,-4.,0.));
#3734=CARTESIAN_POINT('Origin',(-4.75735944699117,-90.2426419686191,0.));
#3735=CARTESIAN_POINT('',(-5.85735944699116,-90.2426419686191,0.));
#3736=CARTESIAN_POINT('',(-5.85735944699116,-90.2426419686191,0.));
#3737=CARTESIAN_POINT('Origin',(-4.75735944699117,-90.2426419686191,0.));
#3738=CARTESIAN_POINT('Origin',(-12.987327863424,-82.0890607577882,0.));
#3739=CARTESIAN_POINT('',(-14.087327863424,-82.0890607577882,0.));
#3740=CARTESIAN_POINT('',(-14.087327863424,-82.0890607577882,0.));
#3741=CARTESIAN_POINT('Origin',(-12.987327863424,-82.0890607577882,0.));
#3742=CARTESIAN_POINT('Origin',(-3.34314588461809,-80.3431470320075,0.));
#3743=CARTESIAN_POINT('',(-4.44314588461809,-80.3431470320075,0.));
#3744=CARTESIAN_POINT('',(-4.44314588461809,-80.3431470320075,0.));
#3745=CARTESIAN_POINT('Origin',(-3.34314588461809,-80.3431470320075,0.));
#3746=CARTESIAN_POINT('Origin',(-3.30761197868529,-93.7426419686191,0.));
#3747=CARTESIAN_POINT('',(0.,-90.4350299899338,0.));
#3748=CARTESIAN_POINT('Origin',(-18.,-3.,0.));
#3749=CARTESIAN_POINT('',(-18.,-3.,0.));
#3750=CARTESIAN_POINT('Origin',(0.,0.,0.));
#3751=CARTESIAN_POINT('',(0.,0.,0.));
#3752=CARTESIAN_POINT('Origin',(-9.,-46.8713209843096,0.));
#3753=UNCERTAINTY_MEASURE_WITH_UNIT(LENGTH_MEASURE(0.01),#3757,
'DISTANCE_ACCURACY_VALUE',
'Maximum model space distance between geometric entities at asserted c
onnectivities');
#3754=UNCERTAINTY_MEASURE_WITH_UNIT(LENGTH_MEASURE(0.01),#3757,
'DISTANCE_ACCURACY_VALUE',
'Maximum model space distance between geometric entities at asserted c
onnectivities');
#3755=(
GEOMETRIC_REPRESENTATION_CONTEXT(3)
GLOBAL_UNCERTAINTY_ASSIGNED_CONTEXT((#3753))
GLOBAL_UNIT_ASSIGNED_CONTEXT((#3757,#3759,#3760))
REPRESENTATION_CONTEXT('','3D')
);
#3756=(
GEOMETRIC_REPRESENTATION_CONTEXT(3)
GLOBAL_UNCERTAINTY_ASSIGNED_CONTEXT((#3754))
GLOBAL_UNIT_ASSIGNED_CONTEXT((#3757,#3759,#3760))
REPRESENTATION_CONTEXT('','3D')
);
#3757=(
LENGTH_UNIT()
NAMED_UNIT(*)
SI_UNIT(.MILLI.,.METRE.)
);
#3758=(
LENGTH_UNIT()
NAMED_UNIT(*)
SI_UNIT($,.METRE.)
);
#3759=(
NAMED_UNIT(*)
PLANE_ANGLE_UNIT()
SI_UNIT($,.RADIAN.)
);
#3760=(
NAMED_UNIT(*)
SI_UNIT($,.STERADIAN.)
SOLID_ANGLE_UNIT()
);
#3761=SHAPE_DEFINITION_REPRESENTATION(#3762,#3763);
#3762=PRODUCT_DEFINITION_SHAPE('',$,#3765);
#3763=SHAPE_REPRESENTATION('',(#2117),#3755);
#3764=PRODUCT_DEFINITION_CONTEXT('part definition',#3769,'design');
#3765=PRODUCT_DEFINITION('Spider Arm','Spider Arm v4',#3766,#3764);
#3766=PRODUCT_DEFINITION_FORMATION('',$,#3771);
#3767=PRODUCT_RELATED_PRODUCT_CATEGORY('Spider Arm v4','Spider Arm v4',
(#3771));
#3768=APPLICATION_PROTOCOL_DEFINITION('international standard',
'automotive_design',2009,#3769);
#3769=APPLICATION_CONTEXT(
'Core Data for Automotive Mechanical Design Process');
#3770=PRODUCT_CONTEXT('part definition',#3769,'mechanical');
#3771=PRODUCT('Spider Arm','Spider Arm v4',$,(#3770));
#3772=PRESENTATION_STYLE_ASSIGNMENT((#3774));
#3773=PRESENTATION_STYLE_ASSIGNMENT((#3775));
#3774=SURFACE_STYLE_USAGE(.BOTH.,#3776);
#3775=SURFACE_STYLE_USAGE(.BOTH.,#3777);
#3776=SURFACE_SIDE_STYLE('',(#3778));
#3777=SURFACE_SIDE_STYLE('',(#3779));
#3778=SURFACE_STYLE_FILL_AREA(#3780);
#3779=SURFACE_STYLE_FILL_AREA(#3781);
#3780=FILL_AREA_STYLE('Steel - Satin',(#3782));
#3781=FILL_AREA_STYLE('Paint - Metallic (Silver)',(#3783));
#3782=FILL_AREA_STYLE_COLOUR('Steel - Satin',#3784);
#3783=FILL_AREA_STYLE_COLOUR('Paint - Metallic (Silver)',#3785);
#3784=COLOUR_RGB('Steel - Satin',0.627450980392157,0.627450980392157,0.627450980392157);
#3785=COLOUR_RGB('Paint - Metallic (Silver)',0.984313725490196,0.980392156862745,
0.96078431372549);
ENDSEC;
END-ISO-10303-21;
