ISO-10303-21;
HEADER;
/* Generated by software containing ST-Developer
 * from STEP Tools, Inc. (www.steptools.com) 
 */

FILE_DESCRIPTION(
/* description */ (''),
/* implementation_level */ '2;1');

FILE_NAME(
/* name */ 'Spider Top.step',
/* time_stamp */ '2026-07-19T11:33:45+05:30',
/* author */ (''),
/* organization */ (''),
/* preprocessor_version */ 'ST-DEVELOPER v20.1',
/* originating_system */ 'Autodesk Translation Framework v15.8.0.0',
/* authorisation */ '');

FILE_SCHEMA (('AUTOMOTIVE_DESIGN { 1 0 10303 214 3 1 1 }'));
ENDSEC;

DATA;
#10=MECHANICAL_DESIGN_GEOMETRIC_PRESENTATION_REPRESENTATION('',(#13),#2941);
#11=SHAPE_REPRESENTATION_RELATIONSHIP('SRR','None',#2948,#12);
#12=ADVANCED_BREP_SHAPE_REPRESENTATION('',(#14),#2940);
#13=STYLED_ITEM('',(#2958),#14);
#14=MANIFOLD_SOLID_BREP('Body1',#1773);
#15=FACE_BOUND('',#282,.T.);
#16=FACE_BOUND('',#283,.T.);
#17=FACE_BOUND('',#284,.T.);
#18=FACE_BOUND('',#310,.T.);
#19=FACE_BOUND('',#311,.T.);
#20=FACE_BOUND('',#312,.T.);
#21=FACE_BOUND('',#313,.T.);
#22=FACE_BOUND('',#314,.T.);
#23=FACE_BOUND('',#315,.T.);
#24=FACE_BOUND('',#316,.T.);
#25=FACE_BOUND('',#317,.T.);
#26=FACE_BOUND('',#318,.T.);
#27=FACE_BOUND('',#320,.T.);
#28=FACE_BOUND('',#321,.T.);
#29=FACE_BOUND('',#322,.T.);
#30=FACE_BOUND('',#323,.T.);
#31=FACE_BOUND('',#324,.T.);
#32=FACE_BOUND('',#325,.T.);
#33=FACE_BOUND('',#326,.T.);
#34=FACE_BOUND('',#327,.T.);
#35=FACE_BOUND('',#328,.T.);
#36=FACE_BOUND('',#329,.T.);
#37=FACE_BOUND('',#330,.T.);
#38=CIRCLE('',#1792,0.799999999999998);
#39=CIRCLE('',#1793,0.799999999999998);
#40=CIRCLE('',#1796,0.8);
#41=CIRCLE('',#1797,0.8);
#42=CIRCLE('',#1800,0.8);
#43=CIRCLE('',#1801,0.8);
#44=CIRCLE('',#1804,0.800000000000001);
#45=CIRCLE('',#1805,0.800000000000001);
#46=CIRCLE('',#1808,0.800000000000001);
#47=CIRCLE('',#1809,0.800000000000001);
#48=CIRCLE('',#1812,0.799999999999999);
#49=CIRCLE('',#1813,0.799999999999999);
#50=CIRCLE('',#1816,0.799999999999997);
#51=CIRCLE('',#1817,0.799999999999997);
#52=CIRCLE('',#1820,0.8);
#53=CIRCLE('',#1821,0.8);
#54=CIRCLE('',#1824,0.799999999999998);
#55=CIRCLE('',#1825,0.799999999999998);
#56=CIRCLE('',#1828,0.800000000000001);
#57=CIRCLE('',#1829,0.800000000000001);
#58=CIRCLE('',#1832,0.800000000000001);
#59=CIRCLE('',#1833,0.800000000000001);
#60=CIRCLE('',#1836,0.8);
#61=CIRCLE('',#1837,0.8);
#62=CIRCLE('',#1841,0.8);
#63=CIRCLE('',#1842,0.8);
#64=CIRCLE('',#1845,0.8);
#65=CIRCLE('',#1846,0.8);
#66=CIRCLE('',#1849,0.800000000000001);
#67=CIRCLE('',#1850,0.800000000000001);
#68=CIRCLE('',#1853,0.8);
#69=CIRCLE('',#1854,0.8);
#70=CIRCLE('',#1857,0.799999999999996);
#71=CIRCLE('',#1858,0.799999999999996);
#72=CIRCLE('',#1861,0.800000000000001);
#73=CIRCLE('',#1862,0.800000000000001);
#74=CIRCLE('',#1865,0.8);
#75=CIRCLE('',#1866,0.8);
#76=CIRCLE('',#1869,0.800000000000001);
#77=CIRCLE('',#1870,0.800000000000001);
#78=CIRCLE('',#1873,0.8);
#79=CIRCLE('',#1874,0.8);
#80=CIRCLE('',#1877,0.800000000000001);
#81=CIRCLE('',#1878,0.800000000000001);
#82=CIRCLE('',#1881,0.8);
#83=CIRCLE('',#1882,0.8);
#84=CIRCLE('',#1885,0.799999999999996);
#85=CIRCLE('',#1886,0.799999999999996);
#86=CIRCLE('',#1897,1.6);
#87=CIRCLE('',#1898,1.6);
#88=CIRCLE('',#1900,1.6);
#89=CIRCLE('',#1901,1.6);
#90=CIRCLE('',#1903,1.6);
#91=CIRCLE('',#1904,1.6);
#92=CIRCLE('',#1906,1.6);
#93=CIRCLE('',#1907,1.6);
#94=CIRCLE('',#1909,1.6);
#95=CIRCLE('',#1910,1.6);
#96=CIRCLE('',#1912,1.6);
#97=CIRCLE('',#1913,1.6);
#98=CIRCLE('',#1915,1.6);
#99=CIRCLE('',#1916,1.6);
#100=CIRCLE('',#1918,1.6);
#101=CIRCLE('',#1919,1.6);
#102=CYLINDRICAL_SURFACE('',#1791,0.799999999999998);
#103=CYLINDRICAL_SURFACE('',#1795,0.8);
#104=CYLINDRICAL_SURFACE('',#1799,0.8);
#105=CYLINDRICAL_SURFACE('',#1803,0.800000000000001);
#106=CYLINDRICAL_SURFACE('',#1807,0.800000000000001);
#107=CYLINDRICAL_SURFACE('',#1811,0.799999999999999);
#108=CYLINDRICAL_SURFACE('',#1815,0.799999999999997);
#109=CYLINDRICAL_SURFACE('',#1819,0.8);
#110=CYLINDRICAL_SURFACE('',#1823,0.799999999999998);
#111=CYLINDRICAL_SURFACE('',#1827,0.800000000000001);
#112=CYLINDRICAL_SURFACE('',#1831,0.800000000000001);
#113=CYLINDRICAL_SURFACE('',#1835,0.8);
#114=CYLINDRICAL_SURFACE('',#1840,0.8);
#115=CYLINDRICAL_SURFACE('',#1844,0.8);
#116=CYLINDRICAL_SURFACE('',#1848,0.800000000000001);
#117=CYLINDRICAL_SURFACE('',#1852,0.8);
#118=CYLINDRICAL_SURFACE('',#1856,0.799999999999996);
#119=CYLINDRICAL_SURFACE('',#1860,0.800000000000001);
#120=CYLINDRICAL_SURFACE('',#1864,0.8);
#121=CYLINDRICAL_SURFACE('',#1868,0.800000000000001);
#122=CYLINDRICAL_SURFACE('',#1872,0.8);
#123=CYLINDRICAL_SURFACE('',#1876,0.800000000000001);
#124=CYLINDRICAL_SURFACE('',#1880,0.8);
#125=CYLINDRICAL_SURFACE('',#1884,0.799999999999996);
#126=CYLINDRICAL_SURFACE('',#1896,1.6);
#127=CYLINDRICAL_SURFACE('',#1899,1.6);
#128=CYLINDRICAL_SURFACE('',#1902,1.6);
#129=CYLINDRICAL_SURFACE('',#1905,1.6);
#130=CYLINDRICAL_SURFACE('',#1908,1.6);
#131=CYLINDRICAL_SURFACE('',#1911,1.6);
#132=CYLINDRICAL_SURFACE('',#1914,1.6);
#133=CYLINDRICAL_SURFACE('',#1917,1.6);
#134=FACE_OUTER_BOUND('',#221,.T.);
#135=FACE_OUTER_BOUND('',#222,.T.);
#136=FACE_OUTER_BOUND('',#223,.T.);
#137=FACE_OUTER_BOUND('',#224,.T.);
#138=FACE_OUTER_BOUND('',#225,.T.);
#139=FACE_OUTER_BOUND('',#226,.T.);
#140=FACE_OUTER_BOUND('',#227,.T.);
#141=FACE_OUTER_BOUND('',#228,.T.);
#142=FACE_OUTER_BOUND('',#229,.T.);
#143=FACE_OUTER_BOUND('',#230,.T.);
#144=FACE_OUTER_BOUND('',#231,.T.);
#145=FACE_OUTER_BOUND('',#232,.T.);
#146=FACE_OUTER_BOUND('',#233,.T.);
#147=FACE_OUTER_BOUND('',#234,.T.);
#148=FACE_OUTER_BOUND('',#235,.T.);
#149=FACE_OUTER_BOUND('',#236,.T.);
#150=FACE_OUTER_BOUND('',#237,.T.);
#151=FACE_OUTER_BOUND('',#238,.T.);
#152=FACE_OUTER_BOUND('',#239,.T.);
#153=FACE_OUTER_BOUND('',#240,.T.);
#154=FACE_OUTER_BOUND('',#241,.T.);
#155=FACE_OUTER_BOUND('',#242,.T.);
#156=FACE_OUTER_BOUND('',#243,.T.);
#157=FACE_OUTER_BOUND('',#244,.T.);
#158=FACE_OUTER_BOUND('',#245,.T.);
#159=FACE_OUTER_BOUND('',#246,.T.);
#160=FACE_OUTER_BOUND('',#247,.T.);
#161=FACE_OUTER_BOUND('',#248,.T.);
#162=FACE_OUTER_BOUND('',#249,.T.);
#163=FACE_OUTER_BOUND('',#250,.T.);
#164=FACE_OUTER_BOUND('',#251,.T.);
#165=FACE_OUTER_BOUND('',#252,.T.);
#166=FACE_OUTER_BOUND('',#253,.T.);
#167=FACE_OUTER_BOUND('',#254,.T.);
#168=FACE_OUTER_BOUND('',#255,.T.);
#169=FACE_OUTER_BOUND('',#256,.T.);
#170=FACE_OUTER_BOUND('',#257,.T.);
#171=FACE_OUTER_BOUND('',#258,.T.);
#172=FACE_OUTER_BOUND('',#259,.T.);
#173=FACE_OUTER_BOUND('',#260,.T.);
#174=FACE_OUTER_BOUND('',#261,.T.);
#175=FACE_OUTER_BOUND('',#262,.T.);
#176=FACE_OUTER_BOUND('',#263,.T.);
#177=FACE_OUTER_BOUND('',#264,.T.);
#178=FACE_OUTER_BOUND('',#265,.T.);
#179=FACE_OUTER_BOUND('',#266,.T.);
#180=FACE_OUTER_BOUND('',#267,.T.);
#181=FACE_OUTER_BOUND('',#268,.T.);
#182=FACE_OUTER_BOUND('',#269,.T.);
#183=FACE_OUTER_BOUND('',#270,.T.);
#184=FACE_OUTER_BOUND('',#271,.T.);
#185=FACE_OUTER_BOUND('',#272,.T.);
#186=FACE_OUTER_BOUND('',#273,.T.);
#187=FACE_OUTER_BOUND('',#274,.T.);
#188=FACE_OUTER_BOUND('',#275,.T.);
#189=FACE_OUTER_BOUND('',#276,.T.);
#190=FACE_OUTER_BOUND('',#277,.T.);
#191=FACE_OUTER_BOUND('',#278,.T.);
#192=FACE_OUTER_BOUND('',#279,.T.);
#193=FACE_OUTER_BOUND('',#280,.T.);
#194=FACE_OUTER_BOUND('',#281,.T.);
#195=FACE_OUTER_BOUND('',#285,.T.);
#196=FACE_OUTER_BOUND('',#286,.T.);
#197=FACE_OUTER_BOUND('',#287,.T.);
#198=FACE_OUTER_BOUND('',#288,.T.);
#199=FACE_OUTER_BOUND('',#289,.T.);
#200=FACE_OUTER_BOUND('',#290,.T.);
#201=FACE_OUTER_BOUND('',#291,.T.);
#202=FACE_OUTER_BOUND('',#292,.T.);
#203=FACE_OUTER_BOUND('',#293,.T.);
#204=FACE_OUTER_BOUND('',#294,.T.);
#205=FACE_OUTER_BOUND('',#295,.T.);
#206=FACE_OUTER_BOUND('',#296,.T.);
#207=FACE_OUTER_BOUND('',#297,.T.);
#208=FACE_OUTER_BOUND('',#298,.T.);
#209=FACE_OUTER_BOUND('',#299,.T.);
#210=FACE_OUTER_BOUND('',#300,.T.);
#211=FACE_OUTER_BOUND('',#301,.T.);
#212=FACE_OUTER_BOUND('',#302,.T.);
#213=FACE_OUTER_BOUND('',#303,.T.);
#214=FACE_OUTER_BOUND('',#304,.T.);
#215=FACE_OUTER_BOUND('',#305,.T.);
#216=FACE_OUTER_BOUND('',#306,.T.);
#217=FACE_OUTER_BOUND('',#307,.T.);
#218=FACE_OUTER_BOUND('',#308,.T.);
#219=FACE_OUTER_BOUND('',#309,.T.);
#220=FACE_OUTER_BOUND('',#319,.T.);
#221=EDGE_LOOP('',(#1127,#1128,#1129,#1130));
#222=EDGE_LOOP('',(#1131,#1132,#1133,#1134));
#223=EDGE_LOOP('',(#1135,#1136,#1137,#1138));
#224=EDGE_LOOP('',(#1139,#1140,#1141,#1142));
#225=EDGE_LOOP('',(#1143,#1144,#1145,#1146));
#226=EDGE_LOOP('',(#1147,#1148,#1149,#1150));
#227=EDGE_LOOP('',(#1151,#1152,#1153,#1154));
#228=EDGE_LOOP('',(#1155,#1156,#1157,#1158));
#229=EDGE_LOOP('',(#1159,#1160,#1161,#1162));
#230=EDGE_LOOP('',(#1163,#1164,#1165,#1166));
#231=EDGE_LOOP('',(#1167,#1168,#1169,#1170));
#232=EDGE_LOOP('',(#1171,#1172,#1173,#1174));
#233=EDGE_LOOP('',(#1175,#1176,#1177,#1178));
#234=EDGE_LOOP('',(#1179,#1180,#1181,#1182));
#235=EDGE_LOOP('',(#1183,#1184,#1185,#1186));
#236=EDGE_LOOP('',(#1187,#1188,#1189,#1190));
#237=EDGE_LOOP('',(#1191,#1192,#1193,#1194));
#238=EDGE_LOOP('',(#1195,#1196,#1197,#1198));
#239=EDGE_LOOP('',(#1199,#1200,#1201,#1202));
#240=EDGE_LOOP('',(#1203,#1204,#1205,#1206));
#241=EDGE_LOOP('',(#1207,#1208,#1209,#1210));
#242=EDGE_LOOP('',(#1211,#1212,#1213,#1214));
#243=EDGE_LOOP('',(#1215,#1216,#1217,#1218));
#244=EDGE_LOOP('',(#1219,#1220,#1221,#1222));
#245=EDGE_LOOP('',(#1223,#1224,#1225,#1226));
#246=EDGE_LOOP('',(#1227,#1228,#1229,#1230));
#247=EDGE_LOOP('',(#1231,#1232,#1233,#1234));
#248=EDGE_LOOP('',(#1235,#1236,#1237,#1238));
#249=EDGE_LOOP('',(#1239,#1240,#1241,#1242));
#250=EDGE_LOOP('',(#1243,#1244,#1245,#1246));
#251=EDGE_LOOP('',(#1247,#1248,#1249,#1250));
#252=EDGE_LOOP('',(#1251,#1252,#1253,#1254));
#253=EDGE_LOOP('',(#1255,#1256,#1257,#1258));
#254=EDGE_LOOP('',(#1259,#1260,#1261,#1262));
#255=EDGE_LOOP('',(#1263,#1264,#1265,#1266));
#256=EDGE_LOOP('',(#1267,#1268,#1269,#1270));
#257=EDGE_LOOP('',(#1271,#1272,#1273,#1274));
#258=EDGE_LOOP('',(#1275,#1276,#1277,#1278));
#259=EDGE_LOOP('',(#1279,#1280,#1281,#1282));
#260=EDGE_LOOP('',(#1283,#1284,#1285,#1286));
#261=EDGE_LOOP('',(#1287,#1288,#1289,#1290));
#262=EDGE_LOOP('',(#1291,#1292,#1293,#1294));
#263=EDGE_LOOP('',(#1295,#1296,#1297,#1298));
#264=EDGE_LOOP('',(#1299,#1300,#1301,#1302));
#265=EDGE_LOOP('',(#1303,#1304,#1305,#1306));
#266=EDGE_LOOP('',(#1307,#1308,#1309,#1310));
#267=EDGE_LOOP('',(#1311,#1312,#1313,#1314));
#268=EDGE_LOOP('',(#1315,#1316,#1317,#1318));
#269=EDGE_LOOP('',(#1319,#1320,#1321,#1322));
#270=EDGE_LOOP('',(#1323,#1324,#1325,#1326));
#271=EDGE_LOOP('',(#1327,#1328,#1329,#1330));
#272=EDGE_LOOP('',(#1331,#1332,#1333,#1334));
#273=EDGE_LOOP('',(#1335,#1336,#1337,#1338));
#274=EDGE_LOOP('',(#1339,#1340,#1341,#1342));
#275=EDGE_LOOP('',(#1343,#1344,#1345,#1346));
#276=EDGE_LOOP('',(#1347,#1348,#1349,#1350));
#277=EDGE_LOOP('',(#1351,#1352,#1353,#1354));
#278=EDGE_LOOP('',(#1355,#1356,#1357,#1358));
#279=EDGE_LOOP('',(#1359,#1360,#1361,#1362));
#280=EDGE_LOOP('',(#1363,#1364,#1365,#1366));
#281=EDGE_LOOP('',(#1367,#1368,#1369,#1370,#1371,#1372,#1373,#1374));
#282=EDGE_LOOP('',(#1375,#1376,#1377,#1378));
#283=EDGE_LOOP('',(#1379,#1380,#1381,#1382,#1383,#1384,#1385,#1386,#1387,
#1388,#1389,#1390,#1391,#1392,#1393,#1394,#1395,#1396,#1397,#1398,#1399,
#1400,#1401,#1402));
#284=EDGE_LOOP('',(#1403,#1404,#1405,#1406,#1407,#1408,#1409,#1410,#1411,
#1412,#1413,#1414,#1415,#1416,#1417,#1418,#1419,#1420,#1421,#1422,#1423,
#1424,#1425,#1426));
#285=EDGE_LOOP('',(#1427,#1428,#1429,#1430));
#286=EDGE_LOOP('',(#1431,#1432,#1433,#1434));
#287=EDGE_LOOP('',(#1435,#1436,#1437,#1438));
#288=EDGE_LOOP('',(#1439,#1440,#1441,#1442));
#289=EDGE_LOOP('',(#1443,#1444,#1445,#1446));
#290=EDGE_LOOP('',(#1447,#1448,#1449,#1450));
#291=EDGE_LOOP('',(#1451,#1452,#1453,#1454));
#292=EDGE_LOOP('',(#1455,#1456,#1457,#1458));
#293=EDGE_LOOP('',(#1459,#1460,#1461,#1462));
#294=EDGE_LOOP('',(#1463,#1464,#1465,#1466));
#295=EDGE_LOOP('',(#1467,#1468,#1469,#1470));
#296=EDGE_LOOP('',(#1471,#1472,#1473,#1474));
#297=EDGE_LOOP('',(#1475,#1476,#1477,#1478));
#298=EDGE_LOOP('',(#1479,#1480,#1481,#1482));
#299=EDGE_LOOP('',(#1483,#1484,#1485,#1486));
#300=EDGE_LOOP('',(#1487,#1488,#1489,#1490));
#301=EDGE_LOOP('',(#1491,#1492,#1493,#1494));
#302=EDGE_LOOP('',(#1495,#1496,#1497,#1498));
#303=EDGE_LOOP('',(#1499,#1500,#1501,#1502));
#304=EDGE_LOOP('',(#1503,#1504,#1505,#1506));
#305=EDGE_LOOP('',(#1507,#1508,#1509,#1510));
#306=EDGE_LOOP('',(#1511,#1512,#1513,#1514));
#307=EDGE_LOOP('',(#1515,#1516,#1517,#1518));
#308=EDGE_LOOP('',(#1519,#1520,#1521,#1522));
#309=EDGE_LOOP('',(#1523,#1524,#1525,#1526,#1527,#1528,#1529,#1530,#1531,
#1532,#1533,#1534,#1535,#1536,#1537,#1538));
#310=EDGE_LOOP('',(#1539,#1540,#1541,#1542,#1543,#1544,#1545,#1546));
#311=EDGE_LOOP('',(#1547));
#312=EDGE_LOOP('',(#1548));
#313=EDGE_LOOP('',(#1549));
#314=EDGE_LOOP('',(#1550));
#315=EDGE_LOOP('',(#1551));
#316=EDGE_LOOP('',(#1552));
#317=EDGE_LOOP('',(#1553));
#318=EDGE_LOOP('',(#1554));
#319=EDGE_LOOP('',(#1555,#1556,#1557,#1558,#1559,#1560,#1561,#1562,#1563,
#1564,#1565,#1566,#1567,#1568,#1569,#1570));
#320=EDGE_LOOP('',(#1571,#1572,#1573,#1574));
#321=EDGE_LOOP('',(#1575,#1576,#1577,#1578,#1579,#1580,#1581,#1582,#1583,
#1584,#1585,#1586,#1587,#1588,#1589,#1590,#1591,#1592,#1593,#1594,#1595,
#1596,#1597,#1598));
#322=EDGE_LOOP('',(#1599,#1600,#1601,#1602,#1603,#1604,#1605,#1606,#1607,
#1608,#1609,#1610,#1611,#1612,#1613,#1614,#1615,#1616,#1617,#1618,#1619,
#1620,#1621,#1622));
#323=EDGE_LOOP('',(#1623));
#324=EDGE_LOOP('',(#1624));
#325=EDGE_LOOP('',(#1625));
#326=EDGE_LOOP('',(#1626));
#327=EDGE_LOOP('',(#1627));
#328=EDGE_LOOP('',(#1628));
#329=EDGE_LOOP('',(#1629));
#330=EDGE_LOOP('',(#1630));
#331=LINE('',#2434,#519);
#332=LINE('',#2436,#520);
#333=LINE('',#2438,#521);
#334=LINE('',#2439,#522);
#335=LINE('',#2442,#523);
#336=LINE('',#2444,#524);
#337=LINE('',#2445,#525);
#338=LINE('',#2448,#526);
#339=LINE('',#2450,#527);
#340=LINE('',#2451,#528);
#341=LINE('',#2453,#529);
#342=LINE('',#2454,#530);
#343=LINE('',#2460,#531);
#344=LINE('',#2463,#532);
#345=LINE('',#2466,#533);
#346=LINE('',#2468,#534);
#347=LINE('',#2469,#535);
#348=LINE('',#2475,#536);
#349=LINE('',#2478,#537);
#350=LINE('',#2480,#538);
#351=LINE('',#2481,#539);
#352=LINE('',#2487,#540);
#353=LINE('',#2490,#541);
#354=LINE('',#2492,#542);
#355=LINE('',#2493,#543);
#356=LINE('',#2499,#544);
#357=LINE('',#2502,#545);
#358=LINE('',#2504,#546);
#359=LINE('',#2505,#547);
#360=LINE('',#2511,#548);
#361=LINE('',#2514,#549);
#362=LINE('',#2516,#550);
#363=LINE('',#2517,#551);
#364=LINE('',#2523,#552);
#365=LINE('',#2526,#553);
#366=LINE('',#2528,#554);
#367=LINE('',#2529,#555);
#368=LINE('',#2535,#556);
#369=LINE('',#2538,#557);
#370=LINE('',#2540,#558);
#371=LINE('',#2541,#559);
#372=LINE('',#2547,#560);
#373=LINE('',#2550,#561);
#374=LINE('',#2552,#562);
#375=LINE('',#2553,#563);
#376=LINE('',#2559,#564);
#377=LINE('',#2562,#565);
#378=LINE('',#2564,#566);
#379=LINE('',#2565,#567);
#380=LINE('',#2571,#568);
#381=LINE('',#2574,#569);
#382=LINE('',#2576,#570);
#383=LINE('',#2577,#571);
#384=LINE('',#2583,#572);
#385=LINE('',#2586,#573);
#386=LINE('',#2588,#574);
#387=LINE('',#2589,#575);
#388=LINE('',#2595,#576);
#389=LINE('',#2597,#577);
#390=LINE('',#2598,#578);
#391=LINE('',#2602,#579);
#392=LINE('',#2604,#580);
#393=LINE('',#2606,#581);
#394=LINE('',#2607,#582);
#395=LINE('',#2613,#583);
#396=LINE('',#2616,#584);
#397=LINE('',#2618,#585);
#398=LINE('',#2619,#586);
#399=LINE('',#2625,#587);
#400=LINE('',#2628,#588);
#401=LINE('',#2630,#589);
#402=LINE('',#2631,#590);
#403=LINE('',#2637,#591);
#404=LINE('',#2640,#592);
#405=LINE('',#2642,#593);
#406=LINE('',#2643,#594);
#407=LINE('',#2649,#595);
#408=LINE('',#2652,#596);
#409=LINE('',#2654,#597);
#410=LINE('',#2655,#598);
#411=LINE('',#2661,#599);
#412=LINE('',#2664,#600);
#413=LINE('',#2666,#601);
#414=LINE('',#2667,#602);
#415=LINE('',#2673,#603);
#416=LINE('',#2676,#604);
#417=LINE('',#2678,#605);
#418=LINE('',#2679,#606);
#419=LINE('',#2685,#607);
#420=LINE('',#2688,#608);
#421=LINE('',#2690,#609);
#422=LINE('',#2691,#610);
#423=LINE('',#2697,#611);
#424=LINE('',#2700,#612);
#425=LINE('',#2702,#613);
#426=LINE('',#2703,#614);
#427=LINE('',#2709,#615);
#428=LINE('',#2712,#616);
#429=LINE('',#2714,#617);
#430=LINE('',#2715,#618);
#431=LINE('',#2721,#619);
#432=LINE('',#2724,#620);
#433=LINE('',#2726,#621);
#434=LINE('',#2727,#622);
#435=LINE('',#2733,#623);
#436=LINE('',#2736,#624);
#437=LINE('',#2738,#625);
#438=LINE('',#2739,#626);
#439=LINE('',#2746,#627);
#440=LINE('',#2748,#628);
#441=LINE('',#2750,#629);
#442=LINE('',#2751,#630);
#443=LINE('',#2754,#631);
#444=LINE('',#2756,#632);
#445=LINE('',#2757,#633);
#446=LINE('',#2760,#634);
#447=LINE('',#2762,#635);
#448=LINE('',#2763,#636);
#449=LINE('',#2766,#637);
#450=LINE('',#2768,#638);
#451=LINE('',#2769,#639);
#452=LINE('',#2772,#640);
#453=LINE('',#2774,#641);
#454=LINE('',#2775,#642);
#455=LINE('',#2778,#643);
#456=LINE('',#2780,#644);
#457=LINE('',#2781,#645);
#458=LINE('',#2784,#646);
#459=LINE('',#2786,#647);
#460=LINE('',#2787,#648);
#461=LINE('',#2789,#649);
#462=LINE('',#2790,#650);
#463=LINE('',#2796,#651);
#464=LINE('',#2802,#652);
#465=LINE('',#2808,#653);
#466=LINE('',#2814,#654);
#467=LINE('',#2820,#655);
#468=LINE('',#2826,#656);
#469=LINE('',#2832,#657);
#470=LINE('',#2838,#658);
#471=LINE('',#2843,#659);
#472=LINE('',#2845,#660);
#473=LINE('',#2847,#661);
#474=LINE('',#2848,#662);
#475=LINE('',#2851,#663);
#476=LINE('',#2853,#664);
#477=LINE('',#2854,#665);
#478=LINE('',#2857,#666);
#479=LINE('',#2859,#667);
#480=LINE('',#2860,#668);
#481=LINE('',#2863,#669);
#482=LINE('',#2865,#670);
#483=LINE('',#2866,#671);
#484=LINE('',#2869,#672);
#485=LINE('',#2871,#673);
#486=LINE('',#2872,#674);
#487=LINE('',#2875,#675);
#488=LINE('',#2877,#676);
#489=LINE('',#2878,#677);
#490=LINE('',#2881,#678);
#491=LINE('',#2883,#679);
#492=LINE('',#2884,#680);
#493=LINE('',#2887,#681);
#494=LINE('',#2889,#682);
#495=LINE('',#2890,#683);
#496=LINE('',#2893,#684);
#497=LINE('',#2895,#685);
#498=LINE('',#2896,#686);
#499=LINE('',#2899,#687);
#500=LINE('',#2901,#688);
#501=LINE('',#2902,#689);
#502=LINE('',#2905,#690);
#503=LINE('',#2907,#691);
#504=LINE('',#2908,#692);
#505=LINE('',#2911,#693);
#506=LINE('',#2913,#694);
#507=LINE('',#2914,#695);
#508=LINE('',#2917,#696);
#509=LINE('',#2919,#697);
#510=LINE('',#2920,#698);
#511=LINE('',#2923,#699);
#512=LINE('',#2925,#700);
#513=LINE('',#2926,#701);
#514=LINE('',#2929,#702);
#515=LINE('',#2931,#703);
#516=LINE('',#2932,#704);
#517=LINE('',#2934,#705);
#518=LINE('',#2935,#706);
#519=VECTOR('',#1942,10.);
#520=VECTOR('',#1943,10.);
#521=VECTOR('',#1944,10.);
#522=VECTOR('',#1945,10.);
#523=VECTOR('',#1948,10.);
#524=VECTOR('',#1949,10.);
#525=VECTOR('',#1950,10.);
#526=VECTOR('',#1953,10.);
#527=VECTOR('',#1954,10.);
#528=VECTOR('',#1955,10.);
#529=VECTOR('',#1958,10.);
#530=VECTOR('',#1959,10.);
#531=VECTOR('',#1964,10.);
#532=VECTOR('',#1967,10.);
#533=VECTOR('',#1970,10.);
#534=VECTOR('',#1971,10.);
#535=VECTOR('',#1972,10.);
#536=VECTOR('',#1979,10.);
#537=VECTOR('',#1982,10.);
#538=VECTOR('',#1983,10.);
#539=VECTOR('',#1984,10.);
#540=VECTOR('',#1991,10.);
#541=VECTOR('',#1994,10.);
#542=VECTOR('',#1995,10.);
#543=VECTOR('',#1996,10.);
#544=VECTOR('',#2003,10.);
#545=VECTOR('',#2006,10.);
#546=VECTOR('',#2007,10.);
#547=VECTOR('',#2008,10.);
#548=VECTOR('',#2015,10.);
#549=VECTOR('',#2018,10.);
#550=VECTOR('',#2019,10.);
#551=VECTOR('',#2020,10.);
#552=VECTOR('',#2027,10.);
#553=VECTOR('',#2030,10.);
#554=VECTOR('',#2031,10.);
#555=VECTOR('',#2032,10.);
#556=VECTOR('',#2039,10.);
#557=VECTOR('',#2042,10.);
#558=VECTOR('',#2043,10.);
#559=VECTOR('',#2044,10.);
#560=VECTOR('',#2051,10.);
#561=VECTOR('',#2054,10.);
#562=VECTOR('',#2055,10.);
#563=VECTOR('',#2056,10.);
#564=VECTOR('',#2063,10.);
#565=VECTOR('',#2066,10.);
#566=VECTOR('',#2067,10.);
#567=VECTOR('',#2068,10.);
#568=VECTOR('',#2075,10.);
#569=VECTOR('',#2078,10.);
#570=VECTOR('',#2079,10.);
#571=VECTOR('',#2080,10.);
#572=VECTOR('',#2087,10.);
#573=VECTOR('',#2090,10.);
#574=VECTOR('',#2091,10.);
#575=VECTOR('',#2092,10.);
#576=VECTOR('',#2099,10.);
#577=VECTOR('',#2102,10.);
#578=VECTOR('',#2103,10.);
#579=VECTOR('',#2106,10.);
#580=VECTOR('',#2107,10.);
#581=VECTOR('',#2108,10.);
#582=VECTOR('',#2109,10.);
#583=VECTOR('',#2116,10.);
#584=VECTOR('',#2119,10.);
#585=VECTOR('',#2120,10.);
#586=VECTOR('',#2121,10.);
#587=VECTOR('',#2128,10.);
#588=VECTOR('',#2131,10.);
#589=VECTOR('',#2132,10.);
#590=VECTOR('',#2133,10.);
#591=VECTOR('',#2140,10.);
#592=VECTOR('',#2143,10.);
#593=VECTOR('',#2144,10.);
#594=VECTOR('',#2145,10.);
#595=VECTOR('',#2152,10.);
#596=VECTOR('',#2155,10.);
#597=VECTOR('',#2156,10.);
#598=VECTOR('',#2157,10.);
#599=VECTOR('',#2164,10.);
#600=VECTOR('',#2167,10.);
#601=VECTOR('',#2168,10.);
#602=VECTOR('',#2169,10.);
#603=VECTOR('',#2176,10.);
#604=VECTOR('',#2179,10.);
#605=VECTOR('',#2180,10.);
#606=VECTOR('',#2181,10.);
#607=VECTOR('',#2188,10.);
#608=VECTOR('',#2191,10.);
#609=VECTOR('',#2192,10.);
#610=VECTOR('',#2193,10.);
#611=VECTOR('',#2200,10.);
#612=VECTOR('',#2203,10.);
#613=VECTOR('',#2204,10.);
#614=VECTOR('',#2205,10.);
#615=VECTOR('',#2212,10.);
#616=VECTOR('',#2215,10.);
#617=VECTOR('',#2216,10.);
#618=VECTOR('',#2217,10.);
#619=VECTOR('',#2224,10.);
#620=VECTOR('',#2227,10.);
#621=VECTOR('',#2228,10.);
#622=VECTOR('',#2229,10.);
#623=VECTOR('',#2236,10.);
#624=VECTOR('',#2239,10.);
#625=VECTOR('',#2240,10.);
#626=VECTOR('',#2241,10.);
#627=VECTOR('',#2250,10.);
#628=VECTOR('',#2251,10.);
#629=VECTOR('',#2252,10.);
#630=VECTOR('',#2253,10.);
#631=VECTOR('',#2256,10.);
#632=VECTOR('',#2257,10.);
#633=VECTOR('',#2258,10.);
#634=VECTOR('',#2261,10.);
#635=VECTOR('',#2262,10.);
#636=VECTOR('',#2263,10.);
#637=VECTOR('',#2266,10.);
#638=VECTOR('',#2267,10.);
#639=VECTOR('',#2268,10.);
#640=VECTOR('',#2271,10.);
#641=VECTOR('',#2272,10.);
#642=VECTOR('',#2273,10.);
#643=VECTOR('',#2276,10.);
#644=VECTOR('',#2277,10.);
#645=VECTOR('',#2278,10.);
#646=VECTOR('',#2281,10.);
#647=VECTOR('',#2282,10.);
#648=VECTOR('',#2283,10.);
#649=VECTOR('',#2286,10.);
#650=VECTOR('',#2287,10.);
#651=VECTOR('',#2294,1.6);
#652=VECTOR('',#2301,1.6);
#653=VECTOR('',#2308,1.6);
#654=VECTOR('',#2315,1.6);
#655=VECTOR('',#2322,1.6);
#656=VECTOR('',#2329,1.6);
#657=VECTOR('',#2336,1.6);
#658=VECTOR('',#2343,1.6);
#659=VECTOR('',#2348,10.);
#660=VECTOR('',#2349,10.);
#661=VECTOR('',#2350,10.);
#662=VECTOR('',#2351,10.);
#663=VECTOR('',#2354,10.);
#664=VECTOR('',#2355,10.);
#665=VECTOR('',#2356,10.);
#666=VECTOR('',#2359,10.);
#667=VECTOR('',#2360,10.);
#668=VECTOR('',#2361,10.);
#669=VECTOR('',#2364,10.);
#670=VECTOR('',#2365,10.);
#671=VECTOR('',#2366,10.);
#672=VECTOR('',#2369,10.);
#673=VECTOR('',#2370,10.);
#674=VECTOR('',#2371,10.);
#675=VECTOR('',#2374,10.);
#676=VECTOR('',#2375,10.);
#677=VECTOR('',#2376,10.);
#678=VECTOR('',#2379,10.);
#679=VECTOR('',#2380,10.);
#680=VECTOR('',#2381,10.);
#681=VECTOR('',#2384,10.);
#682=VECTOR('',#2385,10.);
#683=VECTOR('',#2386,10.);
#684=VECTOR('',#2389,10.);
#685=VECTOR('',#2390,10.);
#686=VECTOR('',#2391,10.);
#687=VECTOR('',#2394,10.);
#688=VECTOR('',#2395,10.);
#689=VECTOR('',#2396,10.);
#690=VECTOR('',#2399,10.);
#691=VECTOR('',#2400,10.);
#692=VECTOR('',#2401,10.);
#693=VECTOR('',#2404,10.);
#694=VECTOR('',#2405,10.);
#695=VECTOR('',#2406,10.);
#696=VECTOR('',#2409,10.);
#697=VECTOR('',#2410,10.);
#698=VECTOR('',#2411,10.);
#699=VECTOR('',#2414,10.);
#700=VECTOR('',#2415,10.);
#701=VECTOR('',#2416,10.);
#702=VECTOR('',#2419,10.);
#703=VECTOR('',#2420,10.);
#704=VECTOR('',#2421,10.);
#705=VECTOR('',#2424,10.);
#706=VECTOR('',#2425,10.);
#707=VERTEX_POINT('',#2432);
#708=VERTEX_POINT('',#2433);
#709=VERTEX_POINT('',#2435);
#710=VERTEX_POINT('',#2437);
#711=VERTEX_POINT('',#2441);
#712=VERTEX_POINT('',#2443);
#713=VERTEX_POINT('',#2447);
#714=VERTEX_POINT('',#2449);
#715=VERTEX_POINT('',#2456);
#716=VERTEX_POINT('',#2457);
#717=VERTEX_POINT('',#2459);
#718=VERTEX_POINT('',#2461);
#719=VERTEX_POINT('',#2465);
#720=VERTEX_POINT('',#2467);
#721=VERTEX_POINT('',#2471);
#722=VERTEX_POINT('',#2473);
#723=VERTEX_POINT('',#2477);
#724=VERTEX_POINT('',#2479);
#725=VERTEX_POINT('',#2483);
#726=VERTEX_POINT('',#2485);
#727=VERTEX_POINT('',#2489);
#728=VERTEX_POINT('',#2491);
#729=VERTEX_POINT('',#2495);
#730=VERTEX_POINT('',#2497);
#731=VERTEX_POINT('',#2501);
#732=VERTEX_POINT('',#2503);
#733=VERTEX_POINT('',#2507);
#734=VERTEX_POINT('',#2509);
#735=VERTEX_POINT('',#2513);
#736=VERTEX_POINT('',#2515);
#737=VERTEX_POINT('',#2519);
#738=VERTEX_POINT('',#2521);
#739=VERTEX_POINT('',#2525);
#740=VERTEX_POINT('',#2527);
#741=VERTEX_POINT('',#2531);
#742=VERTEX_POINT('',#2533);
#743=VERTEX_POINT('',#2537);
#744=VERTEX_POINT('',#2539);
#745=VERTEX_POINT('',#2543);
#746=VERTEX_POINT('',#2545);
#747=VERTEX_POINT('',#2549);
#748=VERTEX_POINT('',#2551);
#749=VERTEX_POINT('',#2555);
#750=VERTEX_POINT('',#2557);
#751=VERTEX_POINT('',#2561);
#752=VERTEX_POINT('',#2563);
#753=VERTEX_POINT('',#2567);
#754=VERTEX_POINT('',#2569);
#755=VERTEX_POINT('',#2573);
#756=VERTEX_POINT('',#2575);
#757=VERTEX_POINT('',#2579);
#758=VERTEX_POINT('',#2581);
#759=VERTEX_POINT('',#2585);
#760=VERTEX_POINT('',#2587);
#761=VERTEX_POINT('',#2591);
#762=VERTEX_POINT('',#2593);
#763=VERTEX_POINT('',#2600);
#764=VERTEX_POINT('',#2601);
#765=VERTEX_POINT('',#2603);
#766=VERTEX_POINT('',#2605);
#767=VERTEX_POINT('',#2609);
#768=VERTEX_POINT('',#2611);
#769=VERTEX_POINT('',#2615);
#770=VERTEX_POINT('',#2617);
#771=VERTEX_POINT('',#2621);
#772=VERTEX_POINT('',#2623);
#773=VERTEX_POINT('',#2627);
#774=VERTEX_POINT('',#2629);
#775=VERTEX_POINT('',#2633);
#776=VERTEX_POINT('',#2635);
#777=VERTEX_POINT('',#2639);
#778=VERTEX_POINT('',#2641);
#779=VERTEX_POINT('',#2645);
#780=VERTEX_POINT('',#2647);
#781=VERTEX_POINT('',#2651);
#782=VERTEX_POINT('',#2653);
#783=VERTEX_POINT('',#2657);
#784=VERTEX_POINT('',#2659);
#785=VERTEX_POINT('',#2663);
#786=VERTEX_POINT('',#2665);
#787=VERTEX_POINT('',#2669);
#788=VERTEX_POINT('',#2671);
#789=VERTEX_POINT('',#2675);
#790=VERTEX_POINT('',#2677);
#791=VERTEX_POINT('',#2681);
#792=VERTEX_POINT('',#2683);
#793=VERTEX_POINT('',#2687);
#794=VERTEX_POINT('',#2689);
#795=VERTEX_POINT('',#2693);
#796=VERTEX_POINT('',#2695);
#797=VERTEX_POINT('',#2699);
#798=VERTEX_POINT('',#2701);
#799=VERTEX_POINT('',#2705);
#800=VERTEX_POINT('',#2707);
#801=VERTEX_POINT('',#2711);
#802=VERTEX_POINT('',#2713);
#803=VERTEX_POINT('',#2717);
#804=VERTEX_POINT('',#2719);
#805=VERTEX_POINT('',#2723);
#806=VERTEX_POINT('',#2725);
#807=VERTEX_POINT('',#2729);
#808=VERTEX_POINT('',#2731);
#809=VERTEX_POINT('',#2735);
#810=VERTEX_POINT('',#2737);
#811=VERTEX_POINT('',#2744);
#812=VERTEX_POINT('',#2745);
#813=VERTEX_POINT('',#2747);
#814=VERTEX_POINT('',#2749);
#815=VERTEX_POINT('',#2753);
#816=VERTEX_POINT('',#2755);
#817=VERTEX_POINT('',#2759);
#818=VERTEX_POINT('',#2761);
#819=VERTEX_POINT('',#2765);
#820=VERTEX_POINT('',#2767);
#821=VERTEX_POINT('',#2771);
#822=VERTEX_POINT('',#2773);
#823=VERTEX_POINT('',#2777);
#824=VERTEX_POINT('',#2779);
#825=VERTEX_POINT('',#2783);
#826=VERTEX_POINT('',#2785);
#827=VERTEX_POINT('',#2793);
#828=VERTEX_POINT('',#2795);
#829=VERTEX_POINT('',#2799);
#830=VERTEX_POINT('',#2801);
#831=VERTEX_POINT('',#2805);
#832=VERTEX_POINT('',#2807);
#833=VERTEX_POINT('',#2811);
#834=VERTEX_POINT('',#2813);
#835=VERTEX_POINT('',#2817);
#836=VERTEX_POINT('',#2819);
#837=VERTEX_POINT('',#2823);
#838=VERTEX_POINT('',#2825);
#839=VERTEX_POINT('',#2829);
#840=VERTEX_POINT('',#2831);
#841=VERTEX_POINT('',#2835);
#842=VERTEX_POINT('',#2837);
#843=VERTEX_POINT('',#2841);
#844=VERTEX_POINT('',#2842);
#845=VERTEX_POINT('',#2844);
#846=VERTEX_POINT('',#2846);
#847=VERTEX_POINT('',#2850);
#848=VERTEX_POINT('',#2852);
#849=VERTEX_POINT('',#2856);
#850=VERTEX_POINT('',#2858);
#851=VERTEX_POINT('',#2862);
#852=VERTEX_POINT('',#2864);
#853=VERTEX_POINT('',#2868);
#854=VERTEX_POINT('',#2870);
#855=VERTEX_POINT('',#2874);
#856=VERTEX_POINT('',#2876);
#857=VERTEX_POINT('',#2880);
#858=VERTEX_POINT('',#2882);
#859=VERTEX_POINT('',#2886);
#860=VERTEX_POINT('',#2888);
#861=VERTEX_POINT('',#2892);
#862=VERTEX_POINT('',#2894);
#863=VERTEX_POINT('',#2898);
#864=VERTEX_POINT('',#2900);
#865=VERTEX_POINT('',#2904);
#866=VERTEX_POINT('',#2906);
#867=VERTEX_POINT('',#2910);
#868=VERTEX_POINT('',#2912);
#869=VERTEX_POINT('',#2916);
#870=VERTEX_POINT('',#2918);
#871=VERTEX_POINT('',#2922);
#872=VERTEX_POINT('',#2924);
#873=VERTEX_POINT('',#2928);
#874=VERTEX_POINT('',#2930);
#875=EDGE_CURVE('',#707,#708,#331,.T.);
#876=EDGE_CURVE('',#709,#707,#332,.T.);
#877=EDGE_CURVE('',#710,#709,#333,.T.);
#878=EDGE_CURVE('',#710,#708,#334,.T.);
#879=EDGE_CURVE('',#708,#711,#335,.T.);
#880=EDGE_CURVE('',#712,#710,#336,.T.);
#881=EDGE_CURVE('',#712,#711,#337,.T.);
#882=EDGE_CURVE('',#711,#713,#338,.T.);
#883=EDGE_CURVE('',#714,#712,#339,.T.);
#884=EDGE_CURVE('',#714,#713,#340,.T.);
#885=EDGE_CURVE('',#713,#707,#341,.T.);
#886=EDGE_CURVE('',#709,#714,#342,.T.);
#887=EDGE_CURVE('',#715,#716,#38,.T.);
#888=EDGE_CURVE('',#717,#715,#343,.T.);
#889=EDGE_CURVE('',#718,#717,#39,.T.);
#890=EDGE_CURVE('',#718,#716,#344,.T.);
#891=EDGE_CURVE('',#716,#719,#345,.T.);
#892=EDGE_CURVE('',#720,#718,#346,.T.);
#893=EDGE_CURVE('',#720,#719,#347,.T.);
#894=EDGE_CURVE('',#719,#721,#40,.T.);
#895=EDGE_CURVE('',#722,#720,#41,.T.);
#896=EDGE_CURVE('',#722,#721,#348,.T.);
#897=EDGE_CURVE('',#721,#723,#349,.T.);
#898=EDGE_CURVE('',#724,#722,#350,.T.);
#899=EDGE_CURVE('',#724,#723,#351,.T.);
#900=EDGE_CURVE('',#723,#725,#42,.T.);
#901=EDGE_CURVE('',#726,#724,#43,.T.);
#902=EDGE_CURVE('',#726,#725,#352,.T.);
#903=EDGE_CURVE('',#725,#727,#353,.T.);
#904=EDGE_CURVE('',#728,#726,#354,.T.);
#905=EDGE_CURVE('',#728,#727,#355,.T.);
#906=EDGE_CURVE('',#727,#729,#44,.T.);
#907=EDGE_CURVE('',#730,#728,#45,.T.);
#908=EDGE_CURVE('',#730,#729,#356,.T.);
#909=EDGE_CURVE('',#729,#731,#357,.T.);
#910=EDGE_CURVE('',#732,#730,#358,.T.);
#911=EDGE_CURVE('',#732,#731,#359,.T.);
#912=EDGE_CURVE('',#731,#733,#46,.T.);
#913=EDGE_CURVE('',#734,#732,#47,.T.);
#914=EDGE_CURVE('',#734,#733,#360,.T.);
#915=EDGE_CURVE('',#733,#735,#361,.T.);
#916=EDGE_CURVE('',#736,#734,#362,.T.);
#917=EDGE_CURVE('',#736,#735,#363,.T.);
#918=EDGE_CURVE('',#735,#737,#48,.T.);
#919=EDGE_CURVE('',#738,#736,#49,.T.);
#920=EDGE_CURVE('',#738,#737,#364,.T.);
#921=EDGE_CURVE('',#737,#739,#365,.T.);
#922=EDGE_CURVE('',#740,#738,#366,.T.);
#923=EDGE_CURVE('',#740,#739,#367,.T.);
#924=EDGE_CURVE('',#739,#741,#50,.T.);
#925=EDGE_CURVE('',#742,#740,#51,.T.);
#926=EDGE_CURVE('',#742,#741,#368,.T.);
#927=EDGE_CURVE('',#741,#743,#369,.T.);
#928=EDGE_CURVE('',#744,#742,#370,.T.);
#929=EDGE_CURVE('',#744,#743,#371,.T.);
#930=EDGE_CURVE('',#743,#745,#52,.T.);
#931=EDGE_CURVE('',#746,#744,#53,.T.);
#932=EDGE_CURVE('',#746,#745,#372,.T.);
#933=EDGE_CURVE('',#745,#747,#373,.T.);
#934=EDGE_CURVE('',#748,#746,#374,.T.);
#935=EDGE_CURVE('',#748,#747,#375,.T.);
#936=EDGE_CURVE('',#747,#749,#54,.T.);
#937=EDGE_CURVE('',#750,#748,#55,.T.);
#938=EDGE_CURVE('',#750,#749,#376,.T.);
#939=EDGE_CURVE('',#749,#751,#377,.T.);
#940=EDGE_CURVE('',#752,#750,#378,.T.);
#941=EDGE_CURVE('',#752,#751,#379,.T.);
#942=EDGE_CURVE('',#751,#753,#56,.T.);
#943=EDGE_CURVE('',#754,#752,#57,.T.);
#944=EDGE_CURVE('',#754,#753,#380,.T.);
#945=EDGE_CURVE('',#753,#755,#381,.T.);
#946=EDGE_CURVE('',#756,#754,#382,.T.);
#947=EDGE_CURVE('',#756,#755,#383,.T.);
#948=EDGE_CURVE('',#755,#757,#58,.T.);
#949=EDGE_CURVE('',#758,#756,#59,.T.);
#950=EDGE_CURVE('',#758,#757,#384,.T.);
#951=EDGE_CURVE('',#757,#759,#385,.T.);
#952=EDGE_CURVE('',#760,#758,#386,.T.);
#953=EDGE_CURVE('',#760,#759,#387,.T.);
#954=EDGE_CURVE('',#759,#761,#60,.T.);
#955=EDGE_CURVE('',#762,#760,#61,.T.);
#956=EDGE_CURVE('',#762,#761,#388,.T.);
#957=EDGE_CURVE('',#761,#715,#389,.T.);
#958=EDGE_CURVE('',#717,#762,#390,.T.);
#959=EDGE_CURVE('',#763,#764,#391,.T.);
#960=EDGE_CURVE('',#765,#763,#392,.T.);
#961=EDGE_CURVE('',#766,#765,#393,.T.);
#962=EDGE_CURVE('',#766,#764,#394,.T.);
#963=EDGE_CURVE('',#764,#767,#62,.T.);
#964=EDGE_CURVE('',#768,#766,#63,.T.);
#965=EDGE_CURVE('',#768,#767,#395,.T.);
#966=EDGE_CURVE('',#767,#769,#396,.T.);
#967=EDGE_CURVE('',#770,#768,#397,.T.);
#968=EDGE_CURVE('',#770,#769,#398,.T.);
#969=EDGE_CURVE('',#769,#771,#64,.T.);
#970=EDGE_CURVE('',#772,#770,#65,.T.);
#971=EDGE_CURVE('',#772,#771,#399,.T.);
#972=EDGE_CURVE('',#771,#773,#400,.T.);
#973=EDGE_CURVE('',#774,#772,#401,.T.);
#974=EDGE_CURVE('',#774,#773,#402,.T.);
#975=EDGE_CURVE('',#773,#775,#66,.T.);
#976=EDGE_CURVE('',#776,#774,#67,.T.);
#977=EDGE_CURVE('',#776,#775,#403,.T.);
#978=EDGE_CURVE('',#775,#777,#404,.T.);
#979=EDGE_CURVE('',#778,#776,#405,.T.);
#980=EDGE_CURVE('',#778,#777,#406,.T.);
#981=EDGE_CURVE('',#777,#779,#68,.T.);
#982=EDGE_CURVE('',#780,#778,#69,.T.);
#983=EDGE_CURVE('',#780,#779,#407,.T.);
#984=EDGE_CURVE('',#779,#781,#408,.T.);
#985=EDGE_CURVE('',#782,#780,#409,.T.);
#986=EDGE_CURVE('',#782,#781,#410,.T.);
#987=EDGE_CURVE('',#781,#783,#70,.T.);
#988=EDGE_CURVE('',#784,#782,#71,.T.);
#989=EDGE_CURVE('',#784,#783,#411,.T.);
#990=EDGE_CURVE('',#783,#785,#412,.T.);
#991=EDGE_CURVE('',#786,#784,#413,.T.);
#992=EDGE_CURVE('',#786,#785,#414,.T.);
#993=EDGE_CURVE('',#785,#787,#72,.T.);
#994=EDGE_CURVE('',#788,#786,#73,.T.);
#995=EDGE_CURVE('',#788,#787,#415,.T.);
#996=EDGE_CURVE('',#787,#789,#416,.T.);
#997=EDGE_CURVE('',#790,#788,#417,.T.);
#998=EDGE_CURVE('',#790,#789,#418,.T.);
#999=EDGE_CURVE('',#789,#791,#74,.T.);
#1000=EDGE_CURVE('',#792,#790,#75,.T.);
#1001=EDGE_CURVE('',#792,#791,#419,.T.);
#1002=EDGE_CURVE('',#791,#793,#420,.T.);
#1003=EDGE_CURVE('',#794,#792,#421,.T.);
#1004=EDGE_CURVE('',#794,#793,#422,.T.);
#1005=EDGE_CURVE('',#793,#795,#76,.T.);
#1006=EDGE_CURVE('',#796,#794,#77,.T.);
#1007=EDGE_CURVE('',#796,#795,#423,.T.);
#1008=EDGE_CURVE('',#795,#797,#424,.T.);
#1009=EDGE_CURVE('',#798,#796,#425,.T.);
#1010=EDGE_CURVE('',#798,#797,#426,.T.);
#1011=EDGE_CURVE('',#797,#799,#78,.T.);
#1012=EDGE_CURVE('',#800,#798,#79,.T.);
#1013=EDGE_CURVE('',#800,#799,#427,.T.);
#1014=EDGE_CURVE('',#799,#801,#428,.T.);
#1015=EDGE_CURVE('',#802,#800,#429,.T.);
#1016=EDGE_CURVE('',#802,#801,#430,.T.);
#1017=EDGE_CURVE('',#801,#803,#80,.T.);
#1018=EDGE_CURVE('',#804,#802,#81,.T.);
#1019=EDGE_CURVE('',#804,#803,#431,.T.);
#1020=EDGE_CURVE('',#803,#805,#432,.T.);
#1021=EDGE_CURVE('',#806,#804,#433,.T.);
#1022=EDGE_CURVE('',#806,#805,#434,.T.);
#1023=EDGE_CURVE('',#805,#807,#82,.T.);
#1024=EDGE_CURVE('',#808,#806,#83,.T.);
#1025=EDGE_CURVE('',#808,#807,#435,.T.);
#1026=EDGE_CURVE('',#807,#809,#436,.T.);
#1027=EDGE_CURVE('',#810,#808,#437,.T.);
#1028=EDGE_CURVE('',#810,#809,#438,.T.);
#1029=EDGE_CURVE('',#809,#763,#84,.T.);
#1030=EDGE_CURVE('',#765,#810,#85,.T.);
#1031=EDGE_CURVE('',#811,#812,#439,.T.);
#1032=EDGE_CURVE('',#811,#813,#440,.T.);
#1033=EDGE_CURVE('',#813,#814,#441,.T.);
#1034=EDGE_CURVE('',#812,#814,#442,.T.);
#1035=EDGE_CURVE('',#815,#811,#443,.T.);
#1036=EDGE_CURVE('',#815,#816,#444,.T.);
#1037=EDGE_CURVE('',#816,#813,#445,.T.);
#1038=EDGE_CURVE('',#817,#815,#446,.T.);
#1039=EDGE_CURVE('',#817,#818,#447,.T.);
#1040=EDGE_CURVE('',#818,#816,#448,.T.);
#1041=EDGE_CURVE('',#819,#817,#449,.T.);
#1042=EDGE_CURVE('',#819,#820,#450,.T.);
#1043=EDGE_CURVE('',#820,#818,#451,.T.);
#1044=EDGE_CURVE('',#821,#819,#452,.T.);
#1045=EDGE_CURVE('',#821,#822,#453,.T.);
#1046=EDGE_CURVE('',#822,#820,#454,.T.);
#1047=EDGE_CURVE('',#823,#821,#455,.T.);
#1048=EDGE_CURVE('',#823,#824,#456,.T.);
#1049=EDGE_CURVE('',#824,#822,#457,.T.);
#1050=EDGE_CURVE('',#825,#823,#458,.T.);
#1051=EDGE_CURVE('',#825,#826,#459,.T.);
#1052=EDGE_CURVE('',#826,#824,#460,.T.);
#1053=EDGE_CURVE('',#812,#825,#461,.T.);
#1054=EDGE_CURVE('',#814,#826,#462,.T.);
#1055=EDGE_CURVE('',#827,#827,#86,.T.);
#1056=EDGE_CURVE('',#827,#828,#463,.T.);
#1057=EDGE_CURVE('',#828,#828,#87,.T.);
#1058=EDGE_CURVE('',#829,#829,#88,.T.);
#1059=EDGE_CURVE('',#829,#830,#464,.T.);
#1060=EDGE_CURVE('',#830,#830,#89,.T.);
#1061=EDGE_CURVE('',#831,#831,#90,.T.);
#1062=EDGE_CURVE('',#831,#832,#465,.T.);
#1063=EDGE_CURVE('',#832,#832,#91,.T.);
#1064=EDGE_CURVE('',#833,#833,#92,.T.);
#1065=EDGE_CURVE('',#833,#834,#466,.T.);
#1066=EDGE_CURVE('',#834,#834,#93,.T.);
#1067=EDGE_CURVE('',#835,#835,#94,.T.);
#1068=EDGE_CURVE('',#835,#836,#467,.T.);
#1069=EDGE_CURVE('',#836,#836,#95,.T.);
#1070=EDGE_CURVE('',#837,#837,#96,.T.);
#1071=EDGE_CURVE('',#837,#838,#468,.T.);
#1072=EDGE_CURVE('',#838,#838,#97,.T.);
#1073=EDGE_CURVE('',#839,#839,#98,.T.);
#1074=EDGE_CURVE('',#839,#840,#469,.T.);
#1075=EDGE_CURVE('',#840,#840,#99,.T.);
#1076=EDGE_CURVE('',#841,#841,#100,.T.);
#1077=EDGE_CURVE('',#841,#842,#470,.T.);
#1078=EDGE_CURVE('',#842,#842,#101,.T.);
#1079=EDGE_CURVE('',#843,#844,#471,.T.);
#1080=EDGE_CURVE('',#843,#845,#472,.T.);
#1081=EDGE_CURVE('',#846,#845,#473,.T.);
#1082=EDGE_CURVE('',#844,#846,#474,.T.);
#1083=EDGE_CURVE('',#844,#847,#475,.T.);
#1084=EDGE_CURVE('',#848,#846,#476,.T.);
#1085=EDGE_CURVE('',#847,#848,#477,.T.);
#1086=EDGE_CURVE('',#849,#847,#478,.T.);
#1087=EDGE_CURVE('',#850,#848,#479,.T.);
#1088=EDGE_CURVE('',#849,#850,#480,.T.);
#1089=EDGE_CURVE('',#849,#851,#481,.T.);
#1090=EDGE_CURVE('',#852,#850,#482,.T.);
#1091=EDGE_CURVE('',#851,#852,#483,.T.);
#1092=EDGE_CURVE('',#851,#853,#484,.T.);
#1093=EDGE_CURVE('',#854,#852,#485,.T.);
#1094=EDGE_CURVE('',#853,#854,#486,.T.);
#1095=EDGE_CURVE('',#853,#855,#487,.T.);
#1096=EDGE_CURVE('',#856,#854,#488,.T.);
#1097=EDGE_CURVE('',#855,#856,#489,.T.);
#1098=EDGE_CURVE('',#857,#855,#490,.T.);
#1099=EDGE_CURVE('',#858,#856,#491,.T.);
#1100=EDGE_CURVE('',#857,#858,#492,.T.);
#1101=EDGE_CURVE('',#857,#859,#493,.T.);
#1102=EDGE_CURVE('',#860,#858,#494,.T.);
#1103=EDGE_CURVE('',#859,#860,#495,.T.);
#1104=EDGE_CURVE('',#859,#861,#496,.T.);
#1105=EDGE_CURVE('',#862,#860,#497,.T.);
#1106=EDGE_CURVE('',#861,#862,#498,.T.);
#1107=EDGE_CURVE('',#861,#863,#499,.T.);
#1108=EDGE_CURVE('',#864,#862,#500,.T.);
#1109=EDGE_CURVE('',#863,#864,#501,.T.);
#1110=EDGE_CURVE('',#865,#863,#502,.T.);
#1111=EDGE_CURVE('',#866,#864,#503,.T.);
#1112=EDGE_CURVE('',#865,#866,#504,.T.);
#1113=EDGE_CURVE('',#865,#867,#505,.T.);
#1114=EDGE_CURVE('',#868,#866,#506,.T.);
#1115=EDGE_CURVE('',#867,#868,#507,.T.);
#1116=EDGE_CURVE('',#867,#869,#508,.T.);
#1117=EDGE_CURVE('',#870,#868,#509,.T.);
#1118=EDGE_CURVE('',#869,#870,#510,.T.);
#1119=EDGE_CURVE('',#869,#871,#511,.T.);
#1120=EDGE_CURVE('',#872,#870,#512,.T.);
#1121=EDGE_CURVE('',#871,#872,#513,.T.);
#1122=EDGE_CURVE('',#873,#871,#514,.T.);
#1123=EDGE_CURVE('',#874,#872,#515,.T.);
#1124=EDGE_CURVE('',#873,#874,#516,.T.);
#1125=EDGE_CURVE('',#843,#873,#517,.T.);
#1126=EDGE_CURVE('',#845,#874,#518,.T.);
#1127=ORIENTED_EDGE('',*,*,#875,.F.);
#1128=ORIENTED_EDGE('',*,*,#876,.F.);
#1129=ORIENTED_EDGE('',*,*,#877,.F.);
#1130=ORIENTED_EDGE('',*,*,#878,.T.);
#1131=ORIENTED_EDGE('',*,*,#879,.F.);
#1132=ORIENTED_EDGE('',*,*,#878,.F.);
#1133=ORIENTED_EDGE('',*,*,#880,.F.);
#1134=ORIENTED_EDGE('',*,*,#881,.T.);
#1135=ORIENTED_EDGE('',*,*,#882,.F.);
#1136=ORIENTED_EDGE('',*,*,#881,.F.);
#1137=ORIENTED_EDGE('',*,*,#883,.F.);
#1138=ORIENTED_EDGE('',*,*,#884,.T.);
#1139=ORIENTED_EDGE('',*,*,#885,.F.);
#1140=ORIENTED_EDGE('',*,*,#884,.F.);
#1141=ORIENTED_EDGE('',*,*,#886,.F.);
#1142=ORIENTED_EDGE('',*,*,#876,.T.);
#1143=ORIENTED_EDGE('',*,*,#887,.F.);
#1144=ORIENTED_EDGE('',*,*,#888,.F.);
#1145=ORIENTED_EDGE('',*,*,#889,.F.);
#1146=ORIENTED_EDGE('',*,*,#890,.T.);
#1147=ORIENTED_EDGE('',*,*,#891,.F.);
#1148=ORIENTED_EDGE('',*,*,#890,.F.);
#1149=ORIENTED_EDGE('',*,*,#892,.F.);
#1150=ORIENTED_EDGE('',*,*,#893,.T.);
#1151=ORIENTED_EDGE('',*,*,#894,.F.);
#1152=ORIENTED_EDGE('',*,*,#893,.F.);
#1153=ORIENTED_EDGE('',*,*,#895,.F.);
#1154=ORIENTED_EDGE('',*,*,#896,.T.);
#1155=ORIENTED_EDGE('',*,*,#897,.F.);
#1156=ORIENTED_EDGE('',*,*,#896,.F.);
#1157=ORIENTED_EDGE('',*,*,#898,.F.);
#1158=ORIENTED_EDGE('',*,*,#899,.T.);
#1159=ORIENTED_EDGE('',*,*,#900,.F.);
#1160=ORIENTED_EDGE('',*,*,#899,.F.);
#1161=ORIENTED_EDGE('',*,*,#901,.F.);
#1162=ORIENTED_EDGE('',*,*,#902,.T.);
#1163=ORIENTED_EDGE('',*,*,#903,.F.);
#1164=ORIENTED_EDGE('',*,*,#902,.F.);
#1165=ORIENTED_EDGE('',*,*,#904,.F.);
#1166=ORIENTED_EDGE('',*,*,#905,.T.);
#1167=ORIENTED_EDGE('',*,*,#906,.F.);
#1168=ORIENTED_EDGE('',*,*,#905,.F.);
#1169=ORIENTED_EDGE('',*,*,#907,.F.);
#1170=ORIENTED_EDGE('',*,*,#908,.T.);
#1171=ORIENTED_EDGE('',*,*,#909,.F.);
#1172=ORIENTED_EDGE('',*,*,#908,.F.);
#1173=ORIENTED_EDGE('',*,*,#910,.F.);
#1174=ORIENTED_EDGE('',*,*,#911,.T.);
#1175=ORIENTED_EDGE('',*,*,#912,.F.);
#1176=ORIENTED_EDGE('',*,*,#911,.F.);
#1177=ORIENTED_EDGE('',*,*,#913,.F.);
#1178=ORIENTED_EDGE('',*,*,#914,.T.);
#1179=ORIENTED_EDGE('',*,*,#915,.F.);
#1180=ORIENTED_EDGE('',*,*,#914,.F.);
#1181=ORIENTED_EDGE('',*,*,#916,.F.);
#1182=ORIENTED_EDGE('',*,*,#917,.T.);
#1183=ORIENTED_EDGE('',*,*,#918,.F.);
#1184=ORIENTED_EDGE('',*,*,#917,.F.);
#1185=ORIENTED_EDGE('',*,*,#919,.F.);
#1186=ORIENTED_EDGE('',*,*,#920,.T.);
#1187=ORIENTED_EDGE('',*,*,#921,.F.);
#1188=ORIENTED_EDGE('',*,*,#920,.F.);
#1189=ORIENTED_EDGE('',*,*,#922,.F.);
#1190=ORIENTED_EDGE('',*,*,#923,.T.);
#1191=ORIENTED_EDGE('',*,*,#924,.F.);
#1192=ORIENTED_EDGE('',*,*,#923,.F.);
#1193=ORIENTED_EDGE('',*,*,#925,.F.);
#1194=ORIENTED_EDGE('',*,*,#926,.T.);
#1195=ORIENTED_EDGE('',*,*,#927,.F.);
#1196=ORIENTED_EDGE('',*,*,#926,.F.);
#1197=ORIENTED_EDGE('',*,*,#928,.F.);
#1198=ORIENTED_EDGE('',*,*,#929,.T.);
#1199=ORIENTED_EDGE('',*,*,#930,.F.);
#1200=ORIENTED_EDGE('',*,*,#929,.F.);
#1201=ORIENTED_EDGE('',*,*,#931,.F.);
#1202=ORIENTED_EDGE('',*,*,#932,.T.);
#1203=ORIENTED_EDGE('',*,*,#933,.F.);
#1204=ORIENTED_EDGE('',*,*,#932,.F.);
#1205=ORIENTED_EDGE('',*,*,#934,.F.);
#1206=ORIENTED_EDGE('',*,*,#935,.T.);
#1207=ORIENTED_EDGE('',*,*,#936,.F.);
#1208=ORIENTED_EDGE('',*,*,#935,.F.);
#1209=ORIENTED_EDGE('',*,*,#937,.F.);
#1210=ORIENTED_EDGE('',*,*,#938,.T.);
#1211=ORIENTED_EDGE('',*,*,#939,.F.);
#1212=ORIENTED_EDGE('',*,*,#938,.F.);
#1213=ORIENTED_EDGE('',*,*,#940,.F.);
#1214=ORIENTED_EDGE('',*,*,#941,.T.);
#1215=ORIENTED_EDGE('',*,*,#942,.F.);
#1216=ORIENTED_EDGE('',*,*,#941,.F.);
#1217=ORIENTED_EDGE('',*,*,#943,.F.);
#1218=ORIENTED_EDGE('',*,*,#944,.T.);
#1219=ORIENTED_EDGE('',*,*,#945,.F.);
#1220=ORIENTED_EDGE('',*,*,#944,.F.);
#1221=ORIENTED_EDGE('',*,*,#946,.F.);
#1222=ORIENTED_EDGE('',*,*,#947,.T.);
#1223=ORIENTED_EDGE('',*,*,#948,.F.);
#1224=ORIENTED_EDGE('',*,*,#947,.F.);
#1225=ORIENTED_EDGE('',*,*,#949,.F.);
#1226=ORIENTED_EDGE('',*,*,#950,.T.);
#1227=ORIENTED_EDGE('',*,*,#951,.F.);
#1228=ORIENTED_EDGE('',*,*,#950,.F.);
#1229=ORIENTED_EDGE('',*,*,#952,.F.);
#1230=ORIENTED_EDGE('',*,*,#953,.T.);
#1231=ORIENTED_EDGE('',*,*,#954,.F.);
#1232=ORIENTED_EDGE('',*,*,#953,.F.);
#1233=ORIENTED_EDGE('',*,*,#955,.F.);
#1234=ORIENTED_EDGE('',*,*,#956,.T.);
#1235=ORIENTED_EDGE('',*,*,#957,.F.);
#1236=ORIENTED_EDGE('',*,*,#956,.F.);
#1237=ORIENTED_EDGE('',*,*,#958,.F.);
#1238=ORIENTED_EDGE('',*,*,#888,.T.);
#1239=ORIENTED_EDGE('',*,*,#959,.F.);
#1240=ORIENTED_EDGE('',*,*,#960,.F.);
#1241=ORIENTED_EDGE('',*,*,#961,.F.);
#1242=ORIENTED_EDGE('',*,*,#962,.T.);
#1243=ORIENTED_EDGE('',*,*,#963,.F.);
#1244=ORIENTED_EDGE('',*,*,#962,.F.);
#1245=ORIENTED_EDGE('',*,*,#964,.F.);
#1246=ORIENTED_EDGE('',*,*,#965,.T.);
#1247=ORIENTED_EDGE('',*,*,#966,.F.);
#1248=ORIENTED_EDGE('',*,*,#965,.F.);
#1249=ORIENTED_EDGE('',*,*,#967,.F.);
#1250=ORIENTED_EDGE('',*,*,#968,.T.);
#1251=ORIENTED_EDGE('',*,*,#969,.F.);
#1252=ORIENTED_EDGE('',*,*,#968,.F.);
#1253=ORIENTED_EDGE('',*,*,#970,.F.);
#1254=ORIENTED_EDGE('',*,*,#971,.T.);
#1255=ORIENTED_EDGE('',*,*,#972,.F.);
#1256=ORIENTED_EDGE('',*,*,#971,.F.);
#1257=ORIENTED_EDGE('',*,*,#973,.F.);
#1258=ORIENTED_EDGE('',*,*,#974,.T.);
#1259=ORIENTED_EDGE('',*,*,#975,.F.);
#1260=ORIENTED_EDGE('',*,*,#974,.F.);
#1261=ORIENTED_EDGE('',*,*,#976,.F.);
#1262=ORIENTED_EDGE('',*,*,#977,.T.);
#1263=ORIENTED_EDGE('',*,*,#978,.F.);
#1264=ORIENTED_EDGE('',*,*,#977,.F.);
#1265=ORIENTED_EDGE('',*,*,#979,.F.);
#1266=ORIENTED_EDGE('',*,*,#980,.T.);
#1267=ORIENTED_EDGE('',*,*,#981,.F.);
#1268=ORIENTED_EDGE('',*,*,#980,.F.);
#1269=ORIENTED_EDGE('',*,*,#982,.F.);
#1270=ORIENTED_EDGE('',*,*,#983,.T.);
#1271=ORIENTED_EDGE('',*,*,#984,.F.);
#1272=ORIENTED_EDGE('',*,*,#983,.F.);
#1273=ORIENTED_EDGE('',*,*,#985,.F.);
#1274=ORIENTED_EDGE('',*,*,#986,.T.);
#1275=ORIENTED_EDGE('',*,*,#987,.F.);
#1276=ORIENTED_EDGE('',*,*,#986,.F.);
#1277=ORIENTED_EDGE('',*,*,#988,.F.);
#1278=ORIENTED_EDGE('',*,*,#989,.T.);
#1279=ORIENTED_EDGE('',*,*,#990,.F.);
#1280=ORIENTED_EDGE('',*,*,#989,.F.);
#1281=ORIENTED_EDGE('',*,*,#991,.F.);
#1282=ORIENTED_EDGE('',*,*,#992,.T.);
#1283=ORIENTED_EDGE('',*,*,#993,.F.);
#1284=ORIENTED_EDGE('',*,*,#992,.F.);
#1285=ORIENTED_EDGE('',*,*,#994,.F.);
#1286=ORIENTED_EDGE('',*,*,#995,.T.);
#1287=ORIENTED_EDGE('',*,*,#996,.F.);
#1288=ORIENTED_EDGE('',*,*,#995,.F.);
#1289=ORIENTED_EDGE('',*,*,#997,.F.);
#1290=ORIENTED_EDGE('',*,*,#998,.T.);
#1291=ORIENTED_EDGE('',*,*,#999,.F.);
#1292=ORIENTED_EDGE('',*,*,#998,.F.);
#1293=ORIENTED_EDGE('',*,*,#1000,.F.);
#1294=ORIENTED_EDGE('',*,*,#1001,.T.);
#1295=ORIENTED_EDGE('',*,*,#1002,.F.);
#1296=ORIENTED_EDGE('',*,*,#1001,.F.);
#1297=ORIENTED_EDGE('',*,*,#1003,.F.);
#1298=ORIENTED_EDGE('',*,*,#1004,.T.);
#1299=ORIENTED_EDGE('',*,*,#1005,.F.);
#1300=ORIENTED_EDGE('',*,*,#1004,.F.);
#1301=ORIENTED_EDGE('',*,*,#1006,.F.);
#1302=ORIENTED_EDGE('',*,*,#1007,.T.);
#1303=ORIENTED_EDGE('',*,*,#1008,.F.);
#1304=ORIENTED_EDGE('',*,*,#1007,.F.);
#1305=ORIENTED_EDGE('',*,*,#1009,.F.);
#1306=ORIENTED_EDGE('',*,*,#1010,.T.);
#1307=ORIENTED_EDGE('',*,*,#1011,.F.);
#1308=ORIENTED_EDGE('',*,*,#1010,.F.);
#1309=ORIENTED_EDGE('',*,*,#1012,.F.);
#1310=ORIENTED_EDGE('',*,*,#1013,.T.);
#1311=ORIENTED_EDGE('',*,*,#1014,.F.);
#1312=ORIENTED_EDGE('',*,*,#1013,.F.);
#1313=ORIENTED_EDGE('',*,*,#1015,.F.);
#1314=ORIENTED_EDGE('',*,*,#1016,.T.);
#1315=ORIENTED_EDGE('',*,*,#1017,.F.);
#1316=ORIENTED_EDGE('',*,*,#1016,.F.);
#1317=ORIENTED_EDGE('',*,*,#1018,.F.);
#1318=ORIENTED_EDGE('',*,*,#1019,.T.);
#1319=ORIENTED_EDGE('',*,*,#1020,.F.);
#1320=ORIENTED_EDGE('',*,*,#1019,.F.);
#1321=ORIENTED_EDGE('',*,*,#1021,.F.);
#1322=ORIENTED_EDGE('',*,*,#1022,.T.);
#1323=ORIENTED_EDGE('',*,*,#1023,.F.);
#1324=ORIENTED_EDGE('',*,*,#1022,.F.);
#1325=ORIENTED_EDGE('',*,*,#1024,.F.);
#1326=ORIENTED_EDGE('',*,*,#1025,.T.);
#1327=ORIENTED_EDGE('',*,*,#1026,.F.);
#1328=ORIENTED_EDGE('',*,*,#1025,.F.);
#1329=ORIENTED_EDGE('',*,*,#1027,.F.);
#1330=ORIENTED_EDGE('',*,*,#1028,.T.);
#1331=ORIENTED_EDGE('',*,*,#1029,.F.);
#1332=ORIENTED_EDGE('',*,*,#1028,.F.);
#1333=ORIENTED_EDGE('',*,*,#1030,.F.);
#1334=ORIENTED_EDGE('',*,*,#960,.T.);
#1335=ORIENTED_EDGE('',*,*,#1031,.F.);
#1336=ORIENTED_EDGE('',*,*,#1032,.T.);
#1337=ORIENTED_EDGE('',*,*,#1033,.T.);
#1338=ORIENTED_EDGE('',*,*,#1034,.F.);
#1339=ORIENTED_EDGE('',*,*,#1035,.F.);
#1340=ORIENTED_EDGE('',*,*,#1036,.T.);
#1341=ORIENTED_EDGE('',*,*,#1037,.T.);
#1342=ORIENTED_EDGE('',*,*,#1032,.F.);
#1343=ORIENTED_EDGE('',*,*,#1038,.F.);
#1344=ORIENTED_EDGE('',*,*,#1039,.T.);
#1345=ORIENTED_EDGE('',*,*,#1040,.T.);
#1346=ORIENTED_EDGE('',*,*,#1036,.F.);
#1347=ORIENTED_EDGE('',*,*,#1041,.F.);
#1348=ORIENTED_EDGE('',*,*,#1042,.T.);
#1349=ORIENTED_EDGE('',*,*,#1043,.T.);
#1350=ORIENTED_EDGE('',*,*,#1039,.F.);
#1351=ORIENTED_EDGE('',*,*,#1044,.F.);
#1352=ORIENTED_EDGE('',*,*,#1045,.T.);
#1353=ORIENTED_EDGE('',*,*,#1046,.T.);
#1354=ORIENTED_EDGE('',*,*,#1042,.F.);
#1355=ORIENTED_EDGE('',*,*,#1047,.F.);
#1356=ORIENTED_EDGE('',*,*,#1048,.T.);
#1357=ORIENTED_EDGE('',*,*,#1049,.T.);
#1358=ORIENTED_EDGE('',*,*,#1045,.F.);
#1359=ORIENTED_EDGE('',*,*,#1050,.F.);
#1360=ORIENTED_EDGE('',*,*,#1051,.T.);
#1361=ORIENTED_EDGE('',*,*,#1052,.T.);
#1362=ORIENTED_EDGE('',*,*,#1048,.F.);
#1363=ORIENTED_EDGE('',*,*,#1053,.F.);
#1364=ORIENTED_EDGE('',*,*,#1034,.T.);
#1365=ORIENTED_EDGE('',*,*,#1054,.T.);
#1366=ORIENTED_EDGE('',*,*,#1051,.F.);
#1367=ORIENTED_EDGE('',*,*,#1054,.F.);
#1368=ORIENTED_EDGE('',*,*,#1033,.F.);
#1369=ORIENTED_EDGE('',*,*,#1037,.F.);
#1370=ORIENTED_EDGE('',*,*,#1040,.F.);
#1371=ORIENTED_EDGE('',*,*,#1043,.F.);
#1372=ORIENTED_EDGE('',*,*,#1046,.F.);
#1373=ORIENTED_EDGE('',*,*,#1049,.F.);
#1374=ORIENTED_EDGE('',*,*,#1052,.F.);
#1375=ORIENTED_EDGE('',*,*,#883,.T.);
#1376=ORIENTED_EDGE('',*,*,#880,.T.);
#1377=ORIENTED_EDGE('',*,*,#877,.T.);
#1378=ORIENTED_EDGE('',*,*,#886,.T.);
#1379=ORIENTED_EDGE('',*,*,#925,.T.);
#1380=ORIENTED_EDGE('',*,*,#922,.T.);
#1381=ORIENTED_EDGE('',*,*,#919,.T.);
#1382=ORIENTED_EDGE('',*,*,#916,.T.);
#1383=ORIENTED_EDGE('',*,*,#913,.T.);
#1384=ORIENTED_EDGE('',*,*,#910,.T.);
#1385=ORIENTED_EDGE('',*,*,#907,.T.);
#1386=ORIENTED_EDGE('',*,*,#904,.T.);
#1387=ORIENTED_EDGE('',*,*,#901,.T.);
#1388=ORIENTED_EDGE('',*,*,#898,.T.);
#1389=ORIENTED_EDGE('',*,*,#895,.T.);
#1390=ORIENTED_EDGE('',*,*,#892,.T.);
#1391=ORIENTED_EDGE('',*,*,#889,.T.);
#1392=ORIENTED_EDGE('',*,*,#958,.T.);
#1393=ORIENTED_EDGE('',*,*,#955,.T.);
#1394=ORIENTED_EDGE('',*,*,#952,.T.);
#1395=ORIENTED_EDGE('',*,*,#949,.T.);
#1396=ORIENTED_EDGE('',*,*,#946,.T.);
#1397=ORIENTED_EDGE('',*,*,#943,.T.);
#1398=ORIENTED_EDGE('',*,*,#940,.T.);
#1399=ORIENTED_EDGE('',*,*,#937,.T.);
#1400=ORIENTED_EDGE('',*,*,#934,.T.);
#1401=ORIENTED_EDGE('',*,*,#931,.T.);
#1402=ORIENTED_EDGE('',*,*,#928,.T.);
#1403=ORIENTED_EDGE('',*,*,#997,.T.);
#1404=ORIENTED_EDGE('',*,*,#994,.T.);
#1405=ORIENTED_EDGE('',*,*,#991,.T.);
#1406=ORIENTED_EDGE('',*,*,#988,.T.);
#1407=ORIENTED_EDGE('',*,*,#985,.T.);
#1408=ORIENTED_EDGE('',*,*,#982,.T.);
#1409=ORIENTED_EDGE('',*,*,#979,.T.);
#1410=ORIENTED_EDGE('',*,*,#976,.T.);
#1411=ORIENTED_EDGE('',*,*,#973,.T.);
#1412=ORIENTED_EDGE('',*,*,#970,.T.);
#1413=ORIENTED_EDGE('',*,*,#967,.T.);
#1414=ORIENTED_EDGE('',*,*,#964,.T.);
#1415=ORIENTED_EDGE('',*,*,#961,.T.);
#1416=ORIENTED_EDGE('',*,*,#1030,.T.);
#1417=ORIENTED_EDGE('',*,*,#1027,.T.);
#1418=ORIENTED_EDGE('',*,*,#1024,.T.);
#1419=ORIENTED_EDGE('',*,*,#1021,.T.);
#1420=ORIENTED_EDGE('',*,*,#1018,.T.);
#1421=ORIENTED_EDGE('',*,*,#1015,.T.);
#1422=ORIENTED_EDGE('',*,*,#1012,.T.);
#1423=ORIENTED_EDGE('',*,*,#1009,.T.);
#1424=ORIENTED_EDGE('',*,*,#1006,.T.);
#1425=ORIENTED_EDGE('',*,*,#1003,.T.);
#1426=ORIENTED_EDGE('',*,*,#1000,.T.);
#1427=ORIENTED_EDGE('',*,*,#1055,.F.);
#1428=ORIENTED_EDGE('',*,*,#1056,.T.);
#1429=ORIENTED_EDGE('',*,*,#1057,.T.);
#1430=ORIENTED_EDGE('',*,*,#1056,.F.);
#1431=ORIENTED_EDGE('',*,*,#1058,.F.);
#1432=ORIENTED_EDGE('',*,*,#1059,.T.);
#1433=ORIENTED_EDGE('',*,*,#1060,.T.);
#1434=ORIENTED_EDGE('',*,*,#1059,.F.);
#1435=ORIENTED_EDGE('',*,*,#1061,.F.);
#1436=ORIENTED_EDGE('',*,*,#1062,.T.);
#1437=ORIENTED_EDGE('',*,*,#1063,.T.);
#1438=ORIENTED_EDGE('',*,*,#1062,.F.);
#1439=ORIENTED_EDGE('',*,*,#1064,.F.);
#1440=ORIENTED_EDGE('',*,*,#1065,.T.);
#1441=ORIENTED_EDGE('',*,*,#1066,.T.);
#1442=ORIENTED_EDGE('',*,*,#1065,.F.);
#1443=ORIENTED_EDGE('',*,*,#1067,.F.);
#1444=ORIENTED_EDGE('',*,*,#1068,.T.);
#1445=ORIENTED_EDGE('',*,*,#1069,.T.);
#1446=ORIENTED_EDGE('',*,*,#1068,.F.);
#1447=ORIENTED_EDGE('',*,*,#1070,.F.);
#1448=ORIENTED_EDGE('',*,*,#1071,.T.);
#1449=ORIENTED_EDGE('',*,*,#1072,.T.);
#1450=ORIENTED_EDGE('',*,*,#1071,.F.);
#1451=ORIENTED_EDGE('',*,*,#1073,.F.);
#1452=ORIENTED_EDGE('',*,*,#1074,.T.);
#1453=ORIENTED_EDGE('',*,*,#1075,.T.);
#1454=ORIENTED_EDGE('',*,*,#1074,.F.);
#1455=ORIENTED_EDGE('',*,*,#1076,.F.);
#1456=ORIENTED_EDGE('',*,*,#1077,.T.);
#1457=ORIENTED_EDGE('',*,*,#1078,.T.);
#1458=ORIENTED_EDGE('',*,*,#1077,.F.);
#1459=ORIENTED_EDGE('',*,*,#1079,.F.);
#1460=ORIENTED_EDGE('',*,*,#1080,.T.);
#1461=ORIENTED_EDGE('',*,*,#1081,.F.);
#1462=ORIENTED_EDGE('',*,*,#1082,.F.);
#1463=ORIENTED_EDGE('',*,*,#1083,.F.);
#1464=ORIENTED_EDGE('',*,*,#1082,.T.);
#1465=ORIENTED_EDGE('',*,*,#1084,.F.);
#1466=ORIENTED_EDGE('',*,*,#1085,.F.);
#1467=ORIENTED_EDGE('',*,*,#1086,.T.);
#1468=ORIENTED_EDGE('',*,*,#1085,.T.);
#1469=ORIENTED_EDGE('',*,*,#1087,.F.);
#1470=ORIENTED_EDGE('',*,*,#1088,.F.);
#1471=ORIENTED_EDGE('',*,*,#1089,.F.);
#1472=ORIENTED_EDGE('',*,*,#1088,.T.);
#1473=ORIENTED_EDGE('',*,*,#1090,.F.);
#1474=ORIENTED_EDGE('',*,*,#1091,.F.);
#1475=ORIENTED_EDGE('',*,*,#1092,.F.);
#1476=ORIENTED_EDGE('',*,*,#1091,.T.);
#1477=ORIENTED_EDGE('',*,*,#1093,.F.);
#1478=ORIENTED_EDGE('',*,*,#1094,.F.);
#1479=ORIENTED_EDGE('',*,*,#1095,.F.);
#1480=ORIENTED_EDGE('',*,*,#1094,.T.);
#1481=ORIENTED_EDGE('',*,*,#1096,.F.);
#1482=ORIENTED_EDGE('',*,*,#1097,.F.);
#1483=ORIENTED_EDGE('',*,*,#1098,.T.);
#1484=ORIENTED_EDGE('',*,*,#1097,.T.);
#1485=ORIENTED_EDGE('',*,*,#1099,.F.);
#1486=ORIENTED_EDGE('',*,*,#1100,.F.);
#1487=ORIENTED_EDGE('',*,*,#1101,.F.);
#1488=ORIENTED_EDGE('',*,*,#1100,.T.);
#1489=ORIENTED_EDGE('',*,*,#1102,.F.);
#1490=ORIENTED_EDGE('',*,*,#1103,.F.);
#1491=ORIENTED_EDGE('',*,*,#1104,.F.);
#1492=ORIENTED_EDGE('',*,*,#1103,.T.);
#1493=ORIENTED_EDGE('',*,*,#1105,.F.);
#1494=ORIENTED_EDGE('',*,*,#1106,.F.);
#1495=ORIENTED_EDGE('',*,*,#1107,.F.);
#1496=ORIENTED_EDGE('',*,*,#1106,.T.);
#1497=ORIENTED_EDGE('',*,*,#1108,.F.);
#1498=ORIENTED_EDGE('',*,*,#1109,.F.);
#1499=ORIENTED_EDGE('',*,*,#1110,.T.);
#1500=ORIENTED_EDGE('',*,*,#1109,.T.);
#1501=ORIENTED_EDGE('',*,*,#1111,.F.);
#1502=ORIENTED_EDGE('',*,*,#1112,.F.);
#1503=ORIENTED_EDGE('',*,*,#1113,.F.);
#1504=ORIENTED_EDGE('',*,*,#1112,.T.);
#1505=ORIENTED_EDGE('',*,*,#1114,.F.);
#1506=ORIENTED_EDGE('',*,*,#1115,.F.);
#1507=ORIENTED_EDGE('',*,*,#1116,.F.);
#1508=ORIENTED_EDGE('',*,*,#1115,.T.);
#1509=ORIENTED_EDGE('',*,*,#1117,.F.);
#1510=ORIENTED_EDGE('',*,*,#1118,.F.);
#1511=ORIENTED_EDGE('',*,*,#1119,.F.);
#1512=ORIENTED_EDGE('',*,*,#1118,.T.);
#1513=ORIENTED_EDGE('',*,*,#1120,.F.);
#1514=ORIENTED_EDGE('',*,*,#1121,.F.);
#1515=ORIENTED_EDGE('',*,*,#1122,.T.);
#1516=ORIENTED_EDGE('',*,*,#1121,.T.);
#1517=ORIENTED_EDGE('',*,*,#1123,.F.);
#1518=ORIENTED_EDGE('',*,*,#1124,.F.);
#1519=ORIENTED_EDGE('',*,*,#1125,.T.);
#1520=ORIENTED_EDGE('',*,*,#1124,.T.);
#1521=ORIENTED_EDGE('',*,*,#1126,.F.);
#1522=ORIENTED_EDGE('',*,*,#1080,.F.);
#1523=ORIENTED_EDGE('',*,*,#1126,.T.);
#1524=ORIENTED_EDGE('',*,*,#1123,.T.);
#1525=ORIENTED_EDGE('',*,*,#1120,.T.);
#1526=ORIENTED_EDGE('',*,*,#1117,.T.);
#1527=ORIENTED_EDGE('',*,*,#1114,.T.);
#1528=ORIENTED_EDGE('',*,*,#1111,.T.);
#1529=ORIENTED_EDGE('',*,*,#1108,.T.);
#1530=ORIENTED_EDGE('',*,*,#1105,.T.);
#1531=ORIENTED_EDGE('',*,*,#1102,.T.);
#1532=ORIENTED_EDGE('',*,*,#1099,.T.);
#1533=ORIENTED_EDGE('',*,*,#1096,.T.);
#1534=ORIENTED_EDGE('',*,*,#1093,.T.);
#1535=ORIENTED_EDGE('',*,*,#1090,.T.);
#1536=ORIENTED_EDGE('',*,*,#1087,.T.);
#1537=ORIENTED_EDGE('',*,*,#1084,.T.);
#1538=ORIENTED_EDGE('',*,*,#1081,.T.);
#1539=ORIENTED_EDGE('',*,*,#1031,.T.);
#1540=ORIENTED_EDGE('',*,*,#1053,.T.);
#1541=ORIENTED_EDGE('',*,*,#1050,.T.);
#1542=ORIENTED_EDGE('',*,*,#1047,.T.);
#1543=ORIENTED_EDGE('',*,*,#1044,.T.);
#1544=ORIENTED_EDGE('',*,*,#1041,.T.);
#1545=ORIENTED_EDGE('',*,*,#1038,.T.);
#1546=ORIENTED_EDGE('',*,*,#1035,.T.);
#1547=ORIENTED_EDGE('',*,*,#1076,.T.);
#1548=ORIENTED_EDGE('',*,*,#1073,.T.);
#1549=ORIENTED_EDGE('',*,*,#1070,.T.);
#1550=ORIENTED_EDGE('',*,*,#1067,.T.);
#1551=ORIENTED_EDGE('',*,*,#1064,.T.);
#1552=ORIENTED_EDGE('',*,*,#1061,.T.);
#1553=ORIENTED_EDGE('',*,*,#1058,.T.);
#1554=ORIENTED_EDGE('',*,*,#1055,.T.);
#1555=ORIENTED_EDGE('',*,*,#1125,.F.);
#1556=ORIENTED_EDGE('',*,*,#1079,.T.);
#1557=ORIENTED_EDGE('',*,*,#1083,.T.);
#1558=ORIENTED_EDGE('',*,*,#1086,.F.);
#1559=ORIENTED_EDGE('',*,*,#1089,.T.);
#1560=ORIENTED_EDGE('',*,*,#1092,.T.);
#1561=ORIENTED_EDGE('',*,*,#1095,.T.);
#1562=ORIENTED_EDGE('',*,*,#1098,.F.);
#1563=ORIENTED_EDGE('',*,*,#1101,.T.);
#1564=ORIENTED_EDGE('',*,*,#1104,.T.);
#1565=ORIENTED_EDGE('',*,*,#1107,.T.);
#1566=ORIENTED_EDGE('',*,*,#1110,.F.);
#1567=ORIENTED_EDGE('',*,*,#1113,.T.);
#1568=ORIENTED_EDGE('',*,*,#1116,.T.);
#1569=ORIENTED_EDGE('',*,*,#1119,.T.);
#1570=ORIENTED_EDGE('',*,*,#1122,.F.);
#1571=ORIENTED_EDGE('',*,*,#882,.T.);
#1572=ORIENTED_EDGE('',*,*,#885,.T.);
#1573=ORIENTED_EDGE('',*,*,#875,.T.);
#1574=ORIENTED_EDGE('',*,*,#879,.T.);
#1575=ORIENTED_EDGE('',*,*,#924,.T.);
#1576=ORIENTED_EDGE('',*,*,#927,.T.);
#1577=ORIENTED_EDGE('',*,*,#930,.T.);
#1578=ORIENTED_EDGE('',*,*,#933,.T.);
#1579=ORIENTED_EDGE('',*,*,#936,.T.);
#1580=ORIENTED_EDGE('',*,*,#939,.T.);
#1581=ORIENTED_EDGE('',*,*,#942,.T.);
#1582=ORIENTED_EDGE('',*,*,#945,.T.);
#1583=ORIENTED_EDGE('',*,*,#948,.T.);
#1584=ORIENTED_EDGE('',*,*,#951,.T.);
#1585=ORIENTED_EDGE('',*,*,#954,.T.);
#1586=ORIENTED_EDGE('',*,*,#957,.T.);
#1587=ORIENTED_EDGE('',*,*,#887,.T.);
#1588=ORIENTED_EDGE('',*,*,#891,.T.);
#1589=ORIENTED_EDGE('',*,*,#894,.T.);
#1590=ORIENTED_EDGE('',*,*,#897,.T.);
#1591=ORIENTED_EDGE('',*,*,#900,.T.);
#1592=ORIENTED_EDGE('',*,*,#903,.T.);
#1593=ORIENTED_EDGE('',*,*,#906,.T.);
#1594=ORIENTED_EDGE('',*,*,#909,.T.);
#1595=ORIENTED_EDGE('',*,*,#912,.T.);
#1596=ORIENTED_EDGE('',*,*,#915,.T.);
#1597=ORIENTED_EDGE('',*,*,#918,.T.);
#1598=ORIENTED_EDGE('',*,*,#921,.T.);
#1599=ORIENTED_EDGE('',*,*,#996,.T.);
#1600=ORIENTED_EDGE('',*,*,#999,.T.);
#1601=ORIENTED_EDGE('',*,*,#1002,.T.);
#1602=ORIENTED_EDGE('',*,*,#1005,.T.);
#1603=ORIENTED_EDGE('',*,*,#1008,.T.);
#1604=ORIENTED_EDGE('',*,*,#1011,.T.);
#1605=ORIENTED_EDGE('',*,*,#1014,.T.);
#1606=ORIENTED_EDGE('',*,*,#1017,.T.);
#1607=ORIENTED_EDGE('',*,*,#1020,.T.);
#1608=ORIENTED_EDGE('',*,*,#1023,.T.);
#1609=ORIENTED_EDGE('',*,*,#1026,.T.);
#1610=ORIENTED_EDGE('',*,*,#1029,.T.);
#1611=ORIENTED_EDGE('',*,*,#959,.T.);
#1612=ORIENTED_EDGE('',*,*,#963,.T.);
#1613=ORIENTED_EDGE('',*,*,#966,.T.);
#1614=ORIENTED_EDGE('',*,*,#969,.T.);
#1615=ORIENTED_EDGE('',*,*,#972,.T.);
#1616=ORIENTED_EDGE('',*,*,#975,.T.);
#1617=ORIENTED_EDGE('',*,*,#978,.T.);
#1618=ORIENTED_EDGE('',*,*,#981,.T.);
#1619=ORIENTED_EDGE('',*,*,#984,.T.);
#1620=ORIENTED_EDGE('',*,*,#987,.T.);
#1621=ORIENTED_EDGE('',*,*,#990,.T.);
#1622=ORIENTED_EDGE('',*,*,#993,.T.);
#1623=ORIENTED_EDGE('',*,*,#1078,.F.);
#1624=ORIENTED_EDGE('',*,*,#1075,.F.);
#1625=ORIENTED_EDGE('',*,*,#1072,.F.);
#1626=ORIENTED_EDGE('',*,*,#1069,.F.);
#1627=ORIENTED_EDGE('',*,*,#1066,.F.);
#1628=ORIENTED_EDGE('',*,*,#1063,.F.);
#1629=ORIENTED_EDGE('',*,*,#1060,.F.);
#1630=ORIENTED_EDGE('',*,*,#1057,.F.);
#1631=PLANE('',#1787);
#1632=PLANE('',#1788);
#1633=PLANE('',#1789);
#1634=PLANE('',#1790);
#1635=PLANE('',#1794);
#1636=PLANE('',#1798);
#1637=PLANE('',#1802);
#1638=PLANE('',#1806);
#1639=PLANE('',#1810);
#1640=PLANE('',#1814);
#1641=PLANE('',#1818);
#1642=PLANE('',#1822);
#1643=PLANE('',#1826);
#1644=PLANE('',#1830);
#1645=PLANE('',#1834);
#1646=PLANE('',#1838);
#1647=PLANE('',#1839);
#1648=PLANE('',#1843);
#1649=PLANE('',#1847);
#1650=PLANE('',#1851);
#1651=PLANE('',#1855);
#1652=PLANE('',#1859);
#1653=PLANE('',#1863);
#1654=PLANE('',#1867);
#1655=PLANE('',#1871);
#1656=PLANE('',#1875);
#1657=PLANE('',#1879);
#1658=PLANE('',#1883);
#1659=PLANE('',#1887);
#1660=PLANE('',#1888);
#1661=PLANE('',#1889);
#1662=PLANE('',#1890);
#1663=PLANE('',#1891);
#1664=PLANE('',#1892);
#1665=PLANE('',#1893);
#1666=PLANE('',#1894);
#1667=PLANE('',#1895);
#1668=PLANE('',#1920);
#1669=PLANE('',#1921);
#1670=PLANE('',#1922);
#1671=PLANE('',#1923);
#1672=PLANE('',#1924);
#1673=PLANE('',#1925);
#1674=PLANE('',#1926);
#1675=PLANE('',#1927);
#1676=PLANE('',#1928);
#1677=PLANE('',#1929);
#1678=PLANE('',#1930);
#1679=PLANE('',#1931);
#1680=PLANE('',#1932);
#1681=PLANE('',#1933);
#1682=PLANE('',#1934);
#1683=PLANE('',#1935);
#1684=PLANE('',#1936);
#1685=PLANE('',#1937);
#1686=ADVANCED_FACE('',(#134),#1631,.F.);
#1687=ADVANCED_FACE('',(#135),#1632,.F.);
#1688=ADVANCED_FACE('',(#136),#1633,.F.);
#1689=ADVANCED_FACE('',(#137),#1634,.F.);
#1690=ADVANCED_FACE('',(#138),#102,.F.);
#1691=ADVANCED_FACE('',(#139),#1635,.F.);
#1692=ADVANCED_FACE('',(#140),#103,.F.);
#1693=ADVANCED_FACE('',(#141),#1636,.F.);
#1694=ADVANCED_FACE('',(#142),#104,.T.);
#1695=ADVANCED_FACE('',(#143),#1637,.F.);
#1696=ADVANCED_FACE('',(#144),#105,.T.);
#1697=ADVANCED_FACE('',(#145),#1638,.F.);
#1698=ADVANCED_FACE('',(#146),#106,.T.);
#1699=ADVANCED_FACE('',(#147),#1639,.F.);
#1700=ADVANCED_FACE('',(#148),#107,.T.);
#1701=ADVANCED_FACE('',(#149),#1640,.F.);
#1702=ADVANCED_FACE('',(#150),#108,.F.);
#1703=ADVANCED_FACE('',(#151),#1641,.F.);
#1704=ADVANCED_FACE('',(#152),#109,.F.);
#1705=ADVANCED_FACE('',(#153),#1642,.F.);
#1706=ADVANCED_FACE('',(#154),#110,.F.);
#1707=ADVANCED_FACE('',(#155),#1643,.F.);
#1708=ADVANCED_FACE('',(#156),#111,.F.);
#1709=ADVANCED_FACE('',(#157),#1644,.F.);
#1710=ADVANCED_FACE('',(#158),#112,.F.);
#1711=ADVANCED_FACE('',(#159),#1645,.F.);
#1712=ADVANCED_FACE('',(#160),#113,.F.);
#1713=ADVANCED_FACE('',(#161),#1646,.F.);
#1714=ADVANCED_FACE('',(#162),#1647,.F.);
#1715=ADVANCED_FACE('',(#163),#114,.F.);
#1716=ADVANCED_FACE('',(#164),#1648,.F.);
#1717=ADVANCED_FACE('',(#165),#115,.T.);
#1718=ADVANCED_FACE('',(#166),#1649,.F.);
#1719=ADVANCED_FACE('',(#167),#116,.T.);
#1720=ADVANCED_FACE('',(#168),#1650,.F.);
#1721=ADVANCED_FACE('',(#169),#117,.T.);
#1722=ADVANCED_FACE('',(#170),#1651,.F.);
#1723=ADVANCED_FACE('',(#171),#118,.T.);
#1724=ADVANCED_FACE('',(#172),#1652,.F.);
#1725=ADVANCED_FACE('',(#173),#119,.F.);
#1726=ADVANCED_FACE('',(#174),#1653,.F.);
#1727=ADVANCED_FACE('',(#175),#120,.F.);
#1728=ADVANCED_FACE('',(#176),#1654,.F.);
#1729=ADVANCED_FACE('',(#177),#121,.F.);
#1730=ADVANCED_FACE('',(#178),#1655,.F.);
#1731=ADVANCED_FACE('',(#179),#122,.F.);
#1732=ADVANCED_FACE('',(#180),#1656,.F.);
#1733=ADVANCED_FACE('',(#181),#123,.F.);
#1734=ADVANCED_FACE('',(#182),#1657,.F.);
#1735=ADVANCED_FACE('',(#183),#124,.F.);
#1736=ADVANCED_FACE('',(#184),#1658,.F.);
#1737=ADVANCED_FACE('',(#185),#125,.F.);
#1738=ADVANCED_FACE('',(#186),#1659,.F.);
#1739=ADVANCED_FACE('',(#187),#1660,.F.);
#1740=ADVANCED_FACE('',(#188),#1661,.F.);
#1741=ADVANCED_FACE('',(#189),#1662,.F.);
#1742=ADVANCED_FACE('',(#190),#1663,.F.);
#1743=ADVANCED_FACE('',(#191),#1664,.F.);
#1744=ADVANCED_FACE('',(#192),#1665,.F.);
#1745=ADVANCED_FACE('',(#193),#1666,.F.);
#1746=ADVANCED_FACE('',(#194,#15,#16,#17),#1667,.F.);
#1747=ADVANCED_FACE('',(#195),#126,.F.);
#1748=ADVANCED_FACE('',(#196),#127,.F.);
#1749=ADVANCED_FACE('',(#197),#128,.F.);
#1750=ADVANCED_FACE('',(#198),#129,.F.);
#1751=ADVANCED_FACE('',(#199),#130,.F.);
#1752=ADVANCED_FACE('',(#200),#131,.F.);
#1753=ADVANCED_FACE('',(#201),#132,.F.);
#1754=ADVANCED_FACE('',(#202),#133,.F.);
#1755=ADVANCED_FACE('',(#203),#1668,.T.);
#1756=ADVANCED_FACE('',(#204),#1669,.T.);
#1757=ADVANCED_FACE('',(#205),#1670,.T.);
#1758=ADVANCED_FACE('',(#206),#1671,.T.);
#1759=ADVANCED_FACE('',(#207),#1672,.T.);
#1760=ADVANCED_FACE('',(#208),#1673,.T.);
#1761=ADVANCED_FACE('',(#209),#1674,.T.);
#1762=ADVANCED_FACE('',(#210),#1675,.T.);
#1763=ADVANCED_FACE('',(#211),#1676,.T.);
#1764=ADVANCED_FACE('',(#212),#1677,.T.);
#1765=ADVANCED_FACE('',(#213),#1678,.T.);
#1766=ADVANCED_FACE('',(#214),#1679,.T.);
#1767=ADVANCED_FACE('',(#215),#1680,.T.);
#1768=ADVANCED_FACE('',(#216),#1681,.T.);
#1769=ADVANCED_FACE('',(#217),#1682,.T.);
#1770=ADVANCED_FACE('',(#218),#1683,.T.);
#1771=ADVANCED_FACE('',(#219,#18,#19,#20,#21,#22,#23,#24,#25,#26),#1684,
 .T.);
#1772=ADVANCED_FACE('',(#220,#27,#28,#29,#30,#31,#32,#33,#34,#35,#36,#37),
#1685,.F.);
#1773=CLOSED_SHELL('',(#1686,#1687,#1688,#1689,#1690,#1691,#1692,#1693,
#1694,#1695,#1696,#1697,#1698,#1699,#1700,#1701,#1702,#1703,#1704,#1705,
#1706,#1707,#1708,#1709,#1710,#1711,#1712,#1713,#1714,#1715,#1716,#1717,
#1718,#1719,#1720,#1721,#1722,#1723,#1724,#1725,#1726,#1727,#1728,#1729,
#1730,#1731,#1732,#1733,#1734,#1735,#1736,#1737,#1738,#1739,#1740,#1741,
#1742,#1743,#1744,#1745,#1746,#1747,#1748,#1749,#1750,#1751,#1752,#1753,
#1754,#1755,#1756,#1757,#1758,#1759,#1760,#1761,#1762,#1763,#1764,#1765,
#1766,#1767,#1768,#1769,#1770,#1771,#1772));
#1774=DERIVED_UNIT_ELEMENT(#1776,1.);
#1775=DERIVED_UNIT_ELEMENT(#2943,-3.);
#1776=(
MASS_UNIT()
NAMED_UNIT(*)
SI_UNIT(.KILO.,.GRAM.)
);
#1777=DERIVED_UNIT((#1774,#1775));
#1778=MEASURE_REPRESENTATION_ITEM('density measure',
POSITIVE_RATIO_MEASURE(7850.),#1777);
#1779=PROPERTY_DEFINITION_REPRESENTATION(#1784,#1781);
#1780=PROPERTY_DEFINITION_REPRESENTATION(#1785,#1782);
#1781=REPRESENTATION('material name',(#1783),#2940);
#1782=REPRESENTATION('density',(#1778),#2940);
#1783=DESCRIPTIVE_REPRESENTATION_ITEM('Steel','Steel');
#1784=PROPERTY_DEFINITION('material property','material name',#2950);
#1785=PROPERTY_DEFINITION('material property','density of part',#2950);
#1786=AXIS2_PLACEMENT_3D('',#2430,#1938,#1939);
#1787=AXIS2_PLACEMENT_3D('',#2431,#1940,#1941);
#1788=AXIS2_PLACEMENT_3D('',#2440,#1946,#1947);
#1789=AXIS2_PLACEMENT_3D('',#2446,#1951,#1952);
#1790=AXIS2_PLACEMENT_3D('',#2452,#1956,#1957);
#1791=AXIS2_PLACEMENT_3D('',#2455,#1960,#1961);
#1792=AXIS2_PLACEMENT_3D('',#2458,#1962,#1963);
#1793=AXIS2_PLACEMENT_3D('',#2462,#1965,#1966);
#1794=AXIS2_PLACEMENT_3D('',#2464,#1968,#1969);
#1795=AXIS2_PLACEMENT_3D('',#2470,#1973,#1974);
#1796=AXIS2_PLACEMENT_3D('',#2472,#1975,#1976);
#1797=AXIS2_PLACEMENT_3D('',#2474,#1977,#1978);
#1798=AXIS2_PLACEMENT_3D('',#2476,#1980,#1981);
#1799=AXIS2_PLACEMENT_3D('',#2482,#1985,#1986);
#1800=AXIS2_PLACEMENT_3D('',#2484,#1987,#1988);
#1801=AXIS2_PLACEMENT_3D('',#2486,#1989,#1990);
#1802=AXIS2_PLACEMENT_3D('',#2488,#1992,#1993);
#1803=AXIS2_PLACEMENT_3D('',#2494,#1997,#1998);
#1804=AXIS2_PLACEMENT_3D('',#2496,#1999,#2000);
#1805=AXIS2_PLACEMENT_3D('',#2498,#2001,#2002);
#1806=AXIS2_PLACEMENT_3D('',#2500,#2004,#2005);
#1807=AXIS2_PLACEMENT_3D('',#2506,#2009,#2010);
#1808=AXIS2_PLACEMENT_3D('',#2508,#2011,#2012);
#1809=AXIS2_PLACEMENT_3D('',#2510,#2013,#2014);
#1810=AXIS2_PLACEMENT_3D('',#2512,#2016,#2017);
#1811=AXIS2_PLACEMENT_3D('',#2518,#2021,#2022);
#1812=AXIS2_PLACEMENT_3D('',#2520,#2023,#2024);
#1813=AXIS2_PLACEMENT_3D('',#2522,#2025,#2026);
#1814=AXIS2_PLACEMENT_3D('',#2524,#2028,#2029);
#1815=AXIS2_PLACEMENT_3D('',#2530,#2033,#2034);
#1816=AXIS2_PLACEMENT_3D('',#2532,#2035,#2036);
#1817=AXIS2_PLACEMENT_3D('',#2534,#2037,#2038);
#1818=AXIS2_PLACEMENT_3D('',#2536,#2040,#2041);
#1819=AXIS2_PLACEMENT_3D('',#2542,#2045,#2046);
#1820=AXIS2_PLACEMENT_3D('',#2544,#2047,#2048);
#1821=AXIS2_PLACEMENT_3D('',#2546,#2049,#2050);
#1822=AXIS2_PLACEMENT_3D('',#2548,#2052,#2053);
#1823=AXIS2_PLACEMENT_3D('',#2554,#2057,#2058);
#1824=AXIS2_PLACEMENT_3D('',#2556,#2059,#2060);
#1825=AXIS2_PLACEMENT_3D('',#2558,#2061,#2062);
#1826=AXIS2_PLACEMENT_3D('',#2560,#2064,#2065);
#1827=AXIS2_PLACEMENT_3D('',#2566,#2069,#2070);
#1828=AXIS2_PLACEMENT_3D('',#2568,#2071,#2072);
#1829=AXIS2_PLACEMENT_3D('',#2570,#2073,#2074);
#1830=AXIS2_PLACEMENT_3D('',#2572,#2076,#2077);
#1831=AXIS2_PLACEMENT_3D('',#2578,#2081,#2082);
#1832=AXIS2_PLACEMENT_3D('',#2580,#2083,#2084);
#1833=AXIS2_PLACEMENT_3D('',#2582,#2085,#2086);
#1834=AXIS2_PLACEMENT_3D('',#2584,#2088,#2089);
#1835=AXIS2_PLACEMENT_3D('',#2590,#2093,#2094);
#1836=AXIS2_PLACEMENT_3D('',#2592,#2095,#2096);
#1837=AXIS2_PLACEMENT_3D('',#2594,#2097,#2098);
#1838=AXIS2_PLACEMENT_3D('',#2596,#2100,#2101);
#1839=AXIS2_PLACEMENT_3D('',#2599,#2104,#2105);
#1840=AXIS2_PLACEMENT_3D('',#2608,#2110,#2111);
#1841=AXIS2_PLACEMENT_3D('',#2610,#2112,#2113);
#1842=AXIS2_PLACEMENT_3D('',#2612,#2114,#2115);
#1843=AXIS2_PLACEMENT_3D('',#2614,#2117,#2118);
#1844=AXIS2_PLACEMENT_3D('',#2620,#2122,#2123);
#1845=AXIS2_PLACEMENT_3D('',#2622,#2124,#2125);
#1846=AXIS2_PLACEMENT_3D('',#2624,#2126,#2127);
#1847=AXIS2_PLACEMENT_3D('',#2626,#2129,#2130);
#1848=AXIS2_PLACEMENT_3D('',#2632,#2134,#2135);
#1849=AXIS2_PLACEMENT_3D('',#2634,#2136,#2137);
#1850=AXIS2_PLACEMENT_3D('',#2636,#2138,#2139);
#1851=AXIS2_PLACEMENT_3D('',#2638,#2141,#2142);
#1852=AXIS2_PLACEMENT_3D('',#2644,#2146,#2147);
#1853=AXIS2_PLACEMENT_3D('',#2646,#2148,#2149);
#1854=AXIS2_PLACEMENT_3D('',#2648,#2150,#2151);
#1855=AXIS2_PLACEMENT_3D('',#2650,#2153,#2154);
#1856=AXIS2_PLACEMENT_3D('',#2656,#2158,#2159);
#1857=AXIS2_PLACEMENT_3D('',#2658,#2160,#2161);
#1858=AXIS2_PLACEMENT_3D('',#2660,#2162,#2163);
#1859=AXIS2_PLACEMENT_3D('',#2662,#2165,#2166);
#1860=AXIS2_PLACEMENT_3D('',#2668,#2170,#2171);
#1861=AXIS2_PLACEMENT_3D('',#2670,#2172,#2173);
#1862=AXIS2_PLACEMENT_3D('',#2672,#2174,#2175);
#1863=AXIS2_PLACEMENT_3D('',#2674,#2177,#2178);
#1864=AXIS2_PLACEMENT_3D('',#2680,#2182,#2183);
#1865=AXIS2_PLACEMENT_3D('',#2682,#2184,#2185);
#1866=AXIS2_PLACEMENT_3D('',#2684,#2186,#2187);
#1867=AXIS2_PLACEMENT_3D('',#2686,#2189,#2190);
#1868=AXIS2_PLACEMENT_3D('',#2692,#2194,#2195);
#1869=AXIS2_PLACEMENT_3D('',#2694,#2196,#2197);
#1870=AXIS2_PLACEMENT_3D('',#2696,#2198,#2199);
#1871=AXIS2_PLACEMENT_3D('',#2698,#2201,#2202);
#1872=AXIS2_PLACEMENT_3D('',#2704,#2206,#2207);
#1873=AXIS2_PLACEMENT_3D('',#2706,#2208,#2209);
#1874=AXIS2_PLACEMENT_3D('',#2708,#2210,#2211);
#1875=AXIS2_PLACEMENT_3D('',#2710,#2213,#2214);
#1876=AXIS2_PLACEMENT_3D('',#2716,#2218,#2219);
#1877=AXIS2_PLACEMENT_3D('',#2718,#2220,#2221);
#1878=AXIS2_PLACEMENT_3D('',#2720,#2222,#2223);
#1879=AXIS2_PLACEMENT_3D('',#2722,#2225,#2226);
#1880=AXIS2_PLACEMENT_3D('',#2728,#2230,#2231);
#1881=AXIS2_PLACEMENT_3D('',#2730,#2232,#2233);
#1882=AXIS2_PLACEMENT_3D('',#2732,#2234,#2235);
#1883=AXIS2_PLACEMENT_3D('',#2734,#2237,#2238);
#1884=AXIS2_PLACEMENT_3D('',#2740,#2242,#2243);
#1885=AXIS2_PLACEMENT_3D('',#2741,#2244,#2245);
#1886=AXIS2_PLACEMENT_3D('',#2742,#2246,#2247);
#1887=AXIS2_PLACEMENT_3D('',#2743,#2248,#2249);
#1888=AXIS2_PLACEMENT_3D('',#2752,#2254,#2255);
#1889=AXIS2_PLACEMENT_3D('',#2758,#2259,#2260);
#1890=AXIS2_PLACEMENT_3D('',#2764,#2264,#2265);
#1891=AXIS2_PLACEMENT_3D('',#2770,#2269,#2270);
#1892=AXIS2_PLACEMENT_3D('',#2776,#2274,#2275);
#1893=AXIS2_PLACEMENT_3D('',#2782,#2279,#2280);
#1894=AXIS2_PLACEMENT_3D('',#2788,#2284,#2285);
#1895=AXIS2_PLACEMENT_3D('',#2791,#2288,#2289);
#1896=AXIS2_PLACEMENT_3D('',#2792,#2290,#2291);
#1897=AXIS2_PLACEMENT_3D('',#2794,#2292,#2293);
#1898=AXIS2_PLACEMENT_3D('',#2797,#2295,#2296);
#1899=AXIS2_PLACEMENT_3D('',#2798,#2297,#2298);
#1900=AXIS2_PLACEMENT_3D('',#2800,#2299,#2300);
#1901=AXIS2_PLACEMENT_3D('',#2803,#2302,#2303);
#1902=AXIS2_PLACEMENT_3D('',#2804,#2304,#2305);
#1903=AXIS2_PLACEMENT_3D('',#2806,#2306,#2307);
#1904=AXIS2_PLACEMENT_3D('',#2809,#2309,#2310);
#1905=AXIS2_PLACEMENT_3D('',#2810,#2311,#2312);
#1906=AXIS2_PLACEMENT_3D('',#2812,#2313,#2314);
#1907=AXIS2_PLACEMENT_3D('',#2815,#2316,#2317);
#1908=AXIS2_PLACEMENT_3D('',#2816,#2318,#2319);
#1909=AXIS2_PLACEMENT_3D('',#2818,#2320,#2321);
#1910=AXIS2_PLACEMENT_3D('',#2821,#2323,#2324);
#1911=AXIS2_PLACEMENT_3D('',#2822,#2325,#2326);
#1912=AXIS2_PLACEMENT_3D('',#2824,#2327,#2328);
#1913=AXIS2_PLACEMENT_3D('',#2827,#2330,#2331);
#1914=AXIS2_PLACEMENT_3D('',#2828,#2332,#2333);
#1915=AXIS2_PLACEMENT_3D('',#2830,#2334,#2335);
#1916=AXIS2_PLACEMENT_3D('',#2833,#2337,#2338);
#1917=AXIS2_PLACEMENT_3D('',#2834,#2339,#2340);
#1918=AXIS2_PLACEMENT_3D('',#2836,#2341,#2342);
#1919=AXIS2_PLACEMENT_3D('',#2839,#2344,#2345);
#1920=AXIS2_PLACEMENT_3D('',#2840,#2346,#2347);
#1921=AXIS2_PLACEMENT_3D('',#2849,#2352,#2353);
#1922=AXIS2_PLACEMENT_3D('',#2855,#2357,#2358);
#1923=AXIS2_PLACEMENT_3D('',#2861,#2362,#2363);
#1924=AXIS2_PLACEMENT_3D('',#2867,#2367,#2368);
#1925=AXIS2_PLACEMENT_3D('',#2873,#2372,#2373);
#1926=AXIS2_PLACEMENT_3D('',#2879,#2377,#2378);
#1927=AXIS2_PLACEMENT_3D('',#2885,#2382,#2383);
#1928=AXIS2_PLACEMENT_3D('',#2891,#2387,#2388);
#1929=AXIS2_PLACEMENT_3D('',#2897,#2392,#2393);
#1930=AXIS2_PLACEMENT_3D('',#2903,#2397,#2398);
#1931=AXIS2_PLACEMENT_3D('',#2909,#2402,#2403);
#1932=AXIS2_PLACEMENT_3D('',#2915,#2407,#2408);
#1933=AXIS2_PLACEMENT_3D('',#2921,#2412,#2413);
#1934=AXIS2_PLACEMENT_3D('',#2927,#2417,#2418);
#1935=AXIS2_PLACEMENT_3D('',#2933,#2422,#2423);
#1936=AXIS2_PLACEMENT_3D('',#2936,#2426,#2427);
#1937=AXIS2_PLACEMENT_3D('',#2937,#2428,#2429);
#1938=DIRECTION('axis',(0.,0.,1.));
#1939=DIRECTION('refdir',(1.,0.,0.));
#1940=DIRECTION('center_axis',(-1.,0.,0.));
#1941=DIRECTION('ref_axis',(0.,1.,0.));
#1942=DIRECTION('',(0.,-1.,0.));
#1943=DIRECTION('',(0.,0.,-1.));
#1944=DIRECTION('',(0.,1.,0.));
#1945=DIRECTION('',(0.,0.,-1.));
#1946=DIRECTION('center_axis',(0.,-1.,0.));
#1947=DIRECTION('ref_axis',(-1.,0.,0.));
#1948=DIRECTION('',(1.,0.,0.));
#1949=DIRECTION('',(-1.,0.,0.));
#1950=DIRECTION('',(0.,0.,-1.));
#1951=DIRECTION('center_axis',(1.,0.,0.));
#1952=DIRECTION('ref_axis',(0.,-1.,0.));
#1953=DIRECTION('',(0.,1.,0.));
#1954=DIRECTION('',(0.,-1.,0.));
#1955=DIRECTION('',(0.,0.,-1.));
#1956=DIRECTION('center_axis',(0.,1.,0.));
#1957=DIRECTION('ref_axis',(1.,0.,0.));
#1958=DIRECTION('',(-1.,0.,0.));
#1959=DIRECTION('',(1.,0.,0.));
#1960=DIRECTION('center_axis',(0.,0.,-1.));
#1961=DIRECTION('ref_axis',(-6.93889390390724E-16,-1.,0.));
#1962=DIRECTION('center_axis',(0.,0.,1.));
#1963=DIRECTION('ref_axis',(-6.93889390390724E-16,-1.,0.));
#1964=DIRECTION('',(0.,0.,-1.));
#1965=DIRECTION('center_axis',(0.,0.,-1.));
#1966=DIRECTION('ref_axis',(-6.93889390390724E-16,-1.,0.));
#1967=DIRECTION('',(0.,0.,-1.));
#1968=DIRECTION('center_axis',(1.,0.,0.));
#1969=DIRECTION('ref_axis',(0.,-1.,0.));
#1970=DIRECTION('',(0.,1.,0.));
#1971=DIRECTION('',(0.,-1.,0.));
#1972=DIRECTION('',(0.,0.,-1.));
#1973=DIRECTION('center_axis',(0.,0.,-1.));
#1974=DIRECTION('ref_axis',(1.,0.,0.));
#1975=DIRECTION('center_axis',(0.,0.,1.));
#1976=DIRECTION('ref_axis',(1.,0.,0.));
#1977=DIRECTION('center_axis',(0.,0.,-1.));
#1978=DIRECTION('ref_axis',(1.,0.,0.));
#1979=DIRECTION('',(0.,0.,-1.));
#1980=DIRECTION('center_axis',(2.3373116307898E-15,1.,0.));
#1981=DIRECTION('ref_axis',(1.,-2.3373116307898E-15,0.));
#1982=DIRECTION('',(-1.,2.3373116307898E-15,0.));
#1983=DIRECTION('',(1.,-2.3373116307898E-15,0.));
#1984=DIRECTION('',(0.,0.,-1.));
#1985=DIRECTION('center_axis',(0.,0.,-1.));
#1986=DIRECTION('ref_axis',(-1.,0.,0.));
#1987=DIRECTION('center_axis',(0.,0.,-1.));
#1988=DIRECTION('ref_axis',(-1.,0.,0.));
#1989=DIRECTION('center_axis',(0.,0.,1.));
#1990=DIRECTION('ref_axis',(-1.,0.,0.));
#1991=DIRECTION('',(0.,0.,-1.));
#1992=DIRECTION('center_axis',(1.,0.,0.));
#1993=DIRECTION('ref_axis',(0.,-1.,0.));
#1994=DIRECTION('',(0.,1.,0.));
#1995=DIRECTION('',(0.,-1.,0.));
#1996=DIRECTION('',(0.,0.,-1.));
#1997=DIRECTION('center_axis',(0.,0.,-1.));
#1998=DIRECTION('ref_axis',(0.,1.,0.));
#1999=DIRECTION('center_axis',(0.,0.,-1.));
#2000=DIRECTION('ref_axis',(0.,1.,0.));
#2001=DIRECTION('center_axis',(0.,0.,1.));
#2002=DIRECTION('ref_axis',(0.,1.,0.));
#2003=DIRECTION('',(0.,0.,-1.));
#2004=DIRECTION('center_axis',(0.,-1.,0.));
#2005=DIRECTION('ref_axis',(-1.,0.,0.));
#2006=DIRECTION('',(1.,0.,0.));
#2007=DIRECTION('',(-1.,0.,0.));
#2008=DIRECTION('',(0.,0.,-1.));
#2009=DIRECTION('center_axis',(0.,0.,-1.));
#2010=DIRECTION('ref_axis',(1.,5.55111512312577E-15,0.));
#2011=DIRECTION('center_axis',(0.,0.,-1.));
#2012=DIRECTION('ref_axis',(1.,5.55111512312577E-15,0.));
#2013=DIRECTION('center_axis',(0.,0.,1.));
#2014=DIRECTION('ref_axis',(1.,5.55111512312577E-15,0.));
#2015=DIRECTION('',(0.,0.,-1.));
#2016=DIRECTION('center_axis',(-1.,4.62592940385245E-16,0.));
#2017=DIRECTION('ref_axis',(4.62592940385245E-16,1.,0.));
#2018=DIRECTION('',(-4.62592940385245E-16,-1.,0.));
#2019=DIRECTION('',(4.62592940385245E-16,1.,0.));
#2020=DIRECTION('',(0.,0.,-1.));
#2021=DIRECTION('center_axis',(0.,0.,-1.));
#2022=DIRECTION('ref_axis',(-8.72782304761622E-8,-0.999999999999996,0.));
#2023=DIRECTION('center_axis',(0.,0.,-1.));
#2024=DIRECTION('ref_axis',(-8.72782304761622E-8,-0.999999999999996,0.));
#2025=DIRECTION('center_axis',(0.,0.,1.));
#2026=DIRECTION('ref_axis',(-8.72782304761622E-8,-0.999999999999996,0.));
#2027=DIRECTION('',(0.,0.,-1.));
#2028=DIRECTION('center_axis',(8.72782308284877E-8,0.999999999999996,0.));
#2029=DIRECTION('ref_axis',(0.999999999999996,-8.72782308284877E-8,0.));
#2030=DIRECTION('',(-0.999999999999996,8.72782308284877E-8,0.));
#2031=DIRECTION('',(0.999999999999996,-8.72782308284877E-8,0.));
#2032=DIRECTION('',(0.,0.,-1.));
#2033=DIRECTION('center_axis',(0.,0.,-1.));
#2034=DIRECTION('ref_axis',(8.72782304761624E-8,0.999999999999996,0.));
#2035=DIRECTION('center_axis',(0.,0.,1.));
#2036=DIRECTION('ref_axis',(8.72782304761624E-8,0.999999999999996,0.));
#2037=DIRECTION('center_axis',(0.,0.,-1.));
#2038=DIRECTION('ref_axis',(8.72782304761624E-8,0.999999999999996,0.));
#2039=DIRECTION('',(0.,0.,-1.));
#2040=DIRECTION('center_axis',(-1.,0.,0.));
#2041=DIRECTION('ref_axis',(0.,1.,0.));
#2042=DIRECTION('',(0.,-1.,0.));
#2043=DIRECTION('',(0.,1.,0.));
#2044=DIRECTION('',(0.,0.,-1.));
#2045=DIRECTION('center_axis',(0.,0.,-1.));
#2046=DIRECTION('ref_axis',(-1.,0.,0.));
#2047=DIRECTION('center_axis',(0.,0.,1.));
#2048=DIRECTION('ref_axis',(-1.,0.,0.));
#2049=DIRECTION('center_axis',(0.,0.,-1.));
#2050=DIRECTION('ref_axis',(-1.,0.,0.));
#2051=DIRECTION('',(0.,0.,-1.));
#2052=DIRECTION('center_axis',(-1.00929365875014E-15,-1.,0.));
#2053=DIRECTION('ref_axis',(-1.,1.00929365875014E-15,0.));
#2054=DIRECTION('',(1.,-1.00929365875014E-15,0.));
#2055=DIRECTION('',(-1.,1.00929365875014E-15,0.));
#2056=DIRECTION('',(0.,0.,-1.));
#2057=DIRECTION('center_axis',(0.,0.,-1.));
#2058=DIRECTION('ref_axis',(0.,-1.,0.));
#2059=DIRECTION('center_axis',(0.,0.,1.));
#2060=DIRECTION('ref_axis',(0.,-1.,0.));
#2061=DIRECTION('center_axis',(0.,0.,-1.));
#2062=DIRECTION('ref_axis',(0.,-1.,0.));
#2063=DIRECTION('',(0.,0.,-1.));
#2064=DIRECTION('center_axis',(1.,-2.64338815386942E-16,0.));
#2065=DIRECTION('ref_axis',(-2.64338815386942E-16,-1.,0.));
#2066=DIRECTION('',(2.64338815386942E-16,1.,0.));
#2067=DIRECTION('',(-2.64338815386942E-16,-1.,0.));
#2068=DIRECTION('',(0.,0.,-1.));
#2069=DIRECTION('center_axis',(0.,0.,-1.));
#2070=DIRECTION('ref_axis',(1.,0.,0.));
#2071=DIRECTION('center_axis',(0.,0.,1.));
#2072=DIRECTION('ref_axis',(1.,0.,0.));
#2073=DIRECTION('center_axis',(0.,0.,-1.));
#2074=DIRECTION('ref_axis',(1.,0.,0.));
#2075=DIRECTION('',(0.,0.,-1.));
#2076=DIRECTION('center_axis',(0.,1.,0.));
#2077=DIRECTION('ref_axis',(1.,0.,0.));
#2078=DIRECTION('',(-1.,0.,0.));
#2079=DIRECTION('',(1.,0.,0.));
#2080=DIRECTION('',(0.,0.,-1.));
#2081=DIRECTION('center_axis',(0.,0.,-1.));
#2082=DIRECTION('ref_axis',(0.,1.,0.));
#2083=DIRECTION('center_axis',(0.,0.,1.));
#2084=DIRECTION('ref_axis',(0.,1.,0.));
#2085=DIRECTION('center_axis',(0.,0.,-1.));
#2086=DIRECTION('ref_axis',(0.,1.,0.));
#2087=DIRECTION('',(0.,0.,-1.));
#2088=DIRECTION('center_axis',(-1.,0.,0.));
#2089=DIRECTION('ref_axis',(0.,1.,0.));
#2090=DIRECTION('',(0.,-1.,0.));
#2091=DIRECTION('',(0.,1.,0.));
#2092=DIRECTION('',(0.,0.,-1.));
#2093=DIRECTION('center_axis',(0.,0.,-1.));
#2094=DIRECTION('ref_axis',(-1.,0.,0.));
#2095=DIRECTION('center_axis',(0.,0.,1.));
#2096=DIRECTION('ref_axis',(-1.,0.,0.));
#2097=DIRECTION('center_axis',(0.,0.,-1.));
#2098=DIRECTION('ref_axis',(-1.,0.,0.));
#2099=DIRECTION('',(0.,0.,-1.));
#2100=DIRECTION('center_axis',(5.04646829375071E-16,-1.,0.));
#2101=DIRECTION('ref_axis',(-1.,-5.04646829375071E-16,0.));
#2102=DIRECTION('',(1.,5.04646829375071E-16,0.));
#2103=DIRECTION('',(-1.,-5.04646829375071E-16,0.));
#2104=DIRECTION('center_axis',(-1.,0.,0.));
#2105=DIRECTION('ref_axis',(0.,1.,0.));
#2106=DIRECTION('',(0.,-1.,0.));
#2107=DIRECTION('',(0.,0.,-1.));
#2108=DIRECTION('',(0.,1.,0.));
#2109=DIRECTION('',(0.,0.,-1.));
#2110=DIRECTION('center_axis',(0.,0.,-1.));
#2111=DIRECTION('ref_axis',(-1.,0.,0.));
#2112=DIRECTION('center_axis',(0.,0.,1.));
#2113=DIRECTION('ref_axis',(-1.,0.,0.));
#2114=DIRECTION('center_axis',(0.,0.,-1.));
#2115=DIRECTION('ref_axis',(-1.,0.,0.));
#2116=DIRECTION('',(0.,0.,-1.));
#2117=DIRECTION('center_axis',(8.72782308284877E-8,-0.999999999999996,0.));
#2118=DIRECTION('ref_axis',(-0.999999999999996,-8.72782308284877E-8,0.));
#2119=DIRECTION('',(0.999999999999996,8.72782308284877E-8,0.));
#2120=DIRECTION('',(-0.999999999999996,-8.72782308284877E-8,0.));
#2121=DIRECTION('',(0.,0.,-1.));
#2122=DIRECTION('center_axis',(0.,0.,-1.));
#2123=DIRECTION('ref_axis',(1.,0.,0.));
#2124=DIRECTION('center_axis',(0.,0.,-1.));
#2125=DIRECTION('ref_axis',(1.,0.,0.));
#2126=DIRECTION('center_axis',(0.,0.,1.));
#2127=DIRECTION('ref_axis',(1.,0.,0.));
#2128=DIRECTION('',(0.,0.,-1.));
#2129=DIRECTION('center_axis',(-1.,-4.62592940385245E-16,0.));
#2130=DIRECTION('ref_axis',(-4.62592940385245E-16,1.,0.));
#2131=DIRECTION('',(4.62592940385245E-16,-1.,0.));
#2132=DIRECTION('',(-4.62592940385245E-16,1.,0.));
#2133=DIRECTION('',(0.,0.,-1.));
#2134=DIRECTION('center_axis',(0.,0.,-1.));
#2135=DIRECTION('ref_axis',(0.,-1.,0.));
#2136=DIRECTION('center_axis',(0.,0.,-1.));
#2137=DIRECTION('ref_axis',(0.,-1.,0.));
#2138=DIRECTION('center_axis',(0.,0.,1.));
#2139=DIRECTION('ref_axis',(0.,-1.,0.));
#2140=DIRECTION('',(0.,0.,-1.));
#2141=DIRECTION('center_axis',(0.,1.,0.));
#2142=DIRECTION('ref_axis',(1.,0.,0.));
#2143=DIRECTION('',(-1.,0.,0.));
#2144=DIRECTION('',(1.,0.,0.));
#2145=DIRECTION('',(0.,0.,-1.));
#2146=DIRECTION('center_axis',(0.,0.,-1.));
#2147=DIRECTION('ref_axis',(-1.,0.,0.));
#2148=DIRECTION('center_axis',(0.,0.,-1.));
#2149=DIRECTION('ref_axis',(-1.,0.,0.));
#2150=DIRECTION('center_axis',(0.,0.,1.));
#2151=DIRECTION('ref_axis',(-1.,0.,0.));
#2152=DIRECTION('',(0.,0.,-1.));
#2153=DIRECTION('center_axis',(1.,0.,0.));
#2154=DIRECTION('ref_axis',(0.,-1.,0.));
#2155=DIRECTION('',(0.,1.,0.));
#2156=DIRECTION('',(0.,-1.,0.));
#2157=DIRECTION('',(0.,0.,-1.));
#2158=DIRECTION('center_axis',(0.,0.,-1.));
#2159=DIRECTION('ref_axis',(-6.93889390390726E-16,1.,0.));
#2160=DIRECTION('center_axis',(0.,0.,-1.));
#2161=DIRECTION('ref_axis',(-6.93889390390726E-16,1.,0.));
#2162=DIRECTION('center_axis',(0.,0.,1.));
#2163=DIRECTION('ref_axis',(-6.93889390390726E-16,1.,0.));
#2164=DIRECTION('',(0.,0.,-1.));
#2165=DIRECTION('center_axis',(2.3373116307898E-15,-1.,0.));
#2166=DIRECTION('ref_axis',(-1.,-2.3373116307898E-15,0.));
#2167=DIRECTION('',(1.,2.3373116307898E-15,0.));
#2168=DIRECTION('',(-1.,-2.3373116307898E-15,0.));
#2169=DIRECTION('',(0.,0.,-1.));
#2170=DIRECTION('center_axis',(0.,0.,-1.));
#2171=DIRECTION('ref_axis',(0.,-1.,0.));
#2172=DIRECTION('center_axis',(0.,0.,1.));
#2173=DIRECTION('ref_axis',(0.,-1.,0.));
#2174=DIRECTION('center_axis',(0.,0.,-1.));
#2175=DIRECTION('ref_axis',(0.,-1.,0.));
#2176=DIRECTION('',(0.,0.,-1.));
#2177=DIRECTION('center_axis',(1.,0.,0.));
#2178=DIRECTION('ref_axis',(0.,-1.,0.));
#2179=DIRECTION('',(0.,1.,0.));
#2180=DIRECTION('',(0.,-1.,0.));
#2181=DIRECTION('',(0.,0.,-1.));
#2182=DIRECTION('center_axis',(0.,0.,-1.));
#2183=DIRECTION('ref_axis',(1.,0.,0.));
#2184=DIRECTION('center_axis',(0.,0.,1.));
#2185=DIRECTION('ref_axis',(1.,0.,0.));
#2186=DIRECTION('center_axis',(0.,0.,-1.));
#2187=DIRECTION('ref_axis',(1.,0.,0.));
#2188=DIRECTION('',(0.,0.,-1.));
#2189=DIRECTION('center_axis',(5.04646829375071E-16,1.,0.));
#2190=DIRECTION('ref_axis',(1.,-5.04646829375071E-16,0.));
#2191=DIRECTION('',(-1.,5.04646829375071E-16,0.));
#2192=DIRECTION('',(1.,-5.04646829375071E-16,0.));
#2193=DIRECTION('',(0.,0.,-1.));
#2194=DIRECTION('center_axis',(0.,0.,-1.));
#2195=DIRECTION('ref_axis',(0.,1.,0.));
#2196=DIRECTION('center_axis',(0.,0.,1.));
#2197=DIRECTION('ref_axis',(0.,1.,0.));
#2198=DIRECTION('center_axis',(0.,0.,-1.));
#2199=DIRECTION('ref_axis',(0.,1.,0.));
#2200=DIRECTION('',(0.,0.,-1.));
#2201=DIRECTION('center_axis',(-1.,0.,0.));
#2202=DIRECTION('ref_axis',(0.,1.,0.));
#2203=DIRECTION('',(0.,-1.,0.));
#2204=DIRECTION('',(0.,1.,0.));
#2205=DIRECTION('',(0.,0.,-1.));
#2206=DIRECTION('center_axis',(0.,0.,-1.));
#2207=DIRECTION('ref_axis',(-1.,0.,0.));
#2208=DIRECTION('center_axis',(0.,0.,1.));
#2209=DIRECTION('ref_axis',(-1.,0.,0.));
#2210=DIRECTION('center_axis',(0.,0.,-1.));
#2211=DIRECTION('ref_axis',(-1.,0.,0.));
#2212=DIRECTION('',(0.,0.,-1.));
#2213=DIRECTION('center_axis',(0.,-1.,0.));
#2214=DIRECTION('ref_axis',(-1.,0.,0.));
#2215=DIRECTION('',(1.,0.,0.));
#2216=DIRECTION('',(-1.,0.,0.));
#2217=DIRECTION('',(0.,0.,-1.));
#2218=DIRECTION('center_axis',(0.,0.,-1.));
#2219=DIRECTION('ref_axis',(-1.38777878078144E-15,-1.,0.));
#2220=DIRECTION('center_axis',(0.,0.,1.));
#2221=DIRECTION('ref_axis',(-1.38777878078144E-15,-1.,0.));
#2222=DIRECTION('center_axis',(0.,0.,-1.));
#2223=DIRECTION('ref_axis',(-1.38777878078144E-15,-1.,0.));
#2224=DIRECTION('',(0.,0.,-1.));
#2225=DIRECTION('center_axis',(1.,2.64338815386942E-16,0.));
#2226=DIRECTION('ref_axis',(2.64338815386942E-16,-1.,0.));
#2227=DIRECTION('',(-2.64338815386942E-16,1.,0.));
#2228=DIRECTION('',(2.64338815386942E-16,-1.,0.));
#2229=DIRECTION('',(0.,0.,-1.));
#2230=DIRECTION('center_axis',(0.,0.,-1.));
#2231=DIRECTION('ref_axis',(1.,-2.77555756156289E-15,0.));
#2232=DIRECTION('center_axis',(0.,0.,1.));
#2233=DIRECTION('ref_axis',(1.,-2.77555756156289E-15,0.));
#2234=DIRECTION('center_axis',(0.,0.,-1.));
#2235=DIRECTION('ref_axis',(1.,-2.77555756156289E-15,0.));
#2236=DIRECTION('',(0.,0.,-1.));
#2237=DIRECTION('center_axis',(-1.00929365875014E-15,1.,0.));
#2238=DIRECTION('ref_axis',(1.,1.00929365875014E-15,0.));
#2239=DIRECTION('',(-1.,-1.00929365875014E-15,0.));
#2240=DIRECTION('',(1.,1.00929365875014E-15,0.));
#2241=DIRECTION('',(0.,0.,-1.));
#2242=DIRECTION('center_axis',(0.,0.,-1.));
#2243=DIRECTION('ref_axis',(6.93889390390726E-16,1.,0.));
#2244=DIRECTION('center_axis',(0.,0.,1.));
#2245=DIRECTION('ref_axis',(6.93889390390726E-16,1.,0.));
#2246=DIRECTION('center_axis',(0.,0.,-1.));
#2247=DIRECTION('ref_axis',(6.93889390390726E-16,1.,0.));
#2248=DIRECTION('center_axis',(-0.707106794357437,-0.707106768015658,0.));
#2249=DIRECTION('ref_axis',(-0.707106768015657,0.707106794357437,0.));
#2250=DIRECTION('',(-0.707106768015658,0.707106794357437,0.));
#2251=DIRECTION('',(0.,0.,-1.));
#2252=DIRECTION('',(-0.707106768015658,0.707106794357437,0.));
#2253=DIRECTION('',(0.,0.,-1.));
#2254=DIRECTION('center_axis',(-2.51337374857623E-16,-1.,0.));
#2255=DIRECTION('ref_axis',(-1.,2.51337374857623E-16,0.));
#2256=DIRECTION('',(-1.,2.51337374857623E-16,0.));
#2257=DIRECTION('',(0.,0.,-1.));
#2258=DIRECTION('',(-1.,2.51337374857623E-16,0.));
#2259=DIRECTION('center_axis',(0.707106802259971,-0.707106760113123,0.));
#2260=DIRECTION('ref_axis',(-0.707106760113123,-0.707106802259971,0.));
#2261=DIRECTION('',(-0.707106760113123,-0.707106802259971,0.));
#2262=DIRECTION('',(0.,0.,-1.));
#2263=DIRECTION('',(-0.707106760113123,-0.707106802259971,0.));
#2264=DIRECTION('center_axis',(1.,-2.51337381162255E-16,0.));
#2265=DIRECTION('ref_axis',(-2.51337381162255E-16,-1.,0.));
#2266=DIRECTION('',(-2.51337381162255E-16,-1.,0.));
#2267=DIRECTION('',(0.,0.,-1.));
#2268=DIRECTION('',(-2.51337381162255E-16,-1.,0.));
#2269=DIRECTION('center_axis',(0.707106781186548,0.707106781186548,0.));
#2270=DIRECTION('ref_axis',(0.707106781186548,-0.707106781186548,0.));
#2271=DIRECTION('',(0.707106781186548,-0.707106781186548,0.));
#2272=DIRECTION('',(0.,0.,-1.));
#2273=DIRECTION('',(0.707106781186548,-0.707106781186548,0.));
#2274=DIRECTION('center_axis',(0.,1.,0.));
#2275=DIRECTION('ref_axis',(1.,0.,0.));
#2276=DIRECTION('',(1.,0.,0.));
#2277=DIRECTION('',(0.,0.,-1.));
#2278=DIRECTION('',(1.,0.,0.));
#2279=DIRECTION('center_axis',(-0.707106781186548,0.707106781186548,0.));
#2280=DIRECTION('ref_axis',(0.707106781186548,0.707106781186548,0.));
#2281=DIRECTION('',(0.707106781186548,0.707106781186548,0.));
#2282=DIRECTION('',(0.,0.,-1.));
#2283=DIRECTION('',(0.707106781186547,0.707106781186547,0.));
#2284=DIRECTION('center_axis',(-1.,0.,0.));
#2285=DIRECTION('ref_axis',(0.,1.,0.));
#2286=DIRECTION('',(0.,1.,0.));
#2287=DIRECTION('',(0.,1.,0.));
#2288=DIRECTION('center_axis',(0.,0.,-1.));
#2289=DIRECTION('ref_axis',(-1.,0.,0.));
#2290=DIRECTION('center_axis',(0.,0.,1.));
#2291=DIRECTION('ref_axis',(1.,0.,0.));
#2292=DIRECTION('center_axis',(0.,0.,-1.));
#2293=DIRECTION('ref_axis',(1.,0.,0.));
#2294=DIRECTION('',(0.,0.,-1.));
#2295=DIRECTION('center_axis',(0.,0.,-1.));
#2296=DIRECTION('ref_axis',(1.,0.,0.));
#2297=DIRECTION('center_axis',(0.,0.,1.));
#2298=DIRECTION('ref_axis',(1.,0.,0.));
#2299=DIRECTION('center_axis',(0.,0.,-1.));
#2300=DIRECTION('ref_axis',(1.,0.,0.));
#2301=DIRECTION('',(0.,0.,-1.));
#2302=DIRECTION('center_axis',(0.,0.,-1.));
#2303=DIRECTION('ref_axis',(1.,0.,0.));
#2304=DIRECTION('center_axis',(0.,0.,1.));
#2305=DIRECTION('ref_axis',(1.,0.,0.));
#2306=DIRECTION('center_axis',(0.,0.,-1.));
#2307=DIRECTION('ref_axis',(1.,0.,0.));
#2308=DIRECTION('',(0.,0.,-1.));
#2309=DIRECTION('center_axis',(0.,0.,-1.));
#2310=DIRECTION('ref_axis',(1.,0.,0.));
#2311=DIRECTION('center_axis',(0.,0.,1.));
#2312=DIRECTION('ref_axis',(1.,0.,0.));
#2313=DIRECTION('center_axis',(0.,0.,-1.));
#2314=DIRECTION('ref_axis',(1.,0.,0.));
#2315=DIRECTION('',(0.,0.,-1.));
#2316=DIRECTION('center_axis',(0.,0.,-1.));
#2317=DIRECTION('ref_axis',(1.,0.,0.));
#2318=DIRECTION('center_axis',(0.,0.,1.));
#2319=DIRECTION('ref_axis',(1.,0.,0.));
#2320=DIRECTION('center_axis',(0.,0.,-1.));
#2321=DIRECTION('ref_axis',(1.,0.,0.));
#2322=DIRECTION('',(0.,0.,-1.));
#2323=DIRECTION('center_axis',(0.,0.,-1.));
#2324=DIRECTION('ref_axis',(1.,0.,0.));
#2325=DIRECTION('center_axis',(0.,0.,1.));
#2326=DIRECTION('ref_axis',(1.,0.,0.));
#2327=DIRECTION('center_axis',(0.,0.,-1.));
#2328=DIRECTION('ref_axis',(1.,0.,0.));
#2329=DIRECTION('',(0.,0.,-1.));
#2330=DIRECTION('center_axis',(0.,0.,-1.));
#2331=DIRECTION('ref_axis',(1.,0.,0.));
#2332=DIRECTION('center_axis',(0.,0.,1.));
#2333=DIRECTION('ref_axis',(1.,0.,0.));
#2334=DIRECTION('center_axis',(0.,0.,-1.));
#2335=DIRECTION('ref_axis',(1.,0.,0.));
#2336=DIRECTION('',(0.,0.,-1.));
#2337=DIRECTION('center_axis',(0.,0.,-1.));
#2338=DIRECTION('ref_axis',(1.,0.,0.));
#2339=DIRECTION('center_axis',(0.,0.,1.));
#2340=DIRECTION('ref_axis',(1.,0.,0.));
#2341=DIRECTION('center_axis',(0.,0.,-1.));
#2342=DIRECTION('ref_axis',(1.,0.,0.));
#2343=DIRECTION('',(0.,0.,-1.));
#2344=DIRECTION('center_axis',(0.,0.,-1.));
#2345=DIRECTION('ref_axis',(1.,0.,0.));
#2346=DIRECTION('center_axis',(-0.0975930438865638,-0.995226405289246,0.));
#2347=DIRECTION('ref_axis',(0.995226405289246,-0.0975930438865637,0.));
#2348=DIRECTION('',(-0.995226405289246,0.0975930438865637,0.));
#2349=DIRECTION('',(0.,0.,1.));
#2350=DIRECTION('',(0.995226405289246,-0.0975930438865637,0.));
#2351=DIRECTION('',(0.,0.,1.));
#2352=DIRECTION('center_axis',(0.,-1.,0.));
#2353=DIRECTION('ref_axis',(1.,0.,0.));
#2354=DIRECTION('',(-1.,0.,0.));
#2355=DIRECTION('',(1.,0.,0.));
#2356=DIRECTION('',(0.,0.,1.));
#2357=DIRECTION('center_axis',(0.0975930438865638,-0.995226405289246,0.));
#2358=DIRECTION('ref_axis',(0.995226405289246,0.0975930438865637,0.));
#2359=DIRECTION('',(0.995226405289246,0.0975930438865637,0.));
#2360=DIRECTION('',(0.995226405289246,0.0975930438865637,0.));
#2361=DIRECTION('',(0.,0.,1.));
#2362=DIRECTION('center_axis',(-0.707106781186548,-0.707106781186548,0.));
#2363=DIRECTION('ref_axis',(0.707106781186548,-0.707106781186548,0.));
#2364=DIRECTION('',(-0.707106781186547,0.707106781186547,0.));
#2365=DIRECTION('',(0.707106781186547,-0.707106781186547,0.));
#2366=DIRECTION('',(0.,0.,1.));
#2367=DIRECTION('center_axis',(-0.995226405289246,0.0975930438865638,0.));
#2368=DIRECTION('ref_axis',(-0.0975930438865637,-0.995226405289246,0.));
#2369=DIRECTION('',(0.0975930438865637,0.995226405289246,0.));
#2370=DIRECTION('',(-0.0975930438865637,-0.995226405289246,0.));
#2371=DIRECTION('',(0.,0.,1.));
#2372=DIRECTION('center_axis',(-1.,0.,0.));
#2373=DIRECTION('ref_axis',(0.,-1.,0.));
#2374=DIRECTION('',(0.,1.,0.));
#2375=DIRECTION('',(0.,-1.,0.));
#2376=DIRECTION('',(0.,0.,1.));
#2377=DIRECTION('center_axis',(-0.995226405289246,-0.0975930438865638,0.));
#2378=DIRECTION('ref_axis',(0.0975930438865637,-0.995226405289246,0.));
#2379=DIRECTION('',(0.0975930438865637,-0.995226405289246,0.));
#2380=DIRECTION('',(0.0975930438865637,-0.995226405289246,0.));
#2381=DIRECTION('',(0.,0.,1.));
#2382=DIRECTION('center_axis',(-0.707106781186548,0.707106781186548,0.));
#2383=DIRECTION('ref_axis',(-0.707106781186548,-0.707106781186548,0.));
#2384=DIRECTION('',(0.707106781186547,0.707106781186547,0.));
#2385=DIRECTION('',(-0.707106781186547,-0.707106781186547,0.));
#2386=DIRECTION('',(0.,0.,1.));
#2387=DIRECTION('center_axis',(0.0975930438865638,0.995226405289246,0.));
#2388=DIRECTION('ref_axis',(-0.995226405289246,0.0975930438865637,0.));
#2389=DIRECTION('',(0.995226405289246,-0.0975930438865637,0.));
#2390=DIRECTION('',(-0.995226405289246,0.0975930438865637,0.));
#2391=DIRECTION('',(0.,0.,1.));
#2392=DIRECTION('center_axis',(0.,1.,0.));
#2393=DIRECTION('ref_axis',(-1.,0.,0.));
#2394=DIRECTION('',(1.,0.,0.));
#2395=DIRECTION('',(-1.,0.,0.));
#2396=DIRECTION('',(0.,0.,1.));
#2397=DIRECTION('center_axis',(-0.0975930438865638,0.995226405289246,0.));
#2398=DIRECTION('ref_axis',(-0.995226405289246,-0.0975930438865637,0.));
#2399=DIRECTION('',(-0.995226405289246,-0.0975930438865637,0.));
#2400=DIRECTION('',(-0.995226405289246,-0.0975930438865637,0.));
#2401=DIRECTION('',(0.,0.,1.));
#2402=DIRECTION('center_axis',(0.707106781186548,0.707106781186548,0.));
#2403=DIRECTION('ref_axis',(-0.707106781186548,0.707106781186548,0.));
#2404=DIRECTION('',(0.707106781186547,-0.707106781186547,0.));
#2405=DIRECTION('',(-0.707106781186547,0.707106781186547,0.));
#2406=DIRECTION('',(0.,0.,1.));
#2407=DIRECTION('center_axis',(0.995226405289246,-0.0975930438865638,0.));
#2408=DIRECTION('ref_axis',(0.0975930438865637,0.995226405289246,0.));
#2409=DIRECTION('',(-0.0975930438865637,-0.995226405289246,0.));
#2410=DIRECTION('',(0.0975930438865637,0.995226405289246,0.));
#2411=DIRECTION('',(0.,0.,1.));
#2412=DIRECTION('center_axis',(1.,0.,0.));
#2413=DIRECTION('ref_axis',(0.,1.,0.));
#2414=DIRECTION('',(0.,-1.,0.));
#2415=DIRECTION('',(0.,1.,0.));
#2416=DIRECTION('',(0.,0.,1.));
#2417=DIRECTION('center_axis',(0.995226405289246,0.0975930438865634,0.));
#2418=DIRECTION('ref_axis',(-0.0975930438865633,0.995226405289246,0.));
#2419=DIRECTION('',(-0.0975930438865633,0.995226405289246,0.));
#2420=DIRECTION('',(-0.0975930438865633,0.995226405289246,0.));
#2421=DIRECTION('',(0.,0.,1.));
#2422=DIRECTION('center_axis',(0.707106781186548,-0.707106781186547,0.));
#2423=DIRECTION('ref_axis',(0.707106781186547,0.707106781186548,0.));
#2424=DIRECTION('',(0.707106781186547,0.707106781186548,0.));
#2425=DIRECTION('',(0.707106781186547,0.707106781186548,0.));
#2426=DIRECTION('center_axis',(0.,0.,1.));
#2427=DIRECTION('ref_axis',(1.,0.,0.));
#2428=DIRECTION('center_axis',(0.,0.,1.));
#2429=DIRECTION('ref_axis',(1.,0.,0.));
#2430=CARTESIAN_POINT('',(0.,0.,0.));
#2431=CARTESIAN_POINT('Origin',(-17.5,-10.,2.));
#2432=CARTESIAN_POINT('',(-17.5,10.,0.));
#2433=CARTESIAN_POINT('',(-17.5,-10.,0.));
#2434=CARTESIAN_POINT('',(-17.5,-5.,0.));
#2435=CARTESIAN_POINT('',(-17.5,10.,2.));
#2436=CARTESIAN_POINT('',(-17.5,10.,2.));
#2437=CARTESIAN_POINT('',(-17.5,-10.,2.));
#2438=CARTESIAN_POINT('',(-17.5,-5.,2.));
#2439=CARTESIAN_POINT('',(-17.5,-10.,2.));
#2440=CARTESIAN_POINT('Origin',(17.5,-10.,2.));
#2441=CARTESIAN_POINT('',(17.5,-10.,0.));
#2442=CARTESIAN_POINT('',(8.75,-10.,0.));
#2443=CARTESIAN_POINT('',(17.5,-10.,2.));
#2444=CARTESIAN_POINT('',(8.75,-10.,2.));
#2445=CARTESIAN_POINT('',(17.5,-10.,2.));
#2446=CARTESIAN_POINT('Origin',(17.5,10.,2.));
#2447=CARTESIAN_POINT('',(17.5,10.,0.));
#2448=CARTESIAN_POINT('',(17.5,5.,0.));
#2449=CARTESIAN_POINT('',(17.5,10.,2.));
#2450=CARTESIAN_POINT('',(17.5,5.,2.));
#2451=CARTESIAN_POINT('',(17.5,10.,2.));
#2452=CARTESIAN_POINT('Origin',(-17.5,10.,2.));
#2453=CARTESIAN_POINT('',(-8.75,10.,0.));
#2454=CARTESIAN_POINT('',(-8.75,10.,2.));
#2455=CARTESIAN_POINT('Origin',(-2.3,18.3,2.));
#2456=CARTESIAN_POINT('',(-2.3,17.5,0.));
#2457=CARTESIAN_POINT('',(-1.5,18.3,0.));
#2458=CARTESIAN_POINT('Origin',(-2.3,18.3,0.));
#2459=CARTESIAN_POINT('',(-2.3,17.5,2.));
#2460=CARTESIAN_POINT('',(-2.3,17.5,2.));
#2461=CARTESIAN_POINT('',(-1.5,18.3,2.));
#2462=CARTESIAN_POINT('Origin',(-2.3,18.3,2.));
#2463=CARTESIAN_POINT('',(-1.5,18.3,2.));
#2464=CARTESIAN_POINT('Origin',(-1.5,19.7,2.));
#2465=CARTESIAN_POINT('',(-1.5,19.7,0.));
#2466=CARTESIAN_POINT('',(-1.5,9.85,0.));
#2467=CARTESIAN_POINT('',(-1.5,19.7,2.));
#2468=CARTESIAN_POINT('',(-1.5,9.85,2.));
#2469=CARTESIAN_POINT('',(-1.5,19.7,2.));
#2470=CARTESIAN_POINT('Origin',(-2.3,19.7,2.));
#2471=CARTESIAN_POINT('',(-2.3,20.5,0.));
#2472=CARTESIAN_POINT('Origin',(-2.3,19.7,0.));
#2473=CARTESIAN_POINT('',(-2.3,20.5,2.));
#2474=CARTESIAN_POINT('Origin',(-2.3,19.7,2.));
#2475=CARTESIAN_POINT('',(-2.3,20.5,2.));
#2476=CARTESIAN_POINT('Origin',(-4.2,20.5,2.));
#2477=CARTESIAN_POINT('',(-4.2,20.5,0.));
#2478=CARTESIAN_POINT('',(-2.09999999999998,20.5,0.));
#2479=CARTESIAN_POINT('',(-4.2,20.5,2.));
#2480=CARTESIAN_POINT('',(-2.09999999999997,20.5,2.));
#2481=CARTESIAN_POINT('',(-4.2,20.5,2.));
#2482=CARTESIAN_POINT('Origin',(-4.2,21.3,2.));
#2483=CARTESIAN_POINT('',(-5.,21.3,0.));
#2484=CARTESIAN_POINT('Origin',(-4.2,21.3,0.));
#2485=CARTESIAN_POINT('',(-5.,21.3,2.));
#2486=CARTESIAN_POINT('Origin',(-4.2,21.3,2.));
#2487=CARTESIAN_POINT('',(-5.,21.3,2.));
#2488=CARTESIAN_POINT('Origin',(-5.,23.7,2.));
#2489=CARTESIAN_POINT('',(-5.,23.7,0.));
#2490=CARTESIAN_POINT('',(-5.,11.85,0.));
#2491=CARTESIAN_POINT('',(-5.,23.7,2.));
#2492=CARTESIAN_POINT('',(-5.,11.85,2.));
#2493=CARTESIAN_POINT('',(-5.,23.7,2.));
#2494=CARTESIAN_POINT('Origin',(-4.2,23.7,2.));
#2495=CARTESIAN_POINT('',(-4.2,24.5,0.));
#2496=CARTESIAN_POINT('Origin',(-4.2,23.7,0.));
#2497=CARTESIAN_POINT('',(-4.2,24.5,2.));
#2498=CARTESIAN_POINT('Origin',(-4.2,23.7,2.));
#2499=CARTESIAN_POINT('',(-4.2,24.5,2.));
#2500=CARTESIAN_POINT('Origin',(4.2,24.5,2.));
#2501=CARTESIAN_POINT('',(4.2,24.5,0.));
#2502=CARTESIAN_POINT('',(2.1,24.5,0.));
#2503=CARTESIAN_POINT('',(4.2,24.5,2.));
#2504=CARTESIAN_POINT('',(2.1,24.5,2.));
#2505=CARTESIAN_POINT('',(4.2,24.5,2.));
#2506=CARTESIAN_POINT('Origin',(4.2,23.7,2.));
#2507=CARTESIAN_POINT('',(5.,23.7,0.));
#2508=CARTESIAN_POINT('Origin',(4.2,23.7,0.));
#2509=CARTESIAN_POINT('',(5.,23.7,2.));
#2510=CARTESIAN_POINT('Origin',(4.2,23.7,2.));
#2511=CARTESIAN_POINT('',(5.,23.7,2.));
#2512=CARTESIAN_POINT('Origin',(5.,21.3000000698226,2.));
#2513=CARTESIAN_POINT('',(5.,21.3000000698226,0.));
#2514=CARTESIAN_POINT('',(5.,10.6500000349113,0.));
#2515=CARTESIAN_POINT('',(5.,21.3000000698226,2.));
#2516=CARTESIAN_POINT('',(5.,10.6500000349113,2.));
#2517=CARTESIAN_POINT('',(5.,21.3000000698226,2.));
#2518=CARTESIAN_POINT('Origin',(4.2,21.3000000698226,2.));
#2519=CARTESIAN_POINT('',(4.19999993017742,20.5000000698226,0.));
#2520=CARTESIAN_POINT('Origin',(4.2,21.3000000698226,0.));
#2521=CARTESIAN_POINT('',(4.19999993017742,20.5000000698226,2.));
#2522=CARTESIAN_POINT('Origin',(4.2,21.3000000698226,2.));
#2523=CARTESIAN_POINT('',(4.19999993017742,20.5000000698226,2.));
#2524=CARTESIAN_POINT('Origin',(2.30000006982258,20.5000002356512,2.));
#2525=CARTESIAN_POINT('',(2.30000006982258,20.5000002356512,0.));
#2526=CARTESIAN_POINT('',(1.15000092951318,20.5000003360211,-1.38777878078145E-16));
#2527=CARTESIAN_POINT('',(2.30000006982258,20.5000002356512,2.));
#2528=CARTESIAN_POINT('',(1.15000092951318,20.5000003360211,2.));
#2529=CARTESIAN_POINT('',(2.30000006982258,20.5000002356512,2.));
#2530=CARTESIAN_POINT('Origin',(2.3,19.7000002356512,2.));
#2531=CARTESIAN_POINT('',(1.5,19.7000002356512,0.));
#2532=CARTESIAN_POINT('Origin',(2.3,19.7000002356512,0.));
#2533=CARTESIAN_POINT('',(1.5,19.7000002356512,2.));
#2534=CARTESIAN_POINT('Origin',(2.3,19.7000002356512,2.));
#2535=CARTESIAN_POINT('',(1.5,19.7000002356512,2.));
#2536=CARTESIAN_POINT('Origin',(1.5,18.3,2.));
#2537=CARTESIAN_POINT('',(1.5,18.3,0.));
#2538=CARTESIAN_POINT('',(1.5,9.15,0.));
#2539=CARTESIAN_POINT('',(1.5,18.3,2.));
#2540=CARTESIAN_POINT('',(1.5,9.15,2.));
#2541=CARTESIAN_POINT('',(1.5,18.3,2.));
#2542=CARTESIAN_POINT('Origin',(2.3,18.3,2.));
#2543=CARTESIAN_POINT('',(2.3,17.5,0.));
#2544=CARTESIAN_POINT('Origin',(2.3,18.3,0.));
#2545=CARTESIAN_POINT('',(2.3,17.5,2.));
#2546=CARTESIAN_POINT('Origin',(2.3,18.3,2.));
#2547=CARTESIAN_POINT('',(2.3,17.5,2.));
#2548=CARTESIAN_POINT('Origin',(6.7,17.5,2.));
#2549=CARTESIAN_POINT('',(6.7,17.5,0.));
#2550=CARTESIAN_POINT('',(3.35000000000001,17.5,0.));
#2551=CARTESIAN_POINT('',(6.7,17.5,2.));
#2552=CARTESIAN_POINT('',(3.35000000000001,17.5,2.));
#2553=CARTESIAN_POINT('',(6.7,17.5,2.));
#2554=CARTESIAN_POINT('Origin',(6.7,18.3,2.));
#2555=CARTESIAN_POINT('',(7.5,18.3,0.));
#2556=CARTESIAN_POINT('Origin',(6.7,18.3,0.));
#2557=CARTESIAN_POINT('',(7.5,18.3,2.));
#2558=CARTESIAN_POINT('Origin',(6.7,18.3,2.));
#2559=CARTESIAN_POINT('',(7.5,18.3,2.));
#2560=CARTESIAN_POINT('Origin',(7.5,26.7,2.));
#2561=CARTESIAN_POINT('',(7.5,26.7,0.));
#2562=CARTESIAN_POINT('',(7.5,13.35,0.));
#2563=CARTESIAN_POINT('',(7.5,26.7,2.));
#2564=CARTESIAN_POINT('',(7.5,13.35,2.));
#2565=CARTESIAN_POINT('',(7.5,26.7,2.));
#2566=CARTESIAN_POINT('Origin',(6.7,26.7,2.));
#2567=CARTESIAN_POINT('',(6.7,27.5,0.));
#2568=CARTESIAN_POINT('Origin',(6.7,26.7,0.));
#2569=CARTESIAN_POINT('',(6.7,27.5,2.));
#2570=CARTESIAN_POINT('Origin',(6.7,26.7,2.));
#2571=CARTESIAN_POINT('',(6.7,27.5,2.));
#2572=CARTESIAN_POINT('Origin',(-6.7,27.5,2.));
#2573=CARTESIAN_POINT('',(-6.7,27.5,0.));
#2574=CARTESIAN_POINT('',(-3.35,27.5,0.));
#2575=CARTESIAN_POINT('',(-6.7,27.5,2.));
#2576=CARTESIAN_POINT('',(-3.35,27.5,2.));
#2577=CARTESIAN_POINT('',(-6.7,27.5,2.));
#2578=CARTESIAN_POINT('Origin',(-6.7,26.7,2.));
#2579=CARTESIAN_POINT('',(-7.5,26.7,0.));
#2580=CARTESIAN_POINT('Origin',(-6.7,26.7,0.));
#2581=CARTESIAN_POINT('',(-7.5,26.7,2.));
#2582=CARTESIAN_POINT('Origin',(-6.7,26.7,2.));
#2583=CARTESIAN_POINT('',(-7.5,26.7,2.));
#2584=CARTESIAN_POINT('Origin',(-7.5,18.3,2.));
#2585=CARTESIAN_POINT('',(-7.5,18.3,0.));
#2586=CARTESIAN_POINT('',(-7.5,9.15,0.));
#2587=CARTESIAN_POINT('',(-7.5,18.3,2.));
#2588=CARTESIAN_POINT('',(-7.5,9.15,2.));
#2589=CARTESIAN_POINT('',(-7.5,18.3,2.));
#2590=CARTESIAN_POINT('Origin',(-6.7,18.3,2.));
#2591=CARTESIAN_POINT('',(-6.7,17.5,0.));
#2592=CARTESIAN_POINT('Origin',(-6.7,18.3,0.));
#2593=CARTESIAN_POINT('',(-6.7,17.5,2.));
#2594=CARTESIAN_POINT('Origin',(-6.7,18.3,2.));
#2595=CARTESIAN_POINT('',(-6.7,17.5,2.));
#2596=CARTESIAN_POINT('Origin',(-2.3,17.5,2.));
#2597=CARTESIAN_POINT('',(-1.15,17.5,0.));
#2598=CARTESIAN_POINT('',(-1.15,17.5,2.));
#2599=CARTESIAN_POINT('Origin',(1.5,-19.7000002356512,2.));
#2600=CARTESIAN_POINT('',(1.5,-18.3,0.));
#2601=CARTESIAN_POINT('',(1.5,-19.7000002356512,0.));
#2602=CARTESIAN_POINT('',(1.5,-9.85000011782561,0.));
#2603=CARTESIAN_POINT('',(1.5,-18.3,2.));
#2604=CARTESIAN_POINT('',(1.5,-18.3,2.));
#2605=CARTESIAN_POINT('',(1.5,-19.7000002356512,2.));
#2606=CARTESIAN_POINT('',(1.5,-9.85000011782561,2.));
#2607=CARTESIAN_POINT('',(1.5,-19.7000002356512,2.));
#2608=CARTESIAN_POINT('Origin',(2.3,-19.7000002356512,2.));
#2609=CARTESIAN_POINT('',(2.30000006982258,-20.5000002356512,0.));
#2610=CARTESIAN_POINT('Origin',(2.3,-19.7000002356512,0.));
#2611=CARTESIAN_POINT('',(2.30000006982258,-20.5000002356512,2.));
#2612=CARTESIAN_POINT('Origin',(2.3,-19.7000002356512,2.));
#2613=CARTESIAN_POINT('',(2.30000006982258,-20.5000002356512,2.));
#2614=CARTESIAN_POINT('Origin',(4.19999993017742,-20.5000000698226,2.));
#2615=CARTESIAN_POINT('',(4.19999993017742,-20.5000000698226,0.));
#2616=CARTESIAN_POINT('',(2.10000085969059,-20.5000002531068,-1.38777878078145E-16));
#2617=CARTESIAN_POINT('',(4.19999993017742,-20.5000000698226,2.));
#2618=CARTESIAN_POINT('',(2.1000008596906,-20.5000002531068,2.));
#2619=CARTESIAN_POINT('',(4.19999993017742,-20.5000000698226,2.));
#2620=CARTESIAN_POINT('Origin',(4.2,-21.3000000698226,2.));
#2621=CARTESIAN_POINT('',(5.,-21.3000000698226,0.));
#2622=CARTESIAN_POINT('Origin',(4.2,-21.3000000698226,0.));
#2623=CARTESIAN_POINT('',(5.,-21.3000000698226,2.));
#2624=CARTESIAN_POINT('Origin',(4.2,-21.3000000698226,2.));
#2625=CARTESIAN_POINT('',(5.,-21.3000000698226,2.));
#2626=CARTESIAN_POINT('Origin',(5.,-23.7,2.));
#2627=CARTESIAN_POINT('',(5.,-23.7,0.));
#2628=CARTESIAN_POINT('',(5.,-11.85,0.));
#2629=CARTESIAN_POINT('',(5.,-23.7,2.));
#2630=CARTESIAN_POINT('',(5.,-11.85,2.));
#2631=CARTESIAN_POINT('',(5.,-23.7,2.));
#2632=CARTESIAN_POINT('Origin',(4.2,-23.7,2.));
#2633=CARTESIAN_POINT('',(4.2,-24.5,0.));
#2634=CARTESIAN_POINT('Origin',(4.2,-23.7,0.));
#2635=CARTESIAN_POINT('',(4.2,-24.5,2.));
#2636=CARTESIAN_POINT('Origin',(4.2,-23.7,2.));
#2637=CARTESIAN_POINT('',(4.2,-24.5,2.));
#2638=CARTESIAN_POINT('Origin',(-4.2,-24.5,2.));
#2639=CARTESIAN_POINT('',(-4.2,-24.5,0.));
#2640=CARTESIAN_POINT('',(-2.1,-24.5,0.));
#2641=CARTESIAN_POINT('',(-4.2,-24.5,2.));
#2642=CARTESIAN_POINT('',(-2.1,-24.5,2.));
#2643=CARTESIAN_POINT('',(-4.2,-24.5,2.));
#2644=CARTESIAN_POINT('Origin',(-4.2,-23.7,2.));
#2645=CARTESIAN_POINT('',(-5.,-23.7,0.));
#2646=CARTESIAN_POINT('Origin',(-4.2,-23.7,0.));
#2647=CARTESIAN_POINT('',(-5.,-23.7,2.));
#2648=CARTESIAN_POINT('Origin',(-4.2,-23.7,2.));
#2649=CARTESIAN_POINT('',(-5.,-23.7,2.));
#2650=CARTESIAN_POINT('Origin',(-5.,-21.3,2.));
#2651=CARTESIAN_POINT('',(-5.,-21.3,0.));
#2652=CARTESIAN_POINT('',(-5.,-10.65,0.));
#2653=CARTESIAN_POINT('',(-5.,-21.3,2.));
#2654=CARTESIAN_POINT('',(-5.,-10.65,2.));
#2655=CARTESIAN_POINT('',(-5.,-21.3,2.));
#2656=CARTESIAN_POINT('Origin',(-4.2,-21.3,2.));
#2657=CARTESIAN_POINT('',(-4.2,-20.5,0.));
#2658=CARTESIAN_POINT('Origin',(-4.2,-21.3,0.));
#2659=CARTESIAN_POINT('',(-4.2,-20.5,2.));
#2660=CARTESIAN_POINT('Origin',(-4.2,-21.3,2.));
#2661=CARTESIAN_POINT('',(-4.2,-20.5,2.));
#2662=CARTESIAN_POINT('Origin',(-2.3,-20.5,2.));
#2663=CARTESIAN_POINT('',(-2.3,-20.5,0.));
#2664=CARTESIAN_POINT('',(-1.14999999999998,-20.5,0.));
#2665=CARTESIAN_POINT('',(-2.3,-20.5,2.));
#2666=CARTESIAN_POINT('',(-1.14999999999997,-20.5,2.));
#2667=CARTESIAN_POINT('',(-2.3,-20.5,2.));
#2668=CARTESIAN_POINT('Origin',(-2.3,-19.7,2.));
#2669=CARTESIAN_POINT('',(-1.5,-19.7,0.));
#2670=CARTESIAN_POINT('Origin',(-2.3,-19.7,0.));
#2671=CARTESIAN_POINT('',(-1.5,-19.7,2.));
#2672=CARTESIAN_POINT('Origin',(-2.3,-19.7,2.));
#2673=CARTESIAN_POINT('',(-1.5,-19.7,2.));
#2674=CARTESIAN_POINT('Origin',(-1.5,-18.3,2.));
#2675=CARTESIAN_POINT('',(-1.5,-18.3,0.));
#2676=CARTESIAN_POINT('',(-1.5,-9.15,0.));
#2677=CARTESIAN_POINT('',(-1.5,-18.3,2.));
#2678=CARTESIAN_POINT('',(-1.5,-9.15,2.));
#2679=CARTESIAN_POINT('',(-1.5,-18.3,2.));
#2680=CARTESIAN_POINT('Origin',(-2.3,-18.3,2.));
#2681=CARTESIAN_POINT('',(-2.3,-17.5,0.));
#2682=CARTESIAN_POINT('Origin',(-2.3,-18.3,0.));
#2683=CARTESIAN_POINT('',(-2.3,-17.5,2.));
#2684=CARTESIAN_POINT('Origin',(-2.3,-18.3,2.));
#2685=CARTESIAN_POINT('',(-2.3,-17.5,2.));
#2686=CARTESIAN_POINT('Origin',(-6.7,-17.5,2.));
#2687=CARTESIAN_POINT('',(-6.7,-17.5,0.));
#2688=CARTESIAN_POINT('',(-3.35,-17.5,0.));
#2689=CARTESIAN_POINT('',(-6.7,-17.5,2.));
#2690=CARTESIAN_POINT('',(-3.35,-17.5,2.));
#2691=CARTESIAN_POINT('',(-6.7,-17.5,2.));
#2692=CARTESIAN_POINT('Origin',(-6.7,-18.3,2.));
#2693=CARTESIAN_POINT('',(-7.5,-18.3,0.));
#2694=CARTESIAN_POINT('Origin',(-6.7,-18.3,0.));
#2695=CARTESIAN_POINT('',(-7.5,-18.3,2.));
#2696=CARTESIAN_POINT('Origin',(-6.7,-18.3,2.));
#2697=CARTESIAN_POINT('',(-7.5,-18.3,2.));
#2698=CARTESIAN_POINT('Origin',(-7.5,-26.7,2.));
#2699=CARTESIAN_POINT('',(-7.5,-26.7,0.));
#2700=CARTESIAN_POINT('',(-7.5,-13.35,0.));
#2701=CARTESIAN_POINT('',(-7.5,-26.7,2.));
#2702=CARTESIAN_POINT('',(-7.5,-13.35,2.));
#2703=CARTESIAN_POINT('',(-7.5,-26.7,2.));
#2704=CARTESIAN_POINT('Origin',(-6.7,-26.7,2.));
#2705=CARTESIAN_POINT('',(-6.7,-27.5,0.));
#2706=CARTESIAN_POINT('Origin',(-6.7,-26.7,0.));
#2707=CARTESIAN_POINT('',(-6.7,-27.5,2.));
#2708=CARTESIAN_POINT('Origin',(-6.7,-26.7,2.));
#2709=CARTESIAN_POINT('',(-6.7,-27.5,2.));
#2710=CARTESIAN_POINT('Origin',(6.7,-27.5,2.));
#2711=CARTESIAN_POINT('',(6.7,-27.5,0.));
#2712=CARTESIAN_POINT('',(3.35,-27.5,0.));
#2713=CARTESIAN_POINT('',(6.7,-27.5,2.));
#2714=CARTESIAN_POINT('',(3.35,-27.5,2.));
#2715=CARTESIAN_POINT('',(6.7,-27.5,2.));
#2716=CARTESIAN_POINT('Origin',(6.7,-26.7,2.));
#2717=CARTESIAN_POINT('',(7.5,-26.7,0.));
#2718=CARTESIAN_POINT('Origin',(6.7,-26.7,0.));
#2719=CARTESIAN_POINT('',(7.5,-26.7,2.));
#2720=CARTESIAN_POINT('Origin',(6.7,-26.7,2.));
#2721=CARTESIAN_POINT('',(7.5,-26.7,2.));
#2722=CARTESIAN_POINT('Origin',(7.5,-18.3,2.));
#2723=CARTESIAN_POINT('',(7.5,-18.3,0.));
#2724=CARTESIAN_POINT('',(7.5,-9.15,0.));
#2725=CARTESIAN_POINT('',(7.5,-18.3,2.));
#2726=CARTESIAN_POINT('',(7.5,-9.15,2.));
#2727=CARTESIAN_POINT('',(7.5,-18.3,2.));
#2728=CARTESIAN_POINT('Origin',(6.7,-18.3,2.));
#2729=CARTESIAN_POINT('',(6.7,-17.5,0.));
#2730=CARTESIAN_POINT('Origin',(6.7,-18.3,0.));
#2731=CARTESIAN_POINT('',(6.7,-17.5,2.));
#2732=CARTESIAN_POINT('Origin',(6.7,-18.3,2.));
#2733=CARTESIAN_POINT('',(6.7,-17.5,2.));
#2734=CARTESIAN_POINT('Origin',(2.3,-17.5,2.));
#2735=CARTESIAN_POINT('',(2.3,-17.5,0.));
#2736=CARTESIAN_POINT('',(1.15000000000001,-17.5,0.));
#2737=CARTESIAN_POINT('',(2.3,-17.5,2.));
#2738=CARTESIAN_POINT('',(1.15000000000001,-17.5,2.));
#2739=CARTESIAN_POINT('',(2.3,-17.5,2.));
#2740=CARTESIAN_POINT('Origin',(2.3,-18.3,2.));
#2741=CARTESIAN_POINT('Origin',(2.3,-18.3,0.));
#2742=CARTESIAN_POINT('Origin',(2.3,-18.3,2.));
#2743=CARTESIAN_POINT('Origin',(-17.6690477693676,-29.,4.));
#2744=CARTESIAN_POINT('',(-17.6690477693676,-29.,4.));
#2745=CARTESIAN_POINT('',(-29.,-17.6690473472567,4.));
#2746=CARTESIAN_POINT('',(-20.5017859915815,-26.1672616722584,4.));
#2747=CARTESIAN_POINT('',(-17.6690477693676,-29.,2.));
#2748=CARTESIAN_POINT('',(-17.6690477693676,-29.,4.));
#2749=CARTESIAN_POINT('',(-29.,-17.6690473472567,2.));
#2750=CARTESIAN_POINT('',(-17.6690477693676,-29.,2.));
#2751=CARTESIAN_POINT('',(-29.,-17.6690473472567,4.));
#2752=CARTESIAN_POINT('Origin',(17.6690478960009,-29.,4.));
#2753=CARTESIAN_POINT('',(17.6690478960009,-29.,4.));
#2754=CARTESIAN_POINT('',(8.83452394800043,-29.,4.));
#2755=CARTESIAN_POINT('',(17.6690478960009,-29.,2.));
#2756=CARTESIAN_POINT('',(17.6690478960009,-29.,4.));
#2757=CARTESIAN_POINT('',(17.6690478960009,-29.,2.));
#2758=CARTESIAN_POINT('Origin',(29.,-17.6690472206235,4.));
#2759=CARTESIAN_POINT('',(29.,-17.6690472206235,4.));
#2760=CARTESIAN_POINT('',(26.1672622372895,-20.5017851521783,4.));
#2761=CARTESIAN_POINT('',(29.,-17.6690472206235,2.));
#2762=CARTESIAN_POINT('',(29.,-17.6690472206235,4.));
#2763=CARTESIAN_POINT('',(29.,-17.6690472206235,2.));
#2764=CARTESIAN_POINT('Origin',(29.,17.6690475583122,4.));
#2765=CARTESIAN_POINT('',(29.,17.6690475583122,4.));
#2766=CARTESIAN_POINT('',(29.,8.83452377915607,4.));
#2767=CARTESIAN_POINT('',(29.,17.6690475583122,2.));
#2768=CARTESIAN_POINT('',(29.,17.6690475583122,4.));
#2769=CARTESIAN_POINT('',(29.,17.6690475583122,2.));
#2770=CARTESIAN_POINT('Origin',(17.6690475583122,29.,4.));
#2771=CARTESIAN_POINT('',(17.6690475583122,29.,4.));
#2772=CARTESIAN_POINT('',(20.5017856687341,26.167261889578,4.));
#2773=CARTESIAN_POINT('',(17.6690475583122,29.,2.));
#2774=CARTESIAN_POINT('',(17.6690475583122,29.,4.));
#2775=CARTESIAN_POINT('',(17.6690475583122,29.,2.));
#2776=CARTESIAN_POINT('Origin',(-17.6690475583122,29.,4.));
#2777=CARTESIAN_POINT('',(-17.6690475583122,29.,4.));
#2778=CARTESIAN_POINT('',(-8.83452377915608,29.,4.));
#2779=CARTESIAN_POINT('',(-17.6690475583122,29.,2.));
#2780=CARTESIAN_POINT('',(-17.6690475583122,29.,4.));
#2781=CARTESIAN_POINT('',(-17.6690475583122,29.,2.));
#2782=CARTESIAN_POINT('Origin',(-29.,17.6690475583122,4.));
#2783=CARTESIAN_POINT('',(-29.,17.6690475583122,4.));
#2784=CARTESIAN_POINT('',(-26.167261889578,20.5017856687341,4.));
#2785=CARTESIAN_POINT('',(-29.,17.6690475583122,2.));
#2786=CARTESIAN_POINT('',(-29.,17.6690475583122,4.));
#2787=CARTESIAN_POINT('',(-29.,17.6690475583122,2.));
#2788=CARTESIAN_POINT('Origin',(-29.,-17.6690473472567,4.));
#2789=CARTESIAN_POINT('',(-29.,-8.83452367362837,4.));
#2790=CARTESIAN_POINT('',(-29.,-17.6690473472567,2.));
#2791=CARTESIAN_POINT('Origin',(4.44089209850063E-15,-4.44089209850063E-15,
2.));
#2792=CARTESIAN_POINT('Origin',(-22.6274169979695,-31.1126983722081,0.));
#2793=CARTESIAN_POINT('',(-24.2274169979695,-31.1126983722081,4.));
#2794=CARTESIAN_POINT('Origin',(-22.6274169979695,-31.1126983722081,4.));
#2795=CARTESIAN_POINT('',(-24.2274169979695,-31.1126983722081,0.));
#2796=CARTESIAN_POINT('',(-24.2274169979695,-31.1126983722081,0.));
#2797=CARTESIAN_POINT('Origin',(-22.6274169979695,-31.1126983722081,0.));
#2798=CARTESIAN_POINT('Origin',(31.1126983722081,-22.6274169979695,0.));
#2799=CARTESIAN_POINT('',(29.5126983722081,-22.6274169979695,4.));
#2800=CARTESIAN_POINT('Origin',(31.1126983722081,-22.6274169979695,4.));
#2801=CARTESIAN_POINT('',(29.5126983722081,-22.6274169979695,0.));
#2802=CARTESIAN_POINT('',(29.5126983722081,-22.6274169979695,0.));
#2803=CARTESIAN_POINT('Origin',(31.1126983722081,-22.6274169979695,0.));
#2804=CARTESIAN_POINT('Origin',(22.6274169979695,31.1126983722081,0.));
#2805=CARTESIAN_POINT('',(21.0274169979695,31.1126983722081,4.));
#2806=CARTESIAN_POINT('Origin',(22.6274169979695,31.1126983722081,4.));
#2807=CARTESIAN_POINT('',(21.0274169979695,31.1126983722081,0.));
#2808=CARTESIAN_POINT('',(21.0274169979695,31.1126983722081,0.));
#2809=CARTESIAN_POINT('Origin',(22.6274169979695,31.1126983722081,0.));
#2810=CARTESIAN_POINT('Origin',(-31.1126983722081,22.6274169979695,0.));
#2811=CARTESIAN_POINT('',(-32.7126983722081,22.6274169979695,4.));
#2812=CARTESIAN_POINT('Origin',(-31.1126983722081,22.6274169979695,4.));
#2813=CARTESIAN_POINT('',(-32.7126983722081,22.6274169979695,0.));
#2814=CARTESIAN_POINT('',(-32.7126983722081,22.6274169979695,0.));
#2815=CARTESIAN_POINT('Origin',(-31.1126983722081,22.6274169979695,0.));
#2816=CARTESIAN_POINT('Origin',(22.6274169979695,-31.1126983722081,0.));
#2817=CARTESIAN_POINT('',(21.0274169979695,-31.1126983722081,4.));
#2818=CARTESIAN_POINT('Origin',(22.6274169979695,-31.1126983722081,4.));
#2819=CARTESIAN_POINT('',(21.0274169979695,-31.1126983722081,0.));
#2820=CARTESIAN_POINT('',(21.0274169979695,-31.1126983722081,0.));
#2821=CARTESIAN_POINT('Origin',(22.6274169979695,-31.1126983722081,0.));
#2822=CARTESIAN_POINT('Origin',(-31.1126983722081,-22.6274169979695,0.));
#2823=CARTESIAN_POINT('',(-32.7126983722081,-22.6274169979695,4.));
#2824=CARTESIAN_POINT('Origin',(-31.1126983722081,-22.6274169979695,4.));
#2825=CARTESIAN_POINT('',(-32.7126983722081,-22.6274169979695,0.));
#2826=CARTESIAN_POINT('',(-32.7126983722081,-22.6274169979695,0.));
#2827=CARTESIAN_POINT('Origin',(-31.1126983722081,-22.6274169979695,0.));
#2828=CARTESIAN_POINT('Origin',(-22.6274169979695,31.1126983722081,0.));
#2829=CARTESIAN_POINT('',(-24.2274169979695,31.1126983722081,4.));
#2830=CARTESIAN_POINT('Origin',(-22.6274169979695,31.1126983722081,4.));
#2831=CARTESIAN_POINT('',(-24.2274169979695,31.1126983722081,0.));
#2832=CARTESIAN_POINT('',(-24.2274169979695,31.1126983722081,0.));
#2833=CARTESIAN_POINT('Origin',(-22.6274169979695,31.1126983722081,0.));
#2834=CARTESIAN_POINT('Origin',(31.1126983722081,22.6274169979695,0.));
#2835=CARTESIAN_POINT('',(29.5126983722081,22.6274169979695,4.));
#2836=CARTESIAN_POINT('Origin',(31.1126983722081,22.6274169979695,4.));
#2837=CARTESIAN_POINT('',(29.5126983722081,22.6274169979695,0.));
#2838=CARTESIAN_POINT('',(29.5126983722081,22.6274169979695,0.));
#2839=CARTESIAN_POINT('Origin',(31.1126983722081,22.6274169979695,0.));
#2840=CARTESIAN_POINT('Origin',(12.5,-35.,0.));
#2841=CARTESIAN_POINT('',(23.3345237791561,-36.0624458405139,0.));
#2842=CARTESIAN_POINT('',(12.5,-35.,0.));
#2843=CARTESIAN_POINT('',(23.3345237791561,-36.0624458405139,0.));
#2844=CARTESIAN_POINT('',(23.3345237791561,-36.0624458405139,4.));
#2845=CARTESIAN_POINT('',(23.3345237791561,-36.0624458405139,0.));
#2846=CARTESIAN_POINT('',(12.5,-35.,4.));
#2847=CARTESIAN_POINT('',(23.3345237791561,-36.0624458405139,4.));
#2848=CARTESIAN_POINT('',(12.5,-35.,0.));
#2849=CARTESIAN_POINT('Origin',(-12.5,-35.,0.));
#2850=CARTESIAN_POINT('',(-12.5,-35.,0.));
#2851=CARTESIAN_POINT('',(12.5,-35.,0.));
#2852=CARTESIAN_POINT('',(-12.5,-35.,4.));
#2853=CARTESIAN_POINT('',(12.5,-35.,4.));
#2854=CARTESIAN_POINT('',(-12.5,-35.,0.));
#2855=CARTESIAN_POINT('Origin',(-23.3345237791561,-36.0624458405139,0.));
#2856=CARTESIAN_POINT('',(-23.3345237791561,-36.0624458405139,0.));
#2857=CARTESIAN_POINT('',(-23.3345237791561,-36.0624458405139,0.));
#2858=CARTESIAN_POINT('',(-23.3345237791561,-36.0624458405139,4.));
#2859=CARTESIAN_POINT('',(-23.3345237791561,-36.0624458405139,4.));
#2860=CARTESIAN_POINT('',(-23.3345237791561,-36.0624458405139,0.));
#2861=CARTESIAN_POINT('Origin',(-36.0624458405139,-23.3345237791561,0.));
#2862=CARTESIAN_POINT('',(-36.0624458405139,-23.3345237791561,0.));
#2863=CARTESIAN_POINT('',(-29.698484809835,-29.698484809835,0.));
#2864=CARTESIAN_POINT('',(-36.0624458405139,-23.3345237791561,4.));
#2865=CARTESIAN_POINT('',(-29.698484809835,-29.698484809835,4.));
#2866=CARTESIAN_POINT('',(-36.0624458405139,-23.3345237791561,0.));
#2867=CARTESIAN_POINT('Origin',(-35.,-12.5,0.));
#2868=CARTESIAN_POINT('',(-35.,-12.5,0.));
#2869=CARTESIAN_POINT('',(-36.0624458405139,-23.3345237791561,0.));
#2870=CARTESIAN_POINT('',(-35.,-12.5,4.));
#2871=CARTESIAN_POINT('',(-36.0624458405139,-23.3345237791561,4.));
#2872=CARTESIAN_POINT('',(-35.,-12.5,0.));
#2873=CARTESIAN_POINT('Origin',(-35.,12.5,0.));
#2874=CARTESIAN_POINT('',(-35.,12.5,0.));
#2875=CARTESIAN_POINT('',(-35.,-12.5,0.));
#2876=CARTESIAN_POINT('',(-35.,12.5,4.));
#2877=CARTESIAN_POINT('',(-35.,-12.5,4.));
#2878=CARTESIAN_POINT('',(-35.,12.5,0.));
#2879=CARTESIAN_POINT('Origin',(-36.0624458405139,23.3345237791561,0.));
#2880=CARTESIAN_POINT('',(-36.0624458405139,23.3345237791561,0.));
#2881=CARTESIAN_POINT('',(-36.0624458405139,23.3345237791561,0.));
#2882=CARTESIAN_POINT('',(-36.0624458405139,23.3345237791561,4.));
#2883=CARTESIAN_POINT('',(-36.0624458405139,23.3345237791561,4.));
#2884=CARTESIAN_POINT('',(-36.0624458405139,23.3345237791561,0.));
#2885=CARTESIAN_POINT('Origin',(-23.3345237791561,36.0624458405139,0.));
#2886=CARTESIAN_POINT('',(-23.3345237791561,36.0624458405139,0.));
#2887=CARTESIAN_POINT('',(-29.698484809835,29.698484809835,0.));
#2888=CARTESIAN_POINT('',(-23.3345237791561,36.0624458405139,4.));
#2889=CARTESIAN_POINT('',(-29.698484809835,29.698484809835,4.));
#2890=CARTESIAN_POINT('',(-23.3345237791561,36.0624458405139,0.));
#2891=CARTESIAN_POINT('Origin',(-12.5,35.,0.));
#2892=CARTESIAN_POINT('',(-12.5,35.,0.));
#2893=CARTESIAN_POINT('',(-23.3345237791561,36.0624458405139,0.));
#2894=CARTESIAN_POINT('',(-12.5,35.,4.));
#2895=CARTESIAN_POINT('',(-23.3345237791561,36.0624458405139,4.));
#2896=CARTESIAN_POINT('',(-12.5,35.,0.));
#2897=CARTESIAN_POINT('Origin',(12.5,35.,0.));
#2898=CARTESIAN_POINT('',(12.5,35.,0.));
#2899=CARTESIAN_POINT('',(-12.5,35.,0.));
#2900=CARTESIAN_POINT('',(12.5,35.,4.));
#2901=CARTESIAN_POINT('',(-12.5,35.,4.));
#2902=CARTESIAN_POINT('',(12.5,35.,0.));
#2903=CARTESIAN_POINT('Origin',(23.3345237791561,36.0624458405139,0.));
#2904=CARTESIAN_POINT('',(23.3345237791561,36.0624458405139,0.));
#2905=CARTESIAN_POINT('',(23.3345237791561,36.0624458405139,0.));
#2906=CARTESIAN_POINT('',(23.3345237791561,36.0624458405139,4.));
#2907=CARTESIAN_POINT('',(23.3345237791561,36.0624458405139,4.));
#2908=CARTESIAN_POINT('',(23.3345237791561,36.0624458405139,0.));
#2909=CARTESIAN_POINT('Origin',(36.0624458405139,23.3345237791561,0.));
#2910=CARTESIAN_POINT('',(36.0624458405139,23.3345237791561,0.));
#2911=CARTESIAN_POINT('',(29.698484809835,29.698484809835,0.));
#2912=CARTESIAN_POINT('',(36.0624458405139,23.3345237791561,4.));
#2913=CARTESIAN_POINT('',(29.698484809835,29.698484809835,4.));
#2914=CARTESIAN_POINT('',(36.0624458405139,23.3345237791561,0.));
#2915=CARTESIAN_POINT('Origin',(35.,12.5,0.));
#2916=CARTESIAN_POINT('',(35.,12.5,0.));
#2917=CARTESIAN_POINT('',(36.0624458405139,23.3345237791561,0.));
#2918=CARTESIAN_POINT('',(35.,12.5,4.));
#2919=CARTESIAN_POINT('',(36.0624458405139,23.3345237791561,4.));
#2920=CARTESIAN_POINT('',(35.,12.5,0.));
#2921=CARTESIAN_POINT('Origin',(35.,-12.5,0.));
#2922=CARTESIAN_POINT('',(35.,-12.5,0.));
#2923=CARTESIAN_POINT('',(35.,0.,0.));
#2924=CARTESIAN_POINT('',(35.,-12.5,4.));
#2925=CARTESIAN_POINT('',(35.,0.,4.));
#2926=CARTESIAN_POINT('',(35.,-12.5,0.));
#2927=CARTESIAN_POINT('Origin',(36.0624458405139,-23.3345237791561,0.));
#2928=CARTESIAN_POINT('',(36.0624458405139,-23.3345237791561,0.));
#2929=CARTESIAN_POINT('',(36.0624458405139,-23.3345237791561,0.));
#2930=CARTESIAN_POINT('',(36.0624458405139,-23.3345237791561,4.));
#2931=CARTESIAN_POINT('',(36.0624458405139,-23.3345237791561,4.));
#2932=CARTESIAN_POINT('',(36.0624458405139,-23.3345237791561,0.));
#2933=CARTESIAN_POINT('Origin',(23.3345237791561,-36.0624458405139,0.));
#2934=CARTESIAN_POINT('',(29.698484809835,-29.698484809835,0.));
#2935=CARTESIAN_POINT('',(29.698484809835,-29.698484809835,4.));
#2936=CARTESIAN_POINT('Origin',(0.,0.,4.));
#2937=CARTESIAN_POINT('Origin',(0.,0.,0.));
#2938=UNCERTAINTY_MEASURE_WITH_UNIT(LENGTH_MEASURE(0.01),#2942,
'DISTANCE_ACCURACY_VALUE',
'Maximum model space distance between geometric entities at asserted c
onnectivities');
#2939=UNCERTAINTY_MEASURE_WITH_UNIT(LENGTH_MEASURE(0.01),#2942,
'DISTANCE_ACCURACY_VALUE',
'Maximum model space distance between geometric entities at asserted c
onnectivities');
#2940=(
GEOMETRIC_REPRESENTATION_CONTEXT(3)
GLOBAL_UNCERTAINTY_ASSIGNED_CONTEXT((#2938))
GLOBAL_UNIT_ASSIGNED_CONTEXT((#2942,#2944,#2945))
REPRESENTATION_CONTEXT('','3D')
);
#2941=(
GEOMETRIC_REPRESENTATION_CONTEXT(3)
GLOBAL_UNCERTAINTY_ASSIGNED_CONTEXT((#2939))
GLOBAL_UNIT_ASSIGNED_CONTEXT((#2942,#2944,#2945))
REPRESENTATION_CONTEXT('','3D')
);
#2942=(
LENGTH_UNIT()
NAMED_UNIT(*)
SI_UNIT(.MILLI.,.METRE.)
);
#2943=(
LENGTH_UNIT()
NAMED_UNIT(*)
SI_UNIT($,.METRE.)
);
#2944=(
NAMED_UNIT(*)
PLANE_ANGLE_UNIT()
SI_UNIT($,.RADIAN.)
);
#2945=(
NAMED_UNIT(*)
SI_UNIT($,.STERADIAN.)
SOLID_ANGLE_UNIT()
);
#2946=SHAPE_DEFINITION_REPRESENTATION(#2947,#2948);
#2947=PRODUCT_DEFINITION_SHAPE('',$,#2950);
#2948=SHAPE_REPRESENTATION('',(#1786),#2940);
#2949=PRODUCT_DEFINITION_CONTEXT('part definition',#2954,'design');
#2950=PRODUCT_DEFINITION('Spider Top','Spider Top v3',#2951,#2949);
#2951=PRODUCT_DEFINITION_FORMATION('',$,#2956);
#2952=PRODUCT_RELATED_PRODUCT_CATEGORY('Spider Top v3','Spider Top v3',
(#2956));
#2953=APPLICATION_PROTOCOL_DEFINITION('international standard',
'automotive_design',2009,#2954);
#2954=APPLICATION_CONTEXT(
'Core Data for Automotive Mechanical Design Process');
#2955=PRODUCT_CONTEXT('part definition',#2954,'mechanical');
#2956=PRODUCT('Spider Top','Spider Top v3',$,(#2955));
#2957=PRESENTATION_STYLE_ASSIGNMENT((#2959));
#2958=PRESENTATION_STYLE_ASSIGNMENT((#2960));
#2959=SURFACE_STYLE_USAGE(.BOTH.,#2961);
#2960=SURFACE_STYLE_USAGE(.BOTH.,#2962);
#2961=SURFACE_SIDE_STYLE('',(#2963));
#2962=SURFACE_SIDE_STYLE('',(#2964));
#2963=SURFACE_STYLE_FILL_AREA(#2965);
#2964=SURFACE_STYLE_FILL_AREA(#2966);
#2965=FILL_AREA_STYLE('Steel - Satin',(#2967));
#2966=FILL_AREA_STYLE('Paint - Metallic (Red)',(#2968));
#2967=FILL_AREA_STYLE_COLOUR('Steel - Satin',#2969);
#2968=FILL_AREA_STYLE_COLOUR('Paint - Metallic (Red)',#2970);
#2969=COLOUR_RGB('Steel - Satin',0.627450980392157,0.627450980392157,0.627450980392157);
#2970=COLOUR_RGB('Paint - Metallic (Red)',0.768627450980392,0.207843137254902,
0.152941176470588);
ENDSEC;
END-ISO-10303-21;
