ISO-10303-21;
HEADER;
/* Generated by software containing ST-Developer
 * from STEP Tools, Inc. (www.steptools.com) 
 */

FILE_DESCRIPTION(
/* description */ (''),
/* implementation_level */ '2;1');

FILE_NAME(
/* name */ 'Spider Base.step',
/* time_stamp */ '2026-07-19T11:34:22+05:30',
/* author */ (''),
/* organization */ (''),
/* preprocessor_version */ 'ST-DEVELOPER v20.1',
/* originating_system */ 'Autodesk Translation Framework v15.8.0.0',
/* authorisation */ '');

FILE_SCHEMA (('AUTOMOTIVE_DESIGN { 1 0 10303 214 3 1 1 }'));
ENDSEC;

DATA;
#10=MECHANICAL_DESIGN_GEOMETRIC_PRESENTATION_REPRESENTATION('',(#1349,#1350,
#1351,#1352,#1353,#1354,#1355,#1356,#1357,#1358,#1359,#1360,#1361),#2403);
#11=SHAPE_REPRESENTATION_RELATIONSHIP('SRR','None',#2410,#12);
#12=ADVANCED_BREP_SHAPE_REPRESENTATION('',(#13),#2402);
#13=MANIFOLD_SOLID_BREP('Body1',#1435);
#14=FACE_BOUND('',#159,.T.);
#15=FACE_BOUND('',#162,.T.);
#16=FACE_BOUND('',#165,.T.);
#17=FACE_BOUND('',#168,.T.);
#18=FACE_BOUND('',#206,.T.);
#19=FACE_BOUND('',#207,.T.);
#20=FACE_BOUND('',#208,.T.);
#21=FACE_BOUND('',#209,.T.);
#22=FACE_BOUND('',#237,.T.);
#23=FACE_BOUND('',#238,.T.);
#24=FACE_BOUND('',#239,.T.);
#25=FACE_BOUND('',#240,.T.);
#26=FACE_BOUND('',#241,.T.);
#27=FACE_BOUND('',#242,.T.);
#28=FACE_BOUND('',#243,.T.);
#29=FACE_BOUND('',#244,.T.);
#30=FACE_BOUND('',#245,.T.);
#31=FACE_BOUND('',#247,.T.);
#32=FACE_BOUND('',#248,.T.);
#33=FACE_BOUND('',#249,.T.);
#34=FACE_BOUND('',#250,.T.);
#35=FACE_BOUND('',#251,.T.);
#36=FACE_BOUND('',#252,.T.);
#37=FACE_BOUND('',#253,.T.);
#38=FACE_BOUND('',#254,.T.);
#39=FACE_BOUND('',#255,.T.);
#40=FACE_BOUND('',#256,.T.);
#41=FACE_BOUND('',#257,.T.);
#42=FACE_BOUND('',#258,.T.);
#43=PLANE('',#1452);
#44=PLANE('',#1457);
#45=PLANE('',#1462);
#46=PLANE('',#1467);
#47=PLANE('',#1480);
#48=PLANE('',#1484);
#49=PLANE('',#1488);
#50=PLANE('',#1492);
#51=PLANE('',#1493);
#52=PLANE('',#1500);
#53=PLANE('',#1504);
#54=PLANE('',#1508);
#55=PLANE('',#1512);
#56=PLANE('',#1516);
#57=PLANE('',#1520);
#58=PLANE('',#1524);
#59=PLANE('',#1528);
#60=PLANE('',#1532);
#61=PLANE('',#1536);
#62=PLANE('',#1540);
#63=PLANE('',#1541);
#64=PLANE('',#1542);
#65=PLANE('',#1543);
#66=PLANE('',#1544);
#67=PLANE('',#1545);
#68=PLANE('',#1546);
#69=PLANE('',#1547);
#70=PLANE('',#1548);
#71=PLANE('',#1549);
#72=PLANE('',#1574);
#73=PLANE('',#1575);
#74=PLANE('',#1576);
#75=PLANE('',#1577);
#76=PLANE('',#1578);
#77=PLANE('',#1579);
#78=PLANE('',#1580);
#79=PLANE('',#1581);
#80=PLANE('',#1582);
#81=PLANE('',#1583);
#82=PLANE('',#1584);
#83=PLANE('',#1585);
#84=FACE_OUTER_BOUND('',#157,.T.);
#85=FACE_OUTER_BOUND('',#158,.T.);
#86=FACE_OUTER_BOUND('',#160,.T.);
#87=FACE_OUTER_BOUND('',#161,.T.);
#88=FACE_OUTER_BOUND('',#163,.T.);
#89=FACE_OUTER_BOUND('',#164,.T.);
#90=FACE_OUTER_BOUND('',#166,.T.);
#91=FACE_OUTER_BOUND('',#167,.T.);
#92=FACE_OUTER_BOUND('',#169,.T.);
#93=FACE_OUTER_BOUND('',#170,.T.);
#94=FACE_OUTER_BOUND('',#171,.T.);
#95=FACE_OUTER_BOUND('',#172,.T.);
#96=FACE_OUTER_BOUND('',#173,.T.);
#97=FACE_OUTER_BOUND('',#174,.T.);
#98=FACE_OUTER_BOUND('',#175,.T.);
#99=FACE_OUTER_BOUND('',#176,.T.);
#100=FACE_OUTER_BOUND('',#177,.T.);
#101=FACE_OUTER_BOUND('',#178,.T.);
#102=FACE_OUTER_BOUND('',#179,.T.);
#103=FACE_OUTER_BOUND('',#180,.T.);
#104=FACE_OUTER_BOUND('',#181,.T.);
#105=FACE_OUTER_BOUND('',#182,.T.);
#106=FACE_OUTER_BOUND('',#183,.T.);
#107=FACE_OUTER_BOUND('',#184,.T.);
#108=FACE_OUTER_BOUND('',#185,.T.);
#109=FACE_OUTER_BOUND('',#186,.T.);
#110=FACE_OUTER_BOUND('',#187,.T.);
#111=FACE_OUTER_BOUND('',#188,.T.);
#112=FACE_OUTER_BOUND('',#189,.T.);
#113=FACE_OUTER_BOUND('',#190,.T.);
#114=FACE_OUTER_BOUND('',#191,.T.);
#115=FACE_OUTER_BOUND('',#192,.T.);
#116=FACE_OUTER_BOUND('',#193,.T.);
#117=FACE_OUTER_BOUND('',#194,.T.);
#118=FACE_OUTER_BOUND('',#195,.T.);
#119=FACE_OUTER_BOUND('',#196,.T.);
#120=FACE_OUTER_BOUND('',#197,.T.);
#121=FACE_OUTER_BOUND('',#198,.T.);
#122=FACE_OUTER_BOUND('',#199,.T.);
#123=FACE_OUTER_BOUND('',#200,.T.);
#124=FACE_OUTER_BOUND('',#201,.T.);
#125=FACE_OUTER_BOUND('',#202,.T.);
#126=FACE_OUTER_BOUND('',#203,.T.);
#127=FACE_OUTER_BOUND('',#204,.T.);
#128=FACE_OUTER_BOUND('',#205,.T.);
#129=FACE_OUTER_BOUND('',#210,.T.);
#130=FACE_OUTER_BOUND('',#211,.T.);
#131=FACE_OUTER_BOUND('',#212,.T.);
#132=FACE_OUTER_BOUND('',#213,.T.);
#133=FACE_OUTER_BOUND('',#214,.T.);
#134=FACE_OUTER_BOUND('',#215,.T.);
#135=FACE_OUTER_BOUND('',#216,.T.);
#136=FACE_OUTER_BOUND('',#217,.T.);
#137=FACE_OUTER_BOUND('',#218,.T.);
#138=FACE_OUTER_BOUND('',#219,.T.);
#139=FACE_OUTER_BOUND('',#220,.T.);
#140=FACE_OUTER_BOUND('',#221,.T.);
#141=FACE_OUTER_BOUND('',#222,.T.);
#142=FACE_OUTER_BOUND('',#223,.T.);
#143=FACE_OUTER_BOUND('',#224,.T.);
#144=FACE_OUTER_BOUND('',#225,.T.);
#145=FACE_OUTER_BOUND('',#226,.T.);
#146=FACE_OUTER_BOUND('',#227,.T.);
#147=FACE_OUTER_BOUND('',#228,.T.);
#148=FACE_OUTER_BOUND('',#229,.T.);
#149=FACE_OUTER_BOUND('',#230,.T.);
#150=FACE_OUTER_BOUND('',#231,.T.);
#151=FACE_OUTER_BOUND('',#232,.T.);
#152=FACE_OUTER_BOUND('',#233,.T.);
#153=FACE_OUTER_BOUND('',#234,.T.);
#154=FACE_OUTER_BOUND('',#235,.T.);
#155=FACE_OUTER_BOUND('',#236,.T.);
#156=FACE_OUTER_BOUND('',#246,.T.);
#157=EDGE_LOOP('',(#921,#922,#923,#924));
#158=EDGE_LOOP('',(#925));
#159=EDGE_LOOP('',(#926));
#160=EDGE_LOOP('',(#927,#928,#929,#930));
#161=EDGE_LOOP('',(#931));
#162=EDGE_LOOP('',(#932));
#163=EDGE_LOOP('',(#933,#934,#935,#936));
#164=EDGE_LOOP('',(#937));
#165=EDGE_LOOP('',(#938));
#166=EDGE_LOOP('',(#939,#940,#941,#942));
#167=EDGE_LOOP('',(#943));
#168=EDGE_LOOP('',(#944));
#169=EDGE_LOOP('',(#945,#946,#947,#948));
#170=EDGE_LOOP('',(#949,#950,#951,#952));
#171=EDGE_LOOP('',(#953,#954,#955,#956));
#172=EDGE_LOOP('',(#957,#958,#959,#960));
#173=EDGE_LOOP('',(#961,#962,#963,#964));
#174=EDGE_LOOP('',(#965,#966,#967,#968));
#175=EDGE_LOOP('',(#969,#970,#971,#972));
#176=EDGE_LOOP('',(#973,#974,#975,#976));
#177=EDGE_LOOP('',(#977,#978,#979,#980));
#178=EDGE_LOOP('',(#981,#982,#983,#984));
#179=EDGE_LOOP('',(#985,#986,#987,#988));
#180=EDGE_LOOP('',(#989,#990,#991,#992,#993,#994,#995,#996));
#181=EDGE_LOOP('',(#997,#998,#999,#1000));
#182=EDGE_LOOP('',(#1001,#1002,#1003,#1004));
#183=EDGE_LOOP('',(#1005,#1006,#1007,#1008));
#184=EDGE_LOOP('',(#1009,#1010,#1011,#1012));
#185=EDGE_LOOP('',(#1013,#1014,#1015,#1016));
#186=EDGE_LOOP('',(#1017,#1018,#1019,#1020));
#187=EDGE_LOOP('',(#1021,#1022,#1023,#1024));
#188=EDGE_LOOP('',(#1025,#1026,#1027,#1028,#1029,#1030,#1031,#1032));
#189=EDGE_LOOP('',(#1033,#1034,#1035,#1036));
#190=EDGE_LOOP('',(#1037,#1038,#1039,#1040));
#191=EDGE_LOOP('',(#1041,#1042,#1043,#1044));
#192=EDGE_LOOP('',(#1045,#1046,#1047,#1048));
#193=EDGE_LOOP('',(#1049,#1050,#1051,#1052));
#194=EDGE_LOOP('',(#1053,#1054,#1055,#1056));
#195=EDGE_LOOP('',(#1057,#1058,#1059,#1060));
#196=EDGE_LOOP('',(#1061,#1062,#1063,#1064,#1065,#1066,#1067,#1068));
#197=EDGE_LOOP('',(#1069,#1070,#1071,#1072));
#198=EDGE_LOOP('',(#1073,#1074,#1075,#1076));
#199=EDGE_LOOP('',(#1077,#1078,#1079,#1080));
#200=EDGE_LOOP('',(#1081,#1082,#1083,#1084));
#201=EDGE_LOOP('',(#1085,#1086,#1087,#1088));
#202=EDGE_LOOP('',(#1089,#1090,#1091,#1092));
#203=EDGE_LOOP('',(#1093,#1094,#1095,#1096));
#204=EDGE_LOOP('',(#1097,#1098,#1099,#1100,#1101,#1102,#1103,#1104));
#205=EDGE_LOOP('',(#1105,#1106,#1107,#1108,#1109,#1110,#1111,#1112,#1113,
#1114,#1115,#1116,#1117,#1118,#1119,#1120,#1121,#1122,#1123,#1124,#1125,
#1126,#1127,#1128,#1129,#1130,#1131,#1132,#1133,#1134,#1135,#1136,#1137,
#1138,#1139,#1140,#1141,#1142,#1143,#1144));
#206=EDGE_LOOP('',(#1145));
#207=EDGE_LOOP('',(#1146));
#208=EDGE_LOOP('',(#1147));
#209=EDGE_LOOP('',(#1148));
#210=EDGE_LOOP('',(#1149,#1150,#1151,#1152));
#211=EDGE_LOOP('',(#1153,#1154,#1155,#1156,#1157,#1158,#1159,#1160));
#212=EDGE_LOOP('',(#1161,#1162,#1163,#1164));
#213=EDGE_LOOP('',(#1165,#1166,#1167,#1168,#1169,#1170,#1171,#1172));
#214=EDGE_LOOP('',(#1173,#1174,#1175,#1176));
#215=EDGE_LOOP('',(#1177,#1178,#1179,#1180,#1181,#1182,#1183,#1184));
#216=EDGE_LOOP('',(#1185,#1186,#1187,#1188));
#217=EDGE_LOOP('',(#1189,#1190,#1191,#1192,#1193,#1194,#1195,#1196));
#218=EDGE_LOOP('',(#1197,#1198,#1199,#1200));
#219=EDGE_LOOP('',(#1201,#1202,#1203,#1204));
#220=EDGE_LOOP('',(#1205,#1206,#1207,#1208));
#221=EDGE_LOOP('',(#1209,#1210,#1211,#1212));
#222=EDGE_LOOP('',(#1213,#1214,#1215,#1216));
#223=EDGE_LOOP('',(#1217,#1218,#1219,#1220));
#224=EDGE_LOOP('',(#1221,#1222,#1223,#1224));
#225=EDGE_LOOP('',(#1225,#1226,#1227,#1228));
#226=EDGE_LOOP('',(#1229,#1230,#1231,#1232));
#227=EDGE_LOOP('',(#1233,#1234,#1235,#1236));
#228=EDGE_LOOP('',(#1237,#1238,#1239,#1240));
#229=EDGE_LOOP('',(#1241,#1242,#1243,#1244));
#230=EDGE_LOOP('',(#1245,#1246,#1247,#1248));
#231=EDGE_LOOP('',(#1249,#1250,#1251,#1252));
#232=EDGE_LOOP('',(#1253,#1254,#1255,#1256));
#233=EDGE_LOOP('',(#1257,#1258,#1259,#1260));
#234=EDGE_LOOP('',(#1261,#1262,#1263,#1264));
#235=EDGE_LOOP('',(#1265,#1266,#1267,#1268));
#236=EDGE_LOOP('',(#1269,#1270,#1271,#1272,#1273,#1274,#1275,#1276,#1277,
#1278));
#237=EDGE_LOOP('',(#1279,#1280,#1281,#1282,#1283,#1284,#1285,#1286));
#238=EDGE_LOOP('',(#1287));
#239=EDGE_LOOP('',(#1288));
#240=EDGE_LOOP('',(#1289));
#241=EDGE_LOOP('',(#1290));
#242=EDGE_LOOP('',(#1291));
#243=EDGE_LOOP('',(#1292));
#244=EDGE_LOOP('',(#1293));
#245=EDGE_LOOP('',(#1294));
#246=EDGE_LOOP('',(#1295,#1296,#1297,#1298,#1299,#1300,#1301,#1302,#1303,
#1304));
#247=EDGE_LOOP('',(#1305));
#248=EDGE_LOOP('',(#1306));
#249=EDGE_LOOP('',(#1307));
#250=EDGE_LOOP('',(#1308));
#251=EDGE_LOOP('',(#1309));
#252=EDGE_LOOP('',(#1310));
#253=EDGE_LOOP('',(#1311));
#254=EDGE_LOOP('',(#1312));
#255=EDGE_LOOP('',(#1313));
#256=EDGE_LOOP('',(#1314));
#257=EDGE_LOOP('',(#1315));
#258=EDGE_LOOP('',(#1316));
#259=LINE('',#2001,#393);
#260=LINE('',#2010,#394);
#261=LINE('',#2019,#395);
#262=LINE('',#2028,#396);
#263=LINE('',#2035,#397);
#264=LINE('',#2039,#398);
#265=LINE('',#2043,#399);
#266=LINE('',#2047,#400);
#267=LINE('',#2054,#401);
#268=LINE('',#2057,#402);
#269=LINE('',#2060,#403);
#270=LINE('',#2062,#404);
#271=LINE('',#2063,#405);
#272=LINE('',#2068,#406);
#273=LINE('',#2072,#407);
#274=LINE('',#2074,#408);
#275=LINE('',#2075,#409);
#276=LINE('',#2080,#410);
#277=LINE('',#2084,#411);
#278=LINE('',#2086,#412);
#279=LINE('',#2087,#413);
#280=LINE('',#2092,#414);
#281=LINE('',#2095,#415);
#282=LINE('',#2099,#416);
#283=LINE('',#2101,#417);
#284=LINE('',#2103,#418);
#285=LINE('',#2104,#419);
#286=LINE('',#2109,#420);
#287=LINE('',#2116,#421);
#288=LINE('',#2119,#422);
#289=LINE('',#2122,#423);
#290=LINE('',#2124,#424);
#291=LINE('',#2125,#425);
#292=LINE('',#2130,#426);
#293=LINE('',#2134,#427);
#294=LINE('',#2136,#428);
#295=LINE('',#2137,#429);
#296=LINE('',#2142,#430);
#297=LINE('',#2148,#431);
#298=LINE('',#2151,#432);
#299=LINE('',#2154,#433);
#300=LINE('',#2156,#434);
#301=LINE('',#2157,#435);
#302=LINE('',#2162,#436);
#303=LINE('',#2166,#437);
#304=LINE('',#2168,#438);
#305=LINE('',#2169,#439);
#306=LINE('',#2174,#440);
#307=LINE('',#2178,#441);
#308=LINE('',#2180,#442);
#309=LINE('',#2181,#443);
#310=LINE('',#2186,#444);
#311=LINE('',#2189,#445);
#312=LINE('',#2195,#446);
#313=LINE('',#2198,#447);
#314=LINE('',#2201,#448);
#315=LINE('',#2203,#449);
#316=LINE('',#2204,#450);
#317=LINE('',#2209,#451);
#318=LINE('',#2213,#452);
#319=LINE('',#2215,#453);
#320=LINE('',#2216,#454);
#321=LINE('',#2221,#455);
#322=LINE('',#2225,#456);
#323=LINE('',#2227,#457);
#324=LINE('',#2228,#458);
#325=LINE('',#2233,#459);
#326=LINE('',#2236,#460);
#327=LINE('',#2239,#461);
#328=LINE('',#2241,#462);
#329=LINE('',#2242,#463);
#330=LINE('',#2244,#464);
#331=LINE('',#2246,#465);
#332=LINE('',#2247,#466);
#333=LINE('',#2249,#467);
#334=LINE('',#2251,#468);
#335=LINE('',#2252,#469);
#336=LINE('',#2254,#470);
#337=LINE('',#2256,#471);
#338=LINE('',#2257,#472);
#339=LINE('',#2261,#473);
#340=LINE('',#2262,#474);
#341=LINE('',#2263,#475);
#342=LINE('',#2266,#476);
#343=LINE('',#2267,#477);
#344=LINE('',#2270,#478);
#345=LINE('',#2271,#479);
#346=LINE('',#2274,#480);
#347=LINE('',#2275,#481);
#348=LINE('',#2278,#482);
#349=LINE('',#2279,#483);
#350=LINE('',#2282,#484);
#351=LINE('',#2283,#485);
#352=LINE('',#2286,#486);
#353=LINE('',#2287,#487);
#354=LINE('',#2289,#488);
#355=LINE('',#2294,#489);
#356=LINE('',#2300,#490);
#357=LINE('',#2306,#491);
#358=LINE('',#2312,#492);
#359=LINE('',#2318,#493);
#360=LINE('',#2324,#494);
#361=LINE('',#2330,#495);
#362=LINE('',#2336,#496);
#363=LINE('',#2341,#497);
#364=LINE('',#2343,#498);
#365=LINE('',#2345,#499);
#366=LINE('',#2346,#500);
#367=LINE('',#2349,#501);
#368=LINE('',#2351,#502);
#369=LINE('',#2352,#503);
#370=LINE('',#2355,#504);
#371=LINE('',#2357,#505);
#372=LINE('',#2358,#506);
#373=LINE('',#2361,#507);
#374=LINE('',#2363,#508);
#375=LINE('',#2364,#509);
#376=LINE('',#2367,#510);
#377=LINE('',#2369,#511);
#378=LINE('',#2370,#512);
#379=LINE('',#2373,#513);
#380=LINE('',#2375,#514);
#381=LINE('',#2376,#515);
#382=LINE('',#2379,#516);
#383=LINE('',#2381,#517);
#384=LINE('',#2382,#518);
#385=LINE('',#2385,#519);
#386=LINE('',#2387,#520);
#387=LINE('',#2388,#521);
#388=LINE('',#2391,#522);
#389=LINE('',#2393,#523);
#390=LINE('',#2394,#524);
#391=LINE('',#2396,#525);
#392=LINE('',#2397,#526);
#393=VECTOR('',#1592,4.);
#394=VECTOR('',#1603,4.);
#395=VECTOR('',#1614,4.);
#396=VECTOR('',#1625,4.);
#397=VECTOR('',#1634,1.5);
#398=VECTOR('',#1639,1.5);
#399=VECTOR('',#1644,1.5);
#400=VECTOR('',#1649,1.5);
#401=VECTOR('',#1656,10.);
#402=VECTOR('',#1659,10.);
#403=VECTOR('',#1662,10.);
#404=VECTOR('',#1663,10.);
#405=VECTOR('',#1664,10.);
#406=VECTOR('',#1669,10.);
#407=VECTOR('',#1674,10.);
#408=VECTOR('',#1675,10.);
#409=VECTOR('',#1676,10.);
#410=VECTOR('',#1681,10.);
#411=VECTOR('',#1686,10.);
#412=VECTOR('',#1687,10.);
#413=VECTOR('',#1688,10.);
#414=VECTOR('',#1693,10.);
#415=VECTOR('',#1698,10.);
#416=VECTOR('',#1701,10.);
#417=VECTOR('',#1702,10.);
#418=VECTOR('',#1703,10.);
#419=VECTOR('',#1704,10.);
#420=VECTOR('',#1709,10.);
#421=VECTOR('',#1716,10.);
#422=VECTOR('',#1719,10.);
#423=VECTOR('',#1722,10.);
#424=VECTOR('',#1723,10.);
#425=VECTOR('',#1724,10.);
#426=VECTOR('',#1729,10.);
#427=VECTOR('',#1734,10.);
#428=VECTOR('',#1735,10.);
#429=VECTOR('',#1736,10.);
#430=VECTOR('',#1745,10.);
#431=VECTOR('',#1750,10.);
#432=VECTOR('',#1753,10.);
#433=VECTOR('',#1756,10.);
#434=VECTOR('',#1757,10.);
#435=VECTOR('',#1758,10.);
#436=VECTOR('',#1763,10.);
#437=VECTOR('',#1768,10.);
#438=VECTOR('',#1769,10.);
#439=VECTOR('',#1770,10.);
#440=VECTOR('',#1775,10.);
#441=VECTOR('',#1780,10.);
#442=VECTOR('',#1781,10.);
#443=VECTOR('',#1782,10.);
#444=VECTOR('',#1787,10.);
#445=VECTOR('',#1792,10.);
#446=VECTOR('',#1797,10.);
#447=VECTOR('',#1800,10.);
#448=VECTOR('',#1803,10.);
#449=VECTOR('',#1804,10.);
#450=VECTOR('',#1805,10.);
#451=VECTOR('',#1810,10.);
#452=VECTOR('',#1815,10.);
#453=VECTOR('',#1816,10.);
#454=VECTOR('',#1817,10.);
#455=VECTOR('',#1822,10.);
#456=VECTOR('',#1827,10.);
#457=VECTOR('',#1828,10.);
#458=VECTOR('',#1829,10.);
#459=VECTOR('',#1834,10.);
#460=VECTOR('',#1839,10.);
#461=VECTOR('',#1842,10.);
#462=VECTOR('',#1843,10.);
#463=VECTOR('',#1844,10.);
#464=VECTOR('',#1845,10.);
#465=VECTOR('',#1846,10.);
#466=VECTOR('',#1847,10.);
#467=VECTOR('',#1848,10.);
#468=VECTOR('',#1849,10.);
#469=VECTOR('',#1850,10.);
#470=VECTOR('',#1851,10.);
#471=VECTOR('',#1852,10.);
#472=VECTOR('',#1853,10.);
#473=VECTOR('',#1856,10.);
#474=VECTOR('',#1857,10.);
#475=VECTOR('',#1858,10.);
#476=VECTOR('',#1861,10.);
#477=VECTOR('',#1862,10.);
#478=VECTOR('',#1865,10.);
#479=VECTOR('',#1866,10.);
#480=VECTOR('',#1869,10.);
#481=VECTOR('',#1870,10.);
#482=VECTOR('',#1873,10.);
#483=VECTOR('',#1874,10.);
#484=VECTOR('',#1877,10.);
#485=VECTOR('',#1878,10.);
#486=VECTOR('',#1881,10.);
#487=VECTOR('',#1882,10.);
#488=VECTOR('',#1885,10.);
#489=VECTOR('',#1890,1.6);
#490=VECTOR('',#1897,1.6);
#491=VECTOR('',#1904,1.6);
#492=VECTOR('',#1911,1.6);
#493=VECTOR('',#1918,1.6);
#494=VECTOR('',#1925,1.6);
#495=VECTOR('',#1932,1.6);
#496=VECTOR('',#1939,1.6);
#497=VECTOR('',#1944,10.);
#498=VECTOR('',#1945,10.);
#499=VECTOR('',#1946,10.);
#500=VECTOR('',#1947,10.);
#501=VECTOR('',#1950,10.);
#502=VECTOR('',#1951,10.);
#503=VECTOR('',#1952,10.);
#504=VECTOR('',#1955,10.);
#505=VECTOR('',#1956,10.);
#506=VECTOR('',#1957,10.);
#507=VECTOR('',#1960,10.);
#508=VECTOR('',#1961,10.);
#509=VECTOR('',#1962,10.);
#510=VECTOR('',#1965,10.);
#511=VECTOR('',#1966,10.);
#512=VECTOR('',#1967,10.);
#513=VECTOR('',#1970,10.);
#514=VECTOR('',#1971,10.);
#515=VECTOR('',#1972,10.);
#516=VECTOR('',#1975,10.);
#517=VECTOR('',#1976,10.);
#518=VECTOR('',#1977,10.);
#519=VECTOR('',#1980,10.);
#520=VECTOR('',#1981,10.);
#521=VECTOR('',#1982,10.);
#522=VECTOR('',#1985,10.);
#523=VECTOR('',#1986,10.);
#524=VECTOR('',#1987,10.);
#525=VECTOR('',#1990,10.);
#526=VECTOR('',#1991,10.);
#527=CIRCLE('',#1450,4.);
#528=CIRCLE('',#1451,4.);
#529=CIRCLE('',#1453,1.5);
#530=CIRCLE('',#1455,4.);
#531=CIRCLE('',#1456,4.);
#532=CIRCLE('',#1458,1.5);
#533=CIRCLE('',#1460,4.);
#534=CIRCLE('',#1461,4.);
#535=CIRCLE('',#1463,1.5);
#536=CIRCLE('',#1465,4.);
#537=CIRCLE('',#1466,4.);
#538=CIRCLE('',#1468,1.5);
#539=CIRCLE('',#1470,1.5);
#540=CIRCLE('',#1472,1.5);
#541=CIRCLE('',#1474,1.5);
#542=CIRCLE('',#1476,1.5);
#543=CIRCLE('',#1478,2.99999999999999);
#544=CIRCLE('',#1479,2.99999999999999);
#545=CIRCLE('',#1482,3.);
#546=CIRCLE('',#1483,3.);
#547=CIRCLE('',#1486,3.);
#548=CIRCLE('',#1487,3.);
#549=CIRCLE('',#1490,3.);
#550=CIRCLE('',#1491,3.);
#551=CIRCLE('',#1495,3.);
#552=CIRCLE('',#1496,3.);
#553=CIRCLE('',#1498,2.99999999999999);
#554=CIRCLE('',#1499,2.99999999999999);
#555=CIRCLE('',#1502,3.);
#556=CIRCLE('',#1503,3.);
#557=CIRCLE('',#1506,3.);
#558=CIRCLE('',#1507,3.);
#559=CIRCLE('',#1510,2.99999999999999);
#560=CIRCLE('',#1511,2.99999999999999);
#561=CIRCLE('',#1514,3.);
#562=CIRCLE('',#1515,3.);
#563=CIRCLE('',#1518,3.);
#564=CIRCLE('',#1519,3.);
#565=CIRCLE('',#1522,3.);
#566=CIRCLE('',#1523,3.);
#567=CIRCLE('',#1526,2.99999999999999);
#568=CIRCLE('',#1527,2.99999999999999);
#569=CIRCLE('',#1530,3.);
#570=CIRCLE('',#1531,3.);
#571=CIRCLE('',#1534,3.);
#572=CIRCLE('',#1535,3.);
#573=CIRCLE('',#1538,3.);
#574=CIRCLE('',#1539,3.);
#575=CIRCLE('',#1551,1.6);
#576=CIRCLE('',#1552,1.6);
#577=CIRCLE('',#1554,1.6);
#578=CIRCLE('',#1555,1.6);
#579=CIRCLE('',#1557,1.6);
#580=CIRCLE('',#1558,1.6);
#581=CIRCLE('',#1560,1.6);
#582=CIRCLE('',#1561,1.6);
#583=CIRCLE('',#1563,1.6);
#584=CIRCLE('',#1564,1.6);
#585=CIRCLE('',#1566,1.6);
#586=CIRCLE('',#1567,1.6);
#587=CIRCLE('',#1569,1.6);
#588=CIRCLE('',#1570,1.6);
#589=CIRCLE('',#1572,1.6);
#590=CIRCLE('',#1573,1.6);
#591=VERTEX_POINT('',#1998);
#592=VERTEX_POINT('',#2000);
#593=VERTEX_POINT('',#2004);
#594=VERTEX_POINT('',#2007);
#595=VERTEX_POINT('',#2009);
#596=VERTEX_POINT('',#2013);
#597=VERTEX_POINT('',#2016);
#598=VERTEX_POINT('',#2018);
#599=VERTEX_POINT('',#2022);
#600=VERTEX_POINT('',#2025);
#601=VERTEX_POINT('',#2027);
#602=VERTEX_POINT('',#2031);
#603=VERTEX_POINT('',#2034);
#604=VERTEX_POINT('',#2038);
#605=VERTEX_POINT('',#2042);
#606=VERTEX_POINT('',#2046);
#607=VERTEX_POINT('',#2050);
#608=VERTEX_POINT('',#2051);
#609=VERTEX_POINT('',#2053);
#610=VERTEX_POINT('',#2055);
#611=VERTEX_POINT('',#2059);
#612=VERTEX_POINT('',#2061);
#613=VERTEX_POINT('',#2065);
#614=VERTEX_POINT('',#2067);
#615=VERTEX_POINT('',#2071);
#616=VERTEX_POINT('',#2073);
#617=VERTEX_POINT('',#2077);
#618=VERTEX_POINT('',#2079);
#619=VERTEX_POINT('',#2083);
#620=VERTEX_POINT('',#2085);
#621=VERTEX_POINT('',#2089);
#622=VERTEX_POINT('',#2091);
#623=VERTEX_POINT('',#2097);
#624=VERTEX_POINT('',#2098);
#625=VERTEX_POINT('',#2100);
#626=VERTEX_POINT('',#2102);
#627=VERTEX_POINT('',#2106);
#628=VERTEX_POINT('',#2108);
#629=VERTEX_POINT('',#2112);
#630=VERTEX_POINT('',#2113);
#631=VERTEX_POINT('',#2115);
#632=VERTEX_POINT('',#2117);
#633=VERTEX_POINT('',#2121);
#634=VERTEX_POINT('',#2123);
#635=VERTEX_POINT('',#2127);
#636=VERTEX_POINT('',#2129);
#637=VERTEX_POINT('',#2133);
#638=VERTEX_POINT('',#2135);
#639=VERTEX_POINT('',#2144);
#640=VERTEX_POINT('',#2145);
#641=VERTEX_POINT('',#2147);
#642=VERTEX_POINT('',#2149);
#643=VERTEX_POINT('',#2153);
#644=VERTEX_POINT('',#2155);
#645=VERTEX_POINT('',#2159);
#646=VERTEX_POINT('',#2161);
#647=VERTEX_POINT('',#2165);
#648=VERTEX_POINT('',#2167);
#649=VERTEX_POINT('',#2171);
#650=VERTEX_POINT('',#2173);
#651=VERTEX_POINT('',#2177);
#652=VERTEX_POINT('',#2179);
#653=VERTEX_POINT('',#2183);
#654=VERTEX_POINT('',#2185);
#655=VERTEX_POINT('',#2191);
#656=VERTEX_POINT('',#2192);
#657=VERTEX_POINT('',#2194);
#658=VERTEX_POINT('',#2196);
#659=VERTEX_POINT('',#2200);
#660=VERTEX_POINT('',#2202);
#661=VERTEX_POINT('',#2206);
#662=VERTEX_POINT('',#2208);
#663=VERTEX_POINT('',#2212);
#664=VERTEX_POINT('',#2214);
#665=VERTEX_POINT('',#2218);
#666=VERTEX_POINT('',#2220);
#667=VERTEX_POINT('',#2224);
#668=VERTEX_POINT('',#2226);
#669=VERTEX_POINT('',#2230);
#670=VERTEX_POINT('',#2232);
#671=VERTEX_POINT('',#2238);
#672=VERTEX_POINT('',#2240);
#673=VERTEX_POINT('',#2243);
#674=VERTEX_POINT('',#2245);
#675=VERTEX_POINT('',#2248);
#676=VERTEX_POINT('',#2250);
#677=VERTEX_POINT('',#2253);
#678=VERTEX_POINT('',#2255);
#679=VERTEX_POINT('',#2259);
#680=VERTEX_POINT('',#2260);
#681=VERTEX_POINT('',#2265);
#682=VERTEX_POINT('',#2269);
#683=VERTEX_POINT('',#2273);
#684=VERTEX_POINT('',#2277);
#685=VERTEX_POINT('',#2281);
#686=VERTEX_POINT('',#2285);
#687=VERTEX_POINT('',#2291);
#688=VERTEX_POINT('',#2293);
#689=VERTEX_POINT('',#2297);
#690=VERTEX_POINT('',#2299);
#691=VERTEX_POINT('',#2303);
#692=VERTEX_POINT('',#2305);
#693=VERTEX_POINT('',#2309);
#694=VERTEX_POINT('',#2311);
#695=VERTEX_POINT('',#2315);
#696=VERTEX_POINT('',#2317);
#697=VERTEX_POINT('',#2321);
#698=VERTEX_POINT('',#2323);
#699=VERTEX_POINT('',#2327);
#700=VERTEX_POINT('',#2329);
#701=VERTEX_POINT('',#2333);
#702=VERTEX_POINT('',#2335);
#703=VERTEX_POINT('',#2339);
#704=VERTEX_POINT('',#2340);
#705=VERTEX_POINT('',#2342);
#706=VERTEX_POINT('',#2344);
#707=VERTEX_POINT('',#2348);
#708=VERTEX_POINT('',#2350);
#709=VERTEX_POINT('',#2354);
#710=VERTEX_POINT('',#2356);
#711=VERTEX_POINT('',#2360);
#712=VERTEX_POINT('',#2362);
#713=VERTEX_POINT('',#2366);
#714=VERTEX_POINT('',#2368);
#715=VERTEX_POINT('',#2372);
#716=VERTEX_POINT('',#2374);
#717=VERTEX_POINT('',#2378);
#718=VERTEX_POINT('',#2380);
#719=VERTEX_POINT('',#2384);
#720=VERTEX_POINT('',#2386);
#721=VERTEX_POINT('',#2390);
#722=VERTEX_POINT('',#2392);
#723=EDGE_CURVE('',#591,#591,#527,.T.);
#724=EDGE_CURVE('',#591,#592,#259,.T.);
#725=EDGE_CURVE('',#592,#592,#528,.T.);
#726=EDGE_CURVE('',#593,#593,#529,.T.);
#727=EDGE_CURVE('',#594,#594,#530,.T.);
#728=EDGE_CURVE('',#594,#595,#260,.T.);
#729=EDGE_CURVE('',#595,#595,#531,.T.);
#730=EDGE_CURVE('',#596,#596,#532,.T.);
#731=EDGE_CURVE('',#597,#597,#533,.T.);
#732=EDGE_CURVE('',#597,#598,#261,.T.);
#733=EDGE_CURVE('',#598,#598,#534,.T.);
#734=EDGE_CURVE('',#599,#599,#535,.T.);
#735=EDGE_CURVE('',#600,#600,#536,.T.);
#736=EDGE_CURVE('',#600,#601,#262,.T.);
#737=EDGE_CURVE('',#601,#601,#537,.T.);
#738=EDGE_CURVE('',#602,#602,#538,.T.);
#739=EDGE_CURVE('',#593,#603,#263,.T.);
#740=EDGE_CURVE('',#603,#603,#539,.T.);
#741=EDGE_CURVE('',#596,#604,#264,.T.);
#742=EDGE_CURVE('',#604,#604,#540,.T.);
#743=EDGE_CURVE('',#599,#605,#265,.T.);
#744=EDGE_CURVE('',#605,#605,#541,.T.);
#745=EDGE_CURVE('',#602,#606,#266,.T.);
#746=EDGE_CURVE('',#606,#606,#542,.T.);
#747=EDGE_CURVE('',#607,#608,#543,.T.);
#748=EDGE_CURVE('',#607,#609,#267,.T.);
#749=EDGE_CURVE('',#609,#610,#544,.T.);
#750=EDGE_CURVE('',#608,#610,#268,.T.);
#751=EDGE_CURVE('',#611,#607,#269,.T.);
#752=EDGE_CURVE('',#611,#612,#270,.T.);
#753=EDGE_CURVE('',#612,#609,#271,.T.);
#754=EDGE_CURVE('',#613,#611,#545,.T.);
#755=EDGE_CURVE('',#613,#614,#272,.T.);
#756=EDGE_CURVE('',#614,#612,#546,.T.);
#757=EDGE_CURVE('',#615,#613,#273,.T.);
#758=EDGE_CURVE('',#615,#616,#274,.T.);
#759=EDGE_CURVE('',#616,#614,#275,.T.);
#760=EDGE_CURVE('',#617,#615,#547,.T.);
#761=EDGE_CURVE('',#617,#618,#276,.T.);
#762=EDGE_CURVE('',#618,#616,#548,.T.);
#763=EDGE_CURVE('',#619,#617,#277,.T.);
#764=EDGE_CURVE('',#619,#620,#278,.T.);
#765=EDGE_CURVE('',#620,#618,#279,.T.);
#766=EDGE_CURVE('',#621,#619,#549,.T.);
#767=EDGE_CURVE('',#621,#622,#280,.T.);
#768=EDGE_CURVE('',#622,#620,#550,.T.);
#769=EDGE_CURVE('',#610,#622,#281,.T.);
#770=EDGE_CURVE('',#623,#624,#282,.T.);
#771=EDGE_CURVE('',#623,#625,#283,.T.);
#772=EDGE_CURVE('',#625,#626,#284,.T.);
#773=EDGE_CURVE('',#624,#626,#285,.T.);
#774=EDGE_CURVE('',#627,#623,#551,.T.);
#775=EDGE_CURVE('',#627,#628,#286,.T.);
#776=EDGE_CURVE('',#628,#625,#552,.T.);
#777=EDGE_CURVE('',#629,#630,#553,.T.);
#778=EDGE_CURVE('',#629,#631,#287,.T.);
#779=EDGE_CURVE('',#631,#632,#554,.T.);
#780=EDGE_CURVE('',#630,#632,#288,.T.);
#781=EDGE_CURVE('',#633,#629,#289,.T.);
#782=EDGE_CURVE('',#633,#634,#290,.T.);
#783=EDGE_CURVE('',#634,#631,#291,.T.);
#784=EDGE_CURVE('',#635,#633,#555,.T.);
#785=EDGE_CURVE('',#635,#636,#292,.T.);
#786=EDGE_CURVE('',#636,#634,#556,.T.);
#787=EDGE_CURVE('',#637,#635,#293,.T.);
#788=EDGE_CURVE('',#637,#638,#294,.T.);
#789=EDGE_CURVE('',#638,#636,#295,.T.);
#790=EDGE_CURVE('',#624,#637,#557,.T.);
#791=EDGE_CURVE('',#626,#638,#558,.T.);
#792=EDGE_CURVE('',#632,#628,#296,.T.);
#793=EDGE_CURVE('',#639,#640,#559,.T.);
#794=EDGE_CURVE('',#639,#641,#297,.T.);
#795=EDGE_CURVE('',#641,#642,#560,.T.);
#796=EDGE_CURVE('',#640,#642,#298,.T.);
#797=EDGE_CURVE('',#643,#639,#299,.T.);
#798=EDGE_CURVE('',#643,#644,#300,.T.);
#799=EDGE_CURVE('',#644,#641,#301,.T.);
#800=EDGE_CURVE('',#645,#643,#561,.T.);
#801=EDGE_CURVE('',#645,#646,#302,.T.);
#802=EDGE_CURVE('',#646,#644,#562,.T.);
#803=EDGE_CURVE('',#647,#645,#303,.T.);
#804=EDGE_CURVE('',#647,#648,#304,.T.);
#805=EDGE_CURVE('',#648,#646,#305,.T.);
#806=EDGE_CURVE('',#649,#647,#563,.T.);
#807=EDGE_CURVE('',#649,#650,#306,.T.);
#808=EDGE_CURVE('',#650,#648,#564,.T.);
#809=EDGE_CURVE('',#651,#649,#307,.T.);
#810=EDGE_CURVE('',#651,#652,#308,.T.);
#811=EDGE_CURVE('',#652,#650,#309,.T.);
#812=EDGE_CURVE('',#653,#651,#565,.T.);
#813=EDGE_CURVE('',#653,#654,#310,.T.);
#814=EDGE_CURVE('',#654,#652,#566,.T.);
#815=EDGE_CURVE('',#642,#654,#311,.T.);
#816=EDGE_CURVE('',#655,#656,#567,.T.);
#817=EDGE_CURVE('',#655,#657,#312,.T.);
#818=EDGE_CURVE('',#657,#658,#568,.T.);
#819=EDGE_CURVE('',#656,#658,#313,.T.);
#820=EDGE_CURVE('',#659,#655,#314,.T.);
#821=EDGE_CURVE('',#659,#660,#315,.T.);
#822=EDGE_CURVE('',#660,#657,#316,.T.);
#823=EDGE_CURVE('',#661,#659,#569,.T.);
#824=EDGE_CURVE('',#661,#662,#317,.T.);
#825=EDGE_CURVE('',#662,#660,#570,.T.);
#826=EDGE_CURVE('',#663,#661,#318,.T.);
#827=EDGE_CURVE('',#663,#664,#319,.T.);
#828=EDGE_CURVE('',#664,#662,#320,.T.);
#829=EDGE_CURVE('',#665,#663,#571,.T.);
#830=EDGE_CURVE('',#665,#666,#321,.T.);
#831=EDGE_CURVE('',#666,#664,#572,.T.);
#832=EDGE_CURVE('',#667,#665,#322,.T.);
#833=EDGE_CURVE('',#667,#668,#323,.T.);
#834=EDGE_CURVE('',#668,#666,#324,.T.);
#835=EDGE_CURVE('',#669,#667,#573,.T.);
#836=EDGE_CURVE('',#669,#670,#325,.T.);
#837=EDGE_CURVE('',#670,#668,#574,.T.);
#838=EDGE_CURVE('',#658,#670,#326,.T.);
#839=EDGE_CURVE('',#671,#608,#327,.T.);
#840=EDGE_CURVE('',#672,#671,#328,.T.);
#841=EDGE_CURVE('',#653,#672,#329,.T.);
#842=EDGE_CURVE('',#673,#640,#330,.T.);
#843=EDGE_CURVE('',#674,#673,#331,.T.);
#844=EDGE_CURVE('',#669,#674,#332,.T.);
#845=EDGE_CURVE('',#675,#656,#333,.T.);
#846=EDGE_CURVE('',#676,#675,#334,.T.);
#847=EDGE_CURVE('',#627,#676,#335,.T.);
#848=EDGE_CURVE('',#677,#630,#336,.T.);
#849=EDGE_CURVE('',#678,#677,#337,.T.);
#850=EDGE_CURVE('',#621,#678,#338,.T.);
#851=EDGE_CURVE('',#679,#680,#339,.T.);
#852=EDGE_CURVE('',#679,#676,#340,.T.);
#853=EDGE_CURVE('',#680,#675,#341,.T.);
#854=EDGE_CURVE('',#681,#679,#342,.T.);
#855=EDGE_CURVE('',#681,#677,#343,.T.);
#856=EDGE_CURVE('',#682,#681,#344,.T.);
#857=EDGE_CURVE('',#682,#678,#345,.T.);
#858=EDGE_CURVE('',#683,#682,#346,.T.);
#859=EDGE_CURVE('',#683,#671,#347,.T.);
#860=EDGE_CURVE('',#684,#683,#348,.T.);
#861=EDGE_CURVE('',#684,#672,#349,.T.);
#862=EDGE_CURVE('',#685,#684,#350,.T.);
#863=EDGE_CURVE('',#685,#673,#351,.T.);
#864=EDGE_CURVE('',#686,#685,#352,.T.);
#865=EDGE_CURVE('',#686,#674,#353,.T.);
#866=EDGE_CURVE('',#680,#686,#354,.T.);
#867=EDGE_CURVE('',#687,#687,#575,.T.);
#868=EDGE_CURVE('',#687,#688,#355,.T.);
#869=EDGE_CURVE('',#688,#688,#576,.T.);
#870=EDGE_CURVE('',#689,#689,#577,.T.);
#871=EDGE_CURVE('',#689,#690,#356,.T.);
#872=EDGE_CURVE('',#690,#690,#578,.T.);
#873=EDGE_CURVE('',#691,#691,#579,.T.);
#874=EDGE_CURVE('',#691,#692,#357,.T.);
#875=EDGE_CURVE('',#692,#692,#580,.T.);
#876=EDGE_CURVE('',#693,#693,#581,.T.);
#877=EDGE_CURVE('',#693,#694,#358,.T.);
#878=EDGE_CURVE('',#694,#694,#582,.T.);
#879=EDGE_CURVE('',#695,#695,#583,.T.);
#880=EDGE_CURVE('',#695,#696,#359,.T.);
#881=EDGE_CURVE('',#696,#696,#584,.T.);
#882=EDGE_CURVE('',#697,#697,#585,.T.);
#883=EDGE_CURVE('',#697,#698,#360,.T.);
#884=EDGE_CURVE('',#698,#698,#586,.T.);
#885=EDGE_CURVE('',#699,#699,#587,.T.);
#886=EDGE_CURVE('',#699,#700,#361,.T.);
#887=EDGE_CURVE('',#700,#700,#588,.T.);
#888=EDGE_CURVE('',#701,#701,#589,.T.);
#889=EDGE_CURVE('',#701,#702,#362,.T.);
#890=EDGE_CURVE('',#702,#702,#590,.T.);
#891=EDGE_CURVE('',#703,#704,#363,.T.);
#892=EDGE_CURVE('',#703,#705,#364,.T.);
#893=EDGE_CURVE('',#706,#705,#365,.T.);
#894=EDGE_CURVE('',#704,#706,#366,.T.);
#895=EDGE_CURVE('',#707,#704,#367,.T.);
#896=EDGE_CURVE('',#708,#706,#368,.T.);
#897=EDGE_CURVE('',#707,#708,#369,.T.);
#898=EDGE_CURVE('',#707,#709,#370,.T.);
#899=EDGE_CURVE('',#710,#708,#371,.T.);
#900=EDGE_CURVE('',#709,#710,#372,.T.);
#901=EDGE_CURVE('',#711,#709,#373,.T.);
#902=EDGE_CURVE('',#712,#710,#374,.T.);
#903=EDGE_CURVE('',#711,#712,#375,.T.);
#904=EDGE_CURVE('',#711,#713,#376,.T.);
#905=EDGE_CURVE('',#714,#712,#377,.T.);
#906=EDGE_CURVE('',#713,#714,#378,.T.);
#907=EDGE_CURVE('',#713,#715,#379,.T.);
#908=EDGE_CURVE('',#716,#714,#380,.T.);
#909=EDGE_CURVE('',#715,#716,#381,.T.);
#910=EDGE_CURVE('',#717,#715,#382,.T.);
#911=EDGE_CURVE('',#718,#716,#383,.T.);
#912=EDGE_CURVE('',#717,#718,#384,.T.);
#913=EDGE_CURVE('',#717,#719,#385,.T.);
#914=EDGE_CURVE('',#720,#718,#386,.T.);
#915=EDGE_CURVE('',#719,#720,#387,.T.);
#916=EDGE_CURVE('',#719,#721,#388,.T.);
#917=EDGE_CURVE('',#722,#720,#389,.T.);
#918=EDGE_CURVE('',#721,#722,#390,.T.);
#919=EDGE_CURVE('',#703,#721,#391,.T.);
#920=EDGE_CURVE('',#705,#722,#392,.T.);
#921=ORIENTED_EDGE('',*,*,#723,.F.);
#922=ORIENTED_EDGE('',*,*,#724,.T.);
#923=ORIENTED_EDGE('',*,*,#725,.F.);
#924=ORIENTED_EDGE('',*,*,#724,.F.);
#925=ORIENTED_EDGE('',*,*,#723,.T.);
#926=ORIENTED_EDGE('',*,*,#726,.T.);
#927=ORIENTED_EDGE('',*,*,#727,.F.);
#928=ORIENTED_EDGE('',*,*,#728,.T.);
#929=ORIENTED_EDGE('',*,*,#729,.F.);
#930=ORIENTED_EDGE('',*,*,#728,.F.);
#931=ORIENTED_EDGE('',*,*,#727,.T.);
#932=ORIENTED_EDGE('',*,*,#730,.T.);
#933=ORIENTED_EDGE('',*,*,#731,.F.);
#934=ORIENTED_EDGE('',*,*,#732,.T.);
#935=ORIENTED_EDGE('',*,*,#733,.F.);
#936=ORIENTED_EDGE('',*,*,#732,.F.);
#937=ORIENTED_EDGE('',*,*,#731,.T.);
#938=ORIENTED_EDGE('',*,*,#734,.T.);
#939=ORIENTED_EDGE('',*,*,#735,.F.);
#940=ORIENTED_EDGE('',*,*,#736,.T.);
#941=ORIENTED_EDGE('',*,*,#737,.F.);
#942=ORIENTED_EDGE('',*,*,#736,.F.);
#943=ORIENTED_EDGE('',*,*,#735,.T.);
#944=ORIENTED_EDGE('',*,*,#738,.T.);
#945=ORIENTED_EDGE('',*,*,#726,.F.);
#946=ORIENTED_EDGE('',*,*,#739,.T.);
#947=ORIENTED_EDGE('',*,*,#740,.F.);
#948=ORIENTED_EDGE('',*,*,#739,.F.);
#949=ORIENTED_EDGE('',*,*,#730,.F.);
#950=ORIENTED_EDGE('',*,*,#741,.T.);
#951=ORIENTED_EDGE('',*,*,#742,.F.);
#952=ORIENTED_EDGE('',*,*,#741,.F.);
#953=ORIENTED_EDGE('',*,*,#734,.F.);
#954=ORIENTED_EDGE('',*,*,#743,.T.);
#955=ORIENTED_EDGE('',*,*,#744,.F.);
#956=ORIENTED_EDGE('',*,*,#743,.F.);
#957=ORIENTED_EDGE('',*,*,#738,.F.);
#958=ORIENTED_EDGE('',*,*,#745,.T.);
#959=ORIENTED_EDGE('',*,*,#746,.F.);
#960=ORIENTED_EDGE('',*,*,#745,.F.);
#961=ORIENTED_EDGE('',*,*,#747,.F.);
#962=ORIENTED_EDGE('',*,*,#748,.T.);
#963=ORIENTED_EDGE('',*,*,#749,.T.);
#964=ORIENTED_EDGE('',*,*,#750,.F.);
#965=ORIENTED_EDGE('',*,*,#751,.F.);
#966=ORIENTED_EDGE('',*,*,#752,.T.);
#967=ORIENTED_EDGE('',*,*,#753,.T.);
#968=ORIENTED_EDGE('',*,*,#748,.F.);
#969=ORIENTED_EDGE('',*,*,#754,.F.);
#970=ORIENTED_EDGE('',*,*,#755,.T.);
#971=ORIENTED_EDGE('',*,*,#756,.T.);
#972=ORIENTED_EDGE('',*,*,#752,.F.);
#973=ORIENTED_EDGE('',*,*,#757,.F.);
#974=ORIENTED_EDGE('',*,*,#758,.T.);
#975=ORIENTED_EDGE('',*,*,#759,.T.);
#976=ORIENTED_EDGE('',*,*,#755,.F.);
#977=ORIENTED_EDGE('',*,*,#760,.F.);
#978=ORIENTED_EDGE('',*,*,#761,.T.);
#979=ORIENTED_EDGE('',*,*,#762,.T.);
#980=ORIENTED_EDGE('',*,*,#758,.F.);
#981=ORIENTED_EDGE('',*,*,#763,.F.);
#982=ORIENTED_EDGE('',*,*,#764,.T.);
#983=ORIENTED_EDGE('',*,*,#765,.T.);
#984=ORIENTED_EDGE('',*,*,#761,.F.);
#985=ORIENTED_EDGE('',*,*,#766,.F.);
#986=ORIENTED_EDGE('',*,*,#767,.T.);
#987=ORIENTED_EDGE('',*,*,#768,.T.);
#988=ORIENTED_EDGE('',*,*,#764,.F.);
#989=ORIENTED_EDGE('',*,*,#768,.F.);
#990=ORIENTED_EDGE('',*,*,#769,.F.);
#991=ORIENTED_EDGE('',*,*,#749,.F.);
#992=ORIENTED_EDGE('',*,*,#753,.F.);
#993=ORIENTED_EDGE('',*,*,#756,.F.);
#994=ORIENTED_EDGE('',*,*,#759,.F.);
#995=ORIENTED_EDGE('',*,*,#762,.F.);
#996=ORIENTED_EDGE('',*,*,#765,.F.);
#997=ORIENTED_EDGE('',*,*,#770,.F.);
#998=ORIENTED_EDGE('',*,*,#771,.T.);
#999=ORIENTED_EDGE('',*,*,#772,.T.);
#1000=ORIENTED_EDGE('',*,*,#773,.F.);
#1001=ORIENTED_EDGE('',*,*,#774,.F.);
#1002=ORIENTED_EDGE('',*,*,#775,.T.);
#1003=ORIENTED_EDGE('',*,*,#776,.T.);
#1004=ORIENTED_EDGE('',*,*,#771,.F.);
#1005=ORIENTED_EDGE('',*,*,#777,.F.);
#1006=ORIENTED_EDGE('',*,*,#778,.T.);
#1007=ORIENTED_EDGE('',*,*,#779,.T.);
#1008=ORIENTED_EDGE('',*,*,#780,.F.);
#1009=ORIENTED_EDGE('',*,*,#781,.F.);
#1010=ORIENTED_EDGE('',*,*,#782,.T.);
#1011=ORIENTED_EDGE('',*,*,#783,.T.);
#1012=ORIENTED_EDGE('',*,*,#778,.F.);
#1013=ORIENTED_EDGE('',*,*,#784,.F.);
#1014=ORIENTED_EDGE('',*,*,#785,.T.);
#1015=ORIENTED_EDGE('',*,*,#786,.T.);
#1016=ORIENTED_EDGE('',*,*,#782,.F.);
#1017=ORIENTED_EDGE('',*,*,#787,.F.);
#1018=ORIENTED_EDGE('',*,*,#788,.T.);
#1019=ORIENTED_EDGE('',*,*,#789,.T.);
#1020=ORIENTED_EDGE('',*,*,#785,.F.);
#1021=ORIENTED_EDGE('',*,*,#790,.F.);
#1022=ORIENTED_EDGE('',*,*,#773,.T.);
#1023=ORIENTED_EDGE('',*,*,#791,.T.);
#1024=ORIENTED_EDGE('',*,*,#788,.F.);
#1025=ORIENTED_EDGE('',*,*,#791,.F.);
#1026=ORIENTED_EDGE('',*,*,#772,.F.);
#1027=ORIENTED_EDGE('',*,*,#776,.F.);
#1028=ORIENTED_EDGE('',*,*,#792,.F.);
#1029=ORIENTED_EDGE('',*,*,#779,.F.);
#1030=ORIENTED_EDGE('',*,*,#783,.F.);
#1031=ORIENTED_EDGE('',*,*,#786,.F.);
#1032=ORIENTED_EDGE('',*,*,#789,.F.);
#1033=ORIENTED_EDGE('',*,*,#793,.F.);
#1034=ORIENTED_EDGE('',*,*,#794,.T.);
#1035=ORIENTED_EDGE('',*,*,#795,.T.);
#1036=ORIENTED_EDGE('',*,*,#796,.F.);
#1037=ORIENTED_EDGE('',*,*,#797,.F.);
#1038=ORIENTED_EDGE('',*,*,#798,.T.);
#1039=ORIENTED_EDGE('',*,*,#799,.T.);
#1040=ORIENTED_EDGE('',*,*,#794,.F.);
#1041=ORIENTED_EDGE('',*,*,#800,.F.);
#1042=ORIENTED_EDGE('',*,*,#801,.T.);
#1043=ORIENTED_EDGE('',*,*,#802,.T.);
#1044=ORIENTED_EDGE('',*,*,#798,.F.);
#1045=ORIENTED_EDGE('',*,*,#803,.F.);
#1046=ORIENTED_EDGE('',*,*,#804,.T.);
#1047=ORIENTED_EDGE('',*,*,#805,.T.);
#1048=ORIENTED_EDGE('',*,*,#801,.F.);
#1049=ORIENTED_EDGE('',*,*,#806,.F.);
#1050=ORIENTED_EDGE('',*,*,#807,.T.);
#1051=ORIENTED_EDGE('',*,*,#808,.T.);
#1052=ORIENTED_EDGE('',*,*,#804,.F.);
#1053=ORIENTED_EDGE('',*,*,#809,.F.);
#1054=ORIENTED_EDGE('',*,*,#810,.T.);
#1055=ORIENTED_EDGE('',*,*,#811,.T.);
#1056=ORIENTED_EDGE('',*,*,#807,.F.);
#1057=ORIENTED_EDGE('',*,*,#812,.F.);
#1058=ORIENTED_EDGE('',*,*,#813,.T.);
#1059=ORIENTED_EDGE('',*,*,#814,.T.);
#1060=ORIENTED_EDGE('',*,*,#810,.F.);
#1061=ORIENTED_EDGE('',*,*,#814,.F.);
#1062=ORIENTED_EDGE('',*,*,#815,.F.);
#1063=ORIENTED_EDGE('',*,*,#795,.F.);
#1064=ORIENTED_EDGE('',*,*,#799,.F.);
#1065=ORIENTED_EDGE('',*,*,#802,.F.);
#1066=ORIENTED_EDGE('',*,*,#805,.F.);
#1067=ORIENTED_EDGE('',*,*,#808,.F.);
#1068=ORIENTED_EDGE('',*,*,#811,.F.);
#1069=ORIENTED_EDGE('',*,*,#816,.F.);
#1070=ORIENTED_EDGE('',*,*,#817,.T.);
#1071=ORIENTED_EDGE('',*,*,#818,.T.);
#1072=ORIENTED_EDGE('',*,*,#819,.F.);
#1073=ORIENTED_EDGE('',*,*,#820,.F.);
#1074=ORIENTED_EDGE('',*,*,#821,.T.);
#1075=ORIENTED_EDGE('',*,*,#822,.T.);
#1076=ORIENTED_EDGE('',*,*,#817,.F.);
#1077=ORIENTED_EDGE('',*,*,#823,.F.);
#1078=ORIENTED_EDGE('',*,*,#824,.T.);
#1079=ORIENTED_EDGE('',*,*,#825,.T.);
#1080=ORIENTED_EDGE('',*,*,#821,.F.);
#1081=ORIENTED_EDGE('',*,*,#826,.F.);
#1082=ORIENTED_EDGE('',*,*,#827,.T.);
#1083=ORIENTED_EDGE('',*,*,#828,.T.);
#1084=ORIENTED_EDGE('',*,*,#824,.F.);
#1085=ORIENTED_EDGE('',*,*,#829,.F.);
#1086=ORIENTED_EDGE('',*,*,#830,.T.);
#1087=ORIENTED_EDGE('',*,*,#831,.T.);
#1088=ORIENTED_EDGE('',*,*,#827,.F.);
#1089=ORIENTED_EDGE('',*,*,#832,.F.);
#1090=ORIENTED_EDGE('',*,*,#833,.T.);
#1091=ORIENTED_EDGE('',*,*,#834,.T.);
#1092=ORIENTED_EDGE('',*,*,#830,.F.);
#1093=ORIENTED_EDGE('',*,*,#835,.F.);
#1094=ORIENTED_EDGE('',*,*,#836,.T.);
#1095=ORIENTED_EDGE('',*,*,#837,.T.);
#1096=ORIENTED_EDGE('',*,*,#833,.F.);
#1097=ORIENTED_EDGE('',*,*,#837,.F.);
#1098=ORIENTED_EDGE('',*,*,#838,.F.);
#1099=ORIENTED_EDGE('',*,*,#818,.F.);
#1100=ORIENTED_EDGE('',*,*,#822,.F.);
#1101=ORIENTED_EDGE('',*,*,#825,.F.);
#1102=ORIENTED_EDGE('',*,*,#828,.F.);
#1103=ORIENTED_EDGE('',*,*,#831,.F.);
#1104=ORIENTED_EDGE('',*,*,#834,.F.);
#1105=ORIENTED_EDGE('',*,*,#766,.T.);
#1106=ORIENTED_EDGE('',*,*,#763,.T.);
#1107=ORIENTED_EDGE('',*,*,#760,.T.);
#1108=ORIENTED_EDGE('',*,*,#757,.T.);
#1109=ORIENTED_EDGE('',*,*,#754,.T.);
#1110=ORIENTED_EDGE('',*,*,#751,.T.);
#1111=ORIENTED_EDGE('',*,*,#747,.T.);
#1112=ORIENTED_EDGE('',*,*,#839,.F.);
#1113=ORIENTED_EDGE('',*,*,#840,.F.);
#1114=ORIENTED_EDGE('',*,*,#841,.F.);
#1115=ORIENTED_EDGE('',*,*,#812,.T.);
#1116=ORIENTED_EDGE('',*,*,#809,.T.);
#1117=ORIENTED_EDGE('',*,*,#806,.T.);
#1118=ORIENTED_EDGE('',*,*,#803,.T.);
#1119=ORIENTED_EDGE('',*,*,#800,.T.);
#1120=ORIENTED_EDGE('',*,*,#797,.T.);
#1121=ORIENTED_EDGE('',*,*,#793,.T.);
#1122=ORIENTED_EDGE('',*,*,#842,.F.);
#1123=ORIENTED_EDGE('',*,*,#843,.F.);
#1124=ORIENTED_EDGE('',*,*,#844,.F.);
#1125=ORIENTED_EDGE('',*,*,#835,.T.);
#1126=ORIENTED_EDGE('',*,*,#832,.T.);
#1127=ORIENTED_EDGE('',*,*,#829,.T.);
#1128=ORIENTED_EDGE('',*,*,#826,.T.);
#1129=ORIENTED_EDGE('',*,*,#823,.T.);
#1130=ORIENTED_EDGE('',*,*,#820,.T.);
#1131=ORIENTED_EDGE('',*,*,#816,.T.);
#1132=ORIENTED_EDGE('',*,*,#845,.F.);
#1133=ORIENTED_EDGE('',*,*,#846,.F.);
#1134=ORIENTED_EDGE('',*,*,#847,.F.);
#1135=ORIENTED_EDGE('',*,*,#774,.T.);
#1136=ORIENTED_EDGE('',*,*,#770,.T.);
#1137=ORIENTED_EDGE('',*,*,#790,.T.);
#1138=ORIENTED_EDGE('',*,*,#787,.T.);
#1139=ORIENTED_EDGE('',*,*,#784,.T.);
#1140=ORIENTED_EDGE('',*,*,#781,.T.);
#1141=ORIENTED_EDGE('',*,*,#777,.T.);
#1142=ORIENTED_EDGE('',*,*,#848,.F.);
#1143=ORIENTED_EDGE('',*,*,#849,.F.);
#1144=ORIENTED_EDGE('',*,*,#850,.F.);
#1145=ORIENTED_EDGE('',*,*,#725,.T.);
#1146=ORIENTED_EDGE('',*,*,#729,.T.);
#1147=ORIENTED_EDGE('',*,*,#733,.T.);
#1148=ORIENTED_EDGE('',*,*,#737,.T.);
#1149=ORIENTED_EDGE('',*,*,#851,.F.);
#1150=ORIENTED_EDGE('',*,*,#852,.T.);
#1151=ORIENTED_EDGE('',*,*,#846,.T.);
#1152=ORIENTED_EDGE('',*,*,#853,.F.);
#1153=ORIENTED_EDGE('',*,*,#854,.F.);
#1154=ORIENTED_EDGE('',*,*,#855,.T.);
#1155=ORIENTED_EDGE('',*,*,#848,.T.);
#1156=ORIENTED_EDGE('',*,*,#780,.T.);
#1157=ORIENTED_EDGE('',*,*,#792,.T.);
#1158=ORIENTED_EDGE('',*,*,#775,.F.);
#1159=ORIENTED_EDGE('',*,*,#847,.T.);
#1160=ORIENTED_EDGE('',*,*,#852,.F.);
#1161=ORIENTED_EDGE('',*,*,#856,.F.);
#1162=ORIENTED_EDGE('',*,*,#857,.T.);
#1163=ORIENTED_EDGE('',*,*,#849,.T.);
#1164=ORIENTED_EDGE('',*,*,#855,.F.);
#1165=ORIENTED_EDGE('',*,*,#858,.F.);
#1166=ORIENTED_EDGE('',*,*,#859,.T.);
#1167=ORIENTED_EDGE('',*,*,#839,.T.);
#1168=ORIENTED_EDGE('',*,*,#750,.T.);
#1169=ORIENTED_EDGE('',*,*,#769,.T.);
#1170=ORIENTED_EDGE('',*,*,#767,.F.);
#1171=ORIENTED_EDGE('',*,*,#850,.T.);
#1172=ORIENTED_EDGE('',*,*,#857,.F.);
#1173=ORIENTED_EDGE('',*,*,#860,.F.);
#1174=ORIENTED_EDGE('',*,*,#861,.T.);
#1175=ORIENTED_EDGE('',*,*,#840,.T.);
#1176=ORIENTED_EDGE('',*,*,#859,.F.);
#1177=ORIENTED_EDGE('',*,*,#862,.F.);
#1178=ORIENTED_EDGE('',*,*,#863,.T.);
#1179=ORIENTED_EDGE('',*,*,#842,.T.);
#1180=ORIENTED_EDGE('',*,*,#796,.T.);
#1181=ORIENTED_EDGE('',*,*,#815,.T.);
#1182=ORIENTED_EDGE('',*,*,#813,.F.);
#1183=ORIENTED_EDGE('',*,*,#841,.T.);
#1184=ORIENTED_EDGE('',*,*,#861,.F.);
#1185=ORIENTED_EDGE('',*,*,#864,.F.);
#1186=ORIENTED_EDGE('',*,*,#865,.T.);
#1187=ORIENTED_EDGE('',*,*,#843,.T.);
#1188=ORIENTED_EDGE('',*,*,#863,.F.);
#1189=ORIENTED_EDGE('',*,*,#866,.F.);
#1190=ORIENTED_EDGE('',*,*,#853,.T.);
#1191=ORIENTED_EDGE('',*,*,#845,.T.);
#1192=ORIENTED_EDGE('',*,*,#819,.T.);
#1193=ORIENTED_EDGE('',*,*,#838,.T.);
#1194=ORIENTED_EDGE('',*,*,#836,.F.);
#1195=ORIENTED_EDGE('',*,*,#844,.T.);
#1196=ORIENTED_EDGE('',*,*,#865,.F.);
#1197=ORIENTED_EDGE('',*,*,#867,.F.);
#1198=ORIENTED_EDGE('',*,*,#868,.T.);
#1199=ORIENTED_EDGE('',*,*,#869,.T.);
#1200=ORIENTED_EDGE('',*,*,#868,.F.);
#1201=ORIENTED_EDGE('',*,*,#870,.F.);
#1202=ORIENTED_EDGE('',*,*,#871,.T.);
#1203=ORIENTED_EDGE('',*,*,#872,.T.);
#1204=ORIENTED_EDGE('',*,*,#871,.F.);
#1205=ORIENTED_EDGE('',*,*,#873,.F.);
#1206=ORIENTED_EDGE('',*,*,#874,.T.);
#1207=ORIENTED_EDGE('',*,*,#875,.T.);
#1208=ORIENTED_EDGE('',*,*,#874,.F.);
#1209=ORIENTED_EDGE('',*,*,#876,.F.);
#1210=ORIENTED_EDGE('',*,*,#877,.T.);
#1211=ORIENTED_EDGE('',*,*,#878,.T.);
#1212=ORIENTED_EDGE('',*,*,#877,.F.);
#1213=ORIENTED_EDGE('',*,*,#879,.F.);
#1214=ORIENTED_EDGE('',*,*,#880,.T.);
#1215=ORIENTED_EDGE('',*,*,#881,.T.);
#1216=ORIENTED_EDGE('',*,*,#880,.F.);
#1217=ORIENTED_EDGE('',*,*,#882,.F.);
#1218=ORIENTED_EDGE('',*,*,#883,.T.);
#1219=ORIENTED_EDGE('',*,*,#884,.T.);
#1220=ORIENTED_EDGE('',*,*,#883,.F.);
#1221=ORIENTED_EDGE('',*,*,#885,.F.);
#1222=ORIENTED_EDGE('',*,*,#886,.T.);
#1223=ORIENTED_EDGE('',*,*,#887,.T.);
#1224=ORIENTED_EDGE('',*,*,#886,.F.);
#1225=ORIENTED_EDGE('',*,*,#888,.F.);
#1226=ORIENTED_EDGE('',*,*,#889,.T.);
#1227=ORIENTED_EDGE('',*,*,#890,.T.);
#1228=ORIENTED_EDGE('',*,*,#889,.F.);
#1229=ORIENTED_EDGE('',*,*,#891,.F.);
#1230=ORIENTED_EDGE('',*,*,#892,.T.);
#1231=ORIENTED_EDGE('',*,*,#893,.F.);
#1232=ORIENTED_EDGE('',*,*,#894,.F.);
#1233=ORIENTED_EDGE('',*,*,#895,.T.);
#1234=ORIENTED_EDGE('',*,*,#894,.T.);
#1235=ORIENTED_EDGE('',*,*,#896,.F.);
#1236=ORIENTED_EDGE('',*,*,#897,.F.);
#1237=ORIENTED_EDGE('',*,*,#898,.F.);
#1238=ORIENTED_EDGE('',*,*,#897,.T.);
#1239=ORIENTED_EDGE('',*,*,#899,.F.);
#1240=ORIENTED_EDGE('',*,*,#900,.F.);
#1241=ORIENTED_EDGE('',*,*,#901,.T.);
#1242=ORIENTED_EDGE('',*,*,#900,.T.);
#1243=ORIENTED_EDGE('',*,*,#902,.F.);
#1244=ORIENTED_EDGE('',*,*,#903,.F.);
#1245=ORIENTED_EDGE('',*,*,#904,.F.);
#1246=ORIENTED_EDGE('',*,*,#903,.T.);
#1247=ORIENTED_EDGE('',*,*,#905,.F.);
#1248=ORIENTED_EDGE('',*,*,#906,.F.);
#1249=ORIENTED_EDGE('',*,*,#907,.F.);
#1250=ORIENTED_EDGE('',*,*,#906,.T.);
#1251=ORIENTED_EDGE('',*,*,#908,.F.);
#1252=ORIENTED_EDGE('',*,*,#909,.F.);
#1253=ORIENTED_EDGE('',*,*,#910,.T.);
#1254=ORIENTED_EDGE('',*,*,#909,.T.);
#1255=ORIENTED_EDGE('',*,*,#911,.F.);
#1256=ORIENTED_EDGE('',*,*,#912,.F.);
#1257=ORIENTED_EDGE('',*,*,#913,.F.);
#1258=ORIENTED_EDGE('',*,*,#912,.T.);
#1259=ORIENTED_EDGE('',*,*,#914,.F.);
#1260=ORIENTED_EDGE('',*,*,#915,.F.);
#1261=ORIENTED_EDGE('',*,*,#916,.F.);
#1262=ORIENTED_EDGE('',*,*,#915,.T.);
#1263=ORIENTED_EDGE('',*,*,#917,.F.);
#1264=ORIENTED_EDGE('',*,*,#918,.F.);
#1265=ORIENTED_EDGE('',*,*,#919,.T.);
#1266=ORIENTED_EDGE('',*,*,#918,.T.);
#1267=ORIENTED_EDGE('',*,*,#920,.F.);
#1268=ORIENTED_EDGE('',*,*,#892,.F.);
#1269=ORIENTED_EDGE('',*,*,#920,.T.);
#1270=ORIENTED_EDGE('',*,*,#917,.T.);
#1271=ORIENTED_EDGE('',*,*,#914,.T.);
#1272=ORIENTED_EDGE('',*,*,#911,.T.);
#1273=ORIENTED_EDGE('',*,*,#908,.T.);
#1274=ORIENTED_EDGE('',*,*,#905,.T.);
#1275=ORIENTED_EDGE('',*,*,#902,.T.);
#1276=ORIENTED_EDGE('',*,*,#899,.T.);
#1277=ORIENTED_EDGE('',*,*,#896,.T.);
#1278=ORIENTED_EDGE('',*,*,#893,.T.);
#1279=ORIENTED_EDGE('',*,*,#851,.T.);
#1280=ORIENTED_EDGE('',*,*,#866,.T.);
#1281=ORIENTED_EDGE('',*,*,#864,.T.);
#1282=ORIENTED_EDGE('',*,*,#862,.T.);
#1283=ORIENTED_EDGE('',*,*,#860,.T.);
#1284=ORIENTED_EDGE('',*,*,#858,.T.);
#1285=ORIENTED_EDGE('',*,*,#856,.T.);
#1286=ORIENTED_EDGE('',*,*,#854,.T.);
#1287=ORIENTED_EDGE('',*,*,#888,.T.);
#1288=ORIENTED_EDGE('',*,*,#885,.T.);
#1289=ORIENTED_EDGE('',*,*,#882,.T.);
#1290=ORIENTED_EDGE('',*,*,#879,.T.);
#1291=ORIENTED_EDGE('',*,*,#876,.T.);
#1292=ORIENTED_EDGE('',*,*,#873,.T.);
#1293=ORIENTED_EDGE('',*,*,#870,.T.);
#1294=ORIENTED_EDGE('',*,*,#867,.T.);
#1295=ORIENTED_EDGE('',*,*,#919,.F.);
#1296=ORIENTED_EDGE('',*,*,#891,.T.);
#1297=ORIENTED_EDGE('',*,*,#895,.F.);
#1298=ORIENTED_EDGE('',*,*,#898,.T.);
#1299=ORIENTED_EDGE('',*,*,#901,.F.);
#1300=ORIENTED_EDGE('',*,*,#904,.T.);
#1301=ORIENTED_EDGE('',*,*,#907,.T.);
#1302=ORIENTED_EDGE('',*,*,#910,.F.);
#1303=ORIENTED_EDGE('',*,*,#913,.T.);
#1304=ORIENTED_EDGE('',*,*,#916,.T.);
#1305=ORIENTED_EDGE('',*,*,#740,.T.);
#1306=ORIENTED_EDGE('',*,*,#742,.T.);
#1307=ORIENTED_EDGE('',*,*,#744,.T.);
#1308=ORIENTED_EDGE('',*,*,#746,.T.);
#1309=ORIENTED_EDGE('',*,*,#890,.F.);
#1310=ORIENTED_EDGE('',*,*,#887,.F.);
#1311=ORIENTED_EDGE('',*,*,#884,.F.);
#1312=ORIENTED_EDGE('',*,*,#881,.F.);
#1313=ORIENTED_EDGE('',*,*,#878,.F.);
#1314=ORIENTED_EDGE('',*,*,#875,.F.);
#1315=ORIENTED_EDGE('',*,*,#872,.F.);
#1316=ORIENTED_EDGE('',*,*,#869,.F.);
#1317=CYLINDRICAL_SURFACE('',#1449,4.);
#1318=CYLINDRICAL_SURFACE('',#1454,4.);
#1319=CYLINDRICAL_SURFACE('',#1459,4.);
#1320=CYLINDRICAL_SURFACE('',#1464,4.);
#1321=CYLINDRICAL_SURFACE('',#1469,1.5);
#1322=CYLINDRICAL_SURFACE('',#1471,1.5);
#1323=CYLINDRICAL_SURFACE('',#1473,1.5);
#1324=CYLINDRICAL_SURFACE('',#1475,1.5);
#1325=CYLINDRICAL_SURFACE('',#1477,2.99999999999999);
#1326=CYLINDRICAL_SURFACE('',#1481,3.);
#1327=CYLINDRICAL_SURFACE('',#1485,3.);
#1328=CYLINDRICAL_SURFACE('',#1489,3.);
#1329=CYLINDRICAL_SURFACE('',#1494,3.);
#1330=CYLINDRICAL_SURFACE('',#1497,2.99999999999999);
#1331=CYLINDRICAL_SURFACE('',#1501,3.);
#1332=CYLINDRICAL_SURFACE('',#1505,3.);
#1333=CYLINDRICAL_SURFACE('',#1509,2.99999999999999);
#1334=CYLINDRICAL_SURFACE('',#1513,3.);
#1335=CYLINDRICAL_SURFACE('',#1517,3.);
#1336=CYLINDRICAL_SURFACE('',#1521,3.);
#1337=CYLINDRICAL_SURFACE('',#1525,2.99999999999999);
#1338=CYLINDRICAL_SURFACE('',#1529,3.);
#1339=CYLINDRICAL_SURFACE('',#1533,3.);
#1340=CYLINDRICAL_SURFACE('',#1537,3.);
#1341=CYLINDRICAL_SURFACE('',#1550,1.6);
#1342=CYLINDRICAL_SURFACE('',#1553,1.6);
#1343=CYLINDRICAL_SURFACE('',#1556,1.6);
#1344=CYLINDRICAL_SURFACE('',#1559,1.6);
#1345=CYLINDRICAL_SURFACE('',#1562,1.6);
#1346=CYLINDRICAL_SURFACE('',#1565,1.6);
#1347=CYLINDRICAL_SURFACE('',#1568,1.6);
#1348=CYLINDRICAL_SURFACE('',#1571,1.6);
#1349=STYLED_ITEM('',(#2421),#1362);
#1350=STYLED_ITEM('',(#2421),#1363);
#1351=STYLED_ITEM('',(#2421),#1364);
#1352=STYLED_ITEM('',(#2421),#1365);
#1353=STYLED_ITEM('',(#2421),#1366);
#1354=STYLED_ITEM('',(#2421),#1367);
#1355=STYLED_ITEM('',(#2421),#1368);
#1356=STYLED_ITEM('',(#2421),#1369);
#1357=STYLED_ITEM('',(#2421),#1370);
#1358=STYLED_ITEM('',(#2421),#1371);
#1359=STYLED_ITEM('',(#2421),#1372);
#1360=STYLED_ITEM('',(#2421),#1373);
#1361=STYLED_ITEM('',(#2420),#13);
#1362=ADVANCED_FACE('',(#84),#1317,.T.);
#1363=ADVANCED_FACE('',(#85,#14),#43,.T.);
#1364=ADVANCED_FACE('',(#86),#1318,.T.);
#1365=ADVANCED_FACE('',(#87,#15),#44,.T.);
#1366=ADVANCED_FACE('',(#88),#1319,.T.);
#1367=ADVANCED_FACE('',(#89,#16),#45,.T.);
#1368=ADVANCED_FACE('',(#90),#1320,.T.);
#1369=ADVANCED_FACE('',(#91,#17),#46,.T.);
#1370=ADVANCED_FACE('',(#92),#1321,.F.);
#1371=ADVANCED_FACE('',(#93),#1322,.F.);
#1372=ADVANCED_FACE('',(#94),#1323,.F.);
#1373=ADVANCED_FACE('',(#95),#1324,.F.);
#1374=ADVANCED_FACE('',(#96),#1325,.F.);
#1375=ADVANCED_FACE('',(#97),#47,.F.);
#1376=ADVANCED_FACE('',(#98),#1326,.F.);
#1377=ADVANCED_FACE('',(#99),#48,.F.);
#1378=ADVANCED_FACE('',(#100),#1327,.F.);
#1379=ADVANCED_FACE('',(#101),#49,.F.);
#1380=ADVANCED_FACE('',(#102),#1328,.F.);
#1381=ADVANCED_FACE('',(#103),#50,.T.);
#1382=ADVANCED_FACE('',(#104),#51,.F.);
#1383=ADVANCED_FACE('',(#105),#1329,.F.);
#1384=ADVANCED_FACE('',(#106),#1330,.F.);
#1385=ADVANCED_FACE('',(#107),#52,.F.);
#1386=ADVANCED_FACE('',(#108),#1331,.F.);
#1387=ADVANCED_FACE('',(#109),#53,.F.);
#1388=ADVANCED_FACE('',(#110),#1332,.F.);
#1389=ADVANCED_FACE('',(#111),#54,.T.);
#1390=ADVANCED_FACE('',(#112),#1333,.F.);
#1391=ADVANCED_FACE('',(#113),#55,.F.);
#1392=ADVANCED_FACE('',(#114),#1334,.F.);
#1393=ADVANCED_FACE('',(#115),#56,.F.);
#1394=ADVANCED_FACE('',(#116),#1335,.F.);
#1395=ADVANCED_FACE('',(#117),#57,.F.);
#1396=ADVANCED_FACE('',(#118),#1336,.F.);
#1397=ADVANCED_FACE('',(#119),#58,.T.);
#1398=ADVANCED_FACE('',(#120),#1337,.F.);
#1399=ADVANCED_FACE('',(#121),#59,.F.);
#1400=ADVANCED_FACE('',(#122),#1338,.F.);
#1401=ADVANCED_FACE('',(#123),#60,.F.);
#1402=ADVANCED_FACE('',(#124),#1339,.F.);
#1403=ADVANCED_FACE('',(#125),#61,.F.);
#1404=ADVANCED_FACE('',(#126),#1340,.F.);
#1405=ADVANCED_FACE('',(#127),#62,.T.);
#1406=ADVANCED_FACE('',(#128,#18,#19,#20,#21),#63,.F.);
#1407=ADVANCED_FACE('',(#129),#64,.F.);
#1408=ADVANCED_FACE('',(#130),#65,.F.);
#1409=ADVANCED_FACE('',(#131),#66,.F.);
#1410=ADVANCED_FACE('',(#132),#67,.F.);
#1411=ADVANCED_FACE('',(#133),#68,.F.);
#1412=ADVANCED_FACE('',(#134),#69,.F.);
#1413=ADVANCED_FACE('',(#135),#70,.F.);
#1414=ADVANCED_FACE('',(#136),#71,.F.);
#1415=ADVANCED_FACE('',(#137),#1341,.F.);
#1416=ADVANCED_FACE('',(#138),#1342,.F.);
#1417=ADVANCED_FACE('',(#139),#1343,.F.);
#1418=ADVANCED_FACE('',(#140),#1344,.F.);
#1419=ADVANCED_FACE('',(#141),#1345,.F.);
#1420=ADVANCED_FACE('',(#142),#1346,.F.);
#1421=ADVANCED_FACE('',(#143),#1347,.F.);
#1422=ADVANCED_FACE('',(#144),#1348,.F.);
#1423=ADVANCED_FACE('',(#145),#72,.T.);
#1424=ADVANCED_FACE('',(#146),#73,.T.);
#1425=ADVANCED_FACE('',(#147),#74,.T.);
#1426=ADVANCED_FACE('',(#148),#75,.T.);
#1427=ADVANCED_FACE('',(#149),#76,.T.);
#1428=ADVANCED_FACE('',(#150),#77,.T.);
#1429=ADVANCED_FACE('',(#151),#78,.T.);
#1430=ADVANCED_FACE('',(#152),#79,.T.);
#1431=ADVANCED_FACE('',(#153),#80,.T.);
#1432=ADVANCED_FACE('',(#154),#81,.T.);
#1433=ADVANCED_FACE('',(#155,#22,#23,#24,#25,#26,#27,#28,#29,#30),#82,.T.);
#1434=ADVANCED_FACE('',(#156,#31,#32,#33,#34,#35,#36,#37,#38,#39,#40,#41,
#42),#83,.F.);
#1435=CLOSED_SHELL('',(#1362,#1363,#1364,#1365,#1366,#1367,#1368,#1369,
#1370,#1371,#1372,#1373,#1374,#1375,#1376,#1377,#1378,#1379,#1380,#1381,
#1382,#1383,#1384,#1385,#1386,#1387,#1388,#1389,#1390,#1391,#1392,#1393,
#1394,#1395,#1396,#1397,#1398,#1399,#1400,#1401,#1402,#1403,#1404,#1405,
#1406,#1407,#1408,#1409,#1410,#1411,#1412,#1413,#1414,#1415,#1416,#1417,
#1418,#1419,#1420,#1421,#1422,#1423,#1424,#1425,#1426,#1427,#1428,#1429,
#1430,#1431,#1432,#1433,#1434));
#1436=DERIVED_UNIT_ELEMENT(#1438,1.);
#1437=DERIVED_UNIT_ELEMENT(#2405,-3.);
#1438=(
MASS_UNIT()
NAMED_UNIT(*)
SI_UNIT(.KILO.,.GRAM.)
);
#1439=DERIVED_UNIT((#1436,#1437));
#1440=MEASURE_REPRESENTATION_ITEM('density measure',
POSITIVE_RATIO_MEASURE(7850.),#1439);
#1441=PROPERTY_DEFINITION_REPRESENTATION(#1446,#1443);
#1442=PROPERTY_DEFINITION_REPRESENTATION(#1447,#1444);
#1443=REPRESENTATION('material name',(#1445),#2402);
#1444=REPRESENTATION('density',(#1440),#2402);
#1445=DESCRIPTIVE_REPRESENTATION_ITEM('Steel','Steel');
#1446=PROPERTY_DEFINITION('material property','material name',#2412);
#1447=PROPERTY_DEFINITION('material property','density of part',#2412);
#1448=AXIS2_PLACEMENT_3D('',#1996,#1586,#1587);
#1449=AXIS2_PLACEMENT_3D('',#1997,#1588,#1589);
#1450=AXIS2_PLACEMENT_3D('',#1999,#1590,#1591);
#1451=AXIS2_PLACEMENT_3D('',#2002,#1593,#1594);
#1452=AXIS2_PLACEMENT_3D('',#2003,#1595,#1596);
#1453=AXIS2_PLACEMENT_3D('',#2005,#1597,#1598);
#1454=AXIS2_PLACEMENT_3D('',#2006,#1599,#1600);
#1455=AXIS2_PLACEMENT_3D('',#2008,#1601,#1602);
#1456=AXIS2_PLACEMENT_3D('',#2011,#1604,#1605);
#1457=AXIS2_PLACEMENT_3D('',#2012,#1606,#1607);
#1458=AXIS2_PLACEMENT_3D('',#2014,#1608,#1609);
#1459=AXIS2_PLACEMENT_3D('',#2015,#1610,#1611);
#1460=AXIS2_PLACEMENT_3D('',#2017,#1612,#1613);
#1461=AXIS2_PLACEMENT_3D('',#2020,#1615,#1616);
#1462=AXIS2_PLACEMENT_3D('',#2021,#1617,#1618);
#1463=AXIS2_PLACEMENT_3D('',#2023,#1619,#1620);
#1464=AXIS2_PLACEMENT_3D('',#2024,#1621,#1622);
#1465=AXIS2_PLACEMENT_3D('',#2026,#1623,#1624);
#1466=AXIS2_PLACEMENT_3D('',#2029,#1626,#1627);
#1467=AXIS2_PLACEMENT_3D('',#2030,#1628,#1629);
#1468=AXIS2_PLACEMENT_3D('',#2032,#1630,#1631);
#1469=AXIS2_PLACEMENT_3D('',#2033,#1632,#1633);
#1470=AXIS2_PLACEMENT_3D('',#2036,#1635,#1636);
#1471=AXIS2_PLACEMENT_3D('',#2037,#1637,#1638);
#1472=AXIS2_PLACEMENT_3D('',#2040,#1640,#1641);
#1473=AXIS2_PLACEMENT_3D('',#2041,#1642,#1643);
#1474=AXIS2_PLACEMENT_3D('',#2044,#1645,#1646);
#1475=AXIS2_PLACEMENT_3D('',#2045,#1647,#1648);
#1476=AXIS2_PLACEMENT_3D('',#2048,#1650,#1651);
#1477=AXIS2_PLACEMENT_3D('',#2049,#1652,#1653);
#1478=AXIS2_PLACEMENT_3D('',#2052,#1654,#1655);
#1479=AXIS2_PLACEMENT_3D('',#2056,#1657,#1658);
#1480=AXIS2_PLACEMENT_3D('',#2058,#1660,#1661);
#1481=AXIS2_PLACEMENT_3D('',#2064,#1665,#1666);
#1482=AXIS2_PLACEMENT_3D('',#2066,#1667,#1668);
#1483=AXIS2_PLACEMENT_3D('',#2069,#1670,#1671);
#1484=AXIS2_PLACEMENT_3D('',#2070,#1672,#1673);
#1485=AXIS2_PLACEMENT_3D('',#2076,#1677,#1678);
#1486=AXIS2_PLACEMENT_3D('',#2078,#1679,#1680);
#1487=AXIS2_PLACEMENT_3D('',#2081,#1682,#1683);
#1488=AXIS2_PLACEMENT_3D('',#2082,#1684,#1685);
#1489=AXIS2_PLACEMENT_3D('',#2088,#1689,#1690);
#1490=AXIS2_PLACEMENT_3D('',#2090,#1691,#1692);
#1491=AXIS2_PLACEMENT_3D('',#2093,#1694,#1695);
#1492=AXIS2_PLACEMENT_3D('',#2094,#1696,#1697);
#1493=AXIS2_PLACEMENT_3D('',#2096,#1699,#1700);
#1494=AXIS2_PLACEMENT_3D('',#2105,#1705,#1706);
#1495=AXIS2_PLACEMENT_3D('',#2107,#1707,#1708);
#1496=AXIS2_PLACEMENT_3D('',#2110,#1710,#1711);
#1497=AXIS2_PLACEMENT_3D('',#2111,#1712,#1713);
#1498=AXIS2_PLACEMENT_3D('',#2114,#1714,#1715);
#1499=AXIS2_PLACEMENT_3D('',#2118,#1717,#1718);
#1500=AXIS2_PLACEMENT_3D('',#2120,#1720,#1721);
#1501=AXIS2_PLACEMENT_3D('',#2126,#1725,#1726);
#1502=AXIS2_PLACEMENT_3D('',#2128,#1727,#1728);
#1503=AXIS2_PLACEMENT_3D('',#2131,#1730,#1731);
#1504=AXIS2_PLACEMENT_3D('',#2132,#1732,#1733);
#1505=AXIS2_PLACEMENT_3D('',#2138,#1737,#1738);
#1506=AXIS2_PLACEMENT_3D('',#2139,#1739,#1740);
#1507=AXIS2_PLACEMENT_3D('',#2140,#1741,#1742);
#1508=AXIS2_PLACEMENT_3D('',#2141,#1743,#1744);
#1509=AXIS2_PLACEMENT_3D('',#2143,#1746,#1747);
#1510=AXIS2_PLACEMENT_3D('',#2146,#1748,#1749);
#1511=AXIS2_PLACEMENT_3D('',#2150,#1751,#1752);
#1512=AXIS2_PLACEMENT_3D('',#2152,#1754,#1755);
#1513=AXIS2_PLACEMENT_3D('',#2158,#1759,#1760);
#1514=AXIS2_PLACEMENT_3D('',#2160,#1761,#1762);
#1515=AXIS2_PLACEMENT_3D('',#2163,#1764,#1765);
#1516=AXIS2_PLACEMENT_3D('',#2164,#1766,#1767);
#1517=AXIS2_PLACEMENT_3D('',#2170,#1771,#1772);
#1518=AXIS2_PLACEMENT_3D('',#2172,#1773,#1774);
#1519=AXIS2_PLACEMENT_3D('',#2175,#1776,#1777);
#1520=AXIS2_PLACEMENT_3D('',#2176,#1778,#1779);
#1521=AXIS2_PLACEMENT_3D('',#2182,#1783,#1784);
#1522=AXIS2_PLACEMENT_3D('',#2184,#1785,#1786);
#1523=AXIS2_PLACEMENT_3D('',#2187,#1788,#1789);
#1524=AXIS2_PLACEMENT_3D('',#2188,#1790,#1791);
#1525=AXIS2_PLACEMENT_3D('',#2190,#1793,#1794);
#1526=AXIS2_PLACEMENT_3D('',#2193,#1795,#1796);
#1527=AXIS2_PLACEMENT_3D('',#2197,#1798,#1799);
#1528=AXIS2_PLACEMENT_3D('',#2199,#1801,#1802);
#1529=AXIS2_PLACEMENT_3D('',#2205,#1806,#1807);
#1530=AXIS2_PLACEMENT_3D('',#2207,#1808,#1809);
#1531=AXIS2_PLACEMENT_3D('',#2210,#1811,#1812);
#1532=AXIS2_PLACEMENT_3D('',#2211,#1813,#1814);
#1533=AXIS2_PLACEMENT_3D('',#2217,#1818,#1819);
#1534=AXIS2_PLACEMENT_3D('',#2219,#1820,#1821);
#1535=AXIS2_PLACEMENT_3D('',#2222,#1823,#1824);
#1536=AXIS2_PLACEMENT_3D('',#2223,#1825,#1826);
#1537=AXIS2_PLACEMENT_3D('',#2229,#1830,#1831);
#1538=AXIS2_PLACEMENT_3D('',#2231,#1832,#1833);
#1539=AXIS2_PLACEMENT_3D('',#2234,#1835,#1836);
#1540=AXIS2_PLACEMENT_3D('',#2235,#1837,#1838);
#1541=AXIS2_PLACEMENT_3D('',#2237,#1840,#1841);
#1542=AXIS2_PLACEMENT_3D('',#2258,#1854,#1855);
#1543=AXIS2_PLACEMENT_3D('',#2264,#1859,#1860);
#1544=AXIS2_PLACEMENT_3D('',#2268,#1863,#1864);
#1545=AXIS2_PLACEMENT_3D('',#2272,#1867,#1868);
#1546=AXIS2_PLACEMENT_3D('',#2276,#1871,#1872);
#1547=AXIS2_PLACEMENT_3D('',#2280,#1875,#1876);
#1548=AXIS2_PLACEMENT_3D('',#2284,#1879,#1880);
#1549=AXIS2_PLACEMENT_3D('',#2288,#1883,#1884);
#1550=AXIS2_PLACEMENT_3D('',#2290,#1886,#1887);
#1551=AXIS2_PLACEMENT_3D('',#2292,#1888,#1889);
#1552=AXIS2_PLACEMENT_3D('',#2295,#1891,#1892);
#1553=AXIS2_PLACEMENT_3D('',#2296,#1893,#1894);
#1554=AXIS2_PLACEMENT_3D('',#2298,#1895,#1896);
#1555=AXIS2_PLACEMENT_3D('',#2301,#1898,#1899);
#1556=AXIS2_PLACEMENT_3D('',#2302,#1900,#1901);
#1557=AXIS2_PLACEMENT_3D('',#2304,#1902,#1903);
#1558=AXIS2_PLACEMENT_3D('',#2307,#1905,#1906);
#1559=AXIS2_PLACEMENT_3D('',#2308,#1907,#1908);
#1560=AXIS2_PLACEMENT_3D('',#2310,#1909,#1910);
#1561=AXIS2_PLACEMENT_3D('',#2313,#1912,#1913);
#1562=AXIS2_PLACEMENT_3D('',#2314,#1914,#1915);
#1563=AXIS2_PLACEMENT_3D('',#2316,#1916,#1917);
#1564=AXIS2_PLACEMENT_3D('',#2319,#1919,#1920);
#1565=AXIS2_PLACEMENT_3D('',#2320,#1921,#1922);
#1566=AXIS2_PLACEMENT_3D('',#2322,#1923,#1924);
#1567=AXIS2_PLACEMENT_3D('',#2325,#1926,#1927);
#1568=AXIS2_PLACEMENT_3D('',#2326,#1928,#1929);
#1569=AXIS2_PLACEMENT_3D('',#2328,#1930,#1931);
#1570=AXIS2_PLACEMENT_3D('',#2331,#1933,#1934);
#1571=AXIS2_PLACEMENT_3D('',#2332,#1935,#1936);
#1572=AXIS2_PLACEMENT_3D('',#2334,#1937,#1938);
#1573=AXIS2_PLACEMENT_3D('',#2337,#1940,#1941);
#1574=AXIS2_PLACEMENT_3D('',#2338,#1942,#1943);
#1575=AXIS2_PLACEMENT_3D('',#2347,#1948,#1949);
#1576=AXIS2_PLACEMENT_3D('',#2353,#1953,#1954);
#1577=AXIS2_PLACEMENT_3D('',#2359,#1958,#1959);
#1578=AXIS2_PLACEMENT_3D('',#2365,#1963,#1964);
#1579=AXIS2_PLACEMENT_3D('',#2371,#1968,#1969);
#1580=AXIS2_PLACEMENT_3D('',#2377,#1973,#1974);
#1581=AXIS2_PLACEMENT_3D('',#2383,#1978,#1979);
#1582=AXIS2_PLACEMENT_3D('',#2389,#1983,#1984);
#1583=AXIS2_PLACEMENT_3D('',#2395,#1988,#1989);
#1584=AXIS2_PLACEMENT_3D('',#2398,#1992,#1993);
#1585=AXIS2_PLACEMENT_3D('',#2399,#1994,#1995);
#1586=DIRECTION('axis',(0.,0.,1.));
#1587=DIRECTION('refdir',(1.,0.,0.));
#1588=DIRECTION('center_axis',(0.,0.,1.));
#1589=DIRECTION('ref_axis',(-1.,0.,0.));
#1590=DIRECTION('center_axis',(0.,0.,1.));
#1591=DIRECTION('ref_axis',(-1.,0.,0.));
#1592=DIRECTION('',(0.,0.,-1.));
#1593=DIRECTION('center_axis',(0.,0.,-1.));
#1594=DIRECTION('ref_axis',(-1.,0.,0.));
#1595=DIRECTION('center_axis',(0.,0.,1.));
#1596=DIRECTION('ref_axis',(-1.,0.,0.));
#1597=DIRECTION('center_axis',(0.,0.,-1.));
#1598=DIRECTION('ref_axis',(-1.,0.,0.));
#1599=DIRECTION('center_axis',(0.,0.,1.));
#1600=DIRECTION('ref_axis',(-1.,0.,0.));
#1601=DIRECTION('center_axis',(0.,0.,1.));
#1602=DIRECTION('ref_axis',(-1.,0.,0.));
#1603=DIRECTION('',(0.,0.,-1.));
#1604=DIRECTION('center_axis',(0.,0.,-1.));
#1605=DIRECTION('ref_axis',(-1.,0.,0.));
#1606=DIRECTION('center_axis',(0.,0.,1.));
#1607=DIRECTION('ref_axis',(-1.,0.,0.));
#1608=DIRECTION('center_axis',(0.,0.,-1.));
#1609=DIRECTION('ref_axis',(-1.,0.,0.));
#1610=DIRECTION('center_axis',(0.,0.,1.));
#1611=DIRECTION('ref_axis',(-1.,0.,0.));
#1612=DIRECTION('center_axis',(0.,0.,1.));
#1613=DIRECTION('ref_axis',(-1.,0.,0.));
#1614=DIRECTION('',(0.,0.,-1.));
#1615=DIRECTION('center_axis',(0.,0.,-1.));
#1616=DIRECTION('ref_axis',(-1.,0.,0.));
#1617=DIRECTION('center_axis',(0.,0.,1.));
#1618=DIRECTION('ref_axis',(-1.,0.,0.));
#1619=DIRECTION('center_axis',(0.,0.,-1.));
#1620=DIRECTION('ref_axis',(-1.,0.,0.));
#1621=DIRECTION('center_axis',(0.,0.,1.));
#1622=DIRECTION('ref_axis',(-1.,0.,0.));
#1623=DIRECTION('center_axis',(0.,0.,1.));
#1624=DIRECTION('ref_axis',(-1.,0.,0.));
#1625=DIRECTION('',(0.,0.,-1.));
#1626=DIRECTION('center_axis',(0.,0.,-1.));
#1627=DIRECTION('ref_axis',(-1.,0.,0.));
#1628=DIRECTION('center_axis',(0.,0.,1.));
#1629=DIRECTION('ref_axis',(-1.,0.,0.));
#1630=DIRECTION('center_axis',(0.,0.,-1.));
#1631=DIRECTION('ref_axis',(-1.,0.,0.));
#1632=DIRECTION('center_axis',(0.,0.,-1.));
#1633=DIRECTION('ref_axis',(-1.,0.,0.));
#1634=DIRECTION('',(0.,0.,-1.));
#1635=DIRECTION('center_axis',(0.,0.,1.));
#1636=DIRECTION('ref_axis',(-1.,0.,0.));
#1637=DIRECTION('center_axis',(0.,0.,-1.));
#1638=DIRECTION('ref_axis',(-1.,0.,0.));
#1639=DIRECTION('',(0.,0.,-1.));
#1640=DIRECTION('center_axis',(0.,0.,1.));
#1641=DIRECTION('ref_axis',(-1.,0.,0.));
#1642=DIRECTION('center_axis',(0.,0.,-1.));
#1643=DIRECTION('ref_axis',(-1.,0.,0.));
#1644=DIRECTION('',(0.,0.,-1.));
#1645=DIRECTION('center_axis',(0.,0.,1.));
#1646=DIRECTION('ref_axis',(-1.,0.,0.));
#1647=DIRECTION('center_axis',(0.,0.,-1.));
#1648=DIRECTION('ref_axis',(-1.,0.,0.));
#1649=DIRECTION('',(0.,0.,-1.));
#1650=DIRECTION('center_axis',(0.,0.,1.));
#1651=DIRECTION('ref_axis',(-1.,0.,0.));
#1652=DIRECTION('center_axis',(0.,0.,-1.));
#1653=DIRECTION('ref_axis',(2.22044604925032E-15,1.,0.));
#1654=DIRECTION('center_axis',(0.,0.,-1.));
#1655=DIRECTION('ref_axis',(2.22044604925032E-15,1.,0.));
#1656=DIRECTION('',(0.,0.,-1.));
#1657=DIRECTION('center_axis',(0.,0.,-1.));
#1658=DIRECTION('ref_axis',(2.22044604925032E-15,1.,0.));
#1659=DIRECTION('',(0.,0.,-1.));
#1660=DIRECTION('center_axis',(-0.768157044989171,-0.640261473332189,0.));
#1661=DIRECTION('ref_axis',(-0.640261473332189,0.76815704498917,0.));
#1662=DIRECTION('',(-0.640261473332189,0.76815704498917,0.));
#1663=DIRECTION('',(0.,0.,-1.));
#1664=DIRECTION('',(-0.640261473332189,0.76815704498917,0.));
#1665=DIRECTION('center_axis',(0.,0.,-1.));
#1666=DIRECTION('ref_axis',(-0.76815704498917,-0.640261473332189,0.));
#1667=DIRECTION('center_axis',(0.,0.,-1.));
#1668=DIRECTION('ref_axis',(-0.76815704498917,-0.640261473332189,0.));
#1669=DIRECTION('',(0.,0.,-1.));
#1670=DIRECTION('center_axis',(0.,0.,-1.));
#1671=DIRECTION('ref_axis',(-0.76815704498917,-0.640261473332189,0.));
#1672=DIRECTION('center_axis',(4.83224741445579E-16,-1.,0.));
#1673=DIRECTION('ref_axis',(-1.,-4.83224741445579E-16,0.));
#1674=DIRECTION('',(-1.,-4.83224741445579E-16,0.));
#1675=DIRECTION('',(0.,0.,-1.));
#1676=DIRECTION('',(-1.,-4.83224741445579E-16,0.));
#1677=DIRECTION('center_axis',(0.,0.,-1.));
#1678=DIRECTION('ref_axis',(3.70074341541719E-16,-1.,0.));
#1679=DIRECTION('center_axis',(0.,0.,-1.));
#1680=DIRECTION('ref_axis',(3.70074341541719E-16,-1.,0.));
#1681=DIRECTION('',(0.,0.,-1.));
#1682=DIRECTION('center_axis',(0.,0.,-1.));
#1683=DIRECTION('ref_axis',(3.70074341541719E-16,-1.,0.));
#1684=DIRECTION('center_axis',(0.768157028703542,-0.640261492870956,0.));
#1685=DIRECTION('ref_axis',(-0.640261492870956,-0.768157028703542,0.));
#1686=DIRECTION('',(-0.640261492870956,-0.768157028703542,0.));
#1687=DIRECTION('',(0.,0.,-1.));
#1688=DIRECTION('',(-0.640261492870956,-0.768157028703542,0.));
#1689=DIRECTION('center_axis',(0.,0.,-1.));
#1690=DIRECTION('ref_axis',(0.768157028703543,-0.640261492870955,0.));
#1691=DIRECTION('center_axis',(0.,0.,-1.));
#1692=DIRECTION('ref_axis',(0.768157028703543,-0.640261492870955,0.));
#1693=DIRECTION('',(0.,0.,-1.));
#1694=DIRECTION('center_axis',(0.,0.,-1.));
#1695=DIRECTION('ref_axis',(0.768157028703543,-0.640261492870955,0.));
#1696=DIRECTION('center_axis',(0.,0.,1.));
#1697=DIRECTION('ref_axis',(-1.,0.,0.));
#1698=DIRECTION('',(1.,0.,0.));
#1699=DIRECTION('center_axis',(-0.640261492870956,-0.768157028703542,0.));
#1700=DIRECTION('ref_axis',(-0.768157028703542,0.640261492870956,0.));
#1701=DIRECTION('',(-0.768157028703542,0.640261492870956,0.));
#1702=DIRECTION('',(0.,0.,-1.));
#1703=DIRECTION('',(-0.768157028703542,0.640261492870956,0.));
#1704=DIRECTION('',(0.,0.,-1.));
#1705=DIRECTION('center_axis',(0.,0.,-1.));
#1706=DIRECTION('ref_axis',(-0.640261492870955,-0.768157028703543,0.));
#1707=DIRECTION('center_axis',(0.,0.,-1.));
#1708=DIRECTION('ref_axis',(-0.640261492870955,-0.768157028703543,0.));
#1709=DIRECTION('',(0.,0.,-1.));
#1710=DIRECTION('center_axis',(0.,0.,-1.));
#1711=DIRECTION('ref_axis',(-0.640261492870955,-0.768157028703543,0.));
#1712=DIRECTION('center_axis',(0.,0.,-1.));
#1713=DIRECTION('ref_axis',(1.,-2.22044604925032E-15,0.));
#1714=DIRECTION('center_axis',(0.,0.,-1.));
#1715=DIRECTION('ref_axis',(1.,-2.22044604925032E-15,0.));
#1716=DIRECTION('',(0.,0.,-1.));
#1717=DIRECTION('center_axis',(0.,0.,-1.));
#1718=DIRECTION('ref_axis',(1.,-2.22044604925032E-15,0.));
#1719=DIRECTION('',(0.,0.,-1.));
#1720=DIRECTION('center_axis',(-0.640261473332189,0.768157044989171,0.));
#1721=DIRECTION('ref_axis',(0.768157044989171,0.640261473332189,0.));
#1722=DIRECTION('',(0.768157044989171,0.640261473332189,0.));
#1723=DIRECTION('',(0.,0.,-1.));
#1724=DIRECTION('',(0.768157044989171,0.640261473332189,0.));
#1725=DIRECTION('center_axis',(0.,0.,-1.));
#1726=DIRECTION('ref_axis',(-0.640261473332189,0.768157044989171,0.));
#1727=DIRECTION('center_axis',(0.,0.,-1.));
#1728=DIRECTION('ref_axis',(-0.640261473332189,0.768157044989171,0.));
#1729=DIRECTION('',(0.,0.,-1.));
#1730=DIRECTION('center_axis',(0.,0.,-1.));
#1731=DIRECTION('ref_axis',(-0.640261473332189,0.768157044989171,0.));
#1732=DIRECTION('center_axis',(-1.,-2.41612370722789E-16,0.));
#1733=DIRECTION('ref_axis',(-2.41612370722789E-16,1.,0.));
#1734=DIRECTION('',(-2.41612370722789E-16,1.,0.));
#1735=DIRECTION('',(0.,0.,-1.));
#1736=DIRECTION('',(-2.41612370722789E-16,1.,0.));
#1737=DIRECTION('center_axis',(0.,0.,-1.));
#1738=DIRECTION('ref_axis',(-1.,-1.85037170770859E-16,0.));
#1739=DIRECTION('center_axis',(0.,0.,-1.));
#1740=DIRECTION('ref_axis',(-1.,-1.85037170770859E-16,0.));
#1741=DIRECTION('center_axis',(0.,0.,-1.));
#1742=DIRECTION('ref_axis',(-1.,-1.85037170770859E-16,0.));
#1743=DIRECTION('center_axis',(0.,0.,1.));
#1744=DIRECTION('ref_axis',(-1.,0.,0.));
#1745=DIRECTION('',(-3.94287339876758E-16,-1.,0.));
#1746=DIRECTION('center_axis',(0.,0.,-1.));
#1747=DIRECTION('ref_axis',(-1.,2.96059473233376E-15,0.));
#1748=DIRECTION('center_axis',(0.,0.,-1.));
#1749=DIRECTION('ref_axis',(-1.,2.96059473233376E-15,0.));
#1750=DIRECTION('',(0.,0.,-1.));
#1751=DIRECTION('center_axis',(0.,0.,-1.));
#1752=DIRECTION('ref_axis',(-1.,2.96059473233376E-15,0.));
#1753=DIRECTION('',(0.,0.,-1.));
#1754=DIRECTION('center_axis',(0.640261473332189,-0.768157044989171,0.));
#1755=DIRECTION('ref_axis',(-0.768157044989171,-0.640261473332189,0.));
#1756=DIRECTION('',(-0.768157044989171,-0.640261473332189,0.));
#1757=DIRECTION('',(0.,0.,-1.));
#1758=DIRECTION('',(-0.768157044989171,-0.640261473332189,0.));
#1759=DIRECTION('center_axis',(0.,0.,-1.));
#1760=DIRECTION('ref_axis',(0.640261473332189,-0.768157044989171,0.));
#1761=DIRECTION('center_axis',(0.,0.,-1.));
#1762=DIRECTION('ref_axis',(0.640261473332189,-0.768157044989171,0.));
#1763=DIRECTION('',(0.,0.,-1.));
#1764=DIRECTION('center_axis',(0.,0.,-1.));
#1765=DIRECTION('ref_axis',(0.640261473332189,-0.768157044989171,0.));
#1766=DIRECTION('center_axis',(1.,2.41612370722789E-16,0.));
#1767=DIRECTION('ref_axis',(2.41612370722789E-16,-1.,0.));
#1768=DIRECTION('',(2.41612370722789E-16,-1.,0.));
#1769=DIRECTION('',(0.,0.,-1.));
#1770=DIRECTION('',(2.41612370722789E-16,-1.,0.));
#1771=DIRECTION('center_axis',(0.,0.,-1.));
#1772=DIRECTION('ref_axis',(1.,0.,0.));
#1773=DIRECTION('center_axis',(0.,0.,-1.));
#1774=DIRECTION('ref_axis',(1.,0.,0.));
#1775=DIRECTION('',(0.,0.,-1.));
#1776=DIRECTION('center_axis',(0.,0.,-1.));
#1777=DIRECTION('ref_axis',(1.,0.,0.));
#1778=DIRECTION('center_axis',(0.640261492870956,0.768157028703542,0.));
#1779=DIRECTION('ref_axis',(0.768157028703542,-0.640261492870956,0.));
#1780=DIRECTION('',(0.768157028703542,-0.640261492870956,0.));
#1781=DIRECTION('',(0.,0.,-1.));
#1782=DIRECTION('',(0.768157028703542,-0.640261492870956,0.));
#1783=DIRECTION('center_axis',(0.,0.,-1.));
#1784=DIRECTION('ref_axis',(0.640261492870955,0.768157028703543,0.));
#1785=DIRECTION('center_axis',(0.,0.,-1.));
#1786=DIRECTION('ref_axis',(0.640261492870955,0.768157028703543,0.));
#1787=DIRECTION('',(0.,0.,-1.));
#1788=DIRECTION('center_axis',(0.,0.,-1.));
#1789=DIRECTION('ref_axis',(0.640261492870955,0.768157028703543,0.));
#1790=DIRECTION('center_axis',(0.,0.,1.));
#1791=DIRECTION('ref_axis',(-1.,0.,0.));
#1792=DIRECTION('',(3.94287339876758E-16,1.,0.));
#1793=DIRECTION('center_axis',(0.,0.,-1.));
#1794=DIRECTION('ref_axis',(-2.22044604925032E-15,-1.,0.));
#1795=DIRECTION('center_axis',(0.,0.,-1.));
#1796=DIRECTION('ref_axis',(-2.22044604925032E-15,-1.,0.));
#1797=DIRECTION('',(0.,0.,-1.));
#1798=DIRECTION('center_axis',(0.,0.,-1.));
#1799=DIRECTION('ref_axis',(-2.22044604925032E-15,-1.,0.));
#1800=DIRECTION('',(0.,0.,-1.));
#1801=DIRECTION('center_axis',(0.768157044989171,0.640261473332189,0.));
#1802=DIRECTION('ref_axis',(0.640261473332189,-0.768157044989171,0.));
#1803=DIRECTION('',(0.640261473332189,-0.768157044989171,0.));
#1804=DIRECTION('',(0.,0.,-1.));
#1805=DIRECTION('',(0.640261473332189,-0.768157044989171,0.));
#1806=DIRECTION('center_axis',(0.,0.,-1.));
#1807=DIRECTION('ref_axis',(0.768157044989171,0.640261473332188,0.));
#1808=DIRECTION('center_axis',(0.,0.,-1.));
#1809=DIRECTION('ref_axis',(0.768157044989171,0.640261473332188,0.));
#1810=DIRECTION('',(0.,0.,-1.));
#1811=DIRECTION('center_axis',(0.,0.,-1.));
#1812=DIRECTION('ref_axis',(0.768157044989171,0.640261473332188,0.));
#1813=DIRECTION('center_axis',(-2.41612370722789E-16,1.,0.));
#1814=DIRECTION('ref_axis',(1.,2.41612370722789E-16,0.));
#1815=DIRECTION('',(1.,2.41612370722789E-16,0.));
#1816=DIRECTION('',(0.,0.,-1.));
#1817=DIRECTION('',(1.,2.41612370722789E-16,0.));
#1818=DIRECTION('center_axis',(0.,0.,-1.));
#1819=DIRECTION('ref_axis',(0.,1.,0.));
#1820=DIRECTION('center_axis',(0.,0.,-1.));
#1821=DIRECTION('ref_axis',(0.,1.,0.));
#1822=DIRECTION('',(0.,0.,-1.));
#1823=DIRECTION('center_axis',(0.,0.,-1.));
#1824=DIRECTION('ref_axis',(0.,1.,0.));
#1825=DIRECTION('center_axis',(-0.768157028703542,0.640261492870956,0.));
#1826=DIRECTION('ref_axis',(0.640261492870956,0.768157028703542,0.));
#1827=DIRECTION('',(0.640261492870956,0.768157028703542,0.));
#1828=DIRECTION('',(0.,0.,-1.));
#1829=DIRECTION('',(0.640261492870956,0.768157028703542,0.));
#1830=DIRECTION('center_axis',(0.,0.,-1.));
#1831=DIRECTION('ref_axis',(-0.768157028703543,0.640261492870956,0.));
#1832=DIRECTION('center_axis',(0.,0.,-1.));
#1833=DIRECTION('ref_axis',(-0.768157028703543,0.640261492870956,0.));
#1834=DIRECTION('',(0.,0.,-1.));
#1835=DIRECTION('center_axis',(0.,0.,-1.));
#1836=DIRECTION('ref_axis',(-0.768157028703543,0.640261492870956,0.));
#1837=DIRECTION('center_axis',(0.,0.,1.));
#1838=DIRECTION('ref_axis',(-1.,0.,0.));
#1839=DIRECTION('',(-1.,7.88574679753517E-16,0.));
#1840=DIRECTION('center_axis',(0.,0.,-1.));
#1841=DIRECTION('ref_axis',(-1.,0.,0.));
#1842=DIRECTION('',(1.,0.,0.));
#1843=DIRECTION('',(0.707106804894149,0.707106757478945,0.));
#1844=DIRECTION('',(0.,1.,0.));
#1845=DIRECTION('',(0.,1.,0.));
#1846=DIRECTION('',(-0.707106796991615,0.70710676538148,0.));
#1847=DIRECTION('',(-1.,-5.02674764726277E-16,0.));
#1848=DIRECTION('',(-1.,-5.02674764726277E-16,0.));
#1849=DIRECTION('',(-0.707106781186548,-0.707106781186547,0.));
#1850=DIRECTION('',(-1.25668691526391E-16,-1.,0.));
#1851=DIRECTION('',(-1.25668691526391E-16,-1.,0.));
#1852=DIRECTION('',(0.707106781186547,-0.707106781186548,0.));
#1853=DIRECTION('',(1.,0.,0.));
#1854=DIRECTION('center_axis',(0.707106781186547,-0.707106781186548,0.));
#1855=DIRECTION('ref_axis',(-0.707106781186548,-0.707106781186547,0.));
#1856=DIRECTION('',(-0.707106781186548,-0.707106781186547,0.));
#1857=DIRECTION('',(0.,0.,-1.));
#1858=DIRECTION('',(0.,0.,-1.));
#1859=DIRECTION('center_axis',(1.,-1.25668691526391E-16,0.));
#1860=DIRECTION('ref_axis',(-1.25668691526391E-16,-1.,0.));
#1861=DIRECTION('',(-1.25668691526391E-16,-1.,0.));
#1862=DIRECTION('',(0.,0.,-1.));
#1863=DIRECTION('center_axis',(0.707106781186548,0.707106781186547,0.));
#1864=DIRECTION('ref_axis',(0.707106781186547,-0.707106781186548,0.));
#1865=DIRECTION('',(0.707106781186547,-0.707106781186548,0.));
#1866=DIRECTION('',(0.,0.,-1.));
#1867=DIRECTION('center_axis',(0.,1.,0.));
#1868=DIRECTION('ref_axis',(1.,0.,0.));
#1869=DIRECTION('',(1.,0.,0.));
#1870=DIRECTION('',(0.,0.,-1.));
#1871=DIRECTION('center_axis',(-0.707106757478945,0.707106804894149,0.));
#1872=DIRECTION('ref_axis',(0.707106804894149,0.707106757478945,0.));
#1873=DIRECTION('',(0.707106804894149,0.707106757478945,0.));
#1874=DIRECTION('',(0.,0.,-1.));
#1875=DIRECTION('center_axis',(-1.,0.,0.));
#1876=DIRECTION('ref_axis',(0.,1.,0.));
#1877=DIRECTION('',(0.,1.,0.));
#1878=DIRECTION('',(0.,0.,-1.));
#1879=DIRECTION('center_axis',(-0.70710676538148,-0.707106796991615,0.));
#1880=DIRECTION('ref_axis',(-0.707106796991615,0.70710676538148,0.));
#1881=DIRECTION('',(-0.707106796991615,0.70710676538148,0.));
#1882=DIRECTION('',(0.,0.,-1.));
#1883=DIRECTION('center_axis',(5.02674764726277E-16,-1.,0.));
#1884=DIRECTION('ref_axis',(-1.,-5.02674764726277E-16,0.));
#1885=DIRECTION('',(-1.,-5.02674764726277E-16,0.));
#1886=DIRECTION('center_axis',(0.,0.,1.));
#1887=DIRECTION('ref_axis',(1.,0.,0.));
#1888=DIRECTION('center_axis',(0.,0.,-1.));
#1889=DIRECTION('ref_axis',(1.,0.,0.));
#1890=DIRECTION('',(0.,0.,-1.));
#1891=DIRECTION('center_axis',(0.,0.,-1.));
#1892=DIRECTION('ref_axis',(1.,0.,0.));
#1893=DIRECTION('center_axis',(0.,0.,1.));
#1894=DIRECTION('ref_axis',(1.,0.,0.));
#1895=DIRECTION('center_axis',(0.,0.,-1.));
#1896=DIRECTION('ref_axis',(1.,0.,0.));
#1897=DIRECTION('',(0.,0.,-1.));
#1898=DIRECTION('center_axis',(0.,0.,-1.));
#1899=DIRECTION('ref_axis',(1.,0.,0.));
#1900=DIRECTION('center_axis',(0.,0.,1.));
#1901=DIRECTION('ref_axis',(1.,0.,0.));
#1902=DIRECTION('center_axis',(0.,0.,-1.));
#1903=DIRECTION('ref_axis',(1.,0.,0.));
#1904=DIRECTION('',(0.,0.,-1.));
#1905=DIRECTION('center_axis',(0.,0.,-1.));
#1906=DIRECTION('ref_axis',(1.,0.,0.));
#1907=DIRECTION('center_axis',(0.,0.,1.));
#1908=DIRECTION('ref_axis',(1.,0.,0.));
#1909=DIRECTION('center_axis',(0.,0.,-1.));
#1910=DIRECTION('ref_axis',(1.,0.,0.));
#1911=DIRECTION('',(0.,0.,-1.));
#1912=DIRECTION('center_axis',(0.,0.,-1.));
#1913=DIRECTION('ref_axis',(1.,0.,0.));
#1914=DIRECTION('center_axis',(0.,0.,1.));
#1915=DIRECTION('ref_axis',(1.,0.,0.));
#1916=DIRECTION('center_axis',(0.,0.,-1.));
#1917=DIRECTION('ref_axis',(1.,0.,0.));
#1918=DIRECTION('',(0.,0.,-1.));
#1919=DIRECTION('center_axis',(0.,0.,-1.));
#1920=DIRECTION('ref_axis',(1.,0.,0.));
#1921=DIRECTION('center_axis',(0.,0.,1.));
#1922=DIRECTION('ref_axis',(1.,0.,0.));
#1923=DIRECTION('center_axis',(0.,0.,-1.));
#1924=DIRECTION('ref_axis',(1.,0.,0.));
#1925=DIRECTION('',(0.,0.,-1.));
#1926=DIRECTION('center_axis',(0.,0.,-1.));
#1927=DIRECTION('ref_axis',(1.,0.,0.));
#1928=DIRECTION('center_axis',(0.,0.,1.));
#1929=DIRECTION('ref_axis',(1.,0.,0.));
#1930=DIRECTION('center_axis',(0.,0.,-1.));
#1931=DIRECTION('ref_axis',(1.,0.,0.));
#1932=DIRECTION('',(0.,0.,-1.));
#1933=DIRECTION('center_axis',(0.,0.,-1.));
#1934=DIRECTION('ref_axis',(1.,0.,0.));
#1935=DIRECTION('center_axis',(0.,0.,1.));
#1936=DIRECTION('ref_axis',(1.,0.,0.));
#1937=DIRECTION('center_axis',(0.,0.,-1.));
#1938=DIRECTION('ref_axis',(1.,0.,0.));
#1939=DIRECTION('',(0.,0.,-1.));
#1940=DIRECTION('center_axis',(0.,0.,-1.));
#1941=DIRECTION('ref_axis',(1.,0.,0.));
#1942=DIRECTION('center_axis',(-0.707106781186547,0.707106781186548,0.));
#1943=DIRECTION('ref_axis',(-0.707106781186548,-0.707106781186547,0.));
#1944=DIRECTION('',(0.707106781186548,0.707106781186547,0.));
#1945=DIRECTION('',(0.,0.,1.));
#1946=DIRECTION('',(-0.707106781186548,-0.707106781186547,0.));
#1947=DIRECTION('',(0.,0.,1.));
#1948=DIRECTION('center_axis',(0.,1.,0.));
#1949=DIRECTION('ref_axis',(-1.,0.,0.));
#1950=DIRECTION('',(-1.,0.,0.));
#1951=DIRECTION('',(-1.,0.,0.));
#1952=DIRECTION('',(0.,0.,1.));
#1953=DIRECTION('center_axis',(0.707106781186548,0.707106781186548,0.));
#1954=DIRECTION('ref_axis',(-0.707106781186548,0.707106781186548,0.));
#1955=DIRECTION('',(0.707106781186547,-0.707106781186547,0.));
#1956=DIRECTION('',(-0.707106781186547,0.707106781186547,0.));
#1957=DIRECTION('',(0.,0.,1.));
#1958=DIRECTION('center_axis',(1.,0.,0.));
#1959=DIRECTION('ref_axis',(0.,1.,0.));
#1960=DIRECTION('',(0.,1.,0.));
#1961=DIRECTION('',(0.,1.,0.));
#1962=DIRECTION('',(0.,0.,1.));
#1963=DIRECTION('center_axis',(0.707106781186548,-0.707106781186547,0.));
#1964=DIRECTION('ref_axis',(0.707106781186547,0.707106781186548,0.));
#1965=DIRECTION('',(-0.707106781186547,-0.707106781186548,0.));
#1966=DIRECTION('',(0.707106781186547,0.707106781186548,0.));
#1967=DIRECTION('',(0.,0.,1.));
#1968=DIRECTION('center_axis',(0.,-1.,0.));
#1969=DIRECTION('ref_axis',(1.,0.,0.));
#1970=DIRECTION('',(-1.,0.,0.));
#1971=DIRECTION('',(1.,0.,0.));
#1972=DIRECTION('',(0.,0.,1.));
#1973=DIRECTION('center_axis',(0.0975930438865619,-0.995226405289247,0.));
#1974=DIRECTION('ref_axis',(0.995226405289247,0.0975930438865619,0.));
#1975=DIRECTION('',(0.995226405289247,0.0975930438865619,0.));
#1976=DIRECTION('',(0.995226405289247,0.0975930438865619,0.));
#1977=DIRECTION('',(0.,0.,1.));
#1978=DIRECTION('center_axis',(-0.707106781186548,-0.707106781186548,0.));
#1979=DIRECTION('ref_axis',(0.707106781186548,-0.707106781186548,0.));
#1980=DIRECTION('',(-0.707106781186547,0.707106781186547,0.));
#1981=DIRECTION('',(0.707106781186547,-0.707106781186547,0.));
#1982=DIRECTION('',(0.,0.,1.));
#1983=DIRECTION('center_axis',(-0.995226405289247,0.0975930438865619,0.));
#1984=DIRECTION('ref_axis',(-0.0975930438865619,-0.995226405289247,0.));
#1985=DIRECTION('',(0.0975930438865619,0.995226405289247,0.));
#1986=DIRECTION('',(-0.0975930438865619,-0.995226405289247,0.));
#1987=DIRECTION('',(0.,0.,1.));
#1988=DIRECTION('center_axis',(-1.,0.,0.));
#1989=DIRECTION('ref_axis',(0.,-1.,0.));
#1990=DIRECTION('',(0.,-1.,0.));
#1991=DIRECTION('',(0.,-1.,0.));
#1992=DIRECTION('center_axis',(0.,0.,1.));
#1993=DIRECTION('ref_axis',(1.,0.,0.));
#1994=DIRECTION('center_axis',(0.,0.,1.));
#1995=DIRECTION('ref_axis',(1.,0.,0.));
#1996=CARTESIAN_POINT('',(0.,0.,0.));
#1997=CARTESIAN_POINT('Origin',(-15.0000002235174,-15.25,2.));
#1998=CARTESIAN_POINT('',(-11.0000002235174,-15.25,3.5));
#1999=CARTESIAN_POINT('Origin',(-15.0000002235174,-15.25,3.5));
#2000=CARTESIAN_POINT('',(-11.0000002235174,-15.25,2.));
#2001=CARTESIAN_POINT('',(-11.0000002235174,-15.25,2.));
#2002=CARTESIAN_POINT('Origin',(-15.0000002235174,-15.25,2.));
#2003=CARTESIAN_POINT('Origin',(-15.0000002235174,-15.25,3.5));
#2004=CARTESIAN_POINT('',(-13.5000002235174,-15.25,3.5));
#2005=CARTESIAN_POINT('Origin',(-15.0000002235174,-15.25,3.5));
#2006=CARTESIAN_POINT('Origin',(15.0000002235174,15.25,2.));
#2007=CARTESIAN_POINT('',(19.0000002235174,15.25,3.5));
#2008=CARTESIAN_POINT('Origin',(15.0000002235174,15.25,3.5));
#2009=CARTESIAN_POINT('',(19.0000002235174,15.25,2.));
#2010=CARTESIAN_POINT('',(19.0000002235174,15.25,2.));
#2011=CARTESIAN_POINT('Origin',(15.0000002235174,15.25,2.));
#2012=CARTESIAN_POINT('Origin',(15.0000002235174,15.25,3.5));
#2013=CARTESIAN_POINT('',(16.5000002235174,15.25,3.5));
#2014=CARTESIAN_POINT('Origin',(15.0000002235174,15.25,3.5));
#2015=CARTESIAN_POINT('Origin',(-15.25,15.0000002235174,2.));
#2016=CARTESIAN_POINT('',(-11.25,15.0000002235174,3.5));
#2017=CARTESIAN_POINT('Origin',(-15.25,15.0000002235174,3.5));
#2018=CARTESIAN_POINT('',(-11.25,15.0000002235174,2.));
#2019=CARTESIAN_POINT('',(-11.25,15.0000002235174,2.));
#2020=CARTESIAN_POINT('Origin',(-15.25,15.0000002235174,2.));
#2021=CARTESIAN_POINT('Origin',(-15.25,15.0000002235174,3.5));
#2022=CARTESIAN_POINT('',(-13.75,15.0000002235174,3.5));
#2023=CARTESIAN_POINT('Origin',(-15.25,15.0000002235174,3.5));
#2024=CARTESIAN_POINT('Origin',(15.25,-15.0000002235174,2.));
#2025=CARTESIAN_POINT('',(19.25,-15.0000002235174,3.5));
#2026=CARTESIAN_POINT('Origin',(15.25,-15.0000002235174,3.5));
#2027=CARTESIAN_POINT('',(19.25,-15.0000002235174,2.));
#2028=CARTESIAN_POINT('',(19.25,-15.0000002235174,2.));
#2029=CARTESIAN_POINT('Origin',(15.25,-15.0000002235174,2.));
#2030=CARTESIAN_POINT('Origin',(15.25,-15.0000002235174,3.5));
#2031=CARTESIAN_POINT('',(16.75,-15.0000002235174,3.5));
#2032=CARTESIAN_POINT('Origin',(15.25,-15.0000002235174,3.5));
#2033=CARTESIAN_POINT('Origin',(-15.0000002235174,-15.25,2.));
#2034=CARTESIAN_POINT('',(-13.5000002235174,-15.25,0.));
#2035=CARTESIAN_POINT('',(-13.5000002235174,-15.25,2.));
#2036=CARTESIAN_POINT('Origin',(-15.0000002235174,-15.25,0.));
#2037=CARTESIAN_POINT('Origin',(15.0000002235174,15.25,2.));
#2038=CARTESIAN_POINT('',(16.5000002235174,15.25,0.));
#2039=CARTESIAN_POINT('',(16.5000002235174,15.25,2.));
#2040=CARTESIAN_POINT('Origin',(15.0000002235174,15.25,0.));
#2041=CARTESIAN_POINT('Origin',(-15.25,15.0000002235174,2.));
#2042=CARTESIAN_POINT('',(-13.75,15.0000002235174,0.));
#2043=CARTESIAN_POINT('',(-13.75,15.0000002235174,2.));
#2044=CARTESIAN_POINT('Origin',(-15.25,15.0000002235174,0.));
#2045=CARTESIAN_POINT('Origin',(15.25,-15.0000002235174,2.));
#2046=CARTESIAN_POINT('',(16.75,-15.0000002235174,0.));
#2047=CARTESIAN_POINT('',(16.75,-15.0000002235174,2.));
#2048=CARTESIAN_POINT('Origin',(15.25,-15.0000002235174,0.));
#2049=CARTESIAN_POINT('Origin',(-11.263085501886,26.,2.));
#2050=CARTESIAN_POINT('',(-13.5675566368535,24.0792155800034,2.));
#2051=CARTESIAN_POINT('',(-11.263085501886,29.,2.));
#2052=CARTESIAN_POINT('Origin',(-11.263085501886,26.,2.));
#2053=CARTESIAN_POINT('',(-13.5675566368535,24.0792155800034,0.5));
#2054=CARTESIAN_POINT('',(-13.5675566368535,24.0792155800034,2.));
#2055=CARTESIAN_POINT('',(-11.263085501886,29.,0.5));
#2056=CARTESIAN_POINT('Origin',(-11.263085501886,26.,0.5));
#2057=CARTESIAN_POINT('',(-11.263085501886,29.,2.));
#2058=CARTESIAN_POINT('Origin',(-6.89952980553058,16.0792155800034,2.));
#2059=CARTESIAN_POINT('',(-6.89952980553058,16.0792155800034,2.));
#2060=CARTESIAN_POINT('',(-1.53130042975027,9.63865436262721,2.));
#2061=CARTESIAN_POINT('',(-6.89952980553058,16.0792155800034,0.5));
#2062=CARTESIAN_POINT('',(-6.89952980553058,16.0792155800034,2.));
#2063=CARTESIAN_POINT('',(-6.89952980553058,16.0792155800034,0.5));
#2064=CARTESIAN_POINT('Origin',(-4.59505867056307,18.,2.));
#2065=CARTESIAN_POINT('',(-4.59505867056307,15.,2.));
#2066=CARTESIAN_POINT('Origin',(-4.59505867056307,18.,2.));
#2067=CARTESIAN_POINT('',(-4.59505867056307,15.,0.5));
#2068=CARTESIAN_POINT('',(-4.59505867056307,15.,2.));
#2069=CARTESIAN_POINT('Origin',(-4.59505867056307,18.,0.5));
#2070=CARTESIAN_POINT('Origin',(4.59505871708474,15.,2.));
#2071=CARTESIAN_POINT('',(4.59505871708474,15.,2.));
#2072=CARTESIAN_POINT('',(2.29752935854236,15.,2.));
#2073=CARTESIAN_POINT('',(4.59505871708474,15.,0.5));
#2074=CARTESIAN_POINT('',(4.59505871708474,15.,2.));
#2075=CARTESIAN_POINT('',(4.59505871708474,15.,0.5));
#2076=CARTESIAN_POINT('Origin',(4.59505871708474,18.,2.));
#2077=CARTESIAN_POINT('',(6.89952980319537,16.0792155213871,2.));
#2078=CARTESIAN_POINT('Origin',(4.59505871708474,18.,2.));
#2079=CARTESIAN_POINT('',(6.89952980319537,16.0792155213871,0.5));
#2080=CARTESIAN_POINT('',(6.89952980319537,16.0792155213871,2.));
#2081=CARTESIAN_POINT('Origin',(4.59505871708474,18.,0.5));
#2082=CARTESIAN_POINT('Origin',(13.5675569793737,24.0792155213871,2.));
#2083=CARTESIAN_POINT('',(13.5675569793737,24.0792155213871,2.));
#2084=CARTESIAN_POINT('',(4.86531390724896,13.6386545072225,2.));
#2085=CARTESIAN_POINT('',(13.5675569793737,24.0792155213871,0.5));
#2086=CARTESIAN_POINT('',(13.5675569793737,24.0792155213871,2.));
#2087=CARTESIAN_POINT('',(13.5675569793737,24.0792155213871,0.5));
#2088=CARTESIAN_POINT('Origin',(11.2630858932631,26.,2.));
#2089=CARTESIAN_POINT('',(11.2630858932631,29.,2.));
#2090=CARTESIAN_POINT('Origin',(11.2630858932631,26.,2.));
#2091=CARTESIAN_POINT('',(11.2630858932631,29.,0.5));
#2092=CARTESIAN_POINT('',(11.2630858932631,29.,2.));
#2093=CARTESIAN_POINT('Origin',(11.2630858932631,26.,0.5));
#2094=CARTESIAN_POINT('Origin',(1.95688554249784E-7,22.,0.5));
#2095=CARTESIAN_POINT('',(11.2630858932631,29.,0.5));
#2096=CARTESIAN_POINT('Origin',(24.0792155213871,-13.5675569793737,2.));
#2097=CARTESIAN_POINT('',(24.0792155213871,-13.5675569793737,2.));
#2098=CARTESIAN_POINT('',(16.0792155213871,-6.89952980319537,2.));
#2099=CARTESIAN_POINT('',(13.6386545072225,-4.86531390724897,2.));
#2100=CARTESIAN_POINT('',(24.0792155213871,-13.5675569793737,0.5));
#2101=CARTESIAN_POINT('',(24.0792155213871,-13.5675569793737,2.));
#2102=CARTESIAN_POINT('',(16.0792155213871,-6.89952980319537,0.5));
#2103=CARTESIAN_POINT('',(24.0792155213871,-13.5675569793737,0.5));
#2104=CARTESIAN_POINT('',(16.0792155213871,-6.89952980319537,2.));
#2105=CARTESIAN_POINT('Origin',(26.,-11.2630858932631,2.));
#2106=CARTESIAN_POINT('',(29.,-11.2630858932631,2.));
#2107=CARTESIAN_POINT('Origin',(26.,-11.2630858932631,2.));
#2108=CARTESIAN_POINT('',(29.,-11.2630858932631,0.5));
#2109=CARTESIAN_POINT('',(29.,-11.2630858932631,2.));
#2110=CARTESIAN_POINT('Origin',(26.,-11.2630858932631,0.5));
#2111=CARTESIAN_POINT('Origin',(26.,11.263085501886,2.));
#2112=CARTESIAN_POINT('',(24.0792155800034,13.5675566368535,2.));
#2113=CARTESIAN_POINT('',(29.,11.263085501886,2.));
#2114=CARTESIAN_POINT('Origin',(26.,11.263085501886,2.));
#2115=CARTESIAN_POINT('',(24.0792155800034,13.5675566368535,0.5));
#2116=CARTESIAN_POINT('',(24.0792155800034,13.5675566368535,2.));
#2117=CARTESIAN_POINT('',(29.,11.263085501886,0.5));
#2118=CARTESIAN_POINT('Origin',(26.,11.263085501886,0.5));
#2119=CARTESIAN_POINT('',(29.,11.263085501886,2.));
#2120=CARTESIAN_POINT('Origin',(16.0792155800034,6.89952980553057,2.));
#2121=CARTESIAN_POINT('',(16.0792155800034,6.89952980553057,2.));
#2122=CARTESIAN_POINT('',(9.6386543626272,1.53130042975027,2.));
#2123=CARTESIAN_POINT('',(16.0792155800034,6.89952980553057,0.5));
#2124=CARTESIAN_POINT('',(16.0792155800034,6.89952980553057,2.));
#2125=CARTESIAN_POINT('',(16.0792155800034,6.89952980553057,0.5));
#2126=CARTESIAN_POINT('Origin',(18.,4.59505867056306,2.));
#2127=CARTESIAN_POINT('',(15.,4.59505867056306,2.));
#2128=CARTESIAN_POINT('Origin',(18.,4.59505867056306,2.));
#2129=CARTESIAN_POINT('',(15.,4.59505867056306,0.5));
#2130=CARTESIAN_POINT('',(15.,4.59505867056306,2.));
#2131=CARTESIAN_POINT('Origin',(18.,4.59505867056306,0.5));
#2132=CARTESIAN_POINT('Origin',(15.,-4.59505871708474,2.));
#2133=CARTESIAN_POINT('',(15.,-4.59505871708474,2.));
#2134=CARTESIAN_POINT('',(15.,-2.29752935854237,2.));
#2135=CARTESIAN_POINT('',(15.,-4.59505871708474,0.5));
#2136=CARTESIAN_POINT('',(15.,-4.59505871708474,2.));
#2137=CARTESIAN_POINT('',(15.,-4.59505871708474,0.5));
#2138=CARTESIAN_POINT('Origin',(18.,-4.59505871708474,2.));
#2139=CARTESIAN_POINT('Origin',(18.,-4.59505871708474,2.));
#2140=CARTESIAN_POINT('Origin',(18.,-4.59505871708474,0.5));
#2141=CARTESIAN_POINT('Origin',(22.,-1.95688560911123E-7,0.5));
#2142=CARTESIAN_POINT('',(29.,-11.2630858932631,0.5));
#2143=CARTESIAN_POINT('Origin',(-26.,-11.263085501886,2.));
#2144=CARTESIAN_POINT('',(-24.0792155800034,-13.5675566368535,2.));
#2145=CARTESIAN_POINT('',(-29.,-11.263085501886,2.));
#2146=CARTESIAN_POINT('Origin',(-26.,-11.263085501886,2.));
#2147=CARTESIAN_POINT('',(-24.0792155800034,-13.5675566368535,0.5));
#2148=CARTESIAN_POINT('',(-24.0792155800034,-13.5675566368535,2.));
#2149=CARTESIAN_POINT('',(-29.,-11.263085501886,0.5));
#2150=CARTESIAN_POINT('Origin',(-26.,-11.263085501886,0.5));
#2151=CARTESIAN_POINT('',(-29.,-11.263085501886,2.));
#2152=CARTESIAN_POINT('Origin',(-16.0792155800034,-6.89952980553057,2.));
#2153=CARTESIAN_POINT('',(-16.0792155800034,-6.89952980553057,2.));
#2154=CARTESIAN_POINT('',(-9.63865436262721,-1.53130042975027,2.));
#2155=CARTESIAN_POINT('',(-16.0792155800034,-6.89952980553057,0.5));
#2156=CARTESIAN_POINT('',(-16.0792155800034,-6.89952980553057,2.));
#2157=CARTESIAN_POINT('',(-16.0792155800034,-6.89952980553057,0.5));
#2158=CARTESIAN_POINT('Origin',(-18.,-4.59505867056306,2.));
#2159=CARTESIAN_POINT('',(-15.,-4.59505867056306,2.));
#2160=CARTESIAN_POINT('Origin',(-18.,-4.59505867056306,2.));
#2161=CARTESIAN_POINT('',(-15.,-4.59505867056306,0.5));
#2162=CARTESIAN_POINT('',(-15.,-4.59505867056306,2.));
#2163=CARTESIAN_POINT('Origin',(-18.,-4.59505867056306,0.5));
#2164=CARTESIAN_POINT('Origin',(-15.,4.59505871708474,2.));
#2165=CARTESIAN_POINT('',(-15.,4.59505871708474,2.));
#2166=CARTESIAN_POINT('',(-15.,2.29752935854237,2.));
#2167=CARTESIAN_POINT('',(-15.,4.59505871708474,0.5));
#2168=CARTESIAN_POINT('',(-15.,4.59505871708474,2.));
#2169=CARTESIAN_POINT('',(-15.,4.59505871708474,0.5));
#2170=CARTESIAN_POINT('Origin',(-18.,4.59505871708474,2.));
#2171=CARTESIAN_POINT('',(-16.0792155213871,6.89952980319537,2.));
#2172=CARTESIAN_POINT('Origin',(-18.,4.59505871708474,2.));
#2173=CARTESIAN_POINT('',(-16.0792155213871,6.89952980319537,0.5));
#2174=CARTESIAN_POINT('',(-16.0792155213871,6.89952980319537,2.));
#2175=CARTESIAN_POINT('Origin',(-18.,4.59505871708474,0.5));
#2176=CARTESIAN_POINT('Origin',(-24.0792155213871,13.5675569793737,2.));
#2177=CARTESIAN_POINT('',(-24.0792155213871,13.5675569793737,2.));
#2178=CARTESIAN_POINT('',(-13.6386545072225,4.86531390724897,2.));
#2179=CARTESIAN_POINT('',(-24.0792155213871,13.5675569793737,0.5));
#2180=CARTESIAN_POINT('',(-24.0792155213871,13.5675569793737,2.));
#2181=CARTESIAN_POINT('',(-24.0792155213871,13.5675569793737,0.5));
#2182=CARTESIAN_POINT('Origin',(-26.,11.2630858932631,2.));
#2183=CARTESIAN_POINT('',(-29.,11.2630858932631,2.));
#2184=CARTESIAN_POINT('Origin',(-26.,11.2630858932631,2.));
#2185=CARTESIAN_POINT('',(-29.,11.2630858932631,0.5));
#2186=CARTESIAN_POINT('',(-29.,11.2630858932631,2.));
#2187=CARTESIAN_POINT('Origin',(-26.,11.2630858932631,0.5));
#2188=CARTESIAN_POINT('Origin',(-22.,1.95688563131569E-7,0.5));
#2189=CARTESIAN_POINT('',(-29.,11.2630858932631,0.5));
#2190=CARTESIAN_POINT('Origin',(11.263085501886,-26.,2.));
#2191=CARTESIAN_POINT('',(13.5675566368535,-24.0792155800034,2.));
#2192=CARTESIAN_POINT('',(11.263085501886,-29.,2.));
#2193=CARTESIAN_POINT('Origin',(11.263085501886,-26.,2.));
#2194=CARTESIAN_POINT('',(13.5675566368535,-24.0792155800034,0.5));
#2195=CARTESIAN_POINT('',(13.5675566368535,-24.0792155800034,2.));
#2196=CARTESIAN_POINT('',(11.263085501886,-29.,0.5));
#2197=CARTESIAN_POINT('Origin',(11.263085501886,-26.,0.5));
#2198=CARTESIAN_POINT('',(11.263085501886,-29.,2.));
#2199=CARTESIAN_POINT('Origin',(6.89952980553057,-16.0792155800034,2.));
#2200=CARTESIAN_POINT('',(6.89952980553057,-16.0792155800034,2.));
#2201=CARTESIAN_POINT('',(1.53130042975027,-9.63865436262721,2.));
#2202=CARTESIAN_POINT('',(6.89952980553057,-16.0792155800034,0.5));
#2203=CARTESIAN_POINT('',(6.89952980553057,-16.0792155800034,2.));
#2204=CARTESIAN_POINT('',(6.89952980553057,-16.0792155800034,0.5));
#2205=CARTESIAN_POINT('Origin',(4.59505867056306,-18.,2.));
#2206=CARTESIAN_POINT('',(4.59505867056306,-15.,2.));
#2207=CARTESIAN_POINT('Origin',(4.59505867056306,-18.,2.));
#2208=CARTESIAN_POINT('',(4.59505867056306,-15.,0.5));
#2209=CARTESIAN_POINT('',(4.59505867056306,-15.,2.));
#2210=CARTESIAN_POINT('Origin',(4.59505867056306,-18.,0.5));
#2211=CARTESIAN_POINT('Origin',(-4.59505871708475,-15.,2.));
#2212=CARTESIAN_POINT('',(-4.59505871708475,-15.,2.));
#2213=CARTESIAN_POINT('',(-2.29752935854237,-15.,2.));
#2214=CARTESIAN_POINT('',(-4.59505871708475,-15.,0.5));
#2215=CARTESIAN_POINT('',(-4.59505871708475,-15.,2.));
#2216=CARTESIAN_POINT('',(-4.59505871708475,-15.,0.5));
#2217=CARTESIAN_POINT('Origin',(-4.59505871708475,-18.,2.));
#2218=CARTESIAN_POINT('',(-6.89952980319537,-16.0792155213871,2.));
#2219=CARTESIAN_POINT('Origin',(-4.59505871708475,-18.,2.));
#2220=CARTESIAN_POINT('',(-6.89952980319537,-16.0792155213871,0.5));
#2221=CARTESIAN_POINT('',(-6.89952980319537,-16.0792155213871,2.));
#2222=CARTESIAN_POINT('Origin',(-4.59505871708475,-18.,0.5));
#2223=CARTESIAN_POINT('Origin',(-13.5675569793737,-24.0792155213871,2.));
#2224=CARTESIAN_POINT('',(-13.5675569793737,-24.0792155213871,2.));
#2225=CARTESIAN_POINT('',(-4.86531390724897,-13.6386545072225,2.));
#2226=CARTESIAN_POINT('',(-13.5675569793737,-24.0792155213871,0.5));
#2227=CARTESIAN_POINT('',(-13.5675569793737,-24.0792155213871,2.));
#2228=CARTESIAN_POINT('',(-13.5675569793737,-24.0792155213871,0.5));
#2229=CARTESIAN_POINT('Origin',(-11.2630858932631,-26.,2.));
#2230=CARTESIAN_POINT('',(-11.2630858932631,-29.,2.));
#2231=CARTESIAN_POINT('Origin',(-11.2630858932631,-26.,2.));
#2232=CARTESIAN_POINT('',(-11.2630858932631,-29.,0.5));
#2233=CARTESIAN_POINT('',(-11.2630858932631,-29.,2.));
#2234=CARTESIAN_POINT('Origin',(-11.2630858932631,-26.,0.5));
#2235=CARTESIAN_POINT('Origin',(-1.95688565352015E-7,-22.,0.5));
#2236=CARTESIAN_POINT('',(-11.2630858932631,-29.,0.5));
#2237=CARTESIAN_POINT('Origin',(-4.44089209850063E-15,-4.44089209850063E-15,
2.));
#2238=CARTESIAN_POINT('',(-17.6690479048439,29.,2.));
#2239=CARTESIAN_POINT('',(17.6690469548151,29.,2.));
#2240=CARTESIAN_POINT('',(-29.,17.6690486646435,2.));
#2241=CARTESIAN_POINT('',(-17.6690479048439,29.,2.));
#2242=CARTESIAN_POINT('',(-29.,17.6690486646435,2.));
#2243=CARTESIAN_POINT('',(-29.,-17.6690478115786,2.));
#2244=CARTESIAN_POINT('',(-29.,17.6690486646435,2.));
#2245=CARTESIAN_POINT('',(-17.6690473050456,-29.,2.));
#2246=CARTESIAN_POINT('',(-29.,-17.6690478115786,2.));
#2247=CARTESIAN_POINT('',(-17.6690473050456,-29.,2.));
#2248=CARTESIAN_POINT('',(17.6690475583121,-29.,2.));
#2249=CARTESIAN_POINT('',(-17.6690473050456,-29.,2.));
#2250=CARTESIAN_POINT('',(29.,-17.6690475583121,2.));
#2251=CARTESIAN_POINT('',(17.6690475583121,-29.,2.));
#2252=CARTESIAN_POINT('',(29.,-17.6690475583121,2.));
#2253=CARTESIAN_POINT('',(29.,17.6690469548151,2.));
#2254=CARTESIAN_POINT('',(29.,-17.6690475583121,2.));
#2255=CARTESIAN_POINT('',(17.6690469548151,29.,2.));
#2256=CARTESIAN_POINT('',(29.,17.6690469548151,2.));
#2257=CARTESIAN_POINT('',(17.6690469548151,29.,2.));
#2258=CARTESIAN_POINT('Origin',(29.,-17.6690475583121,4.));
#2259=CARTESIAN_POINT('',(29.,-17.6690475583121,4.));
#2260=CARTESIAN_POINT('',(17.6690475583121,-29.,4.));
#2261=CARTESIAN_POINT('',(25.9016504294495,-20.7673971288626,4.));
#2262=CARTESIAN_POINT('',(29.,-17.6690475583121,4.));
#2263=CARTESIAN_POINT('',(17.6690475583121,-29.,4.));
#2264=CARTESIAN_POINT('Origin',(29.,17.6690469548151,4.));
#2265=CARTESIAN_POINT('',(29.,17.6690469548151,4.));
#2266=CARTESIAN_POINT('',(29.,8.56891201727906,4.));
#2267=CARTESIAN_POINT('',(29.,17.6690469548151,4.));
#2268=CARTESIAN_POINT('Origin',(17.6690469548151,29.,4.));
#2269=CARTESIAN_POINT('',(17.6690469548151,29.,4.));
#2270=CARTESIAN_POINT('',(20.5017852161113,26.1672617387038,4.));
#2271=CARTESIAN_POINT('',(17.6690469548151,29.,4.));
#2272=CARTESIAN_POINT('Origin',(-17.6690479048439,29.,4.));
#2273=CARTESIAN_POINT('',(-17.6690479048439,29.,4.));
#2274=CARTESIAN_POINT('',(-9.10013541255045,29.,4.));
#2275=CARTESIAN_POINT('',(-17.6690479048439,29.,4.));
#2276=CARTESIAN_POINT('Origin',(-29.,17.6690486646435,4.));
#2277=CARTESIAN_POINT('',(-29.,17.6690486646435,4.));
#2278=CARTESIAN_POINT('',(-26.4328731490443,20.2361753434599,4.));
#2279=CARTESIAN_POINT('',(-29.,17.6690486646435,4.));
#2280=CARTESIAN_POINT('Origin',(-29.,-17.6690478115786,4.));
#2281=CARTESIAN_POINT('',(-29.,-17.6690478115786,4.));
#2282=CARTESIAN_POINT('',(-29.,-9.10013536591779,4.));
#2283=CARTESIAN_POINT('',(-29.,-17.6690478115786,4.));
#2284=CARTESIAN_POINT('Origin',(-17.6690473050456,-29.,4.));
#2285=CARTESIAN_POINT('',(-17.6690473050456,-29.,4.));
#2286=CARTESIAN_POINT('',(-20.5017852872541,-26.1672621444248,4.));
#2287=CARTESIAN_POINT('',(-17.6690473050456,-29.,4.));
#2288=CARTESIAN_POINT('Origin',(17.6690475583121,-29.,4.));
#2289=CARTESIAN_POINT('',(8.56891231902759,-29.,4.));
#2290=CARTESIAN_POINT('Origin',(31.1126983722081,22.6274169979695,0.));
#2291=CARTESIAN_POINT('',(29.5126983722081,22.6274169979695,4.));
#2292=CARTESIAN_POINT('Origin',(31.1126983722081,22.6274169979695,4.));
#2293=CARTESIAN_POINT('',(29.5126983722081,22.6274169979695,0.));
#2294=CARTESIAN_POINT('',(29.5126983722081,22.6274169979695,0.));
#2295=CARTESIAN_POINT('Origin',(31.1126983722081,22.6274169979695,0.));
#2296=CARTESIAN_POINT('Origin',(31.1126983722081,-22.6274169979695,0.));
#2297=CARTESIAN_POINT('',(29.5126983722081,-22.6274169979695,4.));
#2298=CARTESIAN_POINT('Origin',(31.1126983722081,-22.6274169979695,4.));
#2299=CARTESIAN_POINT('',(29.5126983722081,-22.6274169979695,0.));
#2300=CARTESIAN_POINT('',(29.5126983722081,-22.6274169979695,0.));
#2301=CARTESIAN_POINT('Origin',(31.1126983722081,-22.6274169979695,0.));
#2302=CARTESIAN_POINT('Origin',(-22.6274169979695,31.1126983722081,0.));
#2303=CARTESIAN_POINT('',(-24.2274169979695,31.1126983722081,4.));
#2304=CARTESIAN_POINT('Origin',(-22.6274169979695,31.1126983722081,4.));
#2305=CARTESIAN_POINT('',(-24.2274169979695,31.1126983722081,0.));
#2306=CARTESIAN_POINT('',(-24.2274169979695,31.1126983722081,0.));
#2307=CARTESIAN_POINT('Origin',(-22.6274169979695,31.1126983722081,0.));
#2308=CARTESIAN_POINT('Origin',(22.6274169979695,31.1126983722081,0.));
#2309=CARTESIAN_POINT('',(21.0274169979695,31.1126983722081,4.));
#2310=CARTESIAN_POINT('Origin',(22.6274169979695,31.1126983722081,4.));
#2311=CARTESIAN_POINT('',(21.0274169979695,31.1126983722081,0.));
#2312=CARTESIAN_POINT('',(21.0274169979695,31.1126983722081,0.));
#2313=CARTESIAN_POINT('Origin',(22.6274169979695,31.1126983722081,0.));
#2314=CARTESIAN_POINT('Origin',(22.6274169979695,-31.1126983722081,0.));
#2315=CARTESIAN_POINT('',(21.0274169979695,-31.1126983722081,4.));
#2316=CARTESIAN_POINT('Origin',(22.6274169979695,-31.1126983722081,4.));
#2317=CARTESIAN_POINT('',(21.0274169979695,-31.1126983722081,0.));
#2318=CARTESIAN_POINT('',(21.0274169979695,-31.1126983722081,0.));
#2319=CARTESIAN_POINT('Origin',(22.6274169979695,-31.1126983722081,0.));
#2320=CARTESIAN_POINT('Origin',(-22.6274169979695,-31.1126983722081,0.));
#2321=CARTESIAN_POINT('',(-24.2274169979695,-31.1126983722081,4.));
#2322=CARTESIAN_POINT('Origin',(-22.6274169979695,-31.1126983722081,4.));
#2323=CARTESIAN_POINT('',(-24.2274169979695,-31.1126983722081,0.));
#2324=CARTESIAN_POINT('',(-24.2274169979695,-31.1126983722081,0.));
#2325=CARTESIAN_POINT('Origin',(-22.6274169979695,-31.1126983722081,0.));
#2326=CARTESIAN_POINT('Origin',(-31.1126983722081,-22.6274169979695,0.));
#2327=CARTESIAN_POINT('',(-32.7126983722081,-22.6274169979695,4.));
#2328=CARTESIAN_POINT('Origin',(-31.1126983722081,-22.6274169979695,4.));
#2329=CARTESIAN_POINT('',(-32.7126983722081,-22.6274169979695,0.));
#2330=CARTESIAN_POINT('',(-32.7126983722081,-22.6274169979695,0.));
#2331=CARTESIAN_POINT('Origin',(-31.1126983722081,-22.6274169979695,0.));
#2332=CARTESIAN_POINT('Origin',(-31.1126983722081,22.6274169979695,0.));
#2333=CARTESIAN_POINT('',(-32.7126983722081,22.6274169979695,4.));
#2334=CARTESIAN_POINT('Origin',(-31.1126983722081,22.6274169979695,4.));
#2335=CARTESIAN_POINT('',(-32.7126983722081,22.6274169979695,0.));
#2336=CARTESIAN_POINT('',(-32.7126983722081,22.6274169979695,0.));
#2337=CARTESIAN_POINT('Origin',(-31.1126983722081,22.6274169979695,0.));
#2338=CARTESIAN_POINT('Origin',(-24.39696961967,35.,0.));
#2339=CARTESIAN_POINT('',(-35.,24.39696961967,0.));
#2340=CARTESIAN_POINT('',(-24.39696961967,35.,0.));
#2341=CARTESIAN_POINT('',(-29.698484809835,29.698484809835,0.));
#2342=CARTESIAN_POINT('',(-35.,24.39696961967,4.));
#2343=CARTESIAN_POINT('',(-35.,24.39696961967,0.));
#2344=CARTESIAN_POINT('',(-24.39696961967,35.,4.));
#2345=CARTESIAN_POINT('',(-29.698484809835,29.698484809835,4.));
#2346=CARTESIAN_POINT('',(-24.39696961967,35.,0.));
#2347=CARTESIAN_POINT('Origin',(24.39696961967,35.,0.));
#2348=CARTESIAN_POINT('',(24.39696961967,35.,0.));
#2349=CARTESIAN_POINT('',(35.,35.,0.));
#2350=CARTESIAN_POINT('',(24.39696961967,35.,4.));
#2351=CARTESIAN_POINT('',(35.,35.,4.));
#2352=CARTESIAN_POINT('',(24.39696961967,35.,0.));
#2353=CARTESIAN_POINT('Origin',(35.,24.39696961967,0.));
#2354=CARTESIAN_POINT('',(35.,24.39696961967,0.));
#2355=CARTESIAN_POINT('',(29.698484809835,29.698484809835,0.));
#2356=CARTESIAN_POINT('',(35.,24.39696961967,4.));
#2357=CARTESIAN_POINT('',(29.698484809835,29.698484809835,4.));
#2358=CARTESIAN_POINT('',(35.,24.39696961967,0.));
#2359=CARTESIAN_POINT('Origin',(35.,-24.39696961967,0.));
#2360=CARTESIAN_POINT('',(35.,-24.39696961967,0.));
#2361=CARTESIAN_POINT('',(35.,-24.39696961967,0.));
#2362=CARTESIAN_POINT('',(35.,-24.39696961967,4.));
#2363=CARTESIAN_POINT('',(35.,-24.39696961967,4.));
#2364=CARTESIAN_POINT('',(35.,-24.39696961967,0.));
#2365=CARTESIAN_POINT('Origin',(24.39696961967,-35.,0.));
#2366=CARTESIAN_POINT('',(24.39696961967,-35.,0.));
#2367=CARTESIAN_POINT('',(29.698484809835,-29.698484809835,0.));
#2368=CARTESIAN_POINT('',(24.39696961967,-35.,4.));
#2369=CARTESIAN_POINT('',(29.698484809835,-29.698484809835,4.));
#2370=CARTESIAN_POINT('',(24.39696961967,-35.,0.));
#2371=CARTESIAN_POINT('Origin',(-12.5,-35.,0.));
#2372=CARTESIAN_POINT('',(-12.5,-35.,0.));
#2373=CARTESIAN_POINT('',(0.,-35.,0.));
#2374=CARTESIAN_POINT('',(-12.5,-35.,4.));
#2375=CARTESIAN_POINT('',(0.,-35.,4.));
#2376=CARTESIAN_POINT('',(-12.5,-35.,0.));
#2377=CARTESIAN_POINT('Origin',(-23.3345237791561,-36.0624458405139,0.));
#2378=CARTESIAN_POINT('',(-23.3345237791561,-36.0624458405139,0.));
#2379=CARTESIAN_POINT('',(-23.3345237791561,-36.0624458405139,0.));
#2380=CARTESIAN_POINT('',(-23.3345237791561,-36.0624458405139,4.));
#2381=CARTESIAN_POINT('',(-23.3345237791561,-36.0624458405139,4.));
#2382=CARTESIAN_POINT('',(-23.3345237791561,-36.0624458405139,0.));
#2383=CARTESIAN_POINT('Origin',(-36.0624458405139,-23.3345237791561,0.));
#2384=CARTESIAN_POINT('',(-36.0624458405139,-23.3345237791561,0.));
#2385=CARTESIAN_POINT('',(-29.698484809835,-29.698484809835,0.));
#2386=CARTESIAN_POINT('',(-36.0624458405139,-23.3345237791561,4.));
#2387=CARTESIAN_POINT('',(-29.698484809835,-29.698484809835,4.));
#2388=CARTESIAN_POINT('',(-36.0624458405139,-23.3345237791561,0.));
#2389=CARTESIAN_POINT('Origin',(-35.,-12.5,0.));
#2390=CARTESIAN_POINT('',(-35.,-12.5,0.));
#2391=CARTESIAN_POINT('',(-36.0624458405139,-23.3345237791561,0.));
#2392=CARTESIAN_POINT('',(-35.,-12.5,4.));
#2393=CARTESIAN_POINT('',(-36.0624458405139,-23.3345237791561,4.));
#2394=CARTESIAN_POINT('',(-35.,-12.5,0.));
#2395=CARTESIAN_POINT('Origin',(-35.,24.39696961967,0.));
#2396=CARTESIAN_POINT('',(-35.,35.,0.));
#2397=CARTESIAN_POINT('',(-35.,35.,4.));
#2398=CARTESIAN_POINT('Origin',(-0.531222920256957,-0.531222920256957,4.));
#2399=CARTESIAN_POINT('Origin',(-0.531222920256957,-0.531222920256957,0.));
#2400=UNCERTAINTY_MEASURE_WITH_UNIT(LENGTH_MEASURE(0.01),#2404,
'DISTANCE_ACCURACY_VALUE',
'Maximum model space distance between geometric entities at asserted c
onnectivities');
#2401=UNCERTAINTY_MEASURE_WITH_UNIT(LENGTH_MEASURE(0.01),#2404,
'DISTANCE_ACCURACY_VALUE',
'Maximum model space distance between geometric entities at asserted c
onnectivities');
#2402=(
GEOMETRIC_REPRESENTATION_CONTEXT(3)
GLOBAL_UNCERTAINTY_ASSIGNED_CONTEXT((#2400))
GLOBAL_UNIT_ASSIGNED_CONTEXT((#2404,#2406,#2407))
REPRESENTATION_CONTEXT('','3D')
);
#2403=(
GEOMETRIC_REPRESENTATION_CONTEXT(3)
GLOBAL_UNCERTAINTY_ASSIGNED_CONTEXT((#2401))
GLOBAL_UNIT_ASSIGNED_CONTEXT((#2404,#2406,#2407))
REPRESENTATION_CONTEXT('','3D')
);
#2404=(
LENGTH_UNIT()
NAMED_UNIT(*)
SI_UNIT(.MILLI.,.METRE.)
);
#2405=(
LENGTH_UNIT()
NAMED_UNIT(*)
SI_UNIT($,.METRE.)
);
#2406=(
NAMED_UNIT(*)
PLANE_ANGLE_UNIT()
SI_UNIT($,.RADIAN.)
);
#2407=(
NAMED_UNIT(*)
SI_UNIT($,.STERADIAN.)
SOLID_ANGLE_UNIT()
);
#2408=SHAPE_DEFINITION_REPRESENTATION(#2409,#2410);
#2409=PRODUCT_DEFINITION_SHAPE('',$,#2412);
#2410=SHAPE_REPRESENTATION('',(#1448),#2402);
#2411=PRODUCT_DEFINITION_CONTEXT('part definition',#2416,'design');
#2412=PRODUCT_DEFINITION('Spider Base','Spider Base v2',#2413,#2411);
#2413=PRODUCT_DEFINITION_FORMATION('',$,#2418);
#2414=PRODUCT_RELATED_PRODUCT_CATEGORY('Spider Base v2',
'Spider Base v2',(#2418));
#2415=APPLICATION_PROTOCOL_DEFINITION('international standard',
'automotive_design',2009,#2416);
#2416=APPLICATION_CONTEXT(
'Core Data for Automotive Mechanical Design Process');
#2417=PRODUCT_CONTEXT('part definition',#2416,'mechanical');
#2418=PRODUCT('Spider Base','Spider Base v2',$,(#2417));
#2419=PRESENTATION_STYLE_ASSIGNMENT((#2422));
#2420=PRESENTATION_STYLE_ASSIGNMENT((#2423));
#2421=PRESENTATION_STYLE_ASSIGNMENT((#2424));
#2422=SURFACE_STYLE_USAGE(.BOTH.,#2425);
#2423=SURFACE_STYLE_USAGE(.BOTH.,#2426);
#2424=SURFACE_STYLE_USAGE(.BOTH.,#2427);
#2425=SURFACE_SIDE_STYLE('',(#2428));
#2426=SURFACE_SIDE_STYLE('',(#2429));
#2427=SURFACE_SIDE_STYLE('',(#2430));
#2428=SURFACE_STYLE_FILL_AREA(#2431);
#2429=SURFACE_STYLE_FILL_AREA(#2432);
#2430=SURFACE_STYLE_FILL_AREA(#2433);
#2431=FILL_AREA_STYLE('Steel - Satin',(#2434));
#2432=FILL_AREA_STYLE('Paint - Metallic (Red)',(#2435));
#2433=FILL_AREA_STYLE('Paint - Metallic (Silver)',(#2436));
#2434=FILL_AREA_STYLE_COLOUR('Steel - Satin',#2437);
#2435=FILL_AREA_STYLE_COLOUR('Paint - Metallic (Red)',#2438);
#2436=FILL_AREA_STYLE_COLOUR('Paint - Metallic (Silver)',#2439);
#2437=COLOUR_RGB('Steel - Satin',0.627450980392157,0.627450980392157,0.627450980392157);
#2438=COLOUR_RGB('Paint - Metallic (Red)',0.768627450980392,0.207843137254902,
0.152941176470588);
#2439=COLOUR_RGB('Paint - Metallic (Silver)',0.984313725490196,0.980392156862745,
0.96078431372549);
ENDSEC;
END-ISO-10303-21;
